9.338652341939545 -46.884782020737354 0.012762206709617615
7.829999857689444 -41.48454730879055 0.01333107938541006
8.861050774916288 -46.88115793590254 0.0033235070519640987
11.297888575003704 -46.04154913061673 0.007332741744264154
10.839541343117668 -46.101095491908886 0.003478388924822361
11.21698331639508 -45.729702010240246 0.002795869681531909
8.247052456225797 -45.96933487584713 0.006707470242548819
9.4387200498697 -46.23464475785002 0.004994582884812079
9.604351528784267 -45.20352733467771 0.0030323059256838875
11.214878701068628 -45.066048205109375 0.0072894764061535245
9.591837101552937 -46.02835950610913 0.0035765966844457362
9.536198054949605 -45.95301710950609 0.0029659794633435832
8.510209434373158 -45.30581017147832 0.002666253199535645
10.606572501979803 -45.67817814471951 0.004079499550534444
10.094944673080116 -45.57283934470057 0.003166918445894946
7.893544178699262 -44.946108352564856 0.003262161700856726
6.951307605573239 -46.159446700617174 0.006124556276958998
6.838761509298047 -46.21481637481067 0.0035780189356384704
10.273214196369995 -43.91029707896168 0.002915499824512557
9.919727257557362 -43.98954883921328 0.015482334084515968
7.079903532514526 -44.6615447166089 0.0028251376935163374
8.46267396195366 -44.09159576884621 0.01460816849884592
8.40184924178809 -43.820448641152815 0.003609577489852542
10.991154317757564 -41.988094135157304 0.0030534631249236814
10.359749549282927 -43.29245094806328 0.004593364394247154
10.853623444610289 -42.11522831626469 0.0027307820822916012
10.09181535107516 -43.14634871616472 0.005577646288393333
10.289532252623678 -43.11849132465799 0.003777402640937487
10.384487092473783 -42.814404980661585 0.003714349829713998
12.032174099564376 -44.4432416296787 0.00291107902186895
12.400005924342954 -43.09563544766912 0.003941683819717201
12.090961770152976 -43.13414001584963 0.004592287292581118
12.21756398013204 -41.20584291157096 0.004276728636350919
11.373514937124355 -42.10933992882475 0.003617881222846479
12.359870903201452 -41.22203427354028 0.0027405697807743063
12.18111492819208 -42.0526592615278 0.0027236512629484747
6.949651107351933 -44.39598255376092 0.0028198542702941466
6.706407610475415 -44.34185960572191 0.004907520863617551
8.099530115173364 -43.14728972549058 0.0035441692613762538
7.000928824161448 -44.267121103524104 0.004422224940778679
7.195461377186631 -43.66450165727869 0.003107168565659167
7.520525497454283 -43.43099722489331 0.010436348057630777
7.12646964041594 -43.75861020443248 0.00608496324935831
8.592807475886607 -43.33966898205887 0.009162247508673413
8.30392240666867 -42.402187418717325 0.00292608551744557
6.900929210495529 -42.95292630711113 0.002855173864936575
9.281747720038924 -42.22365909717796 0.0034961540825494014
10.5677003586658 -42.1921280403617 0.00780793320908449
7.68298099506237 -42.38793575348874 0.008560342469133154
8.677387533539573 -42.72189595437215 0.010228325954995685
9.936764375121673 -42.03266375107469 0.006327978859711422
9.551269792583083 -41.00018538792355 0.0026660696722300573
9.959892719112828 -41.619815816731375 0.003053298185434146
6.572118638684288 -42.3077619567308 0.014609650432263834
7.170735943252686 -41.374202240771574 0.003005004416417136
6.620110830017072 -42.16398196421156 0.002711874107955336
7.420798875091634 -41.84678068775919 0.013777663852168368
7.157477948527641 -42.374839138881825 0.010541452583928052
8.468348539475878 -41.31649643866406 0.0027966257983259757
11.452791922061076 -41.18008278123033 0.004154842062166641
7.322837338931489 -43.03040517391987 0.0030900686617591155
12.431075001412475 -46.917599673397184 0.002774982282498981
12.294025517450262 -46.94663883746653 0.002718424211835261
12.238406239514353 -46.93419312644567 0.005702259528885558
12.45178916111217 -46.86372473874893 0.021274393316111754
12.451433451102377 -46.86365254104819 0.01940420457278621
12.407128850925094 -46.88319130021654 0.006899389519057072
12.400408436898736 -46.86707781512071 0.007649784036431422
12.434991792411196 -46.8574782849836 0.004313662714790524
12.310410117891042 -46.895110881507975 0.0037445901848788122
12.407405902422536 -46.853470632676085 0.009710409043557165
12.458788620355072 -46.81135674297567 0.0033869964746985493
11.88957713465421 -46.90869457634076 0.007509262127652608
11.887435717081733 -46.920785072594555 0.0033337627880192567
11.847750855854777 -46.91742089403762 0.0028897934982491085
12.044075895453446 -46.90012158004229 0.004240223851304654
11.985682934848244 -46.87590148869242 0.0034989859179128304
11.979073827712632 -46.83808450999366 0.0033586182198568054
12.27947349096275 -46.823118628787306 0.003545354400572145
12.308102015084623 -46.83634899942236 0.00326490504231616
12.296584614570468 -46.81341928259584 0.005036161801148525
12.38882833330303 -46.782173296441194 0.004142952648680551
12.414479836615936 -46.765295023992095 0.002776605212463906
12.293642635300838 -46.80361398998448 0.0034957210895219786
12.308396701602158 -46.750590366426955 0.0084406964005554
12.411088916679276 -46.70956601657289 0.0027987545305773946
12.165382496558903 -46.81563597946693 0.005038541205702947
12.163696792970594 -46.74696086557831 0.003649992185226985
12.23629624896866 -46.69755167289765 0.08263108209900485
12.30320758853982 -46.653640911018186 0.003777808284200111
12.321451351512508 -46.640096313412656 0.003350260674612404
12.396828748600605 -46.622118898490214 0.0031356894846360215
12.393388415485518 -46.61274389288091 0.0032573750054551045
9.257576005765708 -46.946446882315335 0.004164103731348194
9.338575133833835 -46.93539707841827 0.0027411556689232374
9.305940483886191 -46.927933437676906 0.006050618551522786
9.13406752356543 -46.93632406784742 0.0031190398221184216
9.101482143782617 -46.93913520138945 0.008645200991812702
9.111413039775982 -46.91821660262505 0.0031614789871993432
9.13158488231362 -46.90303629225345 0.003639728460560568
9.35250363958647 -46.87418413028957 0.015115273492524341
9.349534641877083 -46.83800399430381 0.0034447533377690845
9.226716466804298 -46.8927474810561 0.0031680505278285274
9.30415831453808 -46.83253527299631 0.009160442955983887
8.759893043517806 -46.90860938609004 0.007671800656195999
8.77884365417086 -46.87954599060818 0.008358682124908139
8.866811952264682 -46.87731885831837 0.004073109630906906
8.91054441735779 -46.89761779628311 0.003509843277142854
8.956886266707393 -46.844668493883695 0.009702767606738789
8.835851222116224 -46.88356802549095 0.005995152083076206
8.844344675793996 -46.885557933634765 0.006976528048563709
8.893311653440957 -46.83551277377862 0.0033699580104826527
8.91287721967712 -46.833029417366106 0.0048722217886598826
9.09322306003472 -46.89101688175603 0.0036677686966964497
9.143784225276873 -46.84404297650062 0.00391742399933102
9.094893307886846 -46.85470584863904 0.007784626218683353
9.201198161509144 -46.79966113214157 0.0038929723543213264
9.24528949337409 -46.7812987718639 0.005783094307780469
9.31861211878787 -46.76132630499524 0.0032739628688278405
9.286984691232234 -46.71554989036589 0.012940513632631987
9.286051406880947 -46.71136315191958 0.0031301768458998026
9.300174246567355 -46.706294605745995 0.0038779919177507486
9.007240623868286 -46.84774329086465 0.0027973168064941
9.041788498761662 -46.72777045001781 0.0037786695561413024
9.0568790668294 -46.753483025368 0.0032248673078142122
9.108376157172597 -46.714810631076595 0.004048324899081675
9.195097107709978 -46.73053714937841 0.003333243413502067
9.196114534248904 -46.70382369813051 0.004325660139758827
9.144533578438248 -46.69878429949825 0.0029991208744911497
10.935268339448267 -46.9178892266452 0.003538412899539971
10.77424139251214 -46.938750686382534 0.002986083684678601
10.916513274445467 -46.869272475194904 0.003114344165090709
10.906047582472777 -46.8602945637503 0.005407552251899577
10.855659199358843 -46.85710834342038 0.0032440976594148153
10.915961614854146 -46.81703808142651 0.004686033452686888
10.83935688447358 -46.81081392527924 0.00621296138837712
10.34985986244917 -46.94580692658898 0.004689967893247827
10.349570130256527 -46.925714039482905 0.003974838014032863
10.52545692304382 -46.86268299665257 0.0031945607369233855
10.473400300807784 -46.83619167366914 0.0036162798760763382
10.52844234905855 -46.81507702642128 0.0031663928020912078
10.449009968678302 -46.833317683276285 0.0040875455906044175
10.621138804303504 -46.91905446001829 0.005831493013052051
10.697858681353315 -46.84562938964428 0.004199142661740901
10.71767254476094 -46.82193435951111 0.0037859102969912324
10.786430150237866 -46.82123300789181 0.006830218225542416
10.762212038319277 -46.7816369948169 0.003043880122873404
10.800418071581465 -46.750104519972744 0.0027147358592573712
10.811769340620744 -46.74750701965552 0.004431397972075302
10.5914348633364 -46.8208864956309 0.0028059599606445077
10.618464776413733 -46.780312802330094 0.008058503792129787
10.546262535366056 -46.78020577291949 0.005318521994877123
10.64177899208143 -46.71279481891731 0.0029393176642601433
10.641859409152874 -46.712625836662305 0.003102152506797366
10.669914013429056 -46.69987815370064 0.003944133211313265
10.737318714250732 -46.71996848063205 0.005652279896274943
10.849357867961364 -46.68562505930882 0.0038915415754787273
11.608338442362978 -46.9293686620805 0.00709349528855838
11.4203245357832 -46.94084558707974 0.0054063144804442215
11.6000772233706 -46.90827307832621 0.004661048850515299
11.577349400710302 -46.877247742950246 0.0039016246787783333
11.18998795546081 -46.921302985533025 0.0030317017861800767
11.303619014535151 -46.85274874654079 0.003073130795230898
11.2234299830784 -46.813364304104304 0.0032150523927571297
11.345330265675372 -46.94747438548267 0.003088005247130322
11.449101297465266 -46.89867546851955 0.003267764682062289
11.44123655788166 -46.8595377334926 0.005447978683346608
11.45302248345027 -46.81496169944744 0.00311266218532784
11.586770621468382 -46.819904678042306 0.003918909502291589
11.588899247457384 -46.783856052451895 0.005866531873951223
11.622992234724322 -46.72955582860893 0.01889568452927063
11.622883561588058 -46.71895853896391 0.002646674996862251
11.588884164830926 -46.72700018988319 0.003956010991797677
11.389113080794882 -46.82478251298673 0.0027917423170159255
11.411125251400309 -46.79332255733528 0.0035225347376288923
11.453147099515384 -46.7853717486278 0.004258428008538561
11.459189992871496 -46.7456097736 0.0031293036351216683
11.46742999705749 -46.73399720937834 0.0036249475712565636
11.346106372006638 -46.79459202255671 0.004373495908969818
11.344824470926492 -46.77615026289094 0.0032865926117076425
11.32108214459534 -46.77435239555845 0.0034441328066859814
11.42409747523846 -46.69998784110772 0.003311914485165143
11.648066964381956 -46.64142769843012 0.0031181430092519224
11.564879509433906 -46.645142336285446 0.012128091494278905
11.596914409726788 -46.63626647694435 0.002910375291191536
11.61912462571353 -46.61434731781819 0.004848955847288047
11.570218155238042 -46.63417646418297 0.00352457039999516
11.607387959412032 -46.60765441053579 0.0029638748367790584
11.87628240451287 -46.8807995468328 0.003035874781845313
11.770928523515666 -46.884875613406926 0.0032929610562340865
11.853903995967734 -46.81283332523507 0.00465872654890789
11.85330230578648 -46.81276151907313 0.009669376361386673
11.928949243889308 -46.80411010499289 0.01159586203612895
11.92875402479208 -46.80376266959029 0.0032151837604641525
12.0016219274983 -46.7872829239565 0.0031907170615381535
12.008026787838611 -46.79345558978727 0.004704618690595041
11.91277484434872 -46.7661406901848 0.006136389520863678
12.01454572919688 -46.72057877639121 0.008984535408813525
12.057955976334478 -46.70342970191852 0.004433202552502199
11.76944507694874 -46.81223788842992 0.006217102601233963
11.77038721649042 -46.80746942971911 0.0047107064804811725
11.737856229717556 -46.81985677672955 0.003140596299384062
11.783696951349668 -46.78771549897901 0.00756574700532758
11.824170824877408 -46.74333911081222 0.013790385750555644
11.941808141818594 -46.72238263534147 0.004018262039541483
11.985632136516736 -46.70852883500017 0.003787873654915859
11.901209614573483 -46.70033861014765 0.003023955526053596
11.88044766987293 -46.69258062100918 0.0034344445155570615
11.923174718226678 -46.67219865976418 0.004770751545028028
12.14841504864646 -46.69531506126616 0.002712815790118822
12.158295941774057 -46.67988597261356 0.0030638987512069367
12.066922913433093 -46.706191419515086 0.007604838482759725
12.09952877252227 -46.68532197871403 0.003933564579504989
12.090216077299296 -46.65656326520369 0.003317745009724984
12.138440146589597 -46.63177318463981 0.004133580117766939
12.192057692820018 -46.617913422298535 0.009559971765220256
12.315426078013784 -46.602211490687715 0.0033462628321384896
12.265296763078256 -46.61396105890044 0.00407713662214707
12.32125689635112 -46.54715594801095 0.003550820467971542
12.059129239210728 -46.61923108705225 0.0027287742274124654
12.177603448933436 -46.585550309912755 0.004858599538892899
12.060790675432154 -46.58630788969365 0.00411531449248088
12.157603417849216 -46.52663324321476 0.006188388916349471
12.178127740913313 -46.48406160348116 0.01646417901837064
12.277117923395531 -46.53564739474476 0.002942045361951837
12.243648709828593 -46.52705309118696 0.002762535448986183
12.218899910709949 -46.46968908832039 0.004076063720196226
12.28367155638908 -46.44832348385002 0.002803027894028928
11.711281240419408 -46.74934112261801 0.006362380591337579
11.769132972905076 -46.70004593006339 0.014644011613078945
11.8225574776924 -46.67398260587195 0.0027325420547729623
11.803757887060383 -46.648193333399945 0.0029742129114083632
11.704778189069032 -46.66179850037253 0.0029531738532259976
11.835249832381772 -46.61407052250433 0.005989169642771278
11.755674427588003 -46.6258041208695 0.024155553403353725
11.851942869263992 -46.63836552709893 0.0056399163103340024
11.970311086574274 -46.58409408434282 0.004017322430397257
11.971387174188289 -46.56743217932362 0.0028022090711830178
11.861921380391877 -46.56606214584845 0.009890759563015664
11.734730651123384 -46.60277130326812 0.007823900066131576
11.74141927997641 -46.51215012223775 0.014467066728198598
11.884876945063418 -46.53667947554301 0.0053693958724591925
11.928855434583882 -46.489121418893006 0.0028183731944418093
11.951509681384104 -46.47336314040202 0.005063010226741784
11.841316902306344 -46.50494144799999 0.004305455150780816
11.878608491782154 -46.43600622826152 0.0037810587860800196
12.036478065255448 -46.537321457100624 0.019839632791908323
12.33508259995404 -46.35914362653089 0.0042172217201295915
12.278410057471207 -46.36286220681194 0.005164426008655821
12.094347020787596 -46.39372749263132 0.006426987564740477
12.268750529506953 -46.259475752610705 0.0077016642988806516
12.297522065590584 -46.23937550518007 0.0033781822028543513
12.291360716745068 -46.19697429129835 0.009824971168716659
11.108039133005052 -46.87328151190723 0.002716326181420677
10.986605427637825 -46.8859802944929 0.0035479969238035028
11.169944941560482 -46.74569511696213 0.008051401137191693
11.18580781294838 -46.722168023121434 0.002937098555002837
11.230058933801288 -46.7447064440917 0.006287961365058411
11.22288683207838 -46.74502411869556 0.011842395732135065
11.05598197344008 -46.68548320024947 0.004696397299093568
11.18704170604164 -46.716861055188375 0.00937440030117861
11.141599879296848 -46.71914228864226 0.0028524526214026157
11.244327486929745 -46.641339718994786 0.0062608234846097425
11.231489081189794 -46.62845359337326 0.007185152573486657
11.391200317118775 -46.71423556601883 0.014351676275400842
11.448773474299832 -46.63328536741639 0.006377355171001563
11.338152286033347 -46.66293476425914 0.004660700487830544
11.33890193531832 -46.6403451486629 0.004872516961736133
11.376535098111896 -46.619609274339176 0.005029986443983625
11.490961576229989 -46.58109084776043 0.004814361857162339
11.513146552681064 -46.54092455155235 0.008959368501428639
11.331676555192995 -46.589802720224206 0.0035153621682977292
11.3605613162931 -46.548811705169264 0.028544257210666425
11.49723324077694 -46.4983089583175 0.0032766286524224257
11.491926231592863 -46.47138980444687 0.008337522801103694
11.010585499739024 -46.64819299501466 0.005633970966594784
11.018904707549408 -46.63184142470213 0.003127995896231673
11.04047151069396 -46.58920469999177 0.0033868759846464704
11.13949710581078 -46.585307086936965 0.003897578532918337
11.243515550151995 -46.56891276568352 0.009988727481738107
11.110514847603566 -46.55782524902699 0.005380625798548268
11.142823565731709 -46.521786565008505 0.005844636482388235
10.911600819045026 -46.64460347735829 0.0031543777058297656
10.959749670524262 -46.52020434821314 0.004468612433982678
11.181940821790164 -46.47971690410111 0.005772573743030547
11.13937819997468 -46.488629717743585 0.0033819988035110756
11.076049204724274 -46.50083254235825 0.014246550261833722
11.055689834871592 -46.48412727739136 0.002860432175957088
11.25077874404504 -46.55780000552468 0.0035575858953980997
11.357502179342314 -46.46980189885295 0.005723099277763034
11.260238080663596 -46.47569919370646 0.01535886593817472
11.57606521327098 -46.37524659908849 0.003130947133956632
11.476235312086892 -46.37064163942145 0.0029867742578739837
11.506082612887534 -46.36440471107421 0.007090491236894207
11.370062478169494 -46.34486529777197 0.003023040215369073
11.267057732162735 -46.351677247706114 0.004270446148028078
11.538821496657068 -46.267374288829835 0.004314523806028426
11.396230411083524 -46.2787192491588 0.002847866550377792
11.432921494248792 -46.24528966264408 0.0044638768488976
11.5317265882245 -46.18954217002173 0.004494445149277037
11.686377439117928 -46.53827692987953 0.0035394188509855072
11.698978324327062 -46.50679220349058 0.010370540923506585
11.793326875094056 -46.46423387352701 0.002713484215565568
11.751071997009628 -46.47583379913094 0.0038450641922135086
11.68175422817386 -46.44554875618715 0.004084647934565395
11.75087155843132 -46.407408912546714 0.003236258578257609
11.848545831454976 -46.43915624298036 0.004282257114944478
11.869556003817406 -46.39207242020714 0.004971330306556059
11.956621633644763 -46.329618384852054 0.018084273420551633
11.947048661317442 -46.320317333091694 0.003369942413692438
11.638030159175711 -46.45223577122529 0.0038291908688462776
11.702109945021236 -46.41856641184184 0.00272955188851619
11.695064954263897 -46.40376324369139 0.012509851651161264
11.628205582767244 -46.369918626145065 0.0038554636210779377
11.724886986358127 -46.30936399457707 0.0031037265380257405
11.7315324236919 -46.30102142639995 0.006805374111050682
11.801934985887591 -46.30778281349803 0.0038261511237564893
11.838042067159188 -46.299406358937105 0.005661587185565818
11.840298548139602 -46.305535762844094 0.018984028605643792
11.91540213986353 -46.259680888516826 0.01541913513345899
11.768013553984312 -46.29069431931202 0.0028854249289975487
11.868126835083954 -46.23443959305835 0.011601497335357768
12.013733539271897 -46.34204593441945 0.012175964259123376
12.08074996302481 -46.312199113415346 0.004894357738262406
12.082977951176035 -46.2881935432787 0.006329444478547949
12.03895437714662 -46.27547655348911 0.0055756423690693675
12.0753677671654 -46.24173243581587 0.003148206814315037
12.186054639224382 -46.23982388843657 0.0028553939803413657
12.187911371949289 -46.198633678750355 0.00277301778271848
12.136299699165107 -46.19787862787446 0.008311769665562723
12.1746359981688 -46.151237182852725 0.0038992645789998667
12.230947427608587 -46.1560216262276 0.005244585013493881
11.986324184908318 -46.24675942029979 0.00401836668543806
11.97438696404951 -46.20820663301653 0.003285733189367116
11.975189060792362 -46.156430034713 0.006888827733155362
12.125776321091404 -46.14131662395545 0.002936965058008825
12.238629572556466 -46.06901932679384 0.0070496744116384374
12.104078404109003 -46.11674643514601 0.00305875709414822
12.138743327175334 -46.083982639310754 0.0027131839519394657
12.091741117835038 -46.08123533358106 0.00411927451140587
12.213167240938883 -46.040978900328774 0.0032059716277961997
12.25436047437799 -46.03459297076707 0.0036024365858841447
11.600314858470448 -46.34034767603962 0.005046450580715242
11.698686027151734 -46.25789415401451 0.00865144805660761
11.752536596015783 -46.21302545627705 0.0034234098398320694
11.785416290301647 -46.14649054177349 0.003212084336664564
11.89885676138728 -46.1197336290615 0.0043707554182227095
11.858229317462422 -46.11495200158211 0.004027891975244499
11.589053988488164 -46.23943466226181 0.0044937641952937
11.706285696329685 -46.17093810780687 0.003779625536851497
11.56792950673322 -46.213621885820686 0.0031166643591961406
11.561430212797148 -46.176231173321675 0.006801492674108243
11.59624986851301 -46.15832953297784 0.009012643229468294
11.633739653861594 -46.16302243946871 0.00766539968667053
11.759405560170272 -46.11054505961517 0.004557075507747766
11.792500046948518 -46.09222106398035 0.00297918004003147
11.724884659242589 -46.11892327540249 0.008511529713928271
11.750413913760276 -46.05377736364768 0.0037712549621153
11.806806086493165 -46.07435339426473 0.0038026962779467615
11.848866640684411 -45.99523062562123 0.0038717201132939393
12.07913728055586 -46.06863968565359 0.003291024380337092
12.029421494524527 -46.04051138746669 0.0029381851174867034
12.116214613491284 -46.059870374249414 0.004178840254805587
12.250189135645108 -45.97589954384568 0.0031750278538333213
12.193207442578704 -45.98292440341299 0.0038944536964835414
12.037730820624454 -45.94189817071297 0.018803843353511478
12.094000236623472 -45.93781799672528 0.003434755673875359
12.056199579138797 -45.9259795327723 0.002692122325543165
12.04727732593173 -45.9134677944943 0.004607323368552381
10.127100279420452 -46.90453440214544 0.004346631416027184
10.008193650215246 -46.912143830800666 0.03397450806871154
10.008986117816944 -46.840034345320106 0.004827909266995084
10.119931520117122 -46.82280842592005 0.0026622655024004737
9.506609294957835 -46.931290996712264 0.014023685211288765
9.538538872329031 -46.916090037700926 0.003173757459362963
9.720522482679684 -46.84076179174115 0.0028101563887671507
9.598708232110107 -46.88995015172142 0.004948174531489644
9.599256025022475 -46.868046550477274 0.004581529841045667
9.703886773458986 -46.82955050760319 0.0050286594988039205
9.79670803105893 -46.90381027908772 0.0029430193979313487
9.798457616462814 -46.90987870342227 0.006347865622268345
9.93925907612115 -46.87130635374748 0.0028723123768855294
9.871000073607258 -46.85147712558366 0.0029142795219752604
10.020274741012791 -46.83016810466818 0.0027712135548962637
9.98054701488301 -46.800655205957646 0.0027097115008482614
10.01970403185557 -46.77598318803766 0.002739242269054709
10.023063828725416 -46.77352565000147 0.002902802273924441
9.96955494858029 -46.77212600388657 0.0028069315020682406
9.960903699511189 -46.760671684537826 0.004304118053009163
10.063799894161468 -46.713046197179885 0.0035512098744788943
9.881361853977396 -46.775341288971156 0.004489824232780965
9.889367011594828 -46.772990868201965 0.0026670463890239725
9.900527147007471 -46.738392276571346 0.011904196021693347
9.88208292574039 -46.73872941816617 0.0030156012496963007
9.946273808805998 -46.747249350301296 0.004579719295353966
9.941862414375144 -46.74688343727029 0.0042738601265379095
9.994431907212906 -46.72774219961584 0.006198905697995712
9.942978331928712 -46.72962091339336 0.0031558763193628462
10.064112522474908 -46.665623513207294 0.013443878059444648
9.96276632808944 -46.675002070176745 0.0037862046507900213
10.081190410053042 -46.62376760498523 0.004051754700427996
10.27034803632263 -46.89123756875607 0.002779471143938159
10.299797374562417 -46.84686300606516 0.01494955394351708
10.211617885778248 -46.86894170668755 0.004764805689137986
10.25070413522038 -46.856948595176206 0.004270397032147651
10.368027740518052 -46.803870516189015 0.009022391427723484
10.51703635631408 -46.766073221874855 0.010539345084137376
10.341905884789568 -46.80536084983822 0.004647519702914308
10.407789668640302 -46.76685880073132 0.006838867343524792
10.357045176567274 -46.77744454208718 0.0027186847719744165
10.216194264814131 -46.822237140188385 0.03389563771078348
10.290461949998944 -46.78712952405573 0.004527198162088985
10.183158782115576 -46.76338287175866 0.004256707215703463
10.252116258325282 -46.7483117670643 0.005289508320435941
10.252274406892992 -46.7481705696804 0.004886997474754337
10.2866446340602 -46.70018201448115 0.0029528334001519075
10.31802455225463 -46.6718378663837 0.00715665718969173
10.47734692710567 -46.60164811571706 0.002894220161964876
10.533782727974272 -46.760083946140895 0.00832413988135694
10.515304509930386 -46.72668799231608 0.0033681802085945576
10.638615242985328 -46.68560128474083 0.002833813661275836
10.602958465010794 -46.62063347376565 0.005071188683402985
10.758353160563056 -46.58564365017565 0.006286594375065947
10.820220261462424 -46.55488340819536 0.0032493239348008046
10.673182496194666 -46.58651522659401 0.0027637576939963772
10.759138032757033 -46.52153142259751 0.003799021834413749
10.59690839411335 -46.58569058664225 0.011133655896649435
10.601236757169564 -46.58634965160018 0.01628750040862589
10.600900844695428 -46.566486585463615 0.005665073640113251
10.622558757248068 -46.54922499029195 0.008978331564809778
10.658109936079176 -46.529203831414286 0.004363253991162418
10.53510719564082 -46.54237167594184 0.004021898207699958
10.786615016707277 -46.48337784417484 0.0029936549686097455
10.156636299888362 -46.749583961247666 0.005584082032330961
10.144000564085092 -46.74129014084417 0.004763470386197231
10.187895333081014 -46.6669366843799 0.0028922283886504267
10.135988237175036 -46.6731171753035 0.003175701357001606
10.167391946129252 -46.658747499835535 0.002940440999439651
10.179629594554063 -46.64956808253844 0.006988980433516192
10.310051354077869 -46.65061513213655 0.005713280603284395
10.335960726827263 -46.623338467587814 0.008081227808258038
10.412893356237536 -46.6019462222994 0.004406116334415882
10.349052369486412 -46.57685125038356 0.006844142914904733
10.337815986896324 -46.56894978946289 0.0045728216114172045
10.339363456784344 -46.55215726581921 0.005985870123160879
10.111186554743036 -46.66800228813009 0.003213075862578614
10.180586311677429 -46.57926809505496 0.0029431270454379835
10.11433348757623 -46.59466685851173 0.00580832032783846
10.131848228941648 -46.58062977341386 0.0036022895200116044
10.153145727689804 -46.548988755899074 0.003676866227930441
10.132240423896254 -46.55880892645654 0.0033690489778079426
10.35669229822888 -46.5120446867682 0.004380592190799075
10.4090444991096 -46.49101690366556 0.002653005587284045
10.414223802550332 -46.48049232983494 0.00521263084551067
10.56196783449602 -46.51677416496419 0.003632952751079194
10.638548874573178 -46.461597600098 0.003375071243060362
10.632648764179404 -46.439086844243214 0.0033476375421356585
10.50812482946986 -46.456592517074895 0.004352527007644223
10.50386779073587 -46.44774704381658 0.005047951860321656
10.504572494366052 -46.45594771441584 0.0048907141441292485
10.613285666500817 -46.40174630889728 0.0034928022619555936
10.642942625946308 -46.45784838439201 0.004819227901769797
10.75799603279766 -46.3894132129713 0.009087896129678313
10.78515251511599 -46.39130095977893 0.004345116895179692
10.752403223376293 -46.36025799571451 0.004807763152327152
10.6792409050261 -46.35184884111658 0.0030423385438700574
10.703021737035582 -46.33034489523234 0.0038089880892252384
10.733046274495717 -46.33387814279366 0.003141106377807013
10.751891489650715 -46.315690162704435 0.003359471295028073
10.473642802380096 -46.40669763749866 0.003312532017109579
10.568602263641257 -46.38911583955314 0.005159384797047612
10.548582088497488 -46.36592641439111 0.005620564287731988
10.620200955792669 -46.34921462102818 0.0061871598232421466
10.696051141415444 -46.32550646438911 0.007745990671268397
10.732269818261576 -46.31129180496213 0.0027394010293631255
10.70150263003521 -46.28435091675654 0.02649176763592985
10.703100787848856 -46.24810435644521 0.003162029916988984
10.714010774081157 -46.21690708904375 0.0039047102242676522
10.73264066622959 -46.20908166935385 0.012239000981601805
9.3900101825151 -46.91568904909346 0.002749650748024379
9.506984273370993 -46.83611003389546 0.008403331856192766
9.468632512426872 -46.85232249198998 0.002788218918423525
9.691733080626866 -46.78598784157154 0.002983806595645908
9.590744564750144 -46.78969182452344 0.007884917517371125
9.584357167998265 -46.785243627844615 0.003050186149128072
9.673222497606211 -46.73169113369491 0.002681379499254477
9.64300691998026 -46.729994355199715 0.004947897504033035
9.475305673078712 -46.804764551333285 0.003308599765410819
9.514289712460382 -46.7677557785296 0.004965034831988435
9.477778968780806 -46.770602867578056 0.005736848810820634
9.364960826451332 -46.79404799122801 0.003948854615068909
9.365786438419567 -46.793949169212155 0.0068498351475955975
9.50841303946606 -46.68445540279295 0.003749650543347832
9.68879732440865 -46.64028581382111 0.002844595538933857
9.65367378088744 -46.62551358492881 0.0038058038806462447
9.691175942000497 -46.58837548437603 0.004641962948078104
9.80860928969363 -46.72277455517514 0.008820107525285736
9.733996058359487 -46.72922189854915 0.007621517121856323
9.86497605594546 -46.67296516044399 0.004498811479167033
9.828224490764429 -46.68644211842294 0.009820900920292475
9.903286396891104 -46.6405099804013 0.003039809196893438
9.850619688193971 -46.64187949661852 0.002919346599121918
9.8256366832467 -46.63736793839617 0.003593227332990875
9.85814774545038 -46.63774923267812 0.0030678139618155347
9.878604300822769 -46.61340276117737 0.00582051629771783
9.883010843116736 -46.603992074161766 0.003027847617350779
9.934001592768755 -46.60369003278194 0.0055104851912664695
10.03506930109835 -46.54647217248523 0.0201475844403903
9.985514950135803 -46.55733167060764 0.0044628183961917854
9.861146912553652 -46.58638982732097 0.003955228009642853
9.7985960498369 -46.579454567990865 0.013742542369733863
9.766954398288908 -46.547895439308185 0.0030706871007065584
9.812173999391304 -46.518001074660894 0.0034509677808051025
9.99022170475038 -46.51494235994075 0.009996893825874624
9.959921443769664 -46.468322410228666 0.006189369416558205
9.889769045707611 -46.47655064306191 0.010457156065926182
9.97551701795418 -46.45810363538775 0.0034114127212255103
9.978783735505711 -46.466381420229645 0.00272596056987134
10.008450866297457 -46.414462776360686 0.002757291865733706
9.426633405026818 -46.692450136938426 0.004002576761837194
9.4441040842557 -46.70633610697849 0.003013428626633624
9.456424189420998 -46.67631364286481 0.0027887976552115864
9.392393679833194 -46.67298009889079 0.0076404265421950845
9.417077898314092 -46.64884586044893 0.0028108766615326853
9.364091625172303 -46.65936551259684 0.003055803504447086
9.43755330608966 -46.66116663702823 0.0035710885941347675
9.550723281665505 -46.63809315982776 0.0035827362639801784
9.688456847952022 -46.55988638916611 0.0037470034211134766
9.594539964054343 -46.52756769071187 0.003239259600616544
9.33412033989211 -46.56166660386693 0.0027498173297000736
9.471284193067016 -46.513138660642305 0.00722651318861397
9.54394650976008 -46.515038816734354 0.007100433422766566
9.590433595615629 -46.47298137235342 0.003235727795611824
9.563792386166677 -46.47253964477927 0.0028522420914551283
9.725854066905384 -46.51276461924815 0.00456962208399439
9.839728551753325 -46.45932191723616 0.004774736666421237
9.757152126907709 -46.45104521153843 0.003202100508886927
9.83487490798684 -46.3850351896853 0.0103719859456645
9.898532207132174 -46.41547724502459 0.003163618704703072
9.899505184105122 -46.34953161389146 0.003558890449082835
9.69381371319914 -46.42303594652856 0.009891306844958531
9.709795360902383 -46.412485048997134 0.002845072478826791
9.784341661197985 -46.40966586163252 0.003509645563607914
9.7304617916336 -46.367330958659174 0.0027143504242368266
9.72561606985174 -46.35683038218219 0.0043315857830065726
9.794857530670376 -46.34268268149541 0.006016237669950441
9.761348482522145 -46.324325881477975 0.0037420784645060814
9.895125544255302 -46.32396400801719 0.01815900004114958
9.948144885768826 -46.30370123185968 0.011490932264292514
9.947442155784003 -46.27023464750139 0.004784174584898615
9.982475930436944 -46.25819674519194 0.004836736739017127
10.164905678030404 -46.52652696882561 0.007293148635068182
10.09463911442411 -46.53191473890291 0.0029097330341471077
10.090630022361497 -46.536392893919846 0.0034490733832895633
10.105698425459854 -46.51574184421667 0.004812246880122186
10.197737770293912 -46.476115889129 0.003308496233892033
10.229549003746351 -46.460501094212745 0.00352386234241845
10.155814819779074 -46.461973955737506 0.0028682176872779383
10.321523001015704 -46.38837581374215 0.003699865440600458
10.057525854443238 -46.37123565281805 0.003695518448013935
10.141744431423325 -46.33431143086925 0.0034222745656779644
10.853522663180982 -46.422485027628305 0.002779622155304676
10.292739805774332 -46.27235714323409 0.005249989799798797
10.552989250316624 -46.28095923811239 0.004952239440303153
10.428488195694175 -46.31814027125577 0.0034273701074379135
10.563277454927498 -46.202656199133294 0.0029297551046097896
10.599011470073696 -46.225363596123415 0.003735443136086903
10.749889495496667 -46.16288097774817 0.0053501206962726505
10.650118412589263 -46.179146430030016 0.0026943002078757337
10.505778192178967 -46.17021241726098 0.0043828999766657144
10.442374389955374 -46.16972558772472 0.003767430935830456
10.623590243743644 -46.11462702783068 0.007233445516209252
10.714114455276643 -46.08572983937045 0.005218404795535131
10.71073094983286 -46.09048082252561 0.004578912342806025
10.6144863322216 -46.05865461251479 0.003334597456835284
10.060117136426204 -46.356924003122 0.003015676658987479
10.094730570890334 -46.3328410248412 0.0044288691528598925
10.131692229818874 -46.2805071423158 0.01573341668186243
10.132468794560948 -46.27937528215568 0.004055482667334755
10.014938326472697 -46.18575907728064 0.006419614060887655
10.144687512069453 -46.133028600150595 0.004434838301065031
10.257017953530456 -46.09489961185608 0.0029664513455120193
10.331402845197587 -46.08499075787703 0.08333333333333333
10.298383134849766 -46.07888303485811 0.006458563213554866
10.349548290043035 -46.04771147663595 0.0028187120663579882
10.19321948633714 -46.11810728353018 0.004971716826533021
10.246054365600838 -46.05858681768436 0.0043175861767583016
10.462662287248614 -46.11955596885524 0.0037810711924490506
10.441253966062671 -46.10243031379645 0.004748820998182039
10.402705922971055 -46.08890644563838 0.0026916665633673247
10.390912044394597 -46.097875230013905 0.00461053113977282
10.463959902254814 -46.07547891340363 0.015604584332173087
10.525290283801882 -45.99477756632262 0.0040846990053891455
10.671060331215326 -45.98665271468917 0.007823276404915844
10.566339215564204 -46.00061681966932 0.010786258881924887
10.592074105863608 -45.9901634279812 0.007811238793624669
10.702720631790877 -45.907766761091814 0.00787285494222076
10.450054296872842 -46.01233106143376 0.0047377093020283525
10.376320053830527 -46.01468994254112 0.009423231046059207
10.47098698766894 -45.93442341214752 0.003662338518014047
10.491878821522556 -45.89985761298608 0.007985945915318402
10.6677416364178 -45.85681185179936 0.0075167455579840175
10.5845212678031 -45.85281590129009 0.006226856030318364
10.643251624123774 -45.825147608555255 0.008480315786105908
10.66284124674 -45.80280205188479 0.003584482088825059
10.66070642802569 -45.80706331530954 0.005461975712051763
11.025578570662253 -46.47076357755911 0.0038206098377051713
10.948661013675483 -46.45888174950188 0.0030967905968709536
11.070485796486556 -46.44581810589484 0.0026924291856468764
11.07138429614023 -46.447091045684935 0.004379699156202787
11.050005150323724 -46.42833535295698 0.0027582283603808
11.141457836920416 -46.35477858470077 0.0027949267778114018
11.082517562490803 -46.38234418664945 0.003380200172791883
11.091828909893977 -46.34403583458312 0.004580650266911308
11.088959275346562 -46.33255237565476 0.005051518055519701
11.105169145002671 -46.36120692848148 0.003070162265634279
11.158893049016728 -46.31395655773608 0.00436350838263232
11.17783924401831 -46.28202844217228 0.003777992527689072
10.852971210185808 -46.422444910120994 0.005438793371913569
10.82051044585485 -46.39456764691795 0.0034691871542994316
10.833672924987546 -46.37896996931077 0.00468653667092418
10.858526196216824 -46.37052953530606 0.007526060750246346
10.95457943378453 -46.3325285660155 0.0033435822005776277
10.926056794664229 -46.31496960333459 0.003952013956419855
11.133149609173666 -46.287047555230046 0.00417834334917507
11.06277139301079 -46.284179650926774 0.002833503801356763
11.237127033248813 -46.29946401433855 0.0027425989134506512
11.256454598201938 -46.29458593448861 0.004773769546337751
11.37563892739835 -46.25370547192304 0.004940240191994655
11.420451543672456 -46.19301667600932 0.004481764111693964
11.46477735812712 -46.19842814334074 0.004678846200391051
11.356084806070452 -46.21689524915359 0.005187809434410451
11.382556926160706 -46.160398668191334 0.006492960332120499
11.2242177980277 -46.24385534148301 0.004053511501378934
11.167370450308368 -46.22682975242504 0.002730591378214196
11.170056545204574 -46.20664922950678 0.003354969486565626
11.37161648529201 -46.113240782917174 0.003365458771567855
11.40447670796788 -46.09402656604029 0.0027175307037334475
11.431783944396418 -46.05311718767993 0.003446240045220802
11.46816905012454 -46.019596794284595 0.003466142030416828
10.959956171930996 -46.26969756785309 0.004107555967404329
10.909313130744149 -46.270076059362445 0.00292230788319524
10.819044778303915 -46.29570652349044 0.006268807221581956
10.85545570335356 -46.290559751890264 0.009032566957157854
10.827074892500177 -46.27867406018574 0.017909005491082212
10.84400794829188 -46.27156526890147 0.0055641243800390915
10.960445267152338 -46.22393484721592 0.0027232753788467936
10.93641014791402 -46.19373603633501 0.0033705651774566464
10.96587176126888 -46.18258840436167 0.0032713520192505477
11.089102069536477 -46.10520588397609 0.0033478006905937564
10.813318353151343 -46.23224533772336 0.003098122099205905
10.92691391309492 -46.1932707535708 0.002900351769943396
10.884925875235158 -46.19106645533858 0.004953991756922229
10.847028073672204 -46.17380912609222 0.0027248967731743116
10.841890307131886 -46.15033625718726 0.0032896306517358263
10.922942217319957 -46.09416245447811 0.005720078114142627
11.00586179363747 -46.143508288670134 0.005942877244643544
11.100567991897265 -46.08144857260613 0.005333698832795087
11.050769280096096 -46.07822581089832 0.003081314514023275
11.050837401925213 -46.07782018489614 0.0068178195848488665
10.956591329677638 -46.12310258930093 0.0033158844615616846
11.031075733422744 -46.07913985957288 0.0029188466227005735
11.10171828718792 -46.037873381611554 0.0027419864834548734
11.293682828896392 -46.06112955879099 0.004247196159412862
11.27361562247778 -46.06227890121452 0.002736321322260429
11.230482744066318 -46.07220747893878 0.009094223424145655
11.293395025653671 -46.02753628048451 0.004026090654971312
11.26153371914208 -46.010417550593786 0.008551524112233703
11.308775252167448 -45.97564392654312 0.01129886720979036
11.37595345761757 -45.962541914362184 0.0037444001986943866
11.368540011321372 -45.967313790148424 0.004086748713834306
11.407329622699722 -45.94207451258136 0.005530088284611295
11.463979652227156 -45.89233656935976 0.002952896632925513
11.177531931897729 -46.03658280947892 0.005781703878107682
11.124312470173043 -46.01224411230852 0.003687371839215256
11.17693244573132 -45.95090805864872 0.003728314883804015
11.348351218683918 -45.951208568958506 0.007898939175353952
11.345105701957449 -45.94623962298473 0.0032629429429429885
11.41451292230725 -45.87145252784768 0.0072807203390730015
11.355985069653316 -45.87913679072528 0.00414179161563616
11.357655166742738 -45.888024385754875 0.0042428490860564
11.337929718294216 -45.884505107761704 0.00387737503413387
11.58890973643462 -46.11037821379017 0.003060637743424898
11.643973198514727 -46.09376563335507 0.011854595771700388
11.736544667021851 -46.03497837915458 0.0037629103334052023
11.709920766614074 -46.03722079462956 0.0038761861426325245
11.769437365563618 -46.0063712399839 0.0035235814471802716
11.863013702300654 -45.9804224900671 0.0032630998224091033
11.781705477112563 -46.00106022256865 0.006060939090966795
11.709738324180393 -45.97024248570981 0.002766126610262464
11.823948850644436 -45.94632838294556 0.002716659070148
11.808961283622104 -45.911988902744554 0.0050088815269175475
11.541584192262592 -46.04290226545058 0.003477690144729053
11.57512877584711 -45.99485146949581 0.0028520504901995932
11.651294553147816 -45.971532959623126 0.00626790289559606
11.51134558393836 -46.02079175363062 0.005910087688788494
11.52533739321254 -45.98762760885367 0.0029492291284326944
11.572715515809431 -45.93349144795418 0.004393589064531992
11.770003765171568 -45.88288050122374 0.003912711930817785
11.944182107188816 -45.925289363441635 0.004693669269633881
11.961040133516384 -45.918223004945304 0.005149417085133945
11.909568525131936 -45.89964922065845 0.00792223625373589
11.91508721831034 -45.856831798929214 0.0030073146131396056
11.97001045157965 -45.81394814322954 0.004148268652173847
12.142756032132166 -45.79989312965979 0.0032892502745798667
12.179197002802612 -45.793851020440215 0.00391616872366065
12.152072959151528 -45.778197586768094 0.00450863947992903
12.12150641235033 -45.77665659281635 0.004645989079176041
12.153453308849713 -45.72883316905903 0.003803345155255037
12.12047608208432 -45.74166944438648 0.003982539937059832
12.139989273549514 -45.71279771659908 0.003943147334126197
12.083335190532615 -45.72494236462112 0.01649640706131651
12.039313556713036 -45.722261667128095 0.006656329537734693
12.049942050808356 -45.722281279389264 0.0032738216366135237
12.11634561006003 -45.694348287297586 0.0037924991717836125
12.155818783466112 -45.68172120759813 0.009064908706104904
12.147629988380505 -45.6467823057085 0.0077496171818944104
12.016107508255512 -45.70933194277596 0.004426503680074212
12.077834958980104 -45.64469219985757 0.004427961841286822
12.156654089879543 -45.60875298058213 0.0050004315262943575
11.495893182332509 -45.95030991906592 0.0038082655108427708
11.555801558128524 -45.93635714780651 0.006128037222814419
11.538437512980549 -45.9343190325769 0.00545928867726721
11.598155731162226 -45.86359358239933 0.003900572231149481
11.58683639380785 -45.85671627041005 0.0031942230156099143
11.695465007947526 -45.8545366135699 0.002691851852715556
11.676431597074112 -45.82062646018741 0.0029778418534544605
11.705996032049388 -45.813289464941846 0.00270257960235802
11.728170979993797 -45.791881038762675 0.0028528058382705002
11.767037557766244 -45.7815083417637 0.0036013154535264893
11.744447923634729 -45.779072531783235 0.005403642323791449
11.740965545562068 -45.78124791688576 0.0026930925879271946
11.68036298956754 -45.784266881429346 0.00472291516446481
11.656219507142382 -45.788735680743336 0.0030643549894783426
11.675022465971413 -45.78193812837878 0.002670522181641652
11.740467388789575 -45.770589554954725 0.003499686680389908
11.535098216056818 -45.80617970070576 0.0026907792479156528
11.49757918369902 -45.814260951761014 0.004837938180490956
11.576117209517726 -45.76090752757841 0.007234553616450591
11.597810045504271 -45.739706644105034 0.011674200681012442
11.626425714499089 -45.76377440217956 0.0032668165313271785
11.64610590697128 -45.73688640836603 0.00549416084629953
11.79615048886136 -45.6820508353189 0.003701125780820688
11.644114279113117 -45.66623657529405 0.006465289177101109
11.71235843303622 -45.66409013712433 0.013362913421476736
11.872259677850428 -45.73725697174099 0.006371608377560611
11.96474972318697 -45.68599962345221 0.005351136010304134
11.83014117601037 -45.72011044563427 0.0071106567500111946
11.817005188891075 -45.683238274461765 0.002745367351267164
11.837750919805302 -45.67518362730134 0.0026699293507905816
11.897661656700894 -45.656583222836545 0.0061374527209807055
12.081684770861848 -45.5572618340001 0.003057354968581464
11.789922669988773 -45.65442504578239 0.0044211850683939695
11.952011974693011 -45.57266693983643 0.002750155272673853
11.818010391672807 -45.59816946094368 0.004161627403607159
11.833183820931984 -45.60436333525664 0.003521454648244736
11.781944497249889 -45.60145426060951 0.005153261956984294
11.8950019608979 -45.515973584035926 0.0026645850666743728
12.104798066897814 -45.492092859068705 0.018177245994895497
12.038408319792548 -45.51110913149351 0.007354490047927645
12.05813107619231 -45.47453547936465 0.004423388959324936
12.098526394478444 -45.47078250279387 0.007552147779884762
12.092328635920202 -45.46234030212532 0.0036437360936392026
12.086885437182444 -45.46683277447497 0.0031061503939081485
10.816399027553128 -46.148283666250954 0.004185835815222927
10.780062670619657 -46.13225375498024 0.00383104792266338
10.840679087224933 -46.09061910097682 0.002886422987602157
10.915710173009389 -46.0908143359986 0.004685504071693918
10.849434583162203 -46.085612820230864 0.002928748840160958
10.809062102264171 -46.07168992606201 0.003180457119777513
10.823952596081604 -46.05799541537087 0.0052008879781891715
10.82406753183941 -46.05846005241598 0.0057445655522875404
11.041409870342154 -46.00767756112344 0.004005962546954905
11.096975939498462 -45.98001059786859 0.03726709286734393
11.05838108371356 -45.97804618791227 0.005176195783124959
10.96319508132897 -46.005530591032866 0.0031988241020339094
11.072840707575848 -45.91988986401347 0.003196800685082858
11.058371181322714 -45.91729745041282 0.0027284183681959007
10.782893032687186 -46.02839244726474 0.004312060341762799
10.793616584605244 -45.95706147281613 0.004081291076326938
10.795069451324675 -45.943799617776826 0.007135724342369388
10.841383683470648 -45.95642628344856 0.0034539847808060862
10.84477192731904 -45.92336478370651 0.0071335459757215
10.925972738834457 -45.97219333416387 0.005785123433027585
10.922017098479856 -45.95050793800847 0.0031414850306261677
10.960459785165549 -45.90972666029263 0.0049906064621812775
10.966181570191637 -45.87831534512442 0.021612750981077733
11.14939764451416 -45.939557581712045 0.007569518410720726
11.306180822667892 -45.830391954604394 0.008119422384024523
11.388533425992357 -45.814438243812326 0.007545881566516283
11.399450718638796 -45.787902806593394 0.003314678830307322
11.428469405510755 -45.76419529702812 0.0030199967780192706
11.32634627316339 -45.79405063055041 0.011062245557365685
11.325875853386256 -45.794275057972335 0.014217827789317189
11.329849051929576 -45.79264432973227 0.002723191103645785
11.343352654078789 -45.761246257547576 0.0036458454496756084
11.362829080382069 -45.72531161002723 0.0028666035846612254
11.095075736955456 -45.86130773812134 0.0027590561541273183
11.06788586005083 -45.8177504078002 0.005333305354604311
11.159021073971369 -45.76685705757881 0.002784811056902889
11.210722001641642 -45.714579526691935 0.0030327215312795338
11.209430719302963 -45.69614447104848 0.004020573766302823
11.252250975695413 -45.76709883269423 0.009730067758191213
11.381132437336094 -45.67375540427792 0.0034692362814538243
11.38078794119698 -45.67429843589638 0.004588950199231457
11.370108652486866 -45.66105971839094 0.013679437188256465
11.266808792562935 -45.67599501358058 0.008700535524966963
10.718275250843408 -45.9572675967393 0.003733708638764877
10.839000063419288 -45.87501304675948 0.005079129133468863
10.866793369509688 -45.86544543152721 0.007806313161010593
10.723774370721337 -45.91409380006891 0.007391201965937572
10.935247761803549 -45.83367978596618 0.004283982465859177
10.911563695828107 -45.83266796287184 0.003062923956117228
11.03990145137004 -45.77926337467526 0.0033917389955802815
10.91313690885814 -45.790141487913765 0.008281048336286175
11.005589011402057 -45.74298280643052 0.005262252639392986
10.723925647675545 -45.817317234212304 0.002774770282579926
10.728732804999137 -45.78491488956873 0.04377808746599221
10.784325263654823 -45.75046377948015 0.004313445345853389
10.876780112134597 -45.73316896086419 0.011506915916334605
10.94389782145914 -45.69814759903869 0.009760015775089368
10.917956058184288 -45.68849307062434 0.005979053915128248
11.109463733735902 -45.70896919064364 0.004102754349974485
11.180808303722037 -45.6276079437944 0.003996152052140832
11.349625499465908 -45.589976316884375 0.003294119649408028
11.31829646638512 -45.581169531318686 0.0058872659451450725
11.321744266161952 -45.57793104095497 0.002654286172499582
11.147163168183734 -45.61478373033391 0.007094836548892381
11.11212839336944 -45.596898425928345 0.01064727177261643
11.182853228027495 -45.565539849352504 0.002958640852381298
11.060544419970553 -45.60625027791988 0.004469392538477986
11.04120563770666 -45.60450655688141 0.005466641130388702
11.098561268725147 -45.56237102758491 0.004022467923874555
11.136382459851108 -45.55599968886195 0.005540754586367344
11.122916588248344 -45.55477126894049 0.0028950744703489686
11.1434056911737 -45.53703143368417 0.004449121435067798
11.168848551026032 -45.495739543911704 0.004330353191188584
11.228592937169577 -45.50684387272563 0.0154171344426352
11.283757435325157 -45.47450164412341 0.0038824806026403346
11.330870497386757 -45.434075183770574 0.003283121571456276
11.496726933783082 -45.685913062345975 0.005472876582902853
11.523833111244729 -45.640180402510374 0.00415340397891827
11.702079059663708 -45.61978296160222 0.003087956399104064
11.70353735143571 -45.58394188017884 0.0029048013290920807
11.653491561026025 -45.57528171995239 0.005232597924556239
11.706507655499976 -45.55240437175374 0.0058013203722235545
11.67355768052588 -45.54248164489487 0.004857100219376386
11.700817060275496 -45.5250747045853 0.007031001808057117
11.41150453007181 -45.662588316512995 0.003800295869290722
11.482432565923398 -45.61991295688499 0.003226168857643398
11.536187255724482 -45.612791055081246 0.003345903526194219
11.559321925867016 -45.56923071897197 0.003525063823846714
11.460149187330703 -45.59028572596704 0.0026992799550230556
11.487759817267577 -45.55409556730876 0.0028512792898890897
11.550500503236774 -45.49676452714459 0.009340978868764952
11.617957521094697 -45.53847661703721 0.0047520599908267725
11.66457983360682 -45.50871361373121 0.005334027306155197
11.58818338309728 -45.47213778311703 0.0027981139045959664
11.831488286206069 -45.50148908345516 0.003475892125366362
11.907821411539704 -45.48494976883311 0.005408512522945693
11.77335785691163 -45.51494305807714 0.004403143551867233
11.999461537426097 -45.42403119381765 0.011273962855670932
11.976793607302294 -45.43357303149346 0.002800170942613318
11.948162291303932 -45.39394043723747 0.00319799712968906
12.033259478788304 -45.361450904055616 0.0032859648208324954
11.74450440768153 -45.46436340268297 0.0030256243704237487
11.77690461651822 -45.44679370842828 0.004311652730620275
11.77831252773588 -45.42013493591225 0.01353024387610805
11.81313982652086 -45.401173788198314 0.00399100355484261
11.874819405868909 -45.371758455922176 0.003329363389510728
11.785082368236948 -45.40141197605202 0.0038740035969289438
11.77775080428144 -45.40818155650518 0.01728741666642567
11.82330233029766 -45.35588946535588 0.0032527731738869266
11.914825287988966 -45.37613236875732 0.0028337184290839717
11.933926272102624 -45.320604668993695 0.0059128099434667255
11.910009105065187 -45.31148952752735 0.0029447687764656274
11.423854822756423 -45.547869005048625 0.008306678742363653
11.441167296718202 -45.55522440193754 0.004397924096383635
11.510869159012174 -45.51325298422329 0.02372008689216901
11.419346792185864 -45.49438323211326 0.0058306882237082434
11.448436419593436 -45.46898334426632 0.003196919713142314
11.466765746868962 -45.45539046701674 0.00315946773485313
11.523312095594536 -45.40729718097145 0.004583572230716233
11.652711414441356 -45.4083793220033 0.006049394882767215
11.63916941389436 -45.40482019465624 0.006299641199592597
11.662819025951167 -45.3875866304872 0.007209506863481674
11.623359147628282 -45.370728522297505 0.020199687680759342
11.650772410686969 -45.36332209363824 0.005579801825287581
11.4819247048346 -45.39166937975621 0.0029843107932252025
11.47200040633742 -45.342176402399424 0.002947626651470603
11.632097639214033 -45.28933433341509 0.005881751536622981
11.538757830174376 -45.315254206270865 0.0030979352735043294
11.536808433130153 -45.281764962536585 0.0031293788613195395
11.603407865495326 -45.27739441708417 0.007571857631364303
11.75571917870184 -45.33715631351717 0.006083466202516998
11.843221281576456 -45.29738584277692 0.002882050952962475
11.752518523340973 -45.304811164551914 0.004314064853851596
11.904654204844457 -45.240975569145576 0.003377269901915598
11.913040169787513 -45.19863085886678 0.002843883520400498
11.918040881321378 -45.19701284626873 0.002902340516601627
11.867936264569533 -45.19434150430726 0.004809218672111156
11.933419154882818 -45.16431235098253 0.005727762999021129
11.919140219471329 -45.159534079425086 0.003563296158268056
11.98334397740848 -45.16995583371506 0.004329969424146708
11.698433712890475 -45.276493053477 0.004117865094837913
11.733768161161391 -45.22535744982632 0.011733039685412613
11.854645627062729 -45.17093761920969 0.0033611448936024593
11.833969393134971 -45.11636956723931 0.003023280268340567
11.889516752215217 -45.161882455147705 0.01227567309782578
11.878760950927392 -45.152042609618256 0.002926606040317129
11.86330257057984 -45.13166176301547 0.005223947691627998
11.886645414129426 -45.09129163786291 0.008248837242047382
7.2954138079065585 -45.05869365971906 0.006876105391948338
7.758451392295189 -46.93668018738701 0.004584547530078766
7.806276915086523 -46.8839390339665 0.009108463442978951
7.796802489674663 -46.87830344046324 0.0028871580217911374
7.6158032108625 -46.94717341835831 0.0031087481484588135
7.529512702417476 -46.94740351397877 0.0063366723930952575
7.549865664498122 -46.90775669354411 0.005340734387751649
7.6152046524730705 -46.874939059181145 0.003607717263791055
7.654735962922133 -46.946356001221865 0.006358988573764727
7.683520413075452 -46.866308046902354 0.005874688244758382
7.640562022926632 -46.87098140672436 0.021865985366144536
7.682577776142878 -46.85481157530975 0.009900202199398328
7.682159769018823 -46.85468982795937 0.005751889373209429
7.371090803886297 -46.94853289860042 0.0037330422447038546
7.33921148192648 -46.94159996146972 0.02043952291652481
7.360794133747121 -46.92199566722585 0.0038483332188727526
7.083214223768295 -46.94597166721449 0.005618148697179646
7.3544128819460175 -46.89053211477136 0.0032054669586448334
7.336663053018891 -46.86753800322158 0.003951947619081613
7.226514137051849 -46.88536368717194 0.00433465861716603
7.4773581786929455 -46.934477791396 0.003670643944444581
7.475934312274193 -46.90898514375507 0.0026864681410466765
7.49829905055716 -46.87081259115268 0.0032726884941298045
7.42415604617666 -46.879325652530746 0.019414235329465124
7.641252197941893 -46.84934422299873 0.0032705580324708344
7.625537136787781 -46.844683005636405 0.00403695319916269
7.73194955034534 -46.74940423108643 0.008262270315381163
7.717481397792883 -46.740822105089386 0.003292181268740929
7.731180978719659 -46.72311161991294 0.004006817709474696
7.44795086280031 -46.801677366325926 0.003264702859452021
7.480171543459343 -46.755985395096666 0.003582493116594345
7.517404225680949 -46.74475748104685 0.004163758138906374
7.543731138865161 -46.6973492041523 0.004541000760315011
7.653573113260529 -46.635630286138046 0.005424376672480546
7.741588296003033 -46.61183256820266 0.003012918468987895
8.38108777611076 -46.88531487659112 0.004593887966397283
8.436139886602833 -46.93532600879808 0.002768667958019087
8.429528446219434 -46.92720594101595 0.004547879033541245
8.521758801505907 -46.81662493883572 0.0031852828229186965
8.101178880963133 -46.938753332447135 0.00367782795573891
7.952533051647003 -46.94843004303378 0.006291901999989717
7.97774558457419 -46.92367190847622 0.0027931846044293046
8.061653994161878 -46.933106400956056 0.003872518530723829
8.049097576679817 -46.94240010512578 0.00317376370757797
8.069069557720848 -46.91564744666764 0.0036626123849296684
8.115730174754189 -46.85870558009963 0.0038485449610335745
8.159714828796922 -46.81554594905933 0.01174795527882198
8.101254454147192 -46.83016720152459 0.005552974058587695
8.490281481804702 -46.71101248563472 0.003733654605867906
8.260076842275895 -46.80062166024689 0.0046841691513785245
8.273476127700418 -46.73815181385295 0.00420020908158259
8.23388796221888 -46.741352450764715 0.00323371510005279
8.452424804501632 -46.71113967479528 0.004881226884856016
8.384621851032023 -46.65649913811716 0.0035660776834607233
8.436527299021114 -46.63037906642949 0.005246222969963971
8.482177092756434 -46.649771053937584 0.0027049699799141977
8.51684828733509 -46.62658439857837 0.01174341732413425
8.517233119405702 -46.62687205414504 0.00950116433000444
8.522601714570296 -46.62061616673094 0.0029168514014314656
8.534762381256652 -46.60488438086847 0.0047245426038101165
8.509806964406058 -46.585773892324006 0.005457314463831212
8.627246209315075 -46.91435691087836 0.0030424267061353594
8.704166886103737 -46.86893574593172 0.008114959928233747
8.751057404349849 -46.85359710488547 0.006368886943301251
8.671553099229413 -46.83599365836332 0.002682882265045145
8.829618445903845 -46.790619380908495 0.0029138936337684525
8.845228118205805 -46.78318193365328 0.002798157201187792
8.925745439898904 -46.766556880433384 0.009010559412849953
8.950027363822128 -46.75041840205469 0.003914953739244997
8.888321751816498 -46.77072055158929 0.005559040711769205
8.920997842185534 -46.75721846873981 0.0033694684919243875
8.832783812627344 -46.78195852057904 0.0041959528523435536
8.861955359019447 -46.73621571755076 0.005097928201290057
8.620197763435655 -46.82150899449611 0.005257803238976497
8.655086625243447 -46.76805518249653 0.002722084481212091
8.649503889883567 -46.77841523347283 0.006976767085715029
8.656965721595455 -46.75222295769909 0.0032189020362903263
8.671611322257982 -46.71458732598501 0.0036337761038352117
8.862712156221244 -46.711923527823814 0.004304271025808673
8.932344712167776 -46.66837526850017 0.0037545521382820793
8.906287783711202 -46.66583980079144 0.004098669779583206
9.00648711735386 -46.74096913900167 0.0063167397544829605
9.020204047862018 -46.72048283683316 0.004025419764493145
9.024857817497608 -46.64338564465604 0.00363640188833604
9.135229389628211 -46.641425869168216 0.007865405718814302
9.202559841571649 -46.582078620882186 0.0029034400930037724
9.169035312453834 -46.58329626648677 0.012846901065519646
9.136252474774484 -46.567372695718895 0.0027555495483966527
9.140043196498246 -46.55926565731032 0.007418758939476818
9.151573180140506 -46.56395943058131 0.003604323841833418
9.242841134228035 -46.54615476527584 0.006083732634778389
9.212533350860976 -46.51890200284555 0.002834542738894733
9.24564451377299 -46.499689167363336 0.005707372648223579
8.952292061856461 -46.617880489935374 0.008466968900928594
8.977607257725957 -46.574159011230506 0.004031500932752207
9.00899049152094 -46.52981691058553 0.003478657086070121
9.268875086850562 -46.435120487728355 0.004993531739112044
9.211674262190972 -46.44670147360491 0.005908361229044293
9.251577712233196 -46.39645124258955 0.002663977819959264
8.611973713214038 -46.65666110238521 0.002980992096682076
8.665144340128728 -46.6548577345632 0.007106931337852351
8.689447719914282 -46.63964890918351 0.0030019573628527656
8.828231768931854 -46.6187151950916 0.008850997633208853
8.782264879909349 -46.61859093206278 0.004673415177126407
8.817448289213674 -46.58459069734731 0.003025911344776762
8.853144538117016 -46.59105726593389 0.0028459910147712784
8.853640504126425 -46.59065516858772 0.0028623002243982417
8.905921438291772 -46.53885531469216 0.003102520355851409
8.76017130125388 -46.554913914389395 0.0052836000378264055
8.891676414678932 -46.4979707505908 0.004683937803868344
8.564393370582215 -46.658466221252986 0.002668450522145744
8.624215221423771 -46.60764850100749 0.004182262179855168
8.6868662180539 -46.59286350130589 0.005144405627265192
8.619475651269399 -46.53343670169584 0.005798105116535719
8.66915657839699 -46.530915059734234 0.002642349311351593
8.668486861006727 -46.530855631275934 0.00651394915926735
8.666455026375697 -46.50370513415513 0.002920218914625967
8.766442950108006 -46.5230662144947 0.0040072334563472185
8.748670698230338 -46.50942229252391 0.015326345607141955
8.748552876903778 -46.51583429027225 0.0029890831379617215
8.74933079789266 -46.50804543470919 0.0033773966993347563
8.807133276464642 -46.47842628695559 0.0029433306614509674
8.843534210935768 -46.4536803567459 0.0034430710489807637
8.751121843804576 -46.47482432201559 0.0028449487654759907
8.92883573672115 -46.551214164590974 0.007974734894026562
8.911882177838276 -46.48406815669899 0.004584340736614194
8.911788485620898 -46.48476931126226 0.004899855128047721
9.01052730935352 -46.45447975111077 0.003059653946538223
9.016073366748646 -46.41501603697977 0.002903719389768195
9.130201856744078 -46.41901736339872 0.0063125422025615725
9.2556938081216 -46.35922317545507 0.004147163424141539
9.149491249311817 -46.36728255761227 0.004734846560338347
9.079207191421252 -46.383466473823 0.003996544330491948
9.194651128174154 -46.354906813532 0.0027432485266271067
9.22487432471134 -46.34428888139603 0.0030872881759749075
8.918538904020854 -46.41779461703496 0.0034215565688626272
9.029542031877057 -46.34756803937333 0.005254243850566162
8.922952385157478 -46.35806922510957 0.009291919306513617
8.92363672081506 -46.35816320170328 0.024099604262208703
8.984880422969107 -46.360557054225254 0.0032505432927446634
8.993384094174239 -46.31372874866566 0.006883492992248678
9.094670251879892 -46.351383787009574 0.003170997718934694
9.22985196563815 -46.28003397034537 0.003857443996941374
9.141187913444345 -46.27799935457955 0.012866143906073513
9.087903495035166 -46.28625860019997 0.005209132803298899
9.115338851347945 -46.24631234982983 0.014201483207773619
9.1613444825207 -46.236500810952926 0.002733973493177309
9.199993490300155 -46.20918343715075 0.002982641145259974
7.834881937821624 -46.92250812996928 0.0034824793078336493
7.866551545353777 -46.91581102888511 0.004767730511564134
7.930911360459166 -46.89986960254747 0.0034090470062468348
7.902105528096314 -46.86563871759611 0.003990413348855484
7.929276444042403 -46.842019830478435 0.020095874488299362
7.976704411946723 -46.818090774488134 0.007458741820937272
7.976803848365498 -46.81756174068132 0.002831012941124926
7.981961659134155 -46.78058728104012 0.002780017723010709
8.004939789007198 -46.85986615030254 0.004614128707059075
8.131843217858034 -46.76531881942038 0.003604805895223401
8.025804738318431 -46.75983464513718 0.0034754433959921878
8.13740677273324 -46.71333898633254 0.012729229294922716
7.945929607720451 -46.78734018167312 0.0028544931135868175
7.974968687908803 -46.71295335445731 0.0037653455201508996
7.909565275431066 -46.71215073637335 0.005365833216845917
7.939613931783469 -46.71295581534467 0.0034462605182548805
8.024199714421933 -46.73663494460588 0.002863231838168367
8.062204740858071 -46.66150818508533 0.009987566284539943
8.062149515763345 -46.66174029319504 0.0027023152656655484
8.119058062423601 -46.62007838120037 0.009100963123036567
8.20899245433643 -46.713309523519655 0.003771965567526761
8.192787576724385 -46.65903172939937 0.003068728626304025
8.212420415880002 -46.650541676484146 0.003524700414677762
8.276947021382917 -46.63835482277237 0.004683272945614555
8.334298206542671 -46.59004528391716 0.003806198770350627
8.328691492412775 -46.5805852986597 0.0029250756639929575
8.435432190793742 -46.607480205797465 0.007828968210489123
8.518993565842308 -46.54254817408237 0.0038564924424661887
8.427166299007672 -46.54203431404041 0.004703338916996034
8.42570085940531 -46.53193792102038 0.005482625221488013
8.424705172736116 -46.531553753030096 0.0038088074646652438
8.51444912162694 -46.51732378774899 0.003555757130475232
8.18577339118701 -46.61591246675871 0.0231954049604586
8.311372681410045 -46.57706775199265 0.004595467929363813
8.26889796677979 -46.58047370125975 0.004503656766926093
8.393872797399585 -46.51891935122303 0.005109161014360269
8.4230312022504 -46.50751612055482 0.015459723051520881
8.425538444830469 -46.49722769018442 0.0027605661261279504
8.463755133572228 -46.43463676563836 0.005013135168740134
8.420721695494047 -46.43247776843821 0.0028029882009169738
7.822244308750772 -46.74355752401393 0.006590628462995353
7.81874112138557 -46.71286112988939 0.0030553274338413873
7.902156681232871 -46.689925617501146 0.005710219655589448
7.984086057932505 -46.64077907768554 0.0035881558619083433
8.016745010043488 -46.624442041799824 0.0027746870971630143
7.971656044778864 -46.61730099078855 0.00408239623331884
8.063493537257596 -46.59602901178709 0.003464795004936469
7.798335665583797 -46.6330564158507 0.004539216735233718
7.933140983009491 -46.54969597874496 0.0031146498816345086
7.812026849435482 -46.56876521217861 0.009275363736319538
7.875208518291454 -46.514231158154175 0.007660187668223588
7.926622881777846 -46.48577072823407 0.004909556469365947
8.028068435896115 -46.5247900468139 0.009834263703506436
8.042046000118368 -46.483349127539626 0.007827189161030396
8.112240067644471 -46.43026456133221 0.0026570721942709608
7.963159771038915 -46.505046771580325 0.005790329854127144
8.064744444580224 -46.43240951915065 0.002686011573434498
8.027499488167114 -46.43665462453589 0.004901414368913192
8.050951270847303 -46.4157940453912 0.003735280706415769
8.184306558864986 -46.53189470232406 0.007542708336378924
8.172184144391178 -46.49575506492035 0.0027974006703521247
8.225828818088264 -46.449724102522765 0.00452369368452121
8.460711718682031 -46.38248194153447 0.002705351373173498
8.483067983911306 -46.349194240361264 0.0035972892478779834
8.389206727564032 -46.353119716208006 0.0054939836118304535
8.402565788090122 -46.35187610388573 0.0035164184059922636
8.2441212655966 -46.390302874866514 0.0035493387834224037
8.243721218082825 -46.377717602906046 0.003288841883921025
8.224309235864453 -46.338060896560314 0.0061610800225131105
8.30316936472615 -46.34444580632076 0.00281880397084953
8.291981434535137 -46.287126112295034 0.0026449050122036156
8.33938003816995 -46.25569293976584 0.0040442172718441905
8.53455805198778 -46.56165986026951 0.0029808949041969725
8.690522490806003 -46.43183326237354 0.011291076623346236
8.537801568377605 -46.49065809680585 0.014514252851487565
8.602481763378494 -46.42897879163415 0.006746443453804124
8.763491952580047 -46.437481818313906 0.0028893613535609227
8.748882940782863 -46.37633319486466 0.0029293826473209927
8.756683257288067 -46.36902248629714 0.002697342402647821
8.832225029640355 -46.34179272908035 0.0031136487233421827
8.838726366818559 -46.31887997676985 0.0027853054863767324
8.861034531575205 -46.28900498867749 0.004901758206637174
8.632134444248537 -46.367433539324935 0.0029618127246027874
8.645134509469667 -46.36335027313615 0.003911043304234084
8.508235603389428 -46.377928074411805 0.003401017719329644
8.620150509274161 -46.34946116047432 0.004085192817005489
8.661678959815882 -46.3294190773002 0.006452177845473147
8.763696803771886 -46.27998423352918 0.0027310762755794232
8.698703951388984 -46.29477263188566 0.008328607479406582
8.75180885210236 -46.28048089594496 0.0028603812965585277
8.686742158464272 -46.2909825611776 0.00266631996498579
8.77252667994128 -46.26607918866368 0.004283418170191026
8.798434599460789 -46.2565460999803 0.005462328498865525
8.846160260183057 -46.203113359668095 0.009271435676775625
8.966787867352904 -46.322574935855755 0.0045219684676045865
8.944813666116941 -46.315825436891856 0.0051806135201375465
8.935723290027802 -46.31841770015642 0.007053774222148203
8.895472793302522 -46.27369969321085 0.0029253165259349265
8.9005240324127 -46.26566148144976 0.0038988124984564135
9.020749902199762 -46.233787517948414 0.0031478231111394524
9.201692078890808 -46.18831475205481 0.003084658599224181
9.143108188942202 -46.15093070107208 0.0029748850187015985
9.199155635676236 -46.12924308851032 0.0027952066420068836
8.865987636561291 -46.227747186510065 0.005463892165809321
8.90615103171731 -46.22452726621066 0.002653842040426706
8.881177240757378 -46.17033962083862 0.0038095979083830013
8.974114885276554 -46.1454592935744 0.004864399493878782
9.069425298370916 -46.12944598438402 0.007823969515019078
9.097332451936532 -46.10910815693625 0.004943035046081913
9.137874747557488 -46.08390262162418 0.003822494283626244
9.103658982418342 -46.07239179855617 0.0028332098278819142
8.572796269713026 -46.315698793144186 0.004636168636104784
8.634300934013885 -46.295437661732834 0.0048126431389756055
8.642636348246214 -46.24688215583944 0.008001093390457738
8.516819197006205 -46.27872031615396 0.006191728640080424
8.547780589200537 -46.262683827924945 0.0049560269532997305
8.77095110642582 -46.21337952753685 0.004345770971345098
8.82299251402184 -46.178688130192405 0.017792860943116304
8.803347466289882 -46.1801436260215 0.0034196231589081606
8.827334387509774 -46.15400354770833 0.005397018038531312
8.818499800755848 -46.14326286224126 0.002795946066216275
8.699207619234992 -46.168327876299365 0.009150919177764805
8.724448631433503 -46.15450430148468 0.003716506097071218
8.70278652203155 -46.15311166295063 0.005349701431855171
8.527170334682163 -46.24562501204885 0.0036524708588850795
8.55638324530949 -46.1826708992919 0.005267000500375939
8.62934223939037 -46.12243130689376 0.005063096963093068
8.59366768311949 -46.121528288701704 0.0032614955448249253
8.711031897156715 -46.14208716243341 0.002901453499057447
8.673356188527872 -46.12619471053072 0.00852036303633729
8.75737774654936 -46.11374750611728 0.002663725079011664
8.758887759251548 -46.072310282762125 0.0026898443790187142
8.729892515072903 -46.07595667000906 0.0028968229640587814
8.65920220301363 -46.09257695916845 0.003994796627991079
8.651140694474037 -46.08638171865123 0.005642066096899834
8.761819363411808 -46.051913658786575 0.005054926842230753
8.759746005462555 -46.06344135260804 0.004260844056081026
8.79933804962756 -46.00950573059632 0.006211645673578857
9.005383799139 -46.04834778573515 0.005144986856203964
8.87207791053678 -46.06652056669227 0.004018575846610339
8.925313972914335 -46.07121916029438 0.004291464997297256
8.980301778055543 -46.02852496144735 0.0036093326455114696
8.92592058436363 -46.04077578143954 0.0027850017962400843
9.150151230502054 -45.93548598233061 0.0030523740985463673
8.87299941488327 -46.04013972162764 0.003096892637779566
8.872760706130943 -46.03961165876887 0.004461585136049424
8.917620457337033 -45.97407723562201 0.006759587273395577
8.85945607689808 -46.0042370945767 0.0034633995773690964
8.97964996381035 -45.92104912955589 0.004280976606384101
9.055450454324504 -45.90483736580567 0.009885597403906661
9.113513455650851 -45.88433600552684 0.0035475739289536623
9.104282670363562 -45.89199202853874 0.007035280774928345
9.026218171089342 -45.87637091886677 0.00294504909901281
9.077825058635788 -45.86161601715664 0.003038786123980245
7.003354672314698 -46.93378583282938 0.005967184205529182
6.995157215799347 -46.9238261768721 0.011095804460052011
6.801325729052027 -46.94899726667824 0.006751916606095098
6.897336938214405 -46.9094859356722 0.004728534527913353
6.927443114010328 -46.89387638400793 0.0029453983189569647
6.962736450492091 -46.85468522122285 0.007664387336043266
6.980766164725911 -46.863296767077095 0.0027006655192791016
6.5254017171494025 -46.930754088267 0.0034012797982827508
6.533006496868912 -46.87603500875623 0.003996872178846981
6.547591394793058 -46.91527554993302 0.005796327485640238
6.517615470105413 -46.85364454302831 0.012460551216923882
6.507135358362669 -46.85756556906309 0.005962462897986899
6.526422272401062 -46.82260965251622 0.004689601819735085
6.582563217466451 -46.83534022132496 0.004312824437220674
6.672663890157731 -46.94122625270706 0.0028189061012836867
6.7749429354876165 -46.889351396440205 0.004873672751538374
6.829235361079085 -46.771725763550016 0.003167149030465854
6.892541564871377 -46.75231809013515 0.0027660390982631225
6.919894854742677 -46.75706055711381 0.012647047352189827
6.995211983414515 -46.69313374409466 0.004932624033330902
6.646870793045809 -46.861157492229545 0.0052344666193580545
6.714382052206606 -46.7871029263093 0.0035139833923315275
6.7374681564044785 -46.80123930044007 0.009260930278836867
6.776245438682386 -46.753084756217014 0.003182629578058187
6.632901713232663 -46.815867330811685 0.00395646328207955
6.693688557244447 -46.7602511020137 0.0029886814609374605
6.66141253720115 -46.76122022948585 0.00855646896792737
6.911892338444625 -46.69666199477013 0.007257855955152267
6.934992293618628 -46.68512158931862 0.0027155818329724414
6.962248268582167 -46.628533835516095 0.00484615359474442
7.123064126902807 -46.90885163140569 0.004150173802307834
7.063530089208264 -46.92004498668167 0.0033388112995533007
7.086668837059383 -46.90824963655753 0.0027731146145932813
7.164804260722349 -46.878913919673515 0.003849147154015464
7.175502525365495 -46.82450796751664 0.004475606435139567
7.170371533523806 -46.79477529977233 0.010372850404439067
7.29187111813855 -46.79536560610544 0.005556712209682774
7.040176704350481 -46.781488104253654 0.0058760563864786956
7.338665319405391 -46.68320744818788 0.01281933242528972
7.336294808047385 -46.68186140407968 0.005480682510306788
7.349076165130519 -46.646555075157174 0.0042532007287368325
7.327270202867763 -46.626532412365414 0.01044228650117956
7.512663004129901 -46.7070804168169 0.003264566311349969
7.560049393923544 -46.68162274584733 0.005262763931951815
7.495400510610396 -46.68178155409 0.029910404139625472
7.490465079585955 -46.6837128268225 0.003976869130637835
7.526901538836994 -46.64917887317565 0.0027433705653419137
7.534995993970879 -46.649872137349625 0.005232099863189762
7.426527781266658 -46.67456934306965 0.00284784304199841
7.46911474360783 -46.63657556471224 0.003601704550915894
7.52222700310296 -46.638309122793345 0.0028529064416481626
7.506306817123157 -46.64868765831892 0.007114735506321736
7.560917053120843 -46.62543154436683 0.004412050397571679
7.601615094735584 -46.643679229717186 0.0029386168507328564
7.621620914334539 -46.614063789501586 0.004131082418693873
7.708064695650595 -46.55679157110771 0.009642900923806942
7.581340011199747 -46.59365549239773 0.004104128968416767
7.5749384788713 -46.593327498805394 0.0027882547428748194
7.445080489390139 -46.59580896393352 0.0033061540423161583
7.535191203437344 -46.58012436874768 0.003687336561408743
7.557284358706784 -46.574382531048585 0.00288632598743891
7.375205168213551 -46.58148647631135 0.002720669040304227
7.493771927061162 -46.53791748921103 0.002814112592954497
7.540022277344942 -46.524725329028264 0.004486376732732454
7.486801366546002 -46.516910584227816 0.0036081308552746937
7.570604383085663 -46.5393889702543 0.00469638480910833
7.576446290472925 -46.52220429283541 0.008742057216684706
7.579572099178888 -46.51215153396715 0.0034032264632592314
7.58247582903769 -46.49477651640952 0.004000127963961797
7.590634102272299 -46.47185540058798 0.002772603100871568
7.567973126506969 -46.46630008024628 0.009703272648315582
7.626818727092624 -46.431655013371 0.0031314039467648805
7.646878232043899 -46.44196602583398 0.0029723178158183117
7.705374449269229 -46.38851526401492 0.004070452767043085
7.044406787935567 -46.7271608405625 0.003260389190568585
7.008429720396078 -46.731889915363126 0.002907331204511217
7.090316107386684 -46.676404623618865 0.002978713952028048
7.156982072696395 -46.662481167102165 0.0034056867101089445
7.237987991834292 -46.61871308943733 0.0029698008322353547
7.197598563207727 -46.61633931696416 0.0032053476123534114
7.368393565298733 -46.56127397641557 0.018988956718853884
7.3103589132080256 -46.55439819579083 0.005883584424777306
7.236046637778147 -46.59198052214539 0.0035981982219627675
7.027737840117451 -46.59816711843328 0.006457682589799374
7.014046796879203 -46.568862776043375 0.0029870920061215857
7.143760242719891 -46.518419854205625 0.003053182606548861
7.147351668947293 -46.514350771297046 0.00503462264202939
7.173922119138826 -46.549140920325755 0.0027470326394707987
7.254672510916004 -46.5164945590259 0.002706266674694655
7.245859985363063 -46.481514040556064 0.0029738396297330225
7.278532171716998 -46.5048637478905 0.006507927102562394
7.316428132838706 -46.4701197203436 0.0028074381979369747
7.349019584031232 -46.44013453956063 0.0038574579862632836
7.182024464766884 -46.49684257258153 0.0037723073050209433
7.3047983858775165 -46.41367017305021 0.0029238301463868827
7.519256558073793 -46.46953383555493 0.00422297095692056
7.540417219709095 -46.456780989064555 0.0040654066629684914
7.42002504125509 -46.484415509305826 0.0047674840045846155
7.433349042758421 -46.45036064239919 0.0027196700558471992
7.4935788410841 -46.41031519322243 0.0036793219775688234
7.601310710499298 -46.424283905473786 0.00492242315066196
7.582665145356492 -46.409915855695736 0.012419387122682172
7.609327186737701 -46.409290226075925 0.03718747452960687
7.60482816584303 -46.413901498733885 0.0027808530166077666
7.595678308174194 -46.39855060087924 0.008517758736359059
7.512518172538438 -46.337412218190885 0.0033442595783742673
7.44573379783582 -46.333971384152875 0.004867787931291523
6.570973734670081 -46.78945358314063 0.002911636095058804
6.769556753660013 -46.63966324544255 0.0039129077539872
6.769467490284781 -46.64347804274326 0.008146988994115001
6.674967822427074 -46.66401596748388 0.003694839344974214
6.617296471836854 -46.67115169607632 0.012630578419950729
6.768850283296573 -46.586818351485135 0.002661308092789036
6.825204335853172 -46.58720507885664 0.004184335987824967
6.846221708712753 -46.566804813432306 0.005095280878891923
6.742132624063273 -46.58665246573812 0.004463994487379894
6.638931590574771 -46.5524553179668 0.004019440226564155
6.70662384716656 -46.55181356634843 0.0038211724211433882
6.6867543140482315 -46.53158383347907 0.008555555829053124
6.698502222271096 -46.52387346890204 0.0032992406502301242
6.891531076207054 -46.49687604565511 0.005963936141410133
6.811798978814068 -46.49309457540694 0.005773058649801174
6.875008663188269 -46.428467172392665 0.002851199522449654
6.5816299824912035 -46.56356687463153 0.004317445256742438
6.522100495678587 -46.467434995935626 0.0028992742917738497
6.612116604188272 -46.56073289876309 0.003670298106124036
6.59564746712044 -46.52706757075914 0.013841048632875781
6.695467317112731 -46.496359069833105 0.0032828426316020526
6.750094149536037 -46.46520068073421 0.0056195793715433625
6.768608045519363 -46.44462031108173 0.007052387136555403
6.654237478999521 -46.47095191087621 0.008194658403739806
6.8706100504961976 -46.39144407313209 0.007815413030025278
6.929670968569868 -46.35382132760425 0.005571368438611969
6.907199104543508 -46.34841708586059 0.002725589827097865
6.776618564295035 -46.399677669876795 0.003090875944934629
6.812237233355916 -46.38066371365702 0.0026645008591753435
6.831796780476425 -46.35890472011362 0.005850185601491477
6.641775107289861 -46.3376117182057 0.0037218166945128268
6.8063567385206225 -46.31967862154631 0.006262219693342372
6.927022948958764 -46.26247799960906 0.007348172613403257
6.815519440994179 -46.27171865911381 0.003079850349873793
6.874472394219465 -46.249484632293466 0.017397522811712265
6.8764147924645895 -46.224623484488085 0.0035122904643465503
6.868784072734383 -46.22626993433721 0.0027647574984990303
6.89778051140778 -46.216586372716904 0.02372360310089521
7.0300324072817375 -46.49464411462031 0.02230707000060127
7.0739135206385075 -46.48232346446806 0.003481384084902482
6.976282457120673 -46.4975041998421 0.002864989400855682
6.997301686693023 -46.47206533653096 0.0031307893630098216
6.995816584077121 -46.46751266682832 0.0029919643852727106
7.0964108160648705 -46.452419331270654 0.00905872414149338
7.0653190844551546 -46.45713533879193 0.00409230651094308
7.1429134427856535 -46.41862494900242 0.005994812298683959
7.119808208853665 -46.419632183560715 0.004416149067493635
7.277143676520086 -46.360179383567626 0.003600571832221315
7.192027347230962 -46.365087120709205 0.0026643761633410932
7.211948340844558 -46.35808327386022 0.005631922496100037
7.268148034723405 -46.35491567521089 0.0027767094583149
7.255990799470387 -46.32547434947723 0.004123671722208916
6.992300550283585 -46.4510767315694 0.002675883641698509
7.06583902181708 -46.419056281122344 0.003562982707953522
7.081476958531744 -46.381250694293534 0.003627001829273737
7.019832718526143 -46.37838602514408 0.0032403417734321724
7.160263387220716 -46.31704262479021 0.004477751928637432
7.30909555746677 -46.274794143832 0.004176191447258423
7.242668936031133 -46.286250452193 0.013496081730404598
7.267120159542666 -46.27303150548997 0.002922224110057033
7.220446301708522 -46.24095715481557 0.0032570380681703048
7.273764683469155 -46.20583711268881 0.0031974873104763457
7.363050397496953 -46.30410527193722 0.019738951030249797
7.392127471268839 -46.24248033254922 0.0032174286121310247
7.391176649470585 -46.242415191279 0.0061551450187667354
7.4910429008117 -46.21422550998211 0.0036500054222086977
7.497769629492509 -46.19502584839171 0.02724323631622404
7.61556839361059 -46.18366768181534 0.009384713192264141
7.658440740612902 -46.16440921127339 0.002757090263811803
7.565546151507155 -46.17215975088627 0.002772868949812363
7.556464084113098 -46.17212006578022 0.003048789953185532
7.64861798087336 -46.14739308114285 0.004685371371679583
7.615358578721449 -46.13576153825582 0.0026532249623243314
7.333079179861166 -46.167893162352215 0.004920045052809698
7.355890164086168 -46.16756574285699 0.003345223620157517
7.442522499948384 -46.14808383086187 0.004204450314345068
7.566736930980237 -46.114510145010605 0.015762086067969062
7.653943047320333 -46.06829202274158 0.005212658211341966
7.6559320660566925 -46.05089083188776 0.005699304089548694
7.627204251037203 -46.061762859159195 0.004789049650498357
7.537665351146278 -46.08553358401478 0.0030075166450663354
7.586048135073613 -46.057297906633266 0.005704630500636394
7.004129058219643 -46.32668544117773 0.002645432164516399
6.9660318529571725 -46.33701078892477 0.0032426041905048012
6.957700305438928 -46.33361014317978 0.0027415204804518076
7.050675847963927 -46.290096949616995 0.004691000018029721
7.02436923629304 -46.27504314700749 0.0034981078061371014
7.087651270610037 -46.24327142151746 0.002653744973778126
7.058838226330018 -46.2348740384881 0.005013219319157951
7.1391296556780475 -46.25964156237766 0.004771710142853316
7.17079617706388 -46.23140715716486 0.002955217294077535
7.208194168594608 -46.20121403004702 0.003965029379303774
7.250428212631818 -46.20497282987928 0.0034640179565328267
7.27956844517335 -46.16835317109211 0.005906775428762814
6.952228438019611 -46.26061111253949 0.012201627140654906
7.0767069261218545 -46.18693464278538 0.003231196945495991
7.101663865988896 -46.173733789365905 0.007497697588058941
6.954173353138877 -46.206346460088504 0.004771251171780433
7.173587144050695 -46.14520472438414 0.0027198590577749504
7.189766462447368 -46.12549116165664 0.004101886929091599
7.234628733038663 -46.08765150804639 0.003927352919983386
7.22385411336195 -46.095887335946976 0.003718183674019836
7.129866812094516 -46.105551992322866 0.005701224852371037
7.145654951121072 -46.10366627385305 0.0031275601047252434
7.149914611686397 -46.06519965297932 0.0028484678997009187
7.195821854849727 -46.045162701262015 0.0032873927620195183
7.370491261816388 -46.12330687753791 0.013853792693426478
7.329811609454187 -46.13686386037475 0.0026501303733892775
7.419995254246106 -46.08430685551973 0.003220962804324388
7.408871890703234 -46.08103036646192 0.004495958301208253
7.444673227013951 -46.07421044174793 0.005687594291001912
7.447289281647207 -46.03725830025957 0.008851082313241922
7.530854319112516 -46.00235454387687 0.00539165909360291
7.366048000275979 -46.03576499314845 0.0186362850529339
7.3696000394190815 -45.99283196091033 0.0036226964008113705
7.428854595460034 -45.93169832251894 0.003937902278217574
7.450736046531311 -45.92031041241091 0.01951758748085615
7.408122160645197 -45.92938607022504 0.0029251035480013293
7.37838424967217 -45.92424231922089 0.006342882986634794
7.510743141091144 -45.903719848242254 0.005578412490490225
7.49458372058312 -45.876915133824 0.00284033826477451
7.879929671427448 -46.48863997329035 0.0073284342307552396
8.021724369511073 -46.39756437341896 0.013065767012226925
7.976921217197881 -46.37194792851143 0.0032604322078162913
7.974845085914426 -46.36334908805657 0.002712625403809053
7.991735222370284 -46.35266347083193 0.013232858836344298
7.812439380623785 -46.40782760381009 0.007066059410681946
7.768002122389887 -46.38092367583361 0.023948722658716448
7.779103411485683 -46.389542874833666 0.0063774811644234436
7.734629243031045 -46.390724837266255 0.007678340630715981
7.735172030346464 -46.391604361564056 0.004152941510611398
7.83342445324676 -46.35741704169192 0.004900045521122379
7.836641368672329 -46.35589834443825 0.003780696276891322
7.9167456784806545 -46.35162784275735 0.0030877875700645306
7.964645974767102 -46.311261252980145 0.002674755687233697
8.134668696409827 -46.33486158599355 0.0030512773457339226
8.179715633120761 -46.29724287210164 0.0028864629649797777
8.170060149317221 -46.29265190763043 0.009935673570186225
8.174843968626309 -46.266437635161765 0.002714488990779598
8.284166631553196 -46.23194105451799 0.0036896899612101643
8.320891390037946 -46.1545400334208 0.0034433625329173974
8.421431485797957 -46.13425223698655 0.005335853161345506
8.128233150302789 -46.247034453059534 0.003890740445400594
8.16399423161271 -46.189812526423566 0.004452616431120393
8.198781373031782 -46.1967418861765 0.0026617516356649044
8.096173891328418 -46.21106693185743 0.0029505758578559967
8.293453388131903 -46.11418704620322 0.003397382181002224
8.36420751816909 -46.109493146036655 0.0026715903101843224
8.433151656068343 -46.08122258320941 0.007870565447171513
8.280852827777041 -46.0662907747441 0.0033223183859288213
8.389325756335195 -46.03998514174656 0.00395327553322887
8.367089252696209 -46.0220729466954 0.0071999122695847505
7.745983321120377 -46.32865822086923 0.003163016370218363
7.815413803253431 -46.314599121689334 0.0029615054391923757
7.878176137970372 -46.28392556011123 0.00527307434657866
7.87903301901427 -46.28381233542949 0.016107511853538217
7.87981401163647 -46.245177698453176 0.0027956311738888237
7.726281595688976 -46.303393748075 0.0038085076704834023
7.775761036363653 -46.24244731290846 0.004752816035297317
7.83970948969156 -46.246435385673 0.003202530869305264
8.001179584046033 -46.21132878768039 0.005743700945424193
8.044692292533023 -46.15119294621915 0.0034266702147043096
8.03182899085052 -46.1052986741577 0.008870324742029185
7.758926812264333 -46.24472038962766 0.004849053319882741
7.774018894503244 -46.23254501567449 0.015303574413188702
7.73342276600558 -46.20927715727518 0.01035038929484245
7.81349163393022 -46.19781142875131 0.0031362989641544273
7.831376045866318 -46.16909889661992 0.002897805948674674
7.777698073466766 -46.17221332942268 0.0029320894791169676
8.007722000702312 -46.09183352659172 0.002814095875291195
8.003609672079937 -46.04121869213238 0.004373298635331499
7.970096515914389 -46.03948446454336 0.004495527406264978
8.091104616095013 -46.168268570441775 0.006090557948209951
8.134067747387931 -46.09544785418432 0.003679039618245729
8.177753787630918 -46.05186558841239 0.004682103768177353
8.177291174754927 -46.0519365412222 0.004929952042962382
8.167296215573732 -46.020336114635086 0.006290623233556513
8.375558598030834 -45.95594107254432 0.003219863860471502
8.319590599232669 -45.974749495569775 0.0070335521135648765
8.063308840900985 -46.06845430627008 0.003474385785945945
8.211014245891688 -45.968369605389114 0.00968009634050404
8.129670807526628 -45.97113305547563 0.0036210392689214614
8.246892820197608 -45.939740485037035 0.00354754354192586
8.349199788170138 -45.88468588405172 0.0033091588458803835
8.238125259527507 -45.915701517994925 0.0026935885025313744
8.328470680664829 -45.864063368116895 0.0028531873813242457
8.336112997024241 -45.81838944843953 0.004131527326784495
8.485792451759405 -46.13903127939412 0.0029540543379247123
8.52385801973421 -46.13484934297574 0.0062378511840884285
8.542100616255171 -46.13056149974951 0.0035617060551367975
8.539860081348948 -46.07305211566398 0.002723845998084346
8.683041527704844 -46.03309551919474 0.0026525853065806296
8.64447074203434 -46.01536795833492 0.00706530996352485
8.648989266779997 -46.012476460896096 0.0033191867612365586
8.482028592193519 -46.04361465180949 0.00271068182972082
8.55117642342235 -45.937155745951024 0.0027891007959456957
8.600732494757832 -45.905619579733575 0.003846142179036414
8.662707979025917 -45.93480710879667 0.004062262321299035
8.731349043801178 -45.899292579930425 0.0034267447779032165
8.694688154329292 -45.84755632551555 0.004751390058016463
8.842476284075584 -45.95405728403515 0.0038939560425206928
8.808461933656377 -45.94928568566855 0.005067114518648834
8.909906836105147 -45.908580946153755 0.0040285354495167925
8.850293850847677 -45.86820205266027 0.004514808298318959
9.058040106536964 -45.799286116071336 0.008199942360298336
8.86963318840807 -45.82100764951588 0.006106714826250198
8.837604708588783 -45.80722636539562 0.0038354381577670586
8.881673770754489 -45.82781704212635 0.00291306737684145
8.910215428709487 -45.811161366719176 0.0027922279473085935
8.934488530814692 -45.781907865079006 0.0036087250943887764
8.880199649589327 -45.78563811641456 0.008280903612808756
8.894319596057326 -45.758052066306135 0.02181142349158447
8.965183119482452 -45.75052621861818 0.011526315145315302
9.027980667910024 -45.68517291057269 0.01136762947983585
8.987029891401296 -45.67700708669491 0.005149875081005673
9.019559234664571 -45.66547149349596 0.0030562474535534316
9.07144166302303 -45.65975376299904 0.007525017159775534
8.482136957852509 -45.92236028421719 0.007068133433736717
8.52057151351817 -45.88629689950276 0.002692362603332087
8.56594419982412 -45.8635946895999 0.0028271065032569997
8.495557068528118 -45.872293069634715 0.011891518192357254
8.530516105621137 -45.82423422268793 0.0036301106631809773
8.549861812728235 -45.81554059960178 0.0032022724912703295
8.665400558172454 -45.84447983174272 0.003952469612096277
8.671926627813194 -45.81739468186521 0.0033556347997463144
8.590744107454777 -45.78007976169893 0.003414082406848641
8.712983673040213 -45.743381160735495 0.012356328610061456
8.431851725933372 -45.79400301432821 0.012462620187800666
8.423060332052525 -45.80340374623387 0.004487038744900146
8.47529341050936 -45.78410174676418 0.004641819296663501
8.538464812099715 -45.72438152348588 0.003175819599459358
8.613372925978718 -45.74706318457833 0.0062657005406451215
8.595189593846067 -45.73640728093427 0.004333194064770703
8.718707874389533 -45.61088367833326 0.004556386638350392
8.774753343246692 -45.778828349596736 0.007349540198297272
8.854578036168956 -45.729124296778885 0.004675373701139762
8.772569227701531 -45.73880492302517 0.003349280952549524
8.832794443674057 -45.7085355572484 0.005270938446742357
8.854349754683232 -45.70353863653859 0.004434106496611269
8.943949413775803 -45.65050916690642 0.0031268483200999667
9.070526002324476 -45.57497826270021 0.0043698168463481455
8.975273944467688 -45.59833144071823 0.0027753598396375663
8.963317322346834 -45.56440075759326 0.007520765018157694
9.060280459740133 -45.533874395409526 0.006884756022432258
8.912730830029654 -45.55546176273877 0.0038586004855513958
8.872130864743628 -45.55864118808796 0.01107256566759707
8.992054311048705 -45.516404233718696 0.004663848609707403
9.036750847336448 -45.51421588108808 0.0027178108908297873
9.080234213947737 -45.42911365447035 0.004506548917775721
7.690496943987285 -46.13559961758184 0.008026299191205991
7.691143984040113 -46.07297594120811 0.015668047684377708
7.802040895377401 -46.02426575598023 0.0031278434595263336
7.845335566217629 -46.00101006490666 0.004703306265147565
7.8802602667455774 -46.04049884714772 0.004112299572726366
7.879650222920187 -46.03964713359588 0.00480137265381591
7.859874998498802 -46.00580630678615 0.004287384609428606
7.902405983948659 -45.997666824824016 0.0028495114382338926
7.869339480065266 -45.99141021273663 0.004486638302646534
8.006611331328962 -45.89844377627345 0.006741332133968225
7.703288129826422 -45.996419789852666 0.003584963841102036
7.664136268565322 -45.98241231187778 0.0033260893343667122
7.761862448262025 -45.9648395161311 0.00572762155237096
7.982487505013897 -45.86228865153256 0.004252364360394391
7.846784813962139 -45.901552385225045 0.04836510306875925
8.125749264749365 -45.92541225049235 0.004869505487893606
8.188490962359793 -45.89339926712071 0.003616409776366655
8.20223901763928 -45.85565287465989 0.00699960341907757
8.057750692371515 -45.90235498993385 0.002734216656345606
8.119038915576931 -45.871205381085375 0.005960962635809951
8.191515099695865 -45.83282823841056 0.0029143793740894135
8.272535795045497 -45.84723362389689 0.003371964429240231
8.240893020239467 -45.83844320676224 0.003216687931167839
8.275118976159709 -45.80381493057326 0.0031436494351946855
8.24738990105323 -45.78577260349948 0.004044683558293813
8.231907295460474 -45.78656645016902 0.002822404134320016
8.333765392156646 -45.75504673143484 0.004556362717866252
8.04349725138952 -45.85243756503752 0.006626654448840235
8.093981076937832 -45.815049235193094 0.0031500126627566423
8.075214324291338 -45.79744933199661 0.0029703682192784727
8.018972212402662 -45.79885092050502 0.0034228033203812683
8.168830452980432 -45.71547804827344 0.0034631451516065224
8.211351286756177 -45.76995915553033 0.0029237501669524047
8.255582526887334 -45.74651870559878 0.0038887302157909124
8.25413043082072 -45.75094457236559 0.004930736389748687
8.299167515203619 -45.71943224408745 0.004319089609820606
8.294260710492097 -45.70490794178993 0.0027138963355653333
8.189722284548063 -45.72232340444294 0.005997652502728646
8.23442229514359 -45.67167778353522 0.0047467518640782426
7.824701711311675 -45.88135242673155 0.0029810303979809698
7.811695877019902 -45.868781044506456 0.0028909121848162012
7.649788230598307 -45.90615646062208 0.009983668671294068
7.726222177566216 -45.85230450218127 0.004863638634258839
7.753445834443673 -45.85785039543252 0.0027999062475982375
7.784077532098888 -45.84613013407348 0.003058999877664355
7.958679351045446 -45.81145965745952 0.005590015274956661
7.908603208112861 -45.78574072276077 0.00311222648775162
7.961495554041671 -45.73553905739297 0.0047173024790357265
7.67127086409381 -45.832180023559154 0.0037047324093841846
7.795683609099 -45.77388665272611 0.007954387604132942
7.733919645914412 -45.78899669778835 0.0027151793975737307
7.664238050564214 -45.76944844092848 0.006718997501834646
7.699802237544966 -45.74714758120127 0.0032848513007325904
7.835845880300017 -45.67958488205856 0.004131093262580529
7.804979950908916 -45.68923860519536 0.004527754382594363
7.924954275036246 -45.63894379728284 0.003625149401295922
7.967205686168115 -45.61240187138787 0.0037224272142589317
8.023302001535926 -45.73253269109764 0.003955633211907798
8.067652227955978 -45.68153778404272 0.0029989943986944404
8.166322673622007 -45.638940063758064 0.0027249524895873295
8.156475605771902 -45.63978328563572 0.003968060495497721
8.194970632936933 -45.63381374678967 0.003517172465745217
8.188823361107262 -45.6349443248139 0.0034732632376565753
8.29706231174814 -45.577965664353805 0.004069960737180562
8.228766472178627 -45.58754578271439 0.0030402318162115164
8.181004800783938 -45.602744777558385 0.002646135441424451
8.203426524477923 -45.58802236080253 0.005166433808082678
8.33012290317577 -45.534946387977406 0.004196238940250763
8.32618271745044 -45.53134384817791 0.0030347790309964086
8.151342713250898 -45.5777075734116 0.0029942496648504677
8.098129379175505 -45.59627422686316 0.006374601779203242
8.152018956207312 -45.549052316127025 0.0037907643669242833
8.046611005435249 -45.59734616607365 0.005948594012271409
8.105926389545782 -45.52475573774202 0.0071451063050232
8.085469014471695 -45.52774742757021 0.008186912610281203
8.193511989269014 -45.54621882883084 0.005970442080854241
8.184448575613272 -45.53013920986025 0.006115257298314524
8.229766644988102 -45.503813479965885 0.002756302948118318
8.289613140292866 -45.514906266086655 0.003896406593759295
8.279974538751787 -45.44258320960233 0.0040603560160307655
8.32677124890626 -45.431487635133074 0.003121770732165596
8.48771969503778 -45.626671045804706 0.0028808844512954244
8.66896917523738 -45.57034165660542 0.003636373126766163
8.38438497968399 -45.66534675991191 0.0033680171139254234
8.374884848152721 -45.66024444304802 0.003914259998639409
8.399994270939933 -45.64304135205717 0.005634189885119279
8.480853078405831 -45.6005396390838 0.0026865760548700057
8.369805532861156 -45.58495941246624 0.002830553218198455
8.425052325977214 -45.547576021256134 0.0031123628987168614
8.482548206452481 -45.53313557472024 0.0028703394475312434
8.596407753366533 -45.54357240391201 0.003591870121496764
8.561525734321348 -45.52019915307158 0.004373184746333176
8.638019432877092 -45.44814969207272 0.0034136743162504106
8.81414031012964 -45.53562579070755 0.004145835820887041
8.726440481672434 -45.54494179577892 0.004472208159246737
8.823388015485905 -45.491068745725606 0.005032507022832173
8.721145227825014 -45.5002266979508 0.004627685800710222
8.87435483331443 -45.41375695223096 0.0028072116957128324
9.040973777715443 -45.39952105678379 0.003485553712497464
9.058815638491348 -45.38723735618087 0.005455466830867016
8.95445912977864 -45.3900421870057 0.0038107362354732736
8.903735650163828 -45.38523536953065 0.0033408882541014094
9.02423785681295 -45.337690905744594 0.002849973255904402
9.04495974685664 -45.33584016297405 0.0049873066787800525
8.836975629447364 -45.40291879134046 0.0028399322504121033
8.87964265523115 -45.389296238073406 0.00774308522897983
8.769633668621463 -45.35417223582169 0.0070757600944552695
8.845315203184473 -45.35075471125938 0.004548508175153061
8.837012430343083 -45.32859980819297 0.005557713365224538
8.858685819849887 -45.29750212085334 0.0037706277084595817
8.929940983965517 -45.26757984518891 0.013810782303178578
9.019246822535248 -45.20730949359272 0.0026614448707715714
8.364696278718803 -45.567611248914304 0.002949493372283252
8.500739931733536 -45.48020308232368 0.008423423666460537
8.43250953237961 -45.4905615145986 0.010592447120942315
8.358102924231911 -45.51979894927726 0.004707089376563961
8.346802170348253 -45.52238561700937 0.0054631867903765724
8.391802605195616 -45.50110238751276 0.002913385937494595
8.420092886297546 -45.49015912085515 0.003247726430024354
8.401396749607068 -45.46974868284742 0.0050259984997010594
8.469242701163054 -45.45856577688697 0.0060929074960847035
8.604851256154813 -45.42575994347643 0.07302311409080138
8.686538195308977 -45.38688846076499 0.0028989734946696863
8.670563199142446 -45.37618236587958 0.00350822746826046
8.678564778536682 -45.35042778141025 0.008058795766491765
8.516924114974906 -45.41736576425473 0.005056968572286733
8.578847758313882 -45.40274530589771 0.013383131633818598
8.659998306762272 -45.34496631604464 0.004638880068552269
8.41206728310676 -45.35855189249981 0.00907260649352835
8.630169248028668 -45.28706284794442 0.0038722162628844824
8.50381469120448 -45.32426163733177 0.0033646462440221014
8.518018464181774 -45.3026175510657 0.0052333028093953515
8.510388459140673 -45.305789993025485 0.0028024869543293593
8.494183625430878 -45.295934264165304 0.004612385727737312
8.492770377676461 -45.29496685682993 0.003317398619660021
8.624404932180711 -45.24661215154799 0.004883706654066541
8.620019909082863 -45.226403210131394 0.007379437682974945
8.801295127001566 -45.318322275185075 0.008459556485714913
8.85593486209326 -45.27770262244883 0.0031175679611358115
8.807412992441257 -45.29793324574655 0.005833567932228018
8.761777421490192 -45.282364330592266 0.007230632428824701
8.786909669165546 -45.27796637940823 0.004241056367004507
9.012047848248278 -45.182338886660965 0.00475430664540821
9.024189232798232 -45.16727782320657 0.0030913605441962367
9.020888490463571 -45.17128474196913 0.0037808046603622007
9.004822443772982 -45.135183786975944 0.005501707149737077
8.977639550053825 -45.12698965846256 0.003317275105916924
8.724541120951608 -45.26242137907989 0.0034857787226149017
8.75010496385372 -45.22963691210289 0.0033072682726975593
8.677305460310922 -45.195960414614994 0.002730302706630603
8.810304027735855 -45.119858200983614 0.005214366879843308
8.847364242611059 -45.16837020079635 0.00343206863713062
8.92714085547784 -45.13833835204038 0.005945034710439854
8.887882551591067 -45.09315454775801 0.0034226284782974408
8.866347481534346 -45.09423621357399 0.005555447587362012
8.850933923314853 -45.092156194252034 0.005060300988712672
8.900253965866641 -45.074736761240395 0.014799440419026687
8.964803184343175 -45.0184729451393 0.02026507099798854
9.374899131719966 -46.52614481952564 0.0033624326925707324
9.398979494658883 -46.45622858536141 0.0028553798774567625
9.529394392091886 -46.44706942877985 0.0027666049179853698
9.599449005121867 -46.36524649014522 0.003873095044975807
9.608750793782374 -46.36362479546214 0.0037610987791938558
9.630147109270816 -46.3368618343648 0.00504982280897001
9.487191579721468 -46.404810748642866 0.004519487708728229
9.556523620576344 -46.34112476770318 0.0028866844955457672
9.603275719914278 -46.322213370031385 0.012752756125037531
9.598661542954506 -46.320751557265865 0.0029813278675620827
9.600453814635888 -46.29872520864926 0.003249096008391723
9.629786173063971 -46.28441004883336 0.003022853010252465
9.310554743796272 -46.453946215916886 0.00520301597846109
9.353715167408035 -46.406322525452175 0.005112105108172999
9.37626589079315 -46.40927931097027 0.007627783178288761
9.457259819439928 -46.3753269779809 0.016753905813657346
9.350890686428746 -46.376532505773305 0.0028283574145112713
9.34059632874267 -46.37387277010219 0.003909781025528094
9.40284079009952 -46.32409282095678 0.0034669230278460187
9.464498505408056 -46.353583642994344 0.0049356909072612665
9.46421986241014 -46.342950555408365 0.002901107485398101
9.502841064521304 -46.3241668282061 0.008616501830606386
9.62492452597936 -46.26714721769777 0.013380627930263
9.559531614158498 -46.24354422311919 0.0031817878903775917
9.564850738692927 -46.207841260511906 0.004560592457019173
9.665657363228016 -46.32862273717515 0.018733280224055515
9.760241147838643 -46.29466240607493 0.0035778563075333928
9.659179643795785 -46.3022989913917 0.0031618716718273105
9.731900078776418 -46.24505629071891 0.004666825256999874
9.761120766423115 -46.21100046893688 0.0026508131089164363
9.904770468491323 -46.217961959462485 0.0038514971392228253
9.933896114760415 -46.193892535139746 0.0035197059684957334
9.858603187857664 -46.17344077563528 0.004119392601100559
9.980208482293854 -46.11318282165654 0.003338018463992098
9.909632882453678 -46.134440984416486 0.01122884532647082
9.908509248808542 -46.121191477903245 0.017862322846773023
9.66255528896405 -46.227994523215514 0.0035663725597471626
9.66230882541887 -46.229151134460494 0.0029990042389622927
9.637625984248436 -46.21584271561769 0.003262525986775922
9.73460866083538 -46.15619872075638 0.003047389344186488
9.862878676512214 -46.134717236259355 0.0029693010346693856
9.878937686417189 -46.06836031948729 0.004874880168811111
9.839110947849209 -46.060089114229136 0.0041973186847503365
9.484606133818534 -46.24138577013628 0.0058150222340556884
9.589863197629986 -46.18475862869707 0.003836254268041316
9.6077213254609 -46.1540571086347 0.00501275373918875
9.59756320683197 -46.12714958986154 0.004233827696458764
9.52709532035232 -46.12290103227721 0.009445247872050175
9.318907037582738 -46.22798787995776 0.010604155670604777
9.297581883652027 -46.18777489612946 0.0035588119042475985
9.345592688786953 -46.149809619063376 0.0034194069070692273
9.498275056202594 -46.134997309492995 0.01235980089189821
9.428706178093842 -46.132343476230304 0.0026628504694672763
9.574810533011462 -46.06796963516067 0.01303166177170778
9.524862816160525 -46.07228680526194 0.0027514065360007547
9.428597674817372 -46.07563446148888 0.005703104896937636
9.732193765739096 -46.07537986195426 0.00290119636478287
9.64667220502844 -46.056055617873454 0.006207800114888561
9.739733164275917 -46.04723429200082 0.002663570704456588
9.747623329055193 -46.01212749516143 0.0028572954500226976
9.734770321860571 -46.0195740174788 0.004268901996815437
9.883302443654914 -45.9642939533367 0.007784213243068811
9.86123255987163 -45.96048167851404 0.0033709904690002314
9.867960959390649 -45.9355355179485 0.005722186911100479
9.757516635993104 -45.97198666007209 0.0038927632769658383
9.585164551281748 -46.016914407178255 0.004810834642292824
9.616774913438254 -45.97937771917045 0.003197554677938551
9.621873997821762 -45.95767233633001 0.007333386835861432
9.913162088653085 -45.894354497134294 0.0031673118061534716
9.913352894000592 -45.86416657088824 0.0043923647709248875
10.143715625982702 -46.06191641317896 0.003558041789608857
10.156574362812776 -46.02123078469547 0.00419274070308428
10.191419554867146 -46.0221281367803 0.0069585993090730556
10.27444437252492 -45.975744108502944 0.002768989855204436
10.198553551745675 -46.006693706849006 0.00481181891067241
10.26784322211241 -45.94912397641973 0.003938120172788346
10.247695057214075 -45.938605062865896 0.0028857442542505997
10.008448450817015 -45.981075464392454 0.006192097764348489
10.151947042273736 -45.97365451917425 0.014069828527637229
10.201187456260156 -45.93285383330449 0.002661764782208544
10.20104218079708 -45.93219588441845 0.003772518512447412
10.18271081486336 -45.912258562565 0.0036128581851021108
10.286443873400346 -45.88705754084296 0.0032298158362775832
10.165939927452976 -45.8762639013417 0.003510671225032665
10.471959425969317 -45.83180469219644 0.011158683885353512
10.522047689022068 -45.86019963807931 0.004559130930868573
10.54472492272534 -45.771462631777226 0.006752119029279467
10.368440840117634 -45.82925135516917 0.0029008772333209004
10.393073728353938 -45.79638116565302 0.007031981501737508
10.36332321639524 -45.7738840585954 0.004833586607416925
10.377831385998876 -45.76488499198592 0.005226637855178499
10.412767248760726 -45.76563218386329 0.00706745382330187
10.446416588902569 -45.74556407312067 0.014053663306143884
10.441020080281175 -45.74886943587021 0.008906696312214085
10.569686706877755 -45.731809479649115 0.003653490055899075
10.515422410739204 -45.66467529895206 0.0029926927023486614
10.53832175320517 -45.64688863784177 0.0028299844852945092
10.609370290813274 -45.65364283603069 0.0031575950649017034
10.562297333888196 -45.63662392588836 0.003695903171036006
10.562418772018727 -45.63645452824624 0.0027747044432250294
10.009614982864742 -45.9247196953459 0.003413253778110454
10.107677504726809 -45.848115449653754 0.003379440929224881
10.082951023095069 -45.85222193290918 0.002716599957840624
10.132223287600633 -45.8437306592968 0.003908202467679055
9.997576413664316 -45.79966198677701 0.006356611724729746
9.949680653311242 -45.76669824981644 0.0037291106474062947
10.033679809092202 -45.74282263728822 0.0034252100499190846
10.086642492739523 -45.72172164762884 0.010371370873199877
10.024033458789276 -45.74714926129893 0.004637382882488434
10.050092861327308 -45.72893242993496 0.010693859887596446
10.08031526721222 -45.70895154677669 0.008765147112751543
10.077942590279486 -45.69756206900024 0.0026692461169772
10.205227711515398 -45.68677237687443 0.0031241109180461745
10.204787807853137 -45.67242723712853 0.00433573669060172
10.245908693085966 -45.651568661011446 0.002878244872255509
10.329535760911403 -45.751263574854455 0.004466185935807527
10.391147178266534 -45.70401093472402 0.002692479681433201
10.46398518959414 -45.66015020775455 0.0037564843133587465
10.543236665267823 -45.6142910861506 0.004427436841806457
10.598040075327342 -45.58751982278421 0.003717867642104158
10.57615019482034 -45.55137439731055 0.04160194275935789
10.557777297049396 -45.54353629013941 0.004060126029389685
10.30822792900325 -45.663018932373866 0.003319303696758688
10.448018696042151 -45.54444922833704 0.00264973846123196
10.504998337886992 -45.49442499027674 0.009725165138581994
10.545738632216327 -45.47198284664263 0.0045284792762667735
10.450996203501196 -45.49759130832049 0.005474861720678906
10.43426237311093 -45.49285136594398 0.005000591284473738
10.476224135087692 -45.483003270842296 0.004483488701010839
10.558052557882975 -45.45327635375972 0.007069143938015154
10.541866176220964 -45.417891227613 0.010040880643282827
9.26488001774477 -46.133723494002105 0.00268036846421215
9.247760361968291 -46.12394680252752 0.003778155509766162
9.307248970321687 -46.099815998255515 0.00398825560869238
9.350396213507386 -46.10528525369621 0.004104093814172327
9.275359315852365 -46.070834560412806 0.004212781791106319
9.285636319397227 -46.07779342088148 0.0030824230215799873
9.258033780807512 -46.07009381564228 0.005957076394773455
9.462458919394749 -46.03343395225402 0.0036273770389343984
9.408003111334306 -46.02480279059099 0.004729374055906779
9.4973497882275 -46.01783579863163 0.006489979718576113
9.46185276900697 -45.95789318848787 0.005267250276626557
9.495014936332051 -45.93193266983415 0.00656613896149174
9.269029274797653 -46.00562704778288 0.003992821998510274
9.247309703274142 -45.98394027257856 0.0029175720149402793
9.39627800143522 -45.959886086272405 0.0030871823996802693
9.501669404859909 -45.85793625831417 0.004748287640082646
9.542836677163752 -45.84356856065072 0.003252718573797798
9.446404921467318 -45.88794051209585 0.003555130601404074
9.447673003389813 -45.8590575944156 0.0035321258945607502
9.5383029559293 -45.83044444365147 0.0051248409270625815
9.529646728869226 -45.81972284334846 0.008057396946317668
9.67340729676484 -45.9141537936426 0.005080703658518301
9.671737370116212 -45.90522050566085 0.0055904442980422835
9.714693695775866 -45.8955936833224 0.004888596186141442
9.716581658840935 -45.859684889758306 0.011180121920743325
9.603411872921246 -45.90178342212966 0.004982067526353258
9.61384179432388 -45.90104770424773 0.05378341495631811
9.777456117600591 -45.86092368910416 0.003295976637052485
9.747176176627791 -45.865131768034395 0.0026886095047667716
9.818620004340987 -45.80225793874385 0.002646009960052867
9.911510864662969 -45.76967813559047 0.0030507387583434565
9.816743572922158 -45.770801801368776 0.0027900903987592434
9.838930123097512 -45.76422724207641 0.004709727441370037
9.847462456762464 -45.76480880262497 0.004214795761248855
9.61643403765207 -45.83611178794287 0.003925141428476151
9.562765580047603 -45.808344688371825 0.002912102248123508
9.561603869960129 -45.79538380324817 0.003623345599696537
9.761768508375647 -45.75123846997167 0.0037372362663699974
9.776666789149989 -45.73407410771178 0.003640216506359505
9.82609311992887 -45.72370593670705 0.0028226765132467733
9.828557732535948 -45.67652049678726 0.009659660426982854
9.736795761648846 -45.717127229672165 0.008556835432935643
9.795832019549366 -45.64706954175707 0.003766347692034419
9.2452804901356 -45.92849441851748 0.0027811159103856534
9.279788378849483 -45.917683050199955 0.0027827616501322127
9.319119136441502 -45.89277621989745 0.0031366997883011715
9.269201974839037 -45.88872565478894 0.004241648777125573
9.28212615482198 -45.86857338404249 0.007537405836494387
9.280504903356263 -45.83528492739851 0.004411058013822248
9.400969968581508 -45.82573709520146 0.003214782345150178
9.409517605796005 -45.81306930055445 0.004851114101151971
9.478054705041671 -45.80586285805289 0.0033575320315241738
9.522132315894778 -45.7715793716632 0.0029194975465213486
9.45679330833888 -45.748460603185784 0.0032511921646043527
9.485987005181729 -45.7375297929005 0.005285260584364923
9.48320074046177 -45.73679139908145 0.013830849309910754
9.26932885130122 -45.81138677770189 0.003902980707992581
9.25356410301421 -45.806321880092746 0.005156360580257996
9.254509703938265 -45.77147752734719 0.0028150739284184814
9.396161149304987 -45.73364331640507 0.004952161273679212
9.400892880667476 -45.70411862258386 0.00717460010613023
9.398791458237897 -45.703332019451096 0.005272131384877431
9.508555746514467 -45.67432897144297 0.0064593205835641885
9.504689468929357 -45.656708783722834 0.006060264224699589
9.499389833872 -45.66284674481388 0.005085209206854155
9.38524662790708 -45.69891371727872 0.026509993980284096
9.410203517484796 -45.68099155967105 0.0031237847444009178
9.39969521219174 -45.6935257476371 0.0032264036448239283
9.409138481543598 -45.667008978618696 0.005380505375425979
9.60235153463635 -45.69200924338686 0.005829221118393331
9.652795202604848 -45.678219932233134 0.0030197292424320493
9.689354376622196 -45.65255855701142 0.0028520269472829033
9.590031977767502 -45.68911528519115 0.004070257072613955
9.739980429998647 -45.620138267123366 0.006788638763033903
9.835307752383688 -45.591835887353426 0.00337203663739913
9.745768566477064 -45.577686121689624 0.0032324381935118643
9.610510826144118 -45.57278113084633 0.0028280518629395864
9.597754033273684 -45.55424638340674 0.002966525628201847
9.743052504605162 -45.502279021161726 0.008751907816692783
9.694751262183251 -45.52314930403312 0.003908862867795628
9.71372728965438 -45.48614965788263 0.002662481229108028
9.67334973838951 -45.48293811427866 0.003175990170315099
9.707573607915783 -45.46314452323619 0.009403833034804333
9.955269510915397 -45.75371426021297 0.004507006242692491
9.986694677706693 -45.70165716022558 0.007964651719749184
10.026806167030143 -45.69812635824862 0.0034099364450469157
9.95622502314064 -45.6809813895013 0.004420796152685382
9.95638771000486 -45.65845408174935 0.0029561080875432407
10.03521453801001 -45.64012967697474 0.011304272280766421
10.063311463438684 -45.605592006540384 0.003535490907045645
10.165143613213234 -45.63036926858433 0.005098468959985325
10.163397227405632 -45.63368677856434 0.005967231402442022
10.119628399225515 -45.60110226996519 0.0044540011990811925
10.137164583303935 -45.55819638984693 0.0033215863691648684
9.945826370772076 -45.60296007779131 0.005803158862511454
10.030056256916854 -45.597215225788254 0.002647734410293772
10.02966465270949 -45.582272429304666 0.006048400625222646
9.984017480073556 -45.57000321652362 0.0028519697161494316
9.97408611727178 -45.53390754602829 0.0038081764641573128
10.121405797707297 -45.53376038882331 0.003115058160054501
10.212081208509868 -45.49888005960451 0.0029155546046284965
10.225159331418055 -45.45858599568767 0.011204959073963731
10.210962275911534 -45.46002199500664 0.004537558943415435
10.211163671587958 -45.421328160454586 0.002801207817028155
10.130550658505758 -45.45389691133827 0.003657071864054786
10.345347921240242 -45.50272954935996 0.003468548324996748
10.397157886237585 -45.43522285907057 0.004875228543746063
10.38898409528998 -45.44281992792106 0.004186194228638201
10.4288774604108 -45.473116961267294 0.010436513149017447
10.420338538730237 -45.47854093572316 0.0055567102904627
10.497568687852231 -45.43843433824125 0.0029271651748993413
10.43809111271642 -45.44544923085804 0.013216849953217437
10.540620725856012 -45.35064808188587 0.003817478937948563
10.572906604664286 -45.334348664765834 0.00269517006676495
10.344071092494133 -45.395812775151406 0.0034919165359333596
10.2387233927175 -45.39002919719449 0.0027562266945088316
10.35631459564812 -45.35794478638419 0.003528440876011296
10.352788177525293 -45.3561306602848 0.0032812847462623915
10.486695775347604 -45.323627990379926 0.0053563575510757406
10.483393944668732 -45.338985082790984 0.003951581828245216
10.506556929484889 -45.27531141047579 0.0027029419872544526
10.543715798871537 -45.23516216040805 0.003172126986193762
9.953327819836131 -45.50758602881197 0.0030963928405650597
9.977733160016223 -45.49197003560199 0.0032722508532057695
10.012451036899414 -45.43790873353832 0.0068659230952993165
10.150124980248757 -45.40442632144654 0.0033438376592584127
10.035128551560556 -45.41132968697491 0.008546675099093643
10.18943700358622 -45.30421873599715 0.002997538705592691
10.176290175492223 -45.30496731702749 0.004373530500746791
9.895009721749242 -45.444384194721586 0.003940839972394071
9.956594972906322 -45.42231348155146 0.0049772583014133604
9.871853199670223 -45.41710890587333 0.0043251985090972545
9.876092272268936 -45.36337403759837 0.0027818314300380375
9.961911587145122 -45.36181952227038 0.0032413302670879387
9.945665337546025 -45.35141878662582 0.00345038700606817
9.991936557110431 -45.29561344708686 0.003633480548800769
10.159048477698294 -45.28695996238763 0.003015067814064182
10.129119210972387 -45.27888411325715 0.005567075864314183
10.005807345628156 -45.30380428639914 0.003950514676861723
10.010602937760371 -45.29028795131838 0.0028881119906901567
10.022989286049407 -45.277111495857554 0.002867724585446927
10.24832619329564 -45.32801758785027 0.0037655091271423494
10.253741549694746 -45.308487361205074 0.006481103614027606
10.249636166614083 -45.315946782657 0.00348842515575272
10.3063289340469 -45.31178391116545 0.003968450016268701
10.2989487043856 -45.31258920654358 0.007860842043629716
10.333573960745216 -45.24872206882889 0.0031109710137255508
10.410421246055092 -45.210912021187504 0.00918519116946795
10.423877531698857 -45.171074441732344 0.003988867814313785
10.437246098008362 -45.15227453479164 0.0057334617513004164
10.187283807495582 -45.24952881998584 0.004055974347783299
10.215855783950168 -45.231366765425555 0.004657272179269409
10.211918641415656 -45.20209613498919 0.00884411710858705
10.202251599812682 -45.18515005913942 0.004884874715023372
10.303494652097198 -45.145527446458246 0.007047366774923343
10.35199158411199 -45.17266972913073 0.0066988924395207945
10.401939195531387 -45.11495133721619 0.002862880099066494
10.456566883436905 -45.06976100031017 0.0035917671541695188
10.491800939292409 -45.01314658632551 0.0035156946218680477
10.488049206880582 -45.01644501085909 0.005092148433384095
10.723783177368835 -45.7479398788451 0.006090299000038963
10.693087799736302 -45.745435698051125 0.0028556093785075203
10.711911676722751 -45.67210351697014 0.005680326438999266
10.81949840491496 -45.643638116601295 0.006787527460154711
10.745589732798194 -45.6421722174308 0.005334877783213514
10.960871034244724 -45.58772021070512 0.006726307143301496
10.921609006293789 -45.55538104146635 0.004043316840206596
10.680983304966388 -45.615797119294506 0.003413079541715593
10.799958142989968 -45.57063137268514 0.004570171520312785
10.639188004007355 -45.590791508022974 0.0034278296784197777
10.879940760955291 -45.50351791543202 0.002732070485309162
10.949199381174344 -45.50699996427515 0.0034760123005577273
10.975414605672803 -45.450864293037064 0.0027474833523854878
10.965663811084886 -45.39734367593965 0.0037493726287462703
11.008433080900812 -45.5616227233302 0.0030974966091003157
11.00695843191552 -45.553133547499954 0.004158147105769231
11.03198226901854 -45.52353797435721 0.0040958437404209685
11.094872262823287 -45.48703507109459 0.005218911827736692
11.11971940134194 -45.45649206054725 0.0027874843297698553
11.105306079761815 -45.43837988286395 0.00419343412091433
11.207218788087983 -45.40251021379341 0.0030952487338554483
11.203210293568338 -45.386118759808305 0.0029794607569083712
11.044565419415123 -45.380132737522366 0.004818927801340518
11.060566109733118 -45.37637312971912 0.0029312378142747992
11.2261564487225 -45.32801427593393 0.0028914263508190313
11.307390885512024 -45.28578501529698 0.003116745525166152
11.23152805862168 -45.29242233742683 0.003133247772681749
11.141617131137563 -45.31799177226995 0.003448830373231114
11.153923497723016 -45.30316128135715 0.004221010229112854
11.254970649687811 -45.256585973007965 0.003911284164015625
11.302363068330392 -45.21957958727885 0.003163792663375964
10.66076808014972 -45.53969590796291 0.007323764732031922
10.730560037067864 -45.51587624615176 0.003673567376627068
10.786260288764169 -45.48356852821042 0.006981509520885767
10.765770161527303 -45.48501766298951 0.003618630793714784
10.663725620567517 -45.496972750679184 0.00385689392373274
10.708619792749 -45.47564141342281 0.0032616212624887353
10.930202751961746 -45.3922851681422 0.005695873292162106
10.932952258593552 -45.37279617143952 0.0038326231155661208
10.946471743264857 -45.36118887664803 0.004613736523115967
10.7959385391 -45.424188766007674 0.003587411364633932
10.787586311409813 -45.388062461820546 0.007474019121570341
10.829553883527728 -45.36965014703077 0.0033930396883772155
10.904791855878548 -45.33786321095177 0.0043409411145575085
10.756581076484125 -45.304980271335666 0.007241531924441935
10.820241047727205 -45.33943423412596 0.0027765768260472243
10.877180042381603 -45.28843540190947 0.004696892383442074
10.854734043324434 -45.268532495322845 0.005173921850346026
10.87258512916006 -45.25314679323647 0.0028092475748197087
10.87585503460276 -45.2542928307552 0.003051294523926191
10.858353194923174 -45.247005070958046 0.0030919196519509033
11.04788475676663 -45.3348595128919 0.00603096953425797
10.971660548985474 -45.347054371704 0.004305572778163421
11.055438663456933 -45.27616224628232 0.005288651193652164
11.1803571126185 -45.24200266117582 0.004713192898177556
11.193412899154351 -45.238723611364385 0.0029755181219611195
11.019857661189304 -45.22964017224928 0.0034423951771092418
10.991484566124848 -45.231691464056745 0.025429333213177127
11.043456653677188 -45.20443296138505 0.0030653038778007294
11.018306632657156 -45.19551371807045 0.003190068690246348
11.045489865605132 -45.163899531182494 0.0029750124300516614
11.018306734035562 -45.143241544329136 0.0058341847082686036
11.244932597877089 -45.08387927887521 0.005011434628802146
11.13298566476822 -45.11509151784451 0.003782258343756303
11.20476910835069 -45.06830043560801 0.004371663993199265
11.213026862348544 -45.052763776486465 0.0037440228415210313
11.422744549509993 -45.33268271422058 0.0030010211392647638
11.336342081430548 -45.345755323069874 0.006580775716860903
11.442286127095905 -45.31735403372589 0.002958445986597801
11.33269154788538 -45.292606819324064 0.0030042820268092857
11.349837587231567 -45.28147567103304 0.003635514403559215
11.429527836927583 -45.26344180292933 0.0028970614995651425
11.432139513797663 -45.23584520800145 0.005801620334627377
11.558014362922489 -45.21399736177202 0.007073369160983584
11.589131481836365 -45.20493128778031 0.009894598349299245
11.56353648941834 -45.15706705537077 0.0059884574709876855
11.403633268072989 -45.14550933840176 0.005363368162051626
11.502824930793947 -45.17820923934232 0.011636960217170108
11.503922968198417 -45.16403135108826 0.006458246237626239
11.57769650723094 -45.1103569953726 0.004884749190745121
11.583728576652524 -45.110731730085526 0.0033218871878785607
11.64288950088081 -45.0699436403338 0.00495601394400869
11.585220491176631 -45.078596564178454 0.0076515079639635645
11.61419353790701 -45.08473890315521 0.004197982266040902
11.549859555154654 -45.058861540553906 0.0043626632814525055
11.698067429546107 -45.12594024865319 0.0048794135132975945
11.776286507985564 -45.12308677636136 0.0027786380888623944
11.76156734765603 -45.04638903394748 0.002723289769850521
11.939534808115782 -45.026059311863655 0.002748373039444275
11.949806413126115 -44.99696195831287 0.0037367820629740675
11.957289007923942 -44.98190946399384 0.0053046164729919935
11.891110484022434 -44.97833428079621 0.002861237870581272
11.887997713434482 -44.96557483728472 0.006855864327243567
11.874670223240392 -44.96976501812812 0.008760600872834454
11.90148727431991 -44.94077806690236 0.003280120924252041
11.663197011449078 -45.01857400363436 0.002810073113067485
11.638193542577463 -45.02414781759714 0.002692548870567696
11.79403427625373 -44.94736526025427 0.003414246670892967
11.856145968083354 -44.94263264468377 0.003830576099642927
11.951308454857177 -44.8709904206698 0.012334272658765692
11.952139011014529 -44.87569149450071 0.004607004639560386
11.83102011290704 -44.90782707364411 0.003300927681036658
11.841683650988738 -44.91368497469578 0.016679290570862672
11.868335516179569 -44.87971278776771 0.003430163170442766
11.845465948091306 -44.869592904097594 0.0031930111096897923
11.416598486334168 -45.11375667265633 0.004448794596916839
11.38932223534583 -45.03567750154931 0.002919870663091669
11.493345639291404 -45.05381208142195 0.004787015069228331
11.54268171091989 -45.02205062240121 0.006311174228348309
11.504683820943466 -44.971419756261206 0.005953480762339458
11.526630338657109 -44.955002647350426 0.004021854589743418
11.343252828765626 -45.04334310561586 0.007969299333929395
11.315912683779713 -45.020440069579614 0.03101558215043939
11.396795537709586 -44.95081838583933 0.004518146561293453
11.508895080244834 -44.94301750345401 0.007287452711334011
11.44961414785606 -44.89325252386613 0.006404829375147009
11.454028999074303 -44.87490672844061 0.006667531706865532
11.45363191978542 -44.87479787333955 0.008729247146547946
11.743391984343743 -44.92078225501837 0.003291613005642856
11.668413189055023 -44.88869958857197 0.0029118279781573247
11.66323131070276 -44.86639778143178 0.004268523823166106
11.86730283883644 -44.790752746371545 0.006457837827821928
11.871042972775324 -44.78934249995972 0.0032585919823870696
11.891385569651504 -44.774698956351195 0.004868634694713535
11.86213420129056 -44.77804117005847 0.010377511769904282
11.871687707201332 -44.752591803678584 0.0029131853991993806
11.662749841744464 -44.80054356186585 0.0032212948970636946
11.714204628513034 -44.79830327142046 0.0046176317931939746
11.606522898647643 -44.79388435711838 0.002862698066082463
11.839228485709064 -44.71549786244723 0.006717634484700413
11.89015458518845 -44.672351250747376 0.003737328688483282
11.757900278816347 -44.74154133182741 0.002672250331489006
11.753851552746545 -44.70878712858052 0.0034867514053282755
11.837601243333712 -44.67059480849556 0.00318167250265641
11.890504819200128 -44.65542196274328 0.0027071484381009365
11.85362002309352 -44.65362629638908 0.004340616526523342
10.709754081026285 -45.26941042267957 0.003188195721394724
10.644357303160584 -45.270765144187045 0.0038343517817143328
10.629999329116805 -45.258768251036855 0.005476111592344229
10.8203625647923 -45.20980860876512 0.003018688947279081
10.898152684094892 -45.20303313423769 0.0030858617807225106
10.89574125243414 -45.16511439186138 0.005703025909200443
10.823116137759252 -45.18130864076385 0.0659488770737646
10.81899033900285 -45.17862284785774 0.018261713902559425
10.778587261571367 -45.16886585846783 0.0060933370224675225
10.580194181072551 -45.219475776951434 0.0027544406218401435
10.569724114667864 -45.18859105460389 0.005161070833483686
10.587255131611112 -45.16662823864285 0.005277865148292121
10.799603697622944 -45.143755981048265 0.0031814294328835757
10.791338982377502 -45.13942146889274 0.0026960774539186516
10.743191571584417 -45.14602016310623 0.0040911071064991845
10.748879404150587 -45.098179776162 0.0030844371098228403
10.753783030126796 -45.087751612606375 0.0031237054450059163
10.835594318995652 -45.03794971381151 0.006043589174688181
10.86027153487668 -45.02506382635721 0.004057237020865343
11.043415624916427 -45.108434684208184 0.0030405653332005395
11.053768147691796 -45.07530615856254 0.0033025905936246254
11.043007232200717 -45.08438914166122 0.00826317127350782
11.013610108376652 -45.037730980748776 0.003360576914050039
11.062584020309124 -45.00428399597096 0.003966206204795656
11.192295240223917 -44.98582654379308 0.015508522684011369
11.09598617853445 -44.99048523520269 0.006837083511461651
11.098111603414855 -44.982782726804864 0.023588785303610985
11.167531915515662 -44.97625578777146 0.005971197276091962
10.89391130791479 -45.06648641805707 0.0038562460330578926
10.993137108584117 -44.99887561640798 0.0028458775822393133
11.012833264082722 -44.96797954992946 0.006778340397305586
10.908258933117246 -44.97848055195893 0.003908516454310711
10.998493872465982 -44.974473316033695 0.0034130233117058294
11.044127010497135 -44.9056017020011 0.005164839493717561
11.110243496204037 -44.85990805275323 0.005250977224823686
11.186616225534356 -44.82832625310162 0.006870839118695935
10.547909172652211 -45.18720104046496 0.0036493634208656423
10.652617770244635 -45.09551893549185 0.003441065462026043
10.697079358552314 -45.047802852679624 0.011339461860120718
10.591341460114322 -45.092696293132306 0.008095729422075247
10.64328607952614 -45.07417736891477 0.007761283718286675
10.66237854723237 -45.05679839896117 0.00793817282044564
10.73662386042008 -45.04164532944244 0.002868782709075095
10.762168039301908 -45.011256440914075 0.0027596560024265274
10.788908577476258 -45.00194444674161 0.005399697736335381
10.84192980620035 -44.97950779726055 0.0027936317934052373
10.69948817394962 -45.040074731808225 0.003991078405042496
10.619120188348626 -44.98108933597281 0.0030468663864139474
10.639200523937278 -44.92626347538032 0.008538734296094105
10.727602214879914 -44.9192571499603 0.0126322593827185
10.669246782809632 -44.90712881467983 0.004090985730024715
10.697688900581928 -44.892606494796965 0.009424227678315059
10.80281756221238 -44.84674544678559 0.003888114175523855
10.928653728400633 -44.87603323034253 0.0026913589535744586
10.97369582888418 -44.87402905100423 0.010175460660977347
10.948825829849127 -44.8586852106942 0.003889338696676057
11.002130914511666 -44.822189795296765 0.003181472397301486
11.108011732233326 -44.8467850572646 0.002829164334822685
11.09691756365302 -44.76766889898763 0.0029439278672281515
11.144282781755429 -44.76198776020978 0.005906950474335227
11.147536632176024 -44.72616910520985 0.00451322333168171
10.893411748179943 -44.849905498987646 0.008659464968071006
10.958820869716522 -44.79826253133693 0.003931073822573167
10.952870497329108 -44.78919832913025 0.003915100723656867
10.897536432890824 -44.80939143756298 0.00590318874911971
10.939509309099613 -44.784669455749714 0.004119636901009502
10.970478769702323 -44.764459407057736 0.0036901360189885092
10.987410318178576 -44.74950669721858 0.004259651308915413
10.972882898611973 -44.72022763917644 0.003916399618733818
10.982681073070085 -44.71510518384116 0.005037839237562616
11.1444122121122 -44.68488859448811 0.0063849282254598025
11.147939381573286 -44.68409298722741 0.004934806573998995
11.068248271093724 -44.68156440290884 0.004166511593592952
11.360704833916936 -44.91023568642017 0.0026853852529414015
11.371317393986065 -44.91247263660731 0.0030395198546691237
11.249965317782568 -44.936633634816566 0.0051203846222327536
11.24811774763024 -44.91149254590941 0.013385538718273197
11.480840219271494 -44.802103726115895 0.00443409776714893
11.409067067197336 -44.805918468437206 0.0030504663921962784
11.52508686651622 -44.75847049683433 0.0029234612695693504
11.237365565805534 -44.86514442625318 0.007227624969915258
11.245289226297922 -44.86426565096266 0.0036075912891830957
11.32192239077809 -44.784079282383395 0.00377428589984862
11.289936182589456 -44.792047985307136 0.002778562177028489
11.436697310107157 -44.728392670557064 0.0030254409760889877
11.533186685628513 -44.65810336388323 0.0027622697321213812
11.451993005040643 -44.68248982278355 0.002892739092013868
11.424417256325976 -44.67094263480256 0.003806057189004175
11.597848625508778 -44.78128479190402 0.01963965930207768
11.613212219089387 -44.706356021579246 0.003522063685965932
11.722103764869027 -44.64768305179608 0.004416991409561036
11.803787275863622 -44.61129297767845 0.0037154277428043626
11.855730218091963 -44.59451891085699 0.003680291593128292
11.748836047537534 -44.62659258689366 0.004248448515108796
11.824793788078784 -44.53927478690866 0.007099200952084302
11.617094942071846 -44.64297622117849 0.009764971376794551
11.60009608076565 -44.61389664191388 0.00848159263214707
11.653057231094005 -44.62191853151213 0.002673890662324666
11.646186591075766 -44.61468896619341 0.003854816103809535
11.646440016571097 -44.614894241666214 0.004622824269394493
11.696321254184916 -44.541031754824544 0.003960021233611871
11.661150600662587 -44.53838073001736 0.00910475291960006
11.73807236962026 -44.5728605604769 0.01739328826040936
11.741540374945002 -44.57371911711708 0.005023342031710886
11.820705476437936 -44.52616177788238 0.007386748108227558
11.84958786118467 -44.50812048125057 0.0037065143820672708
11.863928059260664 -44.4769709223935 0.0036349719979593595
11.731133550141548 -44.507674038608954 0.003518773921249087
11.733929300921098 -44.48655508390256 0.003928301199739144
11.820854777823854 -44.45097515789451 0.004534303277584238
11.301677076704156 -44.73404438663121 0.0027611753626200987
11.300814241585556 -44.70636835354056 0.004377447786755907
11.328070494817895 -44.67543047177263 0.01029110879831428
11.354356772438782 -44.64653268045055 0.005578601697152777
11.357465193602549 -44.64704847326222 0.004531600850319373
11.526208663794774 -44.599098284109665 0.0049058012508439814
11.42385057247286 -44.59435360861974 0.023288474011763753
11.445333613119102 -44.56009912845399 0.0033650663721625043
11.25692968390529 -44.62861907951133 0.003730625501494207
11.335221783788286 -44.57058945704052 0.002661418488987182
11.351775265261711 -44.5613626287255 0.0028872026962063566
11.357503271516851 -44.550621548232414 0.005459738216022307
11.386793347569624 -44.5246007837645 0.005957851505934358
11.387998361871883 -44.51129536872937 0.011791841272741323
11.43382104098664 -44.46745131642626 0.00278461379057497
11.569807755211652 -44.49986898425335 0.0028571589684855997
11.662956248287008 -44.403392558247205 0.00281995088711088
11.71723746574251 -44.45728256004752 0.003363970313909872
11.819350223709089 -44.410876061751026 0.004466734660230311
11.747328879450238 -44.369951031450775 0.007259092150992665
11.753150625866764 -44.374224687800904 0.015290478964265794
11.773081824550593 -44.34329421723196 0.00892279663074374
11.810259539799842 -44.31390564881746 0.0035113697192121463
11.530465950796868 -44.434540227558536 0.005209177422924125
11.571748405504383 -44.365096250606214 0.0076410783807293586
11.573728459845466 -44.36495734520758 0.0026577759953329934
11.728201897468136 -44.3396296288068 0.006011402389463469
11.666747430766968 -44.36513502344544 0.014435849796294595
11.792553391685871 -44.30666003606065 0.0029835490672450123
11.693624292532732 -44.30143892388414 0.003074014555907606
11.6908305318227 -44.29737944637798 0.0047119184411372516
11.713477182142167 -44.28077860924238 0.004934183987989201
9.274116371614657 -45.689406494300215 0.003606333155153181
9.211439641438233 -45.68406769665074 0.0027462754185101127
9.13632588522594 -45.69193647752359 0.0027352679366169433
9.208615876574838 -45.66497718583815 0.006896812823989168
9.344476905165584 -45.67134639034568 0.0037557951744761962
9.43352133114509 -45.5383883814158 0.004387971716820535
9.1908309186587 -45.58770169718779 0.0037342806100936748
9.39913681467756 -45.5039511091875 0.011083096371977472
9.460211207739947 -45.48755564801835 0.006715105723018376
9.306418329074292 -45.50352995991883 0.002718504771546386
9.356661030607592 -45.44784095615617 0.004146668852992025
9.420215833312469 -45.40974119861043 0.0027657320638676077
9.501804633287357 -45.55765805447284 0.01471467805775365
9.583500251423404 -45.48323711196902 0.019276864498259775
9.678365670415436 -45.449728635911725 0.006525051437718825
9.814337531549338 -45.375029420118445 0.007583773603108372
9.6615514889635 -45.42193817632827 0.003278278304807812
9.585642306291351 -45.417604125947435 0.007176774649551626
9.588492203887892 -45.38694446765687 0.003854951909645791
9.66816712677556 -45.35160033718459 0.0029862519037053446
9.691929434010028 -45.3280977829111 0.004343677313956236
9.779147328773112 -45.286443792823974 0.0035266270929864645
9.677226803705238 -45.2761369116936 0.0029703800174835345
9.217361330321191 -45.513459686915205 0.004849885433741263
9.250393792752194 -45.49283788308083 0.003685503089653792
9.23580759586428 -45.46902761549606 0.004173600681373545
9.291541280904491 -45.441809880991784 0.003794055893946489
9.31893558547882 -45.421490562213066 0.005295553983150191
9.422313645874317 -45.36068280863515 0.0036658820265285208
9.102956473340123 -45.47888621997962 0.0029115680137911572
9.146468264692762 -45.437928398051376 0.002755839937464551
9.121301217995365 -45.40020474393578 0.018914409381063684
9.26492975709868 -45.34361382919324 0.006636224042511839
9.319316992438052 -45.32570414979758 0.005457357627974659
9.35676630877058 -45.29908109753509 0.005686655765953009
9.30240035441112 -45.29643951231933 0.007208708838468642
9.398088472723778 -45.254097132227066 0.005199988636994679
9.512841300244151 -45.287694263875174 0.003384658914244181
9.450768694548344 -45.29311697098158 0.0051684779120372394
9.575266630190049 -45.24448200398752 0.003143216673854479
9.627560100812431 -45.26527366738111 0.003232253985401869
9.764594012946027 -45.191296943917855 0.007888343968685492
9.78798973704572 -45.17921786305437 0.005025611057652132
9.647052797890831 -45.19999802520828 0.014006917949265028
9.647529133727582 -45.20137663546133 0.002969867300469068
9.44611958616388 -45.23530865996299 0.003390681210386094
9.485377228198782 -45.195145847162195 0.0029793292447558165
9.47206309499292 -45.197884543602086 0.007934941780097295
9.50759031950987 -45.18093788533755 0.004830859977222841
9.624665313750024 -45.1567688365891 0.005377401136325449
9.62767758731954 -45.12978922906142 0.002901961922389731
9.63712802831897 -45.12734841948739 0.004466406528189305
9.685318014433449 -45.09865935287302 0.005343459962023617
9.737851143105702 -45.05776519626956 0.01018526550818929
9.74538592188502 -45.00197388803445 0.0046407338781880286
9.876206481941525 -45.311719578419 0.005970318148870355
9.856622273489805 -45.29204832058157 0.008667606360749227
9.931948714345523 -45.251409126548175 0.002869051041757757
10.021019353954715 -45.25605221116604 0.004761409012088254
10.151043185011462 -45.169711145254055 0.003271075096168653
10.02350714189494 -45.19957570941852 0.002651831405407609
10.10953702024711 -45.130660982270754 0.0033827886488175993
10.140473152085097 -45.12116654184115 0.0029001300920228415
9.828904328828155 -45.27030225001816 0.006661207534585479
9.817089609199776 -45.22522793790879 0.0036822365509004773
9.804273325449886 -45.222633686444425 0.004644708409895547
9.830716830477392 -45.20018927287702 0.0029874609666246596
9.937489534070863 -45.14836969090125 0.007218838229713333
9.98636314867368 -45.17698186582417 0.0027759523024192263
10.104649125843627 -45.090109607810454 0.005267732762177786
10.104175308484615 -45.08850113584034 0.003361918837513233
9.987638024526795 -45.07842981057424 0.0035375201280120248
10.041900539146544 -45.04739647020851 0.0031355087323425217
10.263906183600175 -45.099532692171785 0.007218495907960583
10.424208094029252 -45.01758663045371 0.006533703836226439
10.498348982670764 -44.99270516625157 0.013603396748521086
10.29586471305478 -44.9578391103466 0.0035615524102565513
10.198840043200626 -45.00146647973657 0.022372545428831655
10.385794110167645 -44.93082625823559 0.004294246393810385
10.37858342670567 -44.93713597978565 0.004211954825681276
10.46083225076904 -44.85558212232035 0.002907245049149475
9.791862296416053 -45.14122858294037 0.002833122052767764
9.953422498877025 -45.09438124537392 0.0032499608892659526
9.915389782120007 -45.09236519069368 0.007864214030145979
9.95464175460967 -45.05605448320792 0.0054234369995942245
10.07291211066708 -45.019825825108285 0.0034404567651931703
10.04081011386693 -44.9969680946404 0.005372744887970767
9.99799207299615 -44.99724505378245 0.003048340033186486
9.966658231503894 -44.99096512907838 0.003187534210826007
10.101536970151512 -44.92490340594088 0.0030780968440252275
10.09700937401142 -44.93772436870798 0.0037945996263621406
10.089670765273612 -44.935711054497446 0.0031627257873046667
9.828767474872857 -45.03206535730841 0.007779924808147277
9.90736623807215 -44.94564478319608 0.002747846253733402
9.95725499824981 -44.94313979822811 0.006493392493411882
9.985494285028304 -44.9343026428872 0.003458177490498905
9.97465665347384 -44.90956319680144 0.005018990626786388
10.167793129070144 -44.96125674461957 0.005075948061404487
10.141755935355688 -44.92957680173867 0.0042810061784249905
10.17562110008858 -44.92636346877369 0.003244045333811385
10.2477760599292 -44.84712560998508 0.0029565931040199727
10.300405446126977 -44.884101952326226 0.0026772643165570765
10.38230015251142 -44.83016508240186 0.003967045070462872
10.391391955995768 -44.825008863957976 0.00279715188801499
10.31471265081247 -44.82452386411922 0.006530700008001039
10.22466462992796 -44.798749535055464 0.003572543944744896
10.146749224705877 -44.77464663105072 0.003911239043892177
10.212553587082626 -44.746847458489576 0.0029321020367209356
10.229349679183684 -44.710954912495744 0.006702346550080999
10.30056443016721 -44.75951049038672 0.003807248371784963
10.34166249512402 -44.70755054982391 0.004175011293680231
10.395848450164806 -44.675663193227365 0.004091960093277116
10.349191363451531 -44.69093797674533 0.009142588744778085
10.362467834656057 -44.64358483466616 0.005950731972653831
9.200021712540366 -45.30097746607526 0.005370667484414308
9.098646554932722 -45.30952189639122 0.0030972526957708294
9.180733419019786 -45.22887722572284 0.002755561349912326
9.202847942550845 -45.22568461402679 0.002850089607963632
9.304564069866355 -45.2137096696119 0.004020071798141433
9.32751121041691 -45.22209114623339 0.0042748836562423965
9.40112861180326 -45.18902681456127 0.00656258867333033
9.331774154074653 -45.18521564029712 0.003303258526008215
9.391643434842518 -45.16145576412564 0.0028855779096890683
9.270717136521268 -45.1818565697296 0.003919383271113497
9.274179929614192 -45.164906570235104 0.006060569621682199
9.354665540100616 -45.158879488805994 0.005401935627887364
9.325451962520336 -45.13597430770117 0.016400099752263867
9.07461891586606 -45.267179189564665 0.0034785550814388885
9.19415604539206 -45.20217830023113 0.00641536321505398
9.060519742301947 -45.21385618677241 0.0031000472952846486
9.178583261155216 -45.14739339596367 0.00273999755078958
9.25332337023324 -45.13196444882212 0.0049438475997125595
9.27108843405979 -45.126835415937016 0.0031910198048129804
9.48340889690084 -45.140507415213435 0.005771334146017989
9.43691025473644 -45.07825741438683 0.004932910087479772
9.545049604942136 -45.03699229855553 0.004037963924628584
9.71512123486577 -44.988870623186145 0.002675128385366184
9.596144229872882 -45.02659941661829 0.004387263556642606
9.732018504142676 -44.94422484956632 0.006355054211225845
9.395266730584204 -45.07621016502145 0.0036036578875601765
9.431881756001731 -45.044243134538206 0.004790736115658992
9.417061924558258 -45.04148502687864 0.003217191255649349
9.488374408231149 -45.02929495341582 0.00706521235333472
9.627992427308962 -44.92042525033418 0.009450450999019986
9.70403292183958 -44.9023862017433 0.002702491487254315
9.681600796539158 -44.85397624327266 0.004774220844663588
9.676472282146548 -44.851167534144494 0.003352574478473656
9.633914443351651 -44.86617070686639 0.0069276268952114025
9.683004661470347 -44.83060194719765 0.0053593382078823025
9.679415288758245 -44.815225887419736 0.003412488170977145
9.03384564540154 -45.16509042036686 0.003105679780648153
9.184902878836624 -45.07860025510928 0.005367042256149859
9.081114754589525 -45.10208510665667 0.0038359018354856755
9.098122189467697 -45.0951705153777 0.003969949658043281
9.173155104136546 -45.04674675494542 0.00264943829681924
9.324973591605422 -44.9992433244502 0.0030923698092943518
9.33824893901376 -45.00793331188843 0.006226365909663442
9.262260456509756 -44.96714022248818 0.005688131979668429
9.299622920188115 -44.953549578847976 0.00271245208143629
9.07953123528828 -44.96824233421675 0.00331596096620767
9.215728901706438 -44.961762269945005 0.008270011141014149
9.236558022767698 -44.91169876348452 0.007999340983531864
9.328697807229076 -44.90402902700413 0.0027639243666104153
9.218642763443464 -44.897658077616555 0.006830569264744411
9.196140322601035 -44.88471830346592 0.0027548098655561107
9.275794353612566 -44.886607869039366 0.004543428988271369
9.34076657598636 -44.8396259522375 0.0026587224922022734
9.409137250453124 -44.95917007812589 0.00310593755245504
9.431864817647654 -44.851888834167326 0.003283648333493572
9.481679945613498 -44.85200991718104 0.027308930243697863
9.598564038731569 -44.816213131720566 0.023898660022888707
9.536715919832062 -44.8059877854576 0.003242547633229601
9.66038948421274 -44.74853880456272 0.002919443700661758
9.391429713253178 -44.7900362452143 0.006688241166334457
9.57258972850262 -44.759245392704614 0.0048384752583388755
9.586112615984716 -44.7413464067724 0.0033810297689615947
9.685203102273666 -44.68823124536697 0.002932783975111563
9.632064126638518 -44.66052921974117 0.006500880601175698
9.62957269611254 -44.64674086419631 0.0027675619727431542
9.859451647162732 -44.91557401709676 0.0033726175034621175
9.862659361943726 -44.91146616460432 0.009841694269281913
9.804341163301164 -44.902492172414526 0.0031225749732730853
9.832217714623704 -44.847156395966536 0.006675403231255136
9.946684752289764 -44.857262468933925 0.0054744290883567935
10.07612944507666 -44.786442518894255 0.004124709572820122
10.016254774715083 -44.79497647063429 0.003491396639912919
10.071569803015905 -44.74995692595011 0.003127082143461961
9.924319805585531 -44.83026681193049 0.006032600761894615
9.966720489736884 -44.79621775354985 0.08333333333333333
9.727871768292063 -44.84949187472803 0.003136694588092396
9.997796968052942 -44.69735955056719 0.0037554537654550134
10.02536196681609 -44.690520041222264 0.0032698061370536892
10.179704904852484 -44.7314471392254 0.004307842530139739
10.238259725171194 -44.65258725100492 0.003267045813683382
10.20162893295524 -44.655410012039006 0.01522676410409564
10.209423304406275 -44.65388916842015 0.003457923448357512
10.264494977815636 -44.65788900885423 0.004219708975535796
10.356975429204878 -44.6112708627857 0.015026232681576232
10.335507201936185 -44.60887600715794 0.003684346307273237
10.331508421238722 -44.59695750524684 0.003538956053359709
10.29229651625072 -44.60565815480373 0.006116830830118913
10.32525918475078 -44.57844605352132 0.0026492140193296516
10.328610897970377 -44.56409678115429 0.009723602007471521
10.389596775274772 -44.51031503616374 0.004571421059067539
10.069052934223436 -44.63188545739166 0.0035519434238044543
10.088082247725737 -44.6166465667982 0.0029235826413643996
10.0747664430706 -44.63158136355298 0.004078241921887603
10.270085767253832 -44.56504868872811 0.005720068828618711
10.259672467995008 -44.541902900098535 0.0030718191579070524
10.340483678203208 -44.51815144660326 0.004566196108803182
10.380453791933766 -44.46686743224181 0.0030552871226897766
10.276595252113232 -44.5104609012702 0.006003325129506026
9.771999294233648 -44.69035908007215 0.004179342704803109
9.773803837171275 -44.65902491373121 0.003529026622379247
9.817598970677228 -44.64140620496117 0.006648958153077672
9.983602785715542 -44.45664782646706 0.003355839368634426
9.99998889643053 -44.4275563737091 0.006313810813918561
10.06434241357275 -44.5039464962641 0.013377534652308867
10.103163141808473 -44.49782739033799 0.002955950346701611
10.239375825978437 -44.47411398460091 0.0056379437634144275
10.242202032346878 -44.45388033957717 0.002984549626266389
10.20554323840209 -44.45183176806727 0.006078929190737244
10.30307992637738 -44.39781870148623 0.005173137948757183
10.079225316207571 -44.45279668748065 0.0038448121388393684
10.066462160788092 -44.435423970679295 0.004226344062262572
10.152937223365598 -44.41181542110739 0.0035946739516551276
10.1057746758656 -44.41633106702621 0.0033399387277779956
10.176871416736324 -44.36176568618558 0.0028907169874530336
10.049270464781143 -44.416592430094795 0.0053320703974425645
10.11924889448 -44.37622211294818 0.014818034603221349
10.094164997349589 -44.37303085172656 0.00879013306792777
10.087148919689822 -44.35809102864592 0.011790446842963048
10.256443582169842 -44.33268282244638 0.004950065602534177
10.23974311878454 -44.32983273404693 0.003833480466200146
10.232507915645858 -44.26370009387051 0.004503155454620109
10.279808719915492 -44.23503994560252 0.0030499319509011717
10.310820857518411 -44.22664056509466 0.002787995796382622
10.500127092455411 -44.990639319851226 0.007299370610479196
10.53070523239481 -44.96743457256359 0.011339876234595318
10.6358713223222 -44.91175941142583 0.0034284315230848042
10.488742935334784 -44.93039095049937 0.002709599943722102
10.48415172312048 -44.89738653010158 0.0031266835202351786
10.628380837430573 -44.80498843911372 0.003235673369885177
10.678782072252906 -44.78096832672255 0.003301840001122855
10.806023336415024 -44.70841197365446 0.002836444332567251
10.532569799422816 -44.86097471708682 0.009848701835853296
10.669461757015528 -44.76071353369092 0.0031948701346632205
10.662627015005462 -44.73657480161916 0.004817721596149477
10.69173753928025 -44.712864745541815 0.006390383982259797
10.724885451590998 -44.69471519001034 0.0060526117221878966
10.766553517630731 -44.60970893511095 0.006325203092787215
10.923617442828848 -44.688197721149486 0.00433362646338838
10.870369668833192 -44.68185845582869 0.0029099075049795814
10.913250019168276 -44.675910273206185 0.006502336857271145
11.03692136156747 -44.645142131324825 0.004508575633995844
11.075351053933185 -44.59568284678848 0.0028375712784888068
10.98721201372364 -44.60775360631139 0.006846889116068922
11.022816364774798 -44.58506757716238 0.005961797143511303
11.127833389946176 -44.55690781914331 0.004599546190923762
10.850539668881009 -44.63789961580942 0.00555415217571647
10.85421442414517 -44.619743814768334 0.004718037512873209
10.863746653060495 -44.60897629150059 0.002800102663024292
10.959916992172555 -44.58595699572591 0.003107340493531702
10.913759415797369 -44.58689686947047 0.0048100281675979625
10.973275998912069 -44.5943311881795 0.007399954674100825
11.099508441239356 -44.414391007399026 0.0029681354066322463
10.536342389527762 -44.74599154393808 0.004382312510251305
10.499055601107784 -44.738118491869955 0.006700904980126399
10.4747834037833 -44.691494774549774 0.003698085387240523
10.719897729229931 -44.538655701798135 0.002943053348655673
10.73867534041535 -44.52509760358334 0.0037621742761755664
10.585470099392216 -44.60608993142121 0.0072884920535028624
10.56546994107366 -44.56670404376725 0.003242030711852088
10.426559568197415 -44.6228782358984 0.0030610440165405378
10.509589155451453 -44.57876754395409 0.002856427822690712
10.670030718861964 -44.531719299940065 0.011450112127619884
10.623079395588087 -44.53255893180257 0.029957583646768773
10.72698710313724 -44.485594567262595 0.002892005533656661
10.887392962548867 -44.48056500366293 0.009886681524039705
10.779654091278935 -44.53802495522017 0.019355486180709654
10.786285212897306 -44.516272835585504 0.008549099261871198
10.877453873541109 -44.447181866373185 0.009945817584726062
10.848540317258111 -44.45165435403872 0.0029491882817466305
10.899346397333224 -44.43751992870317 0.003356460569514789
11.027162335659677 -44.44755636767786 0.006470717722056709
11.081937055992409 -44.40228467806959 0.003319018358394854
10.878005145498548 -44.38579684662872 0.003298639723512573
10.75239145873287 -44.397554857497646 0.003910868105961018
10.906828743897783 -44.34950071653104 0.009497919723840688
10.947688375169657 -44.36170909198535 0.0035942560680629855
10.980300254485105 -44.36193003038971 0.0033978634322621637
10.988967241781696 -44.35957337164741 0.004965172194357045
11.017268596764008 -44.32906083166764 0.0030663188274295283
10.936244439673372 -44.32714626909936 0.005240249191211717
10.939887542555176 -44.31163950931253 0.0055285839626986666
10.92484913240424 -44.297402673245415 0.0031123823557720077
11.281475286253425 -44.49662503556923 0.008789522245065354
11.386389773289412 -44.430629618181555 0.005172011711389727
11.357310491834534 -44.43780391638144 0.0028192264390408525
11.38583471533788 -44.42576923696444 0.004024267623295277
11.369020611352516 -44.421971489899235 0.003745520208670794
11.463331283527976 -44.36021090137868 0.003341635604565176
11.361278036362192 -44.41614047842569 0.005560747683692457
11.360171721560118 -44.40006725204548 0.007990948184964517
11.280559529845544 -44.407938169400786 0.007761521495799353
11.329277800054754 -44.35088155559417 0.003922105573326778
11.381180648145891 -44.3380075888305 0.00819266099694712
11.401414099343103 -44.32664026778579 0.004786214075368808
11.303320462076549 -44.3385695907748 0.0027856715554006877
11.376895783590353 -44.246381040087705 0.003031987347261504
11.406436155278383 -44.22170499222968 0.0028317020786953486
11.485257424520643 -44.321970017119874 0.003490983889644596
11.536773733725664 -44.30168201503219 0.01036120936982003
11.49416916297313 -44.29830039159058 0.002680021509396406
11.676696255985236 -44.25464712147844 0.003188792277625508
11.676925587525506 -44.261950610574544 0.0026926198284756633
11.76659924224534 -44.22346715610315 0.00471456865681416
11.801269636466946 -44.193889323616865 0.003793422358543771
11.73552178205851 -44.197729360982684 0.01017315823446741
11.670110776018982 -44.21164461091874 0.004289208170625848
11.77121160137804 -44.12651018533677 0.006008264726686742
11.59765257388667 -44.21319713562789 0.0039008381794539073
11.556928364954338 -44.2013281711744 0.007406087429310807
11.482208958787057 -44.22042330252125 0.0033545286052984193
11.57600765697121 -44.161696422450696 0.004267702719335476
11.735859732055673 -44.053314961624395 0.0036313472417934052
11.719996023949085 -44.030042079337235 0.007870404791548458
11.264233733595756 -44.27655436901837 0.004316526779710834
11.241435884858774 -44.27702336948009 0.0028965396286112976
11.1324195572026 -44.29973804678951 0.006729571544323818
11.137010853544414 -44.29878612405703 0.002887449016220461
11.287806955780344 -44.24779744491784 0.0027330811988541866
11.283895254031458 -44.21036759019851 0.002757787791094702
11.280130340767611 -44.2112190861141 0.004150604423789474
11.281560939012666 -44.188250440014706 0.005670110330824232
11.399994470838871 -44.119160399249594 0.011095124621086439
11.098784742270071 -44.29322705029927 0.002732863433004322
11.1230274386769 -44.26567606050378 0.003678882055406673
11.177680534185034 -44.20889028407943 0.004736122475047316
11.200630406149855 -44.19161578240083 0.004771964779598073
11.08619499020554 -44.240407666875655 0.006784773666869316
11.085598592004276 -44.2399671543986 0.01916825748676941
11.181520522132072 -44.17968086044383 0.0033825223869062993
11.282594488712611 -44.15800847288481 0.017186134631572515
11.253371963884614 -44.15126505671184 0.0034787326603348077
11.246225460321044 -44.15952603154458 0.005453884100824039
11.257076385620763 -44.11693989067519 0.005463269438004403
11.450482537500536 -44.13996216848284 0.007623709155575382
11.534478816931337 -44.10389703421393 0.03534569138092149
11.45705510177805 -44.122736598570185 0.003479304506746349
11.421277097188122 -44.12848425171383 0.00623129597054332
11.464253220085894 -44.09777037842563 0.008158138417224023
11.52291627241154 -44.07641914570225 0.004782202031597657
11.575244886832705 -44.049610345070725 0.018940607072095446
11.57565301490384 -44.049163001937735 0.012145217721955643
11.564672523257729 -44.02463050091786 0.003501121034008637
11.56383161546952 -44.0295961369155 0.006955388847044385
11.691485906907994 -44.00220791547161 0.00674199156163079
11.594117691752675 -43.99287989499883 0.0030131378407602383
11.692494288339194 -43.954830164608275 0.003666400172048846
11.404604259743865 -44.05735977488173 0.0048397774266144755
11.46129961712738 -44.03897039017336 0.00837280707968317
11.503929464891426 -43.96286421626582 0.003178904891543648
11.531349244362437 -43.93978380232173 0.0038845862144484783
11.547555840543062 -43.92231956195576 0.00270170557910205
11.614061027465295 -43.9100014494944 0.010066492159585303
10.414598941231365 -44.563022875219445 0.005911452436649923
10.42333372036805 -44.51202070281951 0.010692348971893893
10.587718425584814 -44.463967278264604 0.004186267389806869
10.61974520133285 -44.41590838375185 0.013845804641844765
10.612489643410417 -44.413299289509354 0.01643362072640266
10.63945141116007 -44.38668968696579 0.0058253034659373005
10.678864921435176 -44.36346567117032 0.003976257530541105
10.473283702513324 -44.39812262045922 0.0036104573960232455
10.568517300076737 -44.38973739255313 0.002916843644116949
10.80827730941748 -44.34328778047885 0.003492375473914958
10.779607687188282 -44.302921748946126 0.011820758633339761
10.734596009299729 -44.313186895811754 0.004836759124434738
10.765986900298362 -44.27626238819074 0.0029484958077063647
10.813213572422123 -44.281613177304585 0.0032703780904325057
10.901387390065404 -44.2768612400261 0.002946403587352519
10.95814979550346 -44.266027872024026 0.0026606104322445963
10.945416656060088 -44.24190157101723 0.0073522349937640025
10.892720433607437 -44.20551393901991 0.009780090749272026
10.923969772858262 -44.18048104606315 0.004769265168266221
11.007435751522854 -44.17428527902656 0.002839567485367268
10.996325783219287 -44.15669059303232 0.005510009588577764
10.844443918494369 -44.17023132229661 0.00304282152368175
10.711312631034083 -44.248037457070986 0.0026637794526332974
10.701705660817964 -44.22362649206844 0.005937281422272224
10.764605139913945 -44.18465650885788 0.0037926215168113146
10.84946058625522 -44.123390786280424 0.05008675112574975
10.895283550643558 -44.16330458701954 0.004755890037712198
10.911894761604549 -44.14125095584848 0.004513984563827512
10.94588135120682 -44.11278238953074 0.0030003895528962917
10.994798924366451 -44.098299203204405 0.005894377340118804
10.890399359860474 -44.107329130580496 0.003086650694117932
11.015486079489596 -44.05520268702843 0.0033681513581779936
10.514253919795417 -44.27454482808596 0.006456517085571265
10.419945332933736 -44.28624405639569 0.006391099583736523
10.370215712232362 -44.30928653937241 0.013071061547517856
10.662365192877274 -44.19567995174535 0.017409084754699333
10.626172088090833 -44.14459808921036 0.005004936763512895
10.666140374837063 -44.115394062130115 0.0027304448224103463
10.423583326987206 -44.25183629850611 0.0031582077113701938
10.6311673361451 -44.12506706571221 0.0029461154024723072
10.61160482773707 -44.09908304619061 0.0029088974076464658
10.653487122870189 -44.07327303610314 0.0046199001007968905
10.63726045092311 -44.07642891447027 0.004900024535211826
10.576932334322438 -44.07930694758886 0.0035316966191652945
10.514685970109714 -44.092616644722455 0.00425801561368507
10.645947786288868 -44.0116370315225 0.0028706032659054064
10.74848314802114 -44.14503186243684 0.004637155287170873
10.716837485339026 -44.13981582058872 0.003653824593153086
10.74793396768546 -44.137297088221494 0.003992239383159107
10.850535971742843 -44.08130503742629 0.003406942270195776
10.707637173569037 -44.12590714304873 0.0032145007736130373
10.75912918744104 -44.07126327221523 0.004482015040843562
10.880586160990733 -44.08257571911032 0.003868131809875969
10.947178169318716 -44.03886831665297 0.0030605742119640153
11.005238466823444 -44.00636765923356 0.0033691677863514893
10.971069936554146 -43.9772649286821 0.00417411201650678
10.84721200727638 -44.03222358745078 0.005778452193623255
10.966550201460654 -43.97586642815384 0.003640146979094453
10.71396179300922 -43.99323492279261 0.005044791882834448
10.799421749856926 -43.948155095552295 0.020053389978101403
10.801138576977362 -43.95168951319762 0.002794803410911562
11.08161496253907 -44.1779202945222 0.003642291368290837
11.164631848269966 -44.10304544108179 0.00981283970532323
11.214290416413908 -44.07032759042755 0.004243152293976012
11.095074961370534 -44.095843978450546 0.0033665796167122127
11.18793975745172 -44.03085498659745 0.006061811462771671
11.335184606496794 -44.01086967341384 0.0026571282675682986
11.278599078215665 -43.98774889564125 0.0030483761464760316
11.271722024542887 -43.980630753412385 0.005993848956245415
11.078206898450468 -44.03919793411714 0.0037525245277362286
11.12401685472831 -44.04671386805691 0.0041051592065271935
11.099467412128138 -43.99451138533464 0.004773854460374792
11.089233985604936 -44.00075251783438 0.005625781941000923
11.039418750412027 -43.996352392624765 0.007695456890261656
11.2332937324397 -43.98384290517925 0.010654702420089455
11.262292368412792 -43.96164753532775 0.004136691077833074
11.26699247454005 -43.92117880522288 0.0036203607229484303
11.329120757809443 -43.88554443610845 0.003555284092043534
11.239184055746753 -43.9118690073447 0.002751189020436771
11.344765228494891 -43.84721141430574 0.003441914513667829
11.443117559624165 -43.95807167362442 0.004157951216368456
11.388368533124815 -43.9588414892473 0.0027354003907001695
11.45097158156442 -43.91925556882426 0.006148217172536912
11.486300643607848 -43.886676921974214 0.003830685780741174
11.476902316191769 -43.84256498692022 0.011571076760165371
11.482711586065818 -43.83442678647906 0.0031644659692130067
11.62922493580991 -43.82290257377624 0.011792307205426055
11.571002985577982 -43.79059590078543 0.009082668312933995
11.370897546374056 -43.80590434487512 0.007079804895535695
11.420965454973876 -43.7677541562968 0.004274309191609979
11.496074474475751 -43.747375288255895 0.003201218953895522
11.54171067757813 -43.78439533414792 0.002948742468296551
11.536865463883638 -43.706278477051626 0.002965735253335183
11.64700560040882 -43.62100879317172 0.003233764131703565
11.027813490489892 -43.982056682375635 0.011361755772118308
11.092880392007372 -43.91018760897096 0.005615869336948772
11.20530381168568 -43.82660417585277 0.005999371485668193
11.169957677097251 -43.804159141416896 0.011747138918066643
11.17366816496517 -43.801120662374394 0.010955166805930333
11.010397082068694 -43.88628585240632 0.002811941586075027
11.013687384595192 -43.8626850172937 0.006120885981255414
11.143032818550491 -43.81230176236549 0.01577888549658617
11.14817546782281 -43.80702136828982 0.0032774609025818277
11.075982031844012 -43.821269727811895 0.003181662063021401
11.039993820433397 -43.78898718965015 0.004440073962384027
11.07473098136052 -43.777786027851434 0.004760428971645406
11.203445037518277 -43.77453071609194 0.008501806957262699
11.348773071541704 -43.76562693335446 0.00287602061446486
11.410440377705756 -43.72941053516875 0.0032497874681491484
11.469959519663169 -43.6767233786894 0.004746892696641458
11.349020438459474 -43.73655463356754 0.004068010634888749
11.34490387851196 -43.72331910578314 0.0026740782376672738
11.553870708191011 -43.660787726076336 0.0028826567328123316
11.512605930639898 -43.62997759629425 0.002848683660904785
11.509285516402551 -43.61676357024575 0.002946163838355711
11.561049541819663 -43.56538481924207 0.0027966304347474082
11.349874544457949 -43.64954031673034 0.007693994377722322
11.365149427183535 -43.62533190230101 0.002648894609954679
11.436471649767856 -43.60871076842621 0.004316552273757728
11.429069173978876 -43.60266558883913 0.006057438306017215
11.408370887414174 -43.59619379701276 0.005253112111936925
11.350012195372909 -43.59718495313603 0.0031298789020906964
11.509189358019418 -43.51115237159095 0.0064102979302926265
11.581710494584152 -43.48298058188978 0.004058381079670074
11.563820912631238 -43.469413127798454 0.004385626572740592
6.500223473706596 -46.22576879424931 0.003045328238557437
6.600881677570459 -46.3468028943181 0.005416790319079826
6.71132431576291 -46.24943632453448 0.004748508061259155
6.651027652771976 -46.26325617997866 0.0036933341747710747
6.686627357088644 -46.23901609378147 0.004714521923276619
6.749875373441531 -46.273531598306896 0.004536708494273916
6.802586166397101 -46.21086963086407 0.003639101464275421
6.901483078440365 -46.1836379627389 0.01249530178500077
6.742304654953966 -46.202975675562456 0.007144849901848924
6.626901829448826 -46.226668947007106 0.009821176016886935
6.547830936992638 -46.23796654886353 0.005587500688010583
6.587056986717305 -46.21147043141118 0.007406794742335956
6.614845501209043 -46.20720719479479 0.0026657079035177704
6.708882988549801 -46.08797968098026 0.0030863568933167406
6.73535897653197 -46.077063706858524 0.004094558304335433
6.601897093166882 -46.12473469229754 0.017147830405151818
6.601833246038667 -46.12574987468458 0.003192678845213411
6.6798646750787425 -46.06360031660316 0.0036007864828495064
6.541658883755644 -46.10287960859924 0.0028247617551245786
6.652681538506224 -46.014861642509295 0.003186483431209954
6.798549854484114 -46.02133680088778 0.0027161123772857297
6.880117390203705 -45.988136341883134 0.004013410241845412
6.705092862184482 -45.994635299822434 0.01322088186504696
6.5373961347735365 -46.050359197049936 0.0034615883822360642
6.5610686023927345 -45.98764381889882 0.007412840482693379
6.572473626714301 -45.957572831175334 0.005047873577742488
6.640362038512021 -45.941368494689144 0.005525867595211754
6.684529028045181 -45.93167624730767 0.003967391327235635
6.680919048564497 -45.907466349542155 0.01138682417226607
6.78393081433851 -45.91920429549135 0.014239855412419835
6.7777870998448515 -45.9115958807035 0.007767273265428365
6.79531369484222 -45.9183972949741 0.0034606422018731695
6.8350027303858925 -45.85470779197846 0.0033261638917095417
6.813025821768921 -45.8647692107796 0.0027584510056170722
7.001128823428445 -46.122144522047606 0.002989519355721968
7.067262063372881 -46.0735363505936 0.0030032925903613217
6.973906920357931 -46.06918351719936 0.0026423327927075505
7.03174347967175 -46.03751648596369 0.008189453090842949
7.105885483060419 -46.05218400773304 0.004831870538573991
7.244034567924782 -45.9962734148319 0.0027859275917873705
7.259797013673109 -45.94383455729988 0.0028085666180161545
7.2021340591300795 -45.945592171598726 0.002928162298730035
7.237723347718433 -45.93252009593492 0.0033039125575370252
6.922679565685048 -46.07037155684542 0.0036898941215355347
7.067427215806172 -45.985484889506786 0.0027964627557269463
6.994227846510046 -45.96515591161089 0.002641587827088856
7.070889573824721 -45.90641336809134 0.004084725951854593
7.033386613503803 -45.90666454793891 0.005457650738502998
7.173539693035614 -45.913019660719286 0.004821593740132187
7.246222828599752 -45.89027177315064 0.010379764366843108
7.233698959996302 -45.879518316898015 0.003667019712904533
7.180974101676049 -45.87977047758944 0.003737088602261804
7.251223733207014 -45.846977728945646 0.005871929390969679
7.323364979664248 -45.90661419336442 0.005868557236077982
7.416215673175062 -45.90194741990754 0.004389405663014901
7.311762327280848 -45.89592186334941 0.010751160606222528
7.343783791092704 -45.88774211850418 0.01983344538484286
7.268389700546793 -45.89260359551785 0.003179905066131922
7.267109028351463 -45.88507602760675 0.00384288895007648
7.409614757480252 -45.81501113132308 0.0031020084007224538
7.484748434041595 -45.82408725013707 0.00345366734765185
7.564592916049966 -45.77387693437551 0.0038548491228275494
7.577258710826359 -45.76931475838075 0.016844032845595026
7.474612513787301 -45.78421174824808 0.004560036612403006
7.4643751078317 -45.77058926377733 0.0057767278743930915
7.504044660165085 -45.76465535839809 0.0028109988932490215
7.272076696041021 -45.85896932269065 0.016766668955274153
7.424224113188773 -45.76975086029613 0.005613502102143155
7.26939273860797 -45.77078181769946 0.002670975193848366
7.368945021164497 -45.76584837079998 0.006572422815924206
7.508681339031977 -45.734206335688974 0.00277227350656306
6.933006428946158 -45.95745283757803 0.0032471103249445974
6.912612442845051 -45.95307454821068 0.0037168306143511554
7.0327867820149494 -45.8663027345852 0.006041951219492138
6.970778633020922 -45.86571669118982 0.007457813173736
6.978378134097863 -45.861967509963655 0.0032661763861623217
7.0905056308889725 -45.87095382613581 0.01966193199265286
7.089349137518747 -45.86986470179152 0.03540458121002529
7.238365450840576 -45.75569022693476 0.003898551804999874
7.237605835620804 -45.73859778509307 0.004269364696929791
7.089854534176075 -45.81538446234242 0.004038046350072688
7.138684139178007 -45.742855165454635 0.003852945000211186
7.180702209957745 -45.72849652708464 0.0031451253539210846
6.890338989076672 -45.8363389079797 0.004151592986618263
6.878912742862108 -45.8350391373719 0.003408182519391294
6.966674592539573 -45.8301829353478 0.008502860022721503
6.96893515624029 -45.72970432670519 0.007139916365254728
7.060968680855226 -45.77630717578001 0.002868474672697832
7.214049685525617 -45.6711164475913 0.009330330220068659
7.19936530565473 -45.67124800443479 0.009386592723939194
7.090306919692304 -45.69251488953405 0.002708839661989165
7.061002104185248 -45.67889391100939 0.003671717670688601
7.141381009434019 -45.66335543104744 0.0027641218857161346
7.359446714065668 -45.67531761186008 0.0038952503441918996
7.3919607792977615 -45.653692308499224 0.0035107590142351183
7.273467316201946 -45.71269721698994 0.0026772810535768696
7.321381441665324 -45.67605707849236 0.008006471547050526
7.311817312549599 -45.66707594744515 0.0038169633033134642
7.252246421524621 -45.67511969649434 0.0035236579974323823
7.328266778003068 -45.677064188879235 0.03333285542263729
7.345048712820127 -45.65551157468318 0.005520949880608877
7.355063843897076 -45.630262521650955 0.006471337938394814
7.418770863159999 -45.59547585135312 0.004422517749675142
7.470218687950185 -45.55929204136609 0.00458605490232506
7.507054368487152 -45.56879843657739 0.003365602910801127
7.5591399321768 -45.50853072842073 0.0031469140007035503
7.303539139890988 -45.60494028736312 0.004215498213790223
7.365652456479123 -45.588750122525056 0.004439496312726251
7.258974553129584 -45.59035000037236 0.0038712839286275907
7.361441826495435 -45.538145897803574 0.004292393856543856
7.331018697085652 -45.525284792440466 0.009432795835387026
7.501539594091604 -45.48010562771413 0.008972930307612228
7.523714106522232 -45.47239515783812 0.004753265352739
7.540141510522504 -45.467924623384214 0.004161664488052114
7.419106192212303 -45.49067512636066 0.008500244338109515
7.418923079776088 -45.49121038404628 0.003162336164072753
7.400762471472095 -45.490931810614946 0.0026482970674345956
7.494611588619059 -45.455978704605045 0.009159438154896584
6.567664733218838 -45.91017335908488 0.004807683945099283
6.6431880893004545 -45.89676961313772 0.003375434847066722
6.748683088117831 -45.82731443223734 0.0028768269241049144
6.699338015920485 -45.77674348196254 0.002975007497897876
6.72550006375347 -45.774911122423774 0.002647684753677254
6.526205749135481 -45.766334245313274 0.002890027661835095
6.6973695554813215 -45.76716520955638 0.0035269221179676257
6.706098642292691 -45.66537659866917 0.0054757671825242755
6.826786941550282 -45.63827553051478 0.003864018567346807
6.5389133333570495 -45.70376149427105 0.003295141847559609
6.5737941978242 -45.71866478487898 0.0033399309988413487
6.613679620759743 -45.65910898787835 0.005325633914577017
6.766617243333045 -45.59688121076521 0.003205294804698232
6.804518835486943 -45.573885777833425 0.004063842890342477
6.687380588775824 -45.608890244017715 0.004494557694347252
6.78992915780305 -45.530420350618854 0.002977500510504433
6.530612799105425 -45.629844783067654 0.0034470427506594964
6.571578437976829 -45.61944566427921 0.006022891777614527
6.559336227894233 -45.62849591339597 0.005905331806647426
6.590651739031233 -45.60901958463295 0.0027102720700503164
6.560919392519148 -45.55966775533899 0.0033259381569650556
6.6297781796548945 -45.52678169227014 0.0037838931967859894
6.647395478157627 -45.581051961634635 0.003238058455252312
6.695599521672866 -45.532556454019385 0.014856154066099933
6.647033403517413 -45.5509652793584 0.0034977551492740666
6.696530300980297 -45.48596342253279 0.003491493232691907
6.941136097892547 -45.71470010529026 0.00279230702934057
6.964761363900425 -45.71248694326403 0.0027286511416176698
6.923465989356221 -45.691178795096555 0.005714590430766918
6.913794174670157 -45.65568921276362 0.005682944433246392
7.188836851113028 -45.59038085582762 0.0038440587332297035
7.172021234746822 -45.57721970495189 0.006011210338034621
7.175591044447852 -45.56751537014296 0.002850682959207487
7.070990135889044 -45.59185048302018 0.0028184697605123615
7.067026587317553 -45.59716891206653 0.004525936794018522
7.081297954676242 -45.58659940909709 0.003570330004039867
7.032719679360547 -45.60412718394144 0.0027128693855255613
7.1197596712806375 -45.563625862360254 0.007463698707536722
7.204844120830126 -45.52787072979424 0.0050860634008510165
6.904772172558355 -45.60606627775982 0.0028041250017083698
6.949396931467296 -45.6214339462797 0.004633385493502753
6.939053081447571 -45.59893858845517 0.004566999242953207
6.847255333361868 -45.59076865894359 0.006263575109422903
6.977734739693428 -45.552643481472366 0.010615831696851515
7.153933282569794 -45.47667952820519 0.0027225086270477846
7.154899542289351 -45.48529327128819 0.007484694000422716
7.219127784056584 -45.54848185608852 0.004099207188108207
7.326721364872658 -45.51023179420043 0.004300830081118833
7.359993640745935 -45.43372126996568 0.0037002163653555007
7.3875778292442 -45.465257223058885 0.003127269646789029
7.41102652440073 -45.44769553630818 0.006072925237059904
7.553880051214379 -45.38686699975347 0.005992960491363888
7.486942964146505 -45.385043954541075 0.00811053998324358
7.438727844732659 -45.38749985791484 0.004527884182424688
7.405162772041176 -45.37863617772065 0.008688118176941052
7.400632882016912 -45.38717461257485 0.0035891546329612388
7.462383593601939 -45.35836046103211 0.008316411295630719
7.285368074164348 -45.40268408548344 0.007231797047153579
7.3577459544894035 -45.35567754659606 0.012949425297364234
7.29804383702825 -45.3645036645318 0.002734844447807063
7.341715283582774 -45.32336147319255 0.0035020540903451113
7.461343787473084 -45.33003072865065 0.0029199149360329235
7.449185153654997 -45.27929895724107 0.0032549338708838748
7.449240016213191 -45.27876304606784 0.01788896006752254
7.36733830118486 -45.30202153092709 0.005440767838184719
7.469353786412353 -45.23668829326027 0.0034593987536767055
6.902581261578767 -45.54110468123568 0.003580520706329899
6.83178378017466 -45.533536972720505 0.0032177846796881482
6.989141903723742 -45.426627976056515 0.0027881537229553226
6.969692053896747 -45.415607525895545 0.0034230096195182755
6.955815556646393 -45.41750164985492 0.0034960170307122857
7.041110930494467 -45.46934184732908 0.007990145348358487
7.076650967701938 -45.45049474621265 0.008151866327958042
7.083655028283253 -45.4265347571077 0.02090137054533492
7.045890486823631 -45.42089332951476 0.003529691585485754
7.101228156233637 -45.39289903772676 0.006877951429604171
7.059648948933049 -45.38826832952223 0.003170739804216435
7.013614144348156 -45.39623804415558 0.0034726878263533073
7.16553937954272 -45.31744463304878 0.006094254260509756
6.860920056551579 -45.427876925371855 0.004424059249131167
6.969122802248788 -45.39148314544985 0.008520177640118714
6.8278144214767496 -45.422242903493554 0.003649536484132365
7.018558872862165 -45.37207598701943 0.01577414594295091
7.073466274272996 -45.31618645105144 0.005213353747766269
7.004639975585157 -45.30063646692671 0.0027480878982095256
7.093329986742571 -45.23263919860901 0.016703773007882523
7.347644520305679 -45.24664842593108 0.0028623416471835425
7.221640969618521 -45.30063531074486 0.005420035044957821
7.421333899665231 -45.23907944216811 0.003332866857140302
7.507453554061851 -45.19003954904389 0.01386509116957884
7.3714176064810495 -45.18421940926312 0.003507089383009518
7.495652043298776 -45.10830464808123 0.007071801381954223
7.205165215767464 -45.210370276810174 0.0036894177650146206
7.235790808438994 -45.17850629156589 0.003531069573190513
7.160030406608536 -45.21461218493064 0.002791121708815433
7.323172331762812 -45.1366494862609 0.0041234421369604575
7.438123020986852 -45.08386921459885 0.004704604716323318
7.430519353485282 -45.090651076258936 0.0030437959133904177
7.383290767153599 -45.10413279525337 0.008056194811835764
7.379024215120979 -45.07046515560632 0.0036545961268282237
7.753594574192408 -45.71201304251779 0.005590473647359368
7.7456488765319325 -45.700984584767944 0.0032261051215000153
7.716564650828592 -45.66596288618486 0.004091644795306645
7.728003772391856 -45.62144013907469 0.0042769131338350206
7.896305078750808 -45.62083237740268 0.005350489173486175
7.830608107393892 -45.611480649323 0.004457094833074979
7.841211312758163 -45.59330658079599 0.002901774598166102
7.89256022273352 -45.57110579863199 0.004326905593095625
7.914428377136892 -45.5484961359797 0.014015114158819668
7.900857478825158 -45.53884946207888 0.0027552681352906467
7.619645651908334 -45.58114857463411 0.004126038533873031
7.663057589417242 -45.550354533367454 0.0066218957552234645
7.740308070899936 -45.532057026219114 0.004137400947934976
7.902791630377571 -45.494235866439794 0.012658938198243454
7.87183092531678 -45.50018370832465 0.003301011365439666
7.79072731479198 -45.48379234911525 0.005400501606653024
7.882279403430251 -45.461674595588704 0.0031642783122017956
7.915396214622332 -45.43795662688229 0.003077855521389698
7.926720999521869 -45.42810901226813 0.007661272761030438
7.905859243345957 -45.412318202384114 0.006702181036167809
8.003808881095534 -45.5266444985998 0.0027918012323127563
8.078938191565863 -45.51884986557072 0.004501049712734688
8.005284440509687 -45.51107751913157 0.006606416566973064
8.07230193228512 -45.44057501971348 0.004175650868694897
8.280639390684682 -45.40100864826735 0.00681539928892542
8.220212345487816 -45.39009702303095 0.0037411936162205367
8.184975019551747 -45.38410373143405 0.0038780417441584493
8.015596613482803 -45.45260330999085 0.005135945181169498
8.04140107297978 -45.3522871011431 0.005943170773275099
8.191319950522232 -45.30846862434043 0.011517537093395303
8.230159513110706 -45.313232686631686 0.011907435140977505
8.168401091122158 -45.30552214394793 0.011265332241193053
8.168871470635152 -45.29567289735823 0.004455725416162532
8.126063214803493 -45.30932162014804 0.01521922804708638
7.667237369305184 -45.54540729807524 0.0032678970749125246
7.620199567928563 -45.49271769768278 0.0033553794828172483
7.633896965209721 -45.469959738532 0.0073538700232368805
7.630322386672184 -45.465272074675696 0.004170993515045512
7.726409650309408 -45.44719115349343 0.0037669407964298074
7.690035640817197 -45.43326131152094 0.0026764080940772017
7.811744620820316 -45.42829071901232 0.0034323398661117908
7.865724657093674 -45.42464101961895 0.004011343144106807
7.936040611561909 -45.37791597659149 0.00272000419988039
7.851509424417584 -45.33653436705484 0.0033125483778947587
7.902430091826268 -45.30667846325559 0.002821230203195268
7.613949302056945 -45.46625516563371 0.004029789719727276
7.622068416188809 -45.43308938829514 0.01674377655071313
7.706849376140441 -45.356872416338305 0.004266694908740223
7.704862245199182 -45.3316411249648 0.004225190159232646
7.75669059260723 -45.33801332302577 0.004353705611562684
7.801388949021488 -45.309035347365565 0.0038462092643490433
7.8719291783125795 -45.31502023219931 0.003435768349454222
7.892127115755677 -45.29970643016286 0.0030037298443543977
7.856752226835323 -45.276697825570466 0.009300722774731544
7.872036945150447 -45.267533216760015 0.0032774889761753977
7.864651084780164 -45.241234701847794 0.0160579066769573
7.886095690284408 -45.21942495412651 0.005910375923419245
8.052242692183368 -45.2752923810652 0.012278220674402296
8.134810392608335 -45.25988510682183 0.0038596910657397883
8.18859614796909 -45.18526818244902 0.003569110751921352
8.144434372281951 -45.19438053009008 0.004116268917181187
7.921670007236717 -45.213499502769125 0.0032257426739834474
8.12244123786027 -45.17542504110515 0.009309047141865765
8.105602529574293 -45.14653293444346 0.005416312139911869
8.248556528530035 -45.06905317442433 0.007714552157459506
8.171131536206293 -45.05626679126988 0.0038603243354669234
8.333839151858504 -45.27430229552443 0.003538630811051477
8.401977390925804 -45.26777123670943 0.004038687540794052
8.4080911595235 -45.24219783761235 0.005846084448922193
8.395652499873195 -45.24289935864791 0.0036444167550129924
8.523580632411415 -45.23651024358342 0.006607541806262814
8.638966419848527 -45.15862659497263 0.010463864558328647
8.44515178245763 -45.164208276690886 0.003637234439693132
8.366007588236755 -45.193649775497754 0.004007407711955733
8.594364495064005 -45.08609354655858 0.0035764411619542717
8.37457819535818 -45.153582347509136 0.009226764470484601
8.538701762644733 -45.104323740063414 0.0030543624338461007
8.566029858570163 -45.09440224678262 0.0033013191005823676
8.617393953420217 -45.04339329683263 0.003271983572908863
8.617011462158596 -45.0472641563047 0.003403920391965817
8.62616972914091 -45.02304618279583 0.00366796074897262
8.75348192546877 -45.112798089399114 0.004441612683515418
8.826597780121222 -45.07307775283883 0.0029373268123999625
8.74011932213776 -45.0978544736449 0.019421872314917522
8.654200872563138 -45.11993316122494 0.0027817022040223655
8.727387290523131 -45.09660573431631 0.005546881073738115
8.895506964563706 -45.00780202823524 0.005591219596526412
8.892434871456766 -44.979858657167625 0.004817386814585543
8.730872466129972 -45.02242362623437 0.005199197374118003
8.761206882437577 -45.00664780344954 0.004304017263406933
8.787081122623013 -44.97675489862281 0.00638926637395595
8.786252661692233 -44.97462723011054 0.0030113727047652557
8.717724761573132 -44.97552942587706 0.0038146620570635465
8.726965925695165 -44.94009936356985 0.0031802706014797183
8.842382422893893 -44.94802454438275 0.0046065160070243175
8.903796126992942 -44.93687243154248 0.00412377498276903
8.928123342848263 -44.87422000972888 0.003032445746309374
8.958156490521791 -44.877709504579755 0.0027392638402370197
8.821248218397981 -44.87948853113618 0.005661240300615781
8.88716783421839 -44.882504207662905 0.006957201382970036
8.284953521571767 -45.14384395336961 0.0037467911833866567
8.342573925732676 -45.12319166902088 0.0048479273126423115
8.413348434150194 -45.06927651264679 0.0028273570709154627
8.441215081190098 -45.047226397412246 0.00505195896867001
8.316735438927921 -45.115814544738406 0.02051831649939481
8.302943162695971 -45.10383792737976 0.005028931147519638
8.463046342920334 -45.05820628672912 0.005882030466128647
8.483639881143409 -45.03732941746572 0.0027901096720874914
8.471992486217856 -44.99117879927259 0.006717182991142112
8.315128556036692 -45.038662179895574 0.0036193376420587033
8.376291821310605 -44.95005905535929 0.004361600054852381
8.40545788059696 -44.91476094917819 0.0031853458625793795
8.584165480033803 -44.90700059260143 0.007467335679303056
8.590995085534281 -44.89696597594071 0.0035509174783230897
8.555097186186956 -44.895577668961096 0.0040256875510987266
8.531646832685693 -44.889357946175835 0.007784272391877666
8.433189460366544 -44.89574907638304 0.011127313515867493
8.663240368967566 -44.93762443798378 0.005507812148358254
8.710743747554133 -44.94131756794973 0.006712368097507331
8.764620662913813 -44.90717513290692 0.0032830836977441203
8.707989816254466 -44.91160649855813 0.007482652808179777
8.650739109920933 -44.9153256259873 0.003073977077172491
8.691643877171959 -44.89416227599893 0.00404422788771414
8.6870085716156 -44.859422847876694 0.01022408860641874
8.74858371640143 -44.83459855699069 0.0034925560502794707
8.85501997578133 -44.76767357303866 0.003712813372475238
8.91432794291704 -44.75944370023124 0.003961770826363379
8.886800219486911 -44.735552635508945 0.008544696363030704
8.898837861412355 -44.72536227972714 0.0032242789252614522
8.941844514258241 -44.71005570439186 0.002866839631788056
8.616496836814218 -44.8755409329754 0.003590430459610609
8.605782092145166 -44.85195171771954 0.005774724630803872
8.687361638045092 -44.78307192465712 0.006495187156298125
8.768567058232133 -44.74797683293043 0.004998771552319602
7.696310534439573 -45.2326920600662 0.006186393767177429
7.715328032845385 -45.222473880286685 0.004110842280192255
7.7570047791361745 -45.277368548499254 0.003743287893072706
7.770928461545914 -45.2639239097105 0.003068305118963456
7.742640596516754 -45.18773793804137 0.006464986831668887
7.773218065641137 -45.18083412730821 0.00500705220628837
7.836278632899933 -45.128790543897594 0.01392914468812958
7.568374097083126 -45.23150402594859 0.003652522581519754
7.6905753849098994 -45.16614866815229 0.003784522657189948
7.583734646489512 -45.21116838914171 0.003136265925530214
7.592263657350498 -45.16461131101536 0.004531047130726107
7.693357202057559 -45.14177526984246 0.0033832466823564126
7.727191757738119 -45.17452092748192 0.005083907728335504
7.883421152801253 -45.09345886230083 0.005459412749282358
7.814732388551118 -45.100712490429544 0.006160605292559073
7.85975736336616 -45.066362267452995 0.0035684148220118906
7.714372011615607 -45.10695002664381 0.0031883553941427253
8.044149846535381 -45.10716795781579 0.002650615813421124
8.02881586751062 -45.08955860401604 0.010603471162922961
8.149728538510331 -45.009744569140295 0.004974134502897603
8.0096082654127 -45.00052485703379 0.003538045670179439
8.00647331833163 -44.99407580091457 0.00278223009889418
7.915479564349811 -45.00535568387524 0.0029245804640399427
8.150343425703142 -44.9285513473921 0.004776624310257658
8.152920702352885 -44.904724961159175 0.005891601507419191
8.066660514922777 -44.93119200548823 0.002962163932355021
8.115141271121423 -44.89322471301481 0.004571110971091836
8.162093030282122 -44.877450433542506 0.0027458892042838373
8.146619314993641 -44.86253625665258 0.011123494761432946
8.13732028653325 -44.86311393787012 0.0030662753000024346
7.58289673158492 -45.09261778607742 0.0028662126248611406
7.800644258818628 -45.0365429310602 0.004139373448552674
7.526315811967007 -45.07386316626998 0.010379196869954494
7.596055720500618 -45.00844807901075 0.0036548200573324136
7.55788258875717 -45.025787491013624 0.0029956297820318304
7.644723646623309 -44.980545878210144 0.003041586063646975
7.568316796126738 -44.98608272951398 0.0028057760230974565
7.742228148991594 -44.95583883452228 0.013267984167687447
7.68707328167855 -44.947194009725635 0.012075808564463166
7.8409477241859245 -44.89337759850142 0.005144168427963792
7.842755936015157 -44.88488655171766 0.003561067900277797
7.7890362682580365 -44.903482282495006 0.002810522035174292
7.848836823767562 -44.870429137644145 0.005018937755377402
7.731113606931878 -44.89836212937667 0.00403184752374862
7.970253967124198 -44.934709516458824 0.019685104953081796
7.969008946634254 -44.93676424403684 0.01655281836786043
7.911850660638845 -44.91555140361648 0.004039934088125809
7.934374965036281 -44.880056388627416 0.0037048128951638324
7.981397473150534 -44.87460365865137 0.005327154954932893
8.003616422848935 -44.82194851361868 0.013024019105059213
8.17595137216753 -44.7452897383048 0.0051821051334836835
8.197094301340384 -44.71607631423726 0.004262301084948157
7.909301163206465 -44.83073097654532 0.0026969461167586964
7.868074512049889 -44.80993189383737 0.004794864454052444
7.962188591704911 -44.770397509246514 0.004351308445185535
8.12608945547535 -44.69244060741769 0.0037073911562436413
8.097496605806336 -44.6774083296298 0.0033680293283025226
8.027808523927883 -44.708506344069065 0.0029109072958908018
8.173054025739413 -44.62791079335027 0.00301603029538985
8.321338985394844 -44.95165448803875 0.0036290537418312433
8.250051626985332 -44.93679062306878 0.006932900057894254
8.4183488242581 -44.87225867375613 0.0070243491383935935
8.518532055238694 -44.82382852441687 0.01333394730900567
8.501769160128038 -44.826612416314326 0.003148537604204762
8.564014657426315 -44.796402085329646 0.00581427915965184
8.557737272423985 -44.77110328547369 0.0030532358608749205
8.509763059741207 -44.734670663511366 0.007083628141495227
8.27023438922457 -44.852096385889794 0.005445858083184768
8.307366864704171 -44.82994661929057 0.020774255306966825
8.370491873647262 -44.80614373535585 0.005243206707450467
8.394558776299068 -44.79705082675019 0.009194744582177861
8.288195113846303 -44.79723545840745 0.0028687514977078607
8.259114759733123 -44.784433646722505 0.006674816250642982
8.297525105302425 -44.75466111004415 0.0049649775559187015
8.336203251014675 -44.75201898608409 0.0029940731360069495
8.321593378564422 -44.74713340846112 0.003341624640062697
8.514470554386957 -44.72973384884768 0.004089864828125884
8.503136560549953 -44.71468715573982 0.008678573773799405
8.694296758806525 -44.6896719672267 0.01338303502663617
8.74634185572796 -44.66872738092252 0.003076313948274968
8.60140738017214 -44.67681370795319 0.003735833176760014
8.593759841314236 -44.65901028605903 0.0051082875913849145
8.627531652809234 -44.63752613208488 0.030178243687379466
8.578092146633278 -44.60088991423292 0.021289093120365435
8.770693405778653 -44.55785085397166 0.0033238070114217895
8.738268462315363 -44.544742960382315 0.00454128198423624
8.86724481486145 -44.499572003943605 0.006316167514036848
8.889701415993569 -44.42604389487354 0.007137264139023726
8.864583237026132 -44.41538332039887 0.0035461427130300672
8.332451379149386 -44.71977115097681 0.005348371053112563
8.443995773267458 -44.660213620673915 0.00689021215876682
8.38748461392998 -44.64741438969604 0.005505425240404823
8.490366012494324 -44.62136257843454 0.003206910537053695
8.493044464960223 -44.603741651171 0.0030014501838957577
8.436997193079176 -44.60245293952921 0.0029297869796824647
8.435391019413307 -44.59413149968202 0.015454081726594893
8.401226162500073 -44.5825173002472 0.00354311068442531
8.297495122610812 -44.6087809909295 0.0029591261822108582
8.27032762917179 -44.59272132004262 0.0030427634065180523
8.25048286633705 -44.576805891939266 0.003363522673572682
8.500244072997004 -44.50989154014502 0.00347532660140657
8.48113014411841 -44.49639976974158 0.0030693725839111732
8.432745397061748 -44.47177491923009 0.0055878540555189425
8.471265084492266 -44.45837894140662 0.004775027582806879
8.487584769052928 -44.455132172882 0.005869189468931436
8.437856432040011 -44.4675198518007 0.011313279315174481
8.557961345083552 -44.585228295887354 0.0034614755203543944
8.60212383784098 -44.551084912151175 0.003647710972949349
8.632863042060242 -44.52851011398788 0.0033541971424578543
8.705600820482966 -44.46289109586113 0.0034935283315773464
8.57809403830309 -44.51845968341093 0.0033236110532107255
8.606164425690517 -44.51153637680494 0.0076996251004210585
8.545057063405595 -44.500086559080536 0.0034853872215844127
8.645027186717035 -44.472944990557735 0.003581086774033991
8.738491526085216 -44.48504466985928 0.007088471370191509
8.72554561877108 -44.482510366248675 0.0026711512168744365
8.736301322327877 -44.44377383464276 0.013969141116285593
8.751361206930468 -44.372548252051565 0.004158511478856415
8.792695623089674 -44.379077417757074 0.003033172079400544
8.53401531488491 -44.48088363934691 0.008175157993626139
8.580441796185628 -44.4461613529682 0.004284099654563874
8.564736652561772 -44.43364411432746 0.008336215529626262
8.63255182181023 -44.43563849554754 0.005618659444153876
8.626317249081335 -44.42684435258689 0.006786758563818819
8.604154044370654 -44.401063831113945 0.008883575948480034
8.59948411795264 -44.35795009296568 0.003014441288325596
8.61180998710385 -44.37747882681113 0.003618353091967649
8.76649147229869 -44.34573792604496 0.005710505440316458
8.802807768127723 -44.31146126250932 0.004363084304624898
8.78718765513093 -44.29671019858874 0.009998560288356063
8.768220825741126 -44.25822086828979 0.005172223040860055
8.825618818972433 -44.260194139034866 0.004383887539663457
6.526203518126646 -45.53099920721127 0.002988767036019751
6.574436314401285 -45.48531263688949 0.003708908075935367
6.50110693447417 -45.493998201745846 0.011463387932512016
6.526718396637684 -45.466611288824595 0.002969083828954263
6.659743530651851 -45.471107731916355 0.010748430549207584
6.740006302993892 -45.41232105884371 0.0040697824964674835
6.75267135225808 -45.40373698677257 0.003864107718635405
6.8008413539257075 -45.36095383700968 0.0035783595394203098
6.772447618750775 -45.35105185316063 0.003985576592964964
6.78322461192857 -45.29816824902043 0.0029898117863160632
6.550246330388447 -45.42646580174143 0.01918920553597187
6.530996864143778 -45.43662903919368 0.003035447840679097
6.515463643033285 -45.36497478283165 0.004850915891723376
6.6200827202142305 -45.3398681262858 0.010677383943544925
6.6111932240461 -45.292449778302085 0.021147244966394144
6.654455151403691 -45.28462891593664 0.004803128488604244
6.584389214818632 -45.29657636298557 0.003717955861232412
6.574431679288866 -45.218832440903 0.007455894936767369
6.721536890925532 -45.181173356159874 0.013393512878530982
6.606553446122657 -45.21419820789831 0.005062645110975574
6.73457283024975 -45.15096369171429 0.004247301192869837
6.736627085086017 -45.1329788675367 0.005391749597918111
6.506724355224226 -45.21125875008573 0.004212293361392718
6.53997204178961 -45.18578105203583 0.002735696782305349
6.563782818794247 -45.14545658791267 0.006487504836333059
6.512470227832326 -45.14371647657845 0.003972297524335157
6.661445906507908 -45.10188534464512 0.006863960326160092
6.732292325565195 -45.08385794110289 0.0036468183349484392
6.637873128933691 -45.10018095639297 0.007000214367541085
6.637093119229968 -45.10051072587635 0.007042978532216345
6.619364329064673 -45.08876139421064 0.002737001873046452
6.612516888067444 -45.09113213096927 0.005900842250291623
6.686315659001492 -45.04413825373549 0.0035913731763281484
6.839972180045228 -45.36129104218448 0.003756125587300303
6.928824119212032 -45.30255680591019 0.00497948191754947
6.972103186179889 -45.2769881378254 0.0035686933749038046
6.964044018858936 -45.25865745786513 0.0032702370128583637
6.909942804137192 -45.237385636047634 0.007787688460186839
6.9114308286607455 -45.23453258339543 0.022577979226366136
7.013506290060554 -45.253914936141186 0.007228679497991975
6.996170721334893 -45.21037164192756 0.004717226391406836
7.0769436730299855 -45.165498178158785 0.003118370042464205
6.822104423816333 -45.26687409797666 0.004343548594156551
6.857128283082682 -45.24247727245518 0.0030990130467982296
6.811279496990351 -45.17331359419549 0.00710139482975511
6.93114475726945 -45.10618726928996 0.00305474877709055
7.038644922028067 -45.14823803796766 0.004346373655043714
7.049749551628105 -45.12952284307651 0.015181606817639264
6.9727181242114336 -45.11603284290546 0.005113432172793387
7.025475178230185 -45.097881627480554 0.003128119493174007
6.9715533444762405 -45.09641535780603 0.002722903214401506
7.091694162985521 -45.05411523534008 0.005593260603364255
7.157037782730908 -45.16097212520722 0.012027386565665614
7.295611264071819 -45.05926370768508 0.0307135611531598
7.1802787177089 -45.104019470462674 0.00525304280381746
7.198472126676868 -45.10619634643139 0.0035569532700092344
7.228962577329751 -45.08303077782095 0.003988911212293115
7.181664664395191 -45.087644259413835 0.0040064666279528574
7.249861210863146 -45.048511052187095 0.0038598067796921038
7.382597660034935 -45.03465485192405 0.0056381739362293265
7.451458904338853 -44.99103594866218 0.009444641108754365
7.483897091754138 -44.95104382038038 0.004908366401281448
7.362784908894035 -44.975133791530986 0.009649627295877188
7.435151435603015 -44.965717722395134 0.0027302559335791675
7.428279713242939 -44.97454183761014 0.0028490834477203383
7.470979881389573 -44.95030879958028 0.0027008754955047637
7.137416994894904 -45.07597355797413 0.01062957595572783
7.218486978438974 -45.04334933071925 0.0031922623779779757
7.2980070370725825 -44.96503778560485 0.0051598197987478365
7.241585886657735 -44.93967423656087 0.004711757164694992
7.348809248835646 -44.91274729851108 0.003368628468787996
7.357530554053486 -44.94103369627799 0.0064208660457759055
7.3994063117461 -44.94248810111352 0.003568365399632814
7.419148130994546 -44.90854748333821 0.0036098403046016035
7.4490493233866575 -44.87034330017908 0.002749654356870497
7.3598061240882675 -44.89664215275312 0.002723192890704455
7.331790670857606 -44.895796249382336 0.0030316507922204133
7.420709050878279 -44.87395222981724 0.0028527034649199453
7.445427948712756 -44.854823140889934 0.005923886440632932
6.790537129746182 -45.13866738139899 0.002734222039231275
6.9373642236242095 -45.055496708801805 0.003534135728854913
6.767847494156615 -45.115118591060536 0.0033597590667817155
6.842849541948552 -45.06573363498608 0.0033491970855517882
6.8669346222957195 -45.066995959081446 0.002872054055674861
6.998968109165022 -45.02501273472975 0.009515421036288805
7.085224809633229 -44.99725045876162 0.008705862118490485
7.062263955045001 -44.978049972628966 0.0036577260861332646
7.11331955744526 -44.94019009214125 0.004198860436522117
6.8884063167866145 -45.01813625133216 0.0063725989786317435
6.9005464826411265 -45.01368448343046 0.009121709972815407
6.882940752617701 -44.99248310018029 0.003709064490733621
6.791696676260792 -44.9877051502872 0.004442855000722428
6.798070508938388 -44.98472127272341 0.002820988557783542
6.808005899433949 -44.9737565146371 0.0029982872269401968
6.936202912878157 -44.94417152146351 0.016357975169348435
7.097039948621348 -44.87585325630975 0.003045548918202269
6.935425540602793 -44.94092046855951 0.003106798019391251
6.9485355952015775 -44.90220228260494 0.006017325775037861
7.096121295335865 -44.81897863747153 0.0031683343775512135
7.248916560482217 -44.88619370924395 0.0056762002648576716
7.120197233183499 -44.926548837410195 0.00291873028636602
7.139441741777287 -44.917136511821695 0.002795883490492249
7.134502468467716 -44.88107170401182 0.0027940946876794897
7.13651543193194 -44.89007813935542 0.003361715059121325
7.177139550791539 -44.87678574171544 0.0031651863169860754
7.1803029185561975 -44.87847260633409 0.0027520754399513584
7.226092014083968 -44.873348198421745 0.004014102977163164
7.232651523510528 -44.86370548030149 0.002775607546556155
7.298333436203848 -44.84706921334361 0.0077078897594215195
7.305219398218049 -44.8284047164828 0.002750549306966965
7.371071114625074 -44.78565404311678 0.0032791141451551076
7.395394786541896 -44.77487445983544 0.0032204006054257117
7.114395284170128 -44.88033180586271 0.00360684986013695
7.144511932315664 -44.8496633355076 0.003195014250971753
7.223417645108286 -44.78041563390279 0.0062127648288013895
7.147518393546122 -44.81680731578034 0.003960970971363106
7.1885309306002085 -44.79448352533072 0.006842486033356784
7.155538272261494 -44.76346387139152 0.002747935847635454
7.164251020122717 -44.767758818307016 0.0029229625066114775
7.253954520327245 -44.71594633732937 0.007494120114563738
7.394967269891851 -44.72348869629602 0.00435431947196985
7.395118568480339 -44.72294777670528 0.005432376472362582
7.420024374528135 -44.66667528707424 0.004326700408568768
7.269617423253818 -44.69786189255751 0.0036207936471066406
7.363626227023008 -44.67841966057101 0.004562754579051269
6.544871328893046 -45.05281264815477 0.003169006570318641
6.548160629014919 -45.0099365157777 0.005255107561803749
6.743831271309381 -44.983322158916366 0.004569515234905419
6.605088974921163 -45.00493377345445 0.00419188321332683
6.611381453254242 -44.99638054751151 0.006592528327843552
6.5640551455916105 -44.933004504946815 0.003953594643124842
6.60665561115662 -44.87827235876491 0.002664884369946319
6.676152218793576 -44.86262675663547 0.005039371025457951
6.71722662241121 -44.82427410055617 0.004045099322162011
6.641472781931723 -44.83420142329969 0.003390256830378087
6.656290739913291 -44.803038667440774 0.00761903966648164
6.501435429439389 -44.71210430399225 0.0028618863260520084
6.536504083739975 -44.7629282912753 0.0041778822886159705
6.600016351627951 -44.71301205791679 0.003528591873731853
6.6540770753407985 -44.68216033593863 0.013278975958502233
6.582611540987935 -44.710641862190656 0.0033665697331357685
6.531996141012729 -44.69975770985027 0.002739152012528973
6.669438215958684 -44.65509237680835 0.0039852104423278535
6.772772977401232 -44.88740755079189 0.003915525075762846
6.847974673584497 -44.86605160536959 0.0034241767146221663
6.8560974156856895 -44.848382518255306 0.008782006710401033
6.854139293778568 -44.84523920163713 0.00847338012211465
6.983358882827026 -44.81817196546621 0.004581510377513541
7.042191920978821 -44.79813555689765 0.004239314773862209
6.988017513642533 -44.77412558118203 0.0035942939313304443
7.068000350578602 -44.7060200262234 0.004344990984061531
6.797886445304958 -44.8558264367924 0.010293831135501306
6.828248911412186 -44.83248543164232 0.0039827380169468
6.896571914724256 -44.7924373973103 0.0067826665944615335
6.869098433653386 -44.79980217138346 0.0031503572435475245
6.801802128446976 -44.7802479546335 0.007927898195646306
6.991666006285729 -44.71402834388274 0.003714280041100199
6.958178336124055 -44.673542281602614 0.002866093733759204
7.024970641362417 -44.62225332092677 0.004107047253242528
7.262177779190197 -44.690534319090624 0.01569413682680954
7.183536793026367 -44.70056613086015 0.003143186602086704
7.1226542956836205 -44.682902488087066 0.0027647838542347748
7.218072977998823 -44.66756552357193 0.009868910481625503
7.4103747699320754 -44.56112633774694 0.0036157594473857023
7.35487030410304 -44.569708653394706 0.003898217884302797
7.080448447379032 -44.661469603998974 0.015602739031124082
7.116006466022319 -44.63937510711346 0.00421945043433716
7.1901071987307255 -44.6209794749636 0.0026780545844786825
7.170109223159292 -44.624772053259775 0.014654246231988665
7.191117830683901 -44.613469886108 0.004856845904454133
7.217912334845189 -44.60706658275706 0.03664562926341949
7.23228293966514 -44.60037995633584 0.003031134618289238
7.167786299215564 -44.60010734548934 0.027194571281572915
7.118550763142357 -44.61908236606108 0.0029686584881524203
7.228994278387107 -44.5346246081748 0.002773181278264514
7.275530780212136 -44.56817272235459 0.0027158886467933737
7.385818970569711 -44.51184396833658 0.003862865658168909
7.338670137339092 -44.49956091494505 0.004824102030411442
7.413795943039411 -44.47672303058174 0.005810061502104429
7.295006043603437 -44.49624509497371 0.005367213727130912
7.298807195447748 -44.486402994463106 0.004464513490482714
7.297134690896361 -44.4850630655572 0.00340109383879132
6.852969384097221 -44.69237608515951 0.0032520800679526575
6.867365123306524 -44.66557459668216 0.008941228620713969
6.802280704180109 -44.64535519930959 0.004211929803923869
6.861999501310178 -44.63483366659208 0.009419932365897794
6.892200888345299 -44.66209843936645 0.004353301130575207
7.047289348156288 -44.60259894183798 0.0028370367048110305
6.856742181462167 -44.602560472116465 0.005329547222306423
6.711732532350578 -44.632286210233865 0.0036417947426177133
6.700701876518357 -44.613206372737984 0.0028231730826216305
6.795984240156275 -44.55838329370315 0.004597905749588576
6.957117434730597 -44.52250031620113 0.004069899026775779
7.0417246529869635 -44.49288971675632 0.0034944421051926653
6.976510783571912 -44.50891951796054 0.00283674981110877
7.021653363515035 -44.485538413152014 0.0032760232448761917
7.036966580533957 -44.4627526074502 0.013526941742340806
6.979466528894719 -44.47657323628808 0.00595305122524514
7.032690206255896 -44.434573768450534 0.0029712137049471604
7.19075457462704 -44.51700018761664 0.006223503378068818
7.180002832040463 -44.52748374564332 0.00274616510669527
7.195164968840671 -44.498335586621074 0.005171669279515531
7.194561032860047 -44.50036819477896 0.0040732532679469595
7.164352988269666 -44.48923285941936 0.006148452038222164
7.116971380534242 -44.51256733124007 0.0026971771367155085
7.277552466785988 -44.451049637042026 0.004455619691343136
7.232239771640772 -44.40693224487699 0.003554031188229868
7.315182171340451 -44.34886323562609 0.0029412973700230155
7.148652570080645 -44.42506218174335 0.014711774843485148
7.171624773600913 -44.414913876818225 0.0043190341166789705
7.1845729585903095 -44.39618105791547 0.003596538135176598
7.076310765063602 -44.38946264062902 0.02187825448165429
7.110323429807549 -44.3690118112764 0.0045445680889022065
7.137862343932021 -44.393423748515296 0.003023451522648666
7.134382155840134 -44.349191378884576 0.007465737050008549
7.180942042365058 -44.32299987581371 0.003533217311164678
7.37111408303777 -44.292889101941 0.004141974440656847
7.220008484784422 -44.32461025782427 0.0037703085212123675
7.275669194547671 -44.306763545580075 0.0034263034583970494
7.279329880988032 -44.28003885820665 0.0033143546247824036
7.282145816592359 -44.264891082558414 0.0031412626072500546
7.373829841672032 -44.216440558721445 0.005625761538737342
7.51337289041639 -44.92985680435068 0.003687813922942135
7.690344003824695 -44.868483964407666 0.0029438231390346917
7.807045382129629 -44.80887075802659 0.0035922759407517346
7.744851524902342 -44.78375952649138 0.01662531220476876
7.738637614389231 -44.749947254096824 0.0031601276774999728
7.809965722217959 -44.756707505251775 0.00368150648322091
7.827325094538621 -44.72349260214863 0.0029234661162665728
7.548255614846564 -44.77752611196282 0.004294254847945619
7.616627216702451 -44.743578350092974 0.0038005011616738084
7.601671507643073 -44.72490111260335 0.006436084088844874
7.774989070199475 -44.67386809459992 0.003475760429653489
7.726682236361503 -44.66011988760157 0.004048400964154796
7.718256121228585 -44.66486510523044 0.0030650635581331025
7.73627608407811 -44.66342853798962 0.004005899178097666
7.966552746198793 -44.67306993009522 0.003244340250594086
7.915986755693947 -44.6272906809668 0.003530749811637249
7.83937477338554 -44.59019137740186 0.0077659558928034784
7.907946398860734 -44.557345307625695 0.005367569106594768
7.908215761157193 -44.55761367580055 0.0038573817783813793
8.026773663770033 -44.5478854840737 0.003324624948864348
8.043966280850988 -44.48231225868047 0.002706617962034536
7.472439375738803 -44.741232575288485 0.004814959678669161
7.4724562451844445 -44.744483683318805 0.002673339372280863
7.472091158724391 -44.71998911771854 0.0031629788988170255
7.533062996864593 -44.66595218277493 0.0036061383511796705
7.67890868248451 -44.644756293389854 0.005787229425473236
7.708984132430438 -44.60206371244313 0.002836408770654272
7.684328134851298 -44.575777554310385 0.004117256128045538
7.732175532057639 -44.55865231524059 0.0030028890038516793
7.731799995871025 -44.52385652509186 0.008660106833256105
7.746549994195671 -44.49744084198139 0.01871858817808615
7.759945605374776 -44.48628927391003 0.005212388700171431
7.747593002789913 -44.49698535826405 0.005233013252901552
7.692927452230181 -44.47896121568612 0.008998849521489053
7.77311552265935 -44.43954317436548 0.004703501529825788
7.860999093767579 -44.55882509146635 0.0028922084099135084
7.93622926141343 -44.46000362427171 0.005117489669219899
8.053783899312721 -44.42634710528982 0.003877073592406363
8.085703799325369 -44.431657656818594 0.0042099048437915145
8.085247690108336 -44.40859993646468 0.005631243663220167
8.11065377326395 -44.355431401014634 0.0036300951161462917
7.929621311401789 -44.391222820651734 0.002728396788184131
7.928002887567268 -44.391618863841785 0.004669385277101247
7.890727492949048 -44.36203010546144 0.009998092366263952
7.986805389754976 -44.36543789853214 0.00276091893100232
8.081697519787832 -44.32600264358549 0.0033108979475583032
8.194978965531726 -44.579399573762856 0.003995780927673516
8.290844622336264 -44.45307783412736 0.004758591610773435
8.333943655139821 -44.45181271477705 0.012088240715733231
8.338986097719326 -44.43749136157795 0.01163346880476016
8.313647315902578 -44.43570916797637 0.004948722308787009
8.30421939943389 -44.4241379587892 0.006089320102950493
8.443216810617288 -44.40777081331437 0.00325582493268663
8.499984160568399 -44.366214316477354 0.0027541675027716586
8.380554810430409 -44.419130603375834 0.0027569803745929483
8.359856078108669 -44.39014083817531 0.003603407346344806
8.384365801548633 -44.381663464078606 0.0031204270184471083
8.451672979444234 -44.3841822305028 0.003079318737195585
8.233578771423144 -44.44703732751464 0.004090732391198213
8.17536924819316 -44.465120000679086 0.004706238362344944
8.265014726202791 -44.38728490818291 0.0038526910995581925
8.22716065877866 -44.38739141458763 0.0029736780669157832
8.343798545432236 -44.32137126044484 0.011749557328528384
8.382461987023413 -44.279555845623136 0.003225596057537873
8.435393551122255 -44.24971149054812 0.003054517408377098
8.645415789601358 -44.27424205954584 0.00549125712295291
8.554161371732508 -44.323387363351664 0.008093382940170115
8.600554097077515 -44.27363314657765 0.002924975445403812
8.72216031577701 -44.22781825751898 0.0035553215447652986
8.802517838418012 -44.21767731768226 0.0032940806248615262
8.638220884900134 -44.150597957402226 0.002789820200714586
8.677940533536445 -44.18636069915767 0.0034620582811032904
8.820705237306461 -44.09293258198445 0.0028569670369355898
8.712532887992532 -44.109234869046496 0.0036763684433441467
8.719906253747522 -44.10470172532673 0.004237992507946934
8.809133330104647 -44.01684409094722 0.006828657168919539
8.230305056354068 -44.276032893530264 0.012548459103763086
8.47060922056401 -44.16604992059391 0.004203706726056146
8.412402695366394 -44.137241558169286 0.015676983621587513
8.176124760188316 -44.25923623045945 0.005227608790925623
8.22964653853451 -44.20544244791773 0.009050760850353829
8.221870137307924 -44.212596459649525 0.009116483486181598
8.222501032781377 -44.17420668865921 0.003783353481281365
8.313275425554659 -44.15418208853363 0.005350556071268784
8.435513101068711 -44.088488046283146 0.0071832191212514536
8.44299939355308 -44.078991761435525 0.003333034811447879
8.381965529062702 -44.0863699517705 0.0030239764148704915
8.487645204825505 -44.146836024851105 0.003583354662746982
8.630698643283393 -44.06260290004538 0.00511627605832021
8.544546205564462 -44.08377604226785 0.004230614461551358
8.51960412351264 -44.08066910855866 0.004740484868043665
8.51234688548147 -44.07863240226683 0.036922762955040794
8.628237225731093 -44.04025481312081 0.0026962541999844317
8.735654067380464 -44.03519691688973 0.0027345877225219022
8.502670086293431 -44.01499804384954 0.00324143169680758
8.53460855658103 -43.98658423665023 0.00364625749314722
8.563639999083025 -43.97329453508635 0.0027442381631283914
8.57807782742454 -43.95099399801459 0.0038498889247022905
8.765466167723003 -43.91379066927996 0.009679146196600435
8.756872002248574 -43.87682593581037 0.006966495398963424
8.78392676035762 -43.868094854290746 0.008918703365692537
8.627840695867368 -43.93375068681575 0.0029942289813779765
8.74702122762257 -43.85131054194378 0.0032230057448104695
7.580498871915274 -44.49294214506921 0.006621298157272449
7.593343333535998 -44.46351622472077 0.004472557417338903
7.4588727242853725 -44.493762476362924 0.005243768128732269
7.648943836598908 -44.40907910701901 0.002799390662224437
7.6165418563997855 -44.408527652030614 0.0026433077520099982
7.612951332965286 -44.410024200484166 0.0054204439081890305
7.630399518404729 -44.39672115153824 0.004597731542664554
7.746334362938559 -44.32256643408959 0.0028458335472580005
7.631246404162022 -44.32846460529099 0.0029576275270054614
7.672437624444987 -44.27295157531727 0.005171543173124094
7.905954435163556 -44.32313565401567 0.005190116718257969
7.805716961775652 -44.27947509889614 0.00654115009396618
8.049440542743863 -44.21871046925636 0.004351115027709467
8.047107639677467 -44.21097423583889 0.004375527619977806
7.990306021306913 -44.20703627715005 0.006219706116809679
7.984112098404463 -44.18472366290639 0.0034139542321399764
7.787525391210658 -44.28013787182099 0.0029926986974634223
7.910474851383019 -44.19557060186536 0.002746506110676852
7.915755053096436 -44.16901203510061 0.004514968915208818
7.905920565259741 -44.14166875348161 0.0029399606634988983
7.979739389914244 -44.16313915585041 0.0031980466138705854
7.946249919961512 -44.139298168216264 0.011245316148695155
7.983593495372482 -44.10530176047135 0.009033513223287526
7.98033517491567 -44.10590073221928 0.004425402884735438
8.066877986590086 -44.05251704525693 0.009957828323583013
8.001448813218117 -44.07012973303343 0.0030171432445817306
7.485719718449742 -44.34859302218478 0.0028310894059008934
7.478644874097332 -44.34756112542958 0.0035172443819497814
7.455393438887776 -44.3275384208893 0.003764495996559136
7.45287723282527 -44.30385991471075 0.0028946749285715797
7.51566206709519 -44.23651127699829 0.0029442313966785523
7.631096941377933 -44.26530936118234 0.007889310693816797
7.627604854206967 -44.21920648611688 0.007571747792627981
7.69426836195996 -44.22860908905635 0.007719592661906337
7.577103856031919 -44.230886392483264 0.006007140706227946
7.410969857407749 -44.23750313653617 0.003629084827047149
7.489118981218328 -44.22022377590109 0.003616017841421795
7.518459617712845 -44.200486908450245 0.0038939841515498496
7.534042238993226 -44.12238967767359 0.010780873982735445
7.658493719329355 -44.1137985060981 0.004789716952513881
7.703552360562318 -44.07344656782216 0.0033466562753705323
7.563109796373205 -44.12677609383402 0.011522496758371952
7.591129511221116 -44.10582416516314 0.00614531988905478
7.583597396434345 -44.11126660148534 0.0043320679953750664
7.5690598471931665 -44.09295631232579 0.002916933005600404
7.689799614589515 -44.07003170559889 0.003923647058371977
7.819310956192203 -44.15131758786336 0.004814158830916639
7.749449493471851 -44.109154798012256 0.004600744648358177
7.756832493885301 -44.100345458811645 0.008525533978467358
7.940346750898045 -44.052137296189635 0.004080612255941308
7.958427650764677 -44.0330642459496 0.004917433376424639
8.032421178582982 -44.00893328771596 0.008882405477373461
8.013287794345425 -43.98472404733568 0.005359391148169193
8.060253971562094 -43.9362483439197 0.008205551387688172
8.050616003424459 -43.94539036058152 0.004722243142591737
7.908759876134186 -43.97198462258538 0.0063621564514683765
8.005481733933388 -43.9191646939345 0.0032997688588008696
8.052558120231893 -43.86697238647234 0.0028640307045111045
8.237192561462969 -44.114478599931175 0.0064477969816964685
8.16846573317625 -44.100837450741416 0.006841147348672339
8.215155714219524 -44.05678261865495 0.0031535382615900244
8.30086949431096 -44.07706197590891 0.008411767292190798
8.337041744342148 -44.069292723954334 0.003076069684350027
8.341041574280652 -44.03453076861749 0.00294268011550135
8.423335855871823 -43.99936011845067 0.01082454112137701
8.363075055890345 -43.978928994587115 0.0035518755825341766
8.41727726357425 -43.93700447659515 0.0036101755832578636
8.12783238097645 -44.06595487709255 0.03367608159498651
8.116622344437973 -44.03612591126285 0.0034648988798625063
8.143109182635403 -43.98905353468189 0.002910374285983696
8.172741953858615 -43.95101884767575 0.004231811647972932
8.311911835202382 -43.97148800398239 0.00315688789343994
8.332928587761671 -43.95611097924614 0.0027613181316357696
8.368675412749143 -43.920820061420955 0.003417714450114055
8.283414201887961 -43.920296759596745 0.002876978554637727
8.402311606582254 -43.82069701399986 0.013862360367170708
8.51301099008002 -43.95181649323439 0.010930919213918198
8.495170599395317 -43.96078312526042 0.010340146207073216
8.49459437941125 -43.949229580305456 0.0028273682034310956
8.50426282196841 -43.91955381369085 0.0030898213847530714
8.595643326958655 -43.900420023473046 0.003947517687536883
8.473623812079685 -43.93159608446148 0.003024935784805366
8.451845498690416 -43.92361598144774 0.00511969653803997
8.449041038501552 -43.896989855894496 0.003733879640627714
8.449049242737388 -43.89672199857536 0.005356551621726921
8.526909147445961 -43.84927620071067 0.004030473310354636
8.651928548071764 -43.857027624563806 0.00540031676183951
8.76360579619196 -43.81256309032888 0.009744205504404423
8.694557363682899 -43.8161806803735 0.004139182589479465
8.640324568098348 -43.78423654392101 0.005871633499720169
8.447449095074889 -43.888146958171035 0.0030469526803661375
8.508247554374972 -43.84547702605133 0.0050304736053073075
8.572262169400487 -43.78720167581549 0.012335320689574209
8.467307706126217 -43.82333005537512 0.003016069046877298
8.518943137769327 -43.793297722662125 0.0034364813761778596
8.545254652042164 -43.773221658801525 0.00611006871763975
8.601894426034153 -43.75579938543373 0.0032442504953461406
8.684510611788594 -43.70616248007138 0.0044645238218164905
8.19157666432903 -43.91417590470997 0.005387024176373987
8.216722422846283 -43.90151549845015 0.007062155152860734
8.311358747459295 -43.81895565393399 0.0032424920848660916
8.320337233126974 -43.79786980593304 0.005706425143797208
8.306505215051324 -43.77979338592851 0.017368183927751146
8.384478592274018 -43.75680820560615 0.003645865975189027
8.362754646504838 -43.76012806720581 0.0032934577737640316
8.322371702044645 -43.75597574459249 0.0035007230943047882
8.08511743976107 -43.881233322710386 0.0050474497570625965
8.092309255327683 -43.852198409135326 0.006564028372912071
8.066933114144714 -43.85145587923562 0.00576501291581801
8.174646003030887 -43.83809580752287 0.0038544301484417284
8.200537894191086 -43.7856674856 0.002809234670128828
8.216087230119339 -43.78559428542195 0.003335052190510199
8.129219623475379 -43.78601149397141 0.003727585464991994
8.20615122652262 -43.72978398596747 0.0036923159777771377
8.205149837798789 -43.71454338920281 0.0028816636590676173
8.28438126548138 -43.74589191782006 0.0027399948063422347
8.289849017938794 -43.74147379174613 0.0030096452967480676
8.375430292056286 -43.637338262159 0.004646651693748959
8.413881687795362 -43.778026360296366 0.003965745130295354
8.533046384198027 -43.72287476948264 0.011671797378073922
8.508175454796486 -43.70045979461745 0.0037300467466216303
8.45679900556116 -43.72351853324851 0.012157457208270819
8.468749645969602 -43.71646572851347 0.0035183973070876512
8.482019607402185 -43.68401382935022 0.0060795559499920585
8.462559341674606 -43.67907555009774 0.0043340247752635735
8.489358669456026 -43.68862406720662 0.009614964932251278
8.612837503106391 -43.67079354222138 0.003517888534872081
8.683671802541797 -43.63712981151268 0.002996993766268801
8.623379572755619 -43.59464773718707 0.009309948736289191
8.668063873582518 -43.572195339244274 0.004566483309249673
8.695933136869037 -43.566356776545206 0.005044594297479287
8.469068590292657 -43.64684722655615 0.003223970910887975
8.547169560308514 -43.58668583551754 0.002789903839823568
8.481390822410336 -43.56602599968991 0.006084798900839086
8.495394190758585 -43.54571742962765 0.004408193649886276
8.564486230568827 -43.56538529908878 0.002803597697345572
8.64974192773196 -43.50721482621649 0.0050928964914033455
8.57827477871473 -43.53836132670554 0.0037595914184127216
8.693074302385966 -43.43997082792843 0.002651107385723342
9.2360146818436 -44.84952616260029 0.007180766083262967
9.201087827965866 -44.82866938773825 0.004172652131049786
9.20856911093605 -44.83631565037939 0.0033367366734218416
9.303734627437226 -44.789277188122135 0.003681617999607372
9.312871190294898 -44.7827496711362 0.005731505580760698
9.16623554900488 -44.809548936503326 0.0032733773998217847
9.291250129442007 -44.754055063773144 0.005917620492148982
8.979632195750668 -44.8368089698344 0.004407054026661334
9.010408147060678 -44.788047783028155 0.02253903602017166
9.20110226378447 -44.74473940086508 0.0031492314841922307
9.297647545601876 -44.68680627564874 0.01871895152424048
9.231777578236349 -44.71417622006032 0.0026471336551986044
9.290838462043917 -44.66343108743748 0.004717043101836841
9.145357005559658 -44.73160620699443 0.017539909758202098
9.211749237068531 -44.65619852522981 0.03272034556023457
9.244430918051536 -44.664462928706506 0.0039492812616767035
9.421285910008743 -44.72082257966929 0.005472898320988983
9.451695147739471 -44.68127871702777 0.002815124001906427
9.349154213838652 -44.72049575809982 0.010040457209739399
9.368459273429313 -44.70866785941186 0.004426604280219051
9.480117248231233 -44.614309046903024 0.008792154368424758
9.604949264078613 -44.61971790170221 0.005918821185360716
9.498918238780792 -44.62607141493567 0.008132915491750124
9.548244138864248 -44.59785070243975 0.0042462939468654315
9.643591764502386 -44.54749022768844 0.002833626038320336
9.475807429095047 -44.5699078827793 0.004134915935681916
9.392680238642855 -44.585531790105186 0.003911589481521945
9.463573303792248 -44.52192115051218 0.00380821526563282
9.482995496210885 -44.55398411653095 0.007322423693392523
9.529793335715883 -44.53045139917025 0.005005383465034525
9.533601322983928 -44.508006265413286 0.0026807561106621616
9.103219377155709 -44.71280795889879 0.010520573858267301
9.219013507896443 -44.636498037015585 0.005595418309386482
9.220034603893586 -44.61682365545565 0.0031340125382322425
9.254797621224784 -44.60739594072284 0.002779348459243539
9.267242795358484 -44.57816116640208 0.0035739469324174294
8.9514767002673 -44.63326865881744 0.00968652647072676
9.017605028336211 -44.576495272730334 0.005332376117097321
9.17063794078999 -44.53900378710389 0.004179520258315842
9.193419612655555 -44.526460956495846 0.0029956178835359314
9.213318740710587 -44.472996353036606 0.007815781229769718
9.329079997988938 -44.574788584035886 0.006965504138878547
9.32485875018983 -44.513858396013624 0.0035513152362090764
9.379891862944149 -44.485062408891494 0.010104596239548637
9.438187968406105 -44.417289434369266 0.003473868500001392
9.623286378456465 -44.37398045210777 0.0031094804067896666
9.606231342846952 -44.34446950044765 0.006000507938144082
9.596003442980702 -44.33101477374325 0.010474223329586436
9.292885105413887 -44.45261133517968 0.004673558353574648
9.369139365134508 -44.40784862284076 0.032269311964183076
9.313590960258257 -44.39643223537882 0.003790407342092688
9.325691726818832 -44.36238032751305 0.0060095452498748906
9.5622092154563 -44.32841662871984 0.006466571287750322
9.535403679850786 -44.267235720622025 0.004166839712676204
9.67720284999562 -44.58201668827857 0.002924368549736338
9.7509692133937 -44.53542863559272 0.004662973041323642
9.754562807030608 -44.47301174434174 0.0047311829774547435
9.886433941839966 -44.43824850776401 0.0028277370660369275
9.829060497834542 -44.39596468596172 0.002657811887940698
9.651543765394557 -44.49432207331092 0.004158023740327339
9.684652057190988 -44.46498886521414 0.004874021040187327
9.758116148207725 -44.34857256455132 0.007408829827088256
9.868546262746214 -44.36684360600607 0.0028244473244513272
9.86203679881261 -44.2824230220345 0.003970336758780299
9.946557423792504 -44.23916095833222 0.002993390697084042
10.066283281506225 -44.33033463355245 0.007796676675667706
10.126961771348649 -44.322880563619826 0.0028169086578505144
9.986492150346974 -44.2985886792279 0.0037057527504246704
10.027165265840695 -44.286858815916 0.0046854809298354965
10.092871545926709 -44.275388430596465 0.002958476130177168
10.081530327758534 -44.2577722036836 0.006238636109612088
10.180380456856032 -44.2838660758148 0.0026934527704381224
10.286876940527112 -44.186878190918314 0.0026953812914328056
10.056906308234511 -44.25008464846468 0.006359350976370445
9.998001554009685 -44.25416786469779 0.01717925216929159
10.081527153574402 -44.2092241828644 0.004361171944681132
10.001629347350118 -44.225101773116755 0.003652861824466743
9.987168716697107 -44.20267358599971 0.0030352898499249135
10.267802935413249 -44.08979722521917 0.0038307514056743026
10.138665199218716 -44.100322814583095 0.002916578497407073
10.180004063844784 -44.06930585506812 0.0047069219251218465
10.2873027037991 -44.03300647717169 0.0033373885730057654
10.278136221472431 -44.04921626700837 0.0040788330027282
10.275099595313185 -44.010520135856495 0.004553594455635718
10.284069224278811 -44.01269775871327 0.004770105667142634
9.68427120010311 -44.349291379229264 0.0049476531311824406
9.667111339396074 -44.34167519010537 0.004207639607917756
9.716095473359845 -44.29766784805656 0.002891785492437705
9.75245241076028 -44.297610702148674 0.004745395068696855
9.620466864455487 -44.33406099530544 0.012055825538476271
9.8071411781977 -44.27958397677759 0.0029086089732747117
9.86504051917221 -44.25713600136385 0.004819262856445895
9.849877180971433 -44.25325896523713 0.003199864252014899
9.952658095753767 -44.174843209112936 0.004648003373767357
9.879717455048397 -44.1560842913704 0.0028775348666686368
9.878891171107892 -44.1652725336515 0.0033552623193634644
9.6223762984206 -44.239439214699665 0.015342179854336935
9.702156192831405 -44.23596662756419 0.004922275580311876
9.608317273850943 -44.24178540641804 0.006333408923263234
9.629192324446407 -44.227606120734734 0.0034265923393176495
9.632424054492557 -44.187273339555965 0.008897412682545729
9.637585756352228 -44.19501104209559 0.0027196090933151837
9.84361748943417 -44.148564787876424 0.00695226919134834
9.875888353689229 -44.08746281605671 0.004724609508051257
9.901566442477565 -44.09183616429837 0.005159012553104505
9.865397575243785 -44.06587476596012 0.007313924107868836
9.902603252707143 -44.06069110687878 0.0026600250385222517
9.965695475912831 -44.188033647048286 0.0035447775751738984
10.026934477760124 -44.11790956095246 0.007025249288158263
10.194631653340466 -44.04242652946768 0.006931043820466787
10.249072172889363 -44.007779899265934 0.004735044606341903
10.188731864084248 -43.987938992151534 0.0038157402186613657
9.984567765908894 -44.052698377352606 0.00456332572805905
9.9966945329251 -44.03929127959559 0.0038541736206695026
9.99046695523697 -44.035143689725935 0.0028343812057951456
9.982942089986151 -43.99431285434358 0.00312458119457472
10.13028451559616 -43.9320816516144 0.0027493890243397725
10.21857133454807 -43.913738671472224 0.004289103582235661
10.153092521887707 -43.9096936354611 0.0033850246033832023
8.936085228086746 -44.49239822629356 0.008027689839927092
9.16362435561188 -44.444454421698325 0.0031096339892197045
9.190414446006136 -44.41953042905129 0.003721100885143831
9.211781044000665 -44.369617346760414 0.004236545251996443
9.219373724238173 -44.35146896024095 0.0036004283243966837
9.16926558759368 -44.35325454779056 0.003354745157082637
9.217778915889609 -44.33723876447832 0.0034693504748200803
8.921744292181087 -44.4862660282598 0.004871128928884737
8.987748253614772 -44.4469892792384 0.005320203990728644
9.022807275499591 -44.39963866965838 0.003013136800059477
9.037758110915796 -44.384263697728606 0.02094490643467739
9.06142971824417 -44.36232895027601 0.003708224078891111
8.918186023434043 -44.41196825835371 0.0036304346584747345
8.919915258462412 -44.40742493308962 0.00466982525563038
9.061650116038717 -44.33861671707393 0.009154551761862192
9.193631340645435 -44.31117942682658 0.0030110880452355955
9.196867803542473 -44.31426072023043 0.005394169196058691
9.15414523461726 -44.32419333617163 0.003972569735080856
9.227509240346391 -44.277333724244585 0.003389177149270505
9.105935178966208 -44.28449458443842 0.008143071903068283
9.39591366140377 -44.30177587943106 0.0034080523296918567
9.279188905316218 -44.29664589538757 0.0062006089041605665
9.33963440123782 -44.27930547892183 0.015401785639004507
9.477369109354898 -44.248146526028954 0.00501295838820388
9.42821690356716 -44.24832915395289 0.00698736233671637
9.470565173372403 -44.241066726271775 0.002950769288009089
9.510185187117882 -44.239118370486 0.005413865032448795
9.576097374459998 -44.16736631086814 0.011196237429364955
9.473626237210006 -44.176064278894394 0.004911587999900129
9.332163184143049 -44.22645151695509 0.005960978488926413
9.475716013808755 -44.109653759519304 0.005947753340987575
9.525022769737 -44.091565902157235 0.008240939761713143
9.53670596888422 -44.08332016420385 0.004182145032368875
9.427230293237288 -44.10223148074867 0.002982823902618735
8.892142852006323 -44.39016372605279 0.006552246908873552
8.9553136679043 -44.344825535561576 0.004467471849632649
8.88862455667743 -44.3234453464385 0.003187190847596681
8.93552701879062 -44.275065646112346 0.0028022792410941416
9.024380782514742 -44.23299964307964 0.010959180240204362
9.188773922320262 -44.16675136967511 0.0029648639849425493
9.098065146324526 -44.192785009893 0.0033609809787567943
9.196687570862212 -44.119921528467145 0.008965579679889054
8.869626027336102 -44.25479665059583 0.0065367648114887985
8.881867604652356 -44.21926449675483 0.006006335533070835
8.940796586267842 -44.18526999021047 0.0032922723500388995
9.065966532117686 -44.148207027595 0.003602701244925381
9.196179790527616 -44.07797824938144 0.002892068362842254
9.142633804565587 -44.05741163989624 0.0054213330675190645
9.15423326996206 -44.050614533456546 0.005985156483242832
9.247381375905285 -44.153502041920575 0.005596417353827531
9.210887158187347 -44.1268243755156 0.0032550261701891152
9.326552616265417 -44.03525387620845 0.005247648830519283
9.436243261409462 -44.06248955133222 0.0028507355368524445
9.453503498735964 -44.000609142730795 0.0029874392982215158
9.378975783647844 -44.010461453679106 0.00445995708285898
9.420857358352436 -43.973675403633194 0.004735375301121194
9.479453744111472 -43.964940380676225 0.028202159120849092
9.509225046936155 -43.919227745034725 0.004796241854229655
9.2469183541847 -44.05647990530447 0.005801643178091239
9.263639351990175 -44.012060182432144 0.003250296982162491
9.291574587989162 -44.011287212665955 0.003999768212735993
9.188892251550724 -44.01458903081513 0.00362742364531498
9.386271097876822 -43.972316727477406 0.0072906217960217274
9.424383490853517 -43.91501519892669 0.015587708823065573
9.4151168787869 -43.88312027243017 0.00406868201892133
9.504882093252636 -43.85494081090863 0.0028725470090246595
9.61756632157182 -44.17100809280531 0.010509141257908137
9.683423331642524 -44.12858591908334 0.0028422278433485825
9.696766399595123 -44.10411086995263 0.003888468987757705
9.690672054537842 -44.0862530792807 0.003157111532238436
9.728093220082933 -44.08075789973064 0.004405170169171705
9.612441926952169 -44.12587157042503 0.003291981717402173
9.597686338474466 -44.11571828846933 0.00291192100779567
9.622849443493456 -44.11401881126878 0.004954135315940819
9.605950891803754 -44.107267091508355 0.0041882383064246855
9.581467784149773 -44.10521232608721 0.026008247396409476
9.759657938529992 -44.07564064851838 0.0028384565108948065
9.84023485376566 -44.00764598625464 0.002729237215429698
9.885584464819416 -43.97210557483231 0.0029643386028631183
9.849676504723702 -43.98558687488941 0.015188293804974162
9.852227365750924 -43.98324624920415 0.010529944923176831
9.677709383929384 -44.004393264302514 0.0027027185014906105
9.652858587782044 -44.00810160021883 0.028793849484710757
9.611574004419309 -44.00602711409315 0.00655524321410478
9.566530769948583 -44.01645978956469 0.005464676903907669
9.63416730446175 -43.952856218822994 0.0043393200656974005
9.684798100493952 -43.94967418393948 0.006348012081295438
9.789452059446694 -43.93170622610828 0.0026467543444626588
9.791226781119946 -43.92152228609786 0.002665017833964102
9.8147268445945 -43.92927092033833 0.005461002553623468
9.88391208076739 -43.900939174798346 0.004269804883638999
9.82090031142278 -43.87137721485544 0.022222431497066753
9.867847552689954 -43.854231664847134 0.0029724548703722845
9.861830901864762 -43.84453194660976 0.014060923797764045
9.874181987659115 -43.842608199999006 0.0029282471523443565
9.965487100374682 -43.94706827202977 0.0050302135136660155
10.073534247819332 -43.884215719450005 0.0027727300846137498
10.029930493957094 -43.87994856114997 0.006472030639445417
9.972713920755252 -43.87481801709558 0.0028841192923385046
9.964326797215223 -43.88439469177167 0.0027244875936169545
10.184866633517766 -43.816398454670654 0.0028386379828396883
10.192271096779526 -43.817617049693 0.0028834373162561376
10.174141613067093 -43.76671288954584 0.003492550380739289
10.172892158597415 -43.75923414865023 0.0067643759941162385
9.977888233737795 -43.853380963208345 0.002775103815976813
9.953337819188418 -43.84917306155955 0.003123212647095029
9.920476162607256 -43.83656469985274 0.003720538257178353
10.054555439521758 -43.80205910175654 0.0030213240631744086
9.92606595119342 -43.82892510687705 0.003889802576184705
9.938747417057767 -43.770489420785246 0.0028576719675973247
10.067914922105366 -43.78940931820696 0.004252367150953081
10.16520532959326 -43.68063700958667 0.006268191910664074
10.158689373726206 -43.63660854018218 0.0029358643449082767
9.673435484565005 -43.910947555289425 0.002775576486117304
9.736908298697529 -43.86073411855013 0.008315367823010586
9.768175504922512 -43.79918031311077 0.0026801786888042693
9.804703782711275 -43.74653013434354 0.008530632336602045
9.53699129311378 -43.89941105018847 0.002979722769469214
9.68753847809411 -43.78693916712139 0.0027029375061553397
9.646604362729883 -43.79067583658076 0.002665672732899307
9.663557599082502 -43.79315624247979 0.0038651986538739674
9.671204007408631 -43.769977940491216 0.005306599962481485
9.549476144125586 -43.80982435405704 0.003174309432471967
9.525835142903974 -43.80503036838969 0.004693489975424139
9.629545900063722 -43.75548584937786 0.0043356496861204075
9.712397759842704 -43.784219092174204 0.0028053305720606835
9.701337903167577 -43.79784491851203 0.003789960290210043
9.843259582758307 -43.69241292992464 0.0038901779654629894
9.759662238417173 -43.707571717633925 0.003617682171517865
9.679916632143806 -43.71223324387171 0.004169567698840857
9.788000741160085 -43.68123197446256 0.002836886297561408
9.826258733667135 -43.64857561147099 0.004597928458908172
9.891220782405084 -43.77184072613552 0.003412826572904241
9.968494576218175 -43.70575283717178 0.0040383430119153
10.021534591322514 -43.67765932341055 0.0029246941041072686
9.863033829318669 -43.70636019272655 0.003147072584224782
9.903573332521448 -43.701534751306035 0.0026564894140772405
9.925017544244538 -43.675934922628926 0.002963124160471424
9.975050124161394 -43.6355344626183 0.0032293466747074034
10.165325357694648 -43.5787659006556 0.0033027275914590984
10.026380416564605 -43.63049291312423 0.0027860982957854637
10.14810509071836 -43.58039495233756 0.005493344742306407
9.863053967351078 -43.64807278583779 0.009533620048263962
10.010177362003086 -43.59510205144618 0.0064590377027254915
9.932528827175911 -43.59218591025506 0.020121560306057988
9.975856994463626 -43.5352818487919 0.005992603238097041
9.973808594033674 -43.54193394614099 0.004397147657666988
9.978264888782157 -43.525266621056446 0.003421221791564838
10.02725512875936 -43.532780639097744 0.005135522302578686
10.07200282603582 -43.50346717140667 0.0028687137472698018
10.145694869489263 -43.45386511961846 0.004812509996350347
10.35223017092988 -44.08556760187936 0.0037943933422261342
10.374102440719328 -44.06182210629724 0.003855171605687193
10.452397945590889 -44.0527593009966 0.0035497515673428783
10.481648088313596 -44.057516068984114 0.0027989408113045715
10.540076102925063 -44.00923572087554 0.003800370949361988
10.353213960089144 -44.05711068517332 0.009237438172480218
10.344350359020163 -44.03531414960041 0.013099572855287032
10.353366788639043 -44.003878893533965 0.004636609968752567
10.447939251112947 -43.956601570833755 0.006249775534685059
10.49815743834414 -43.9576440814358 0.003534814473888136
10.52179883939598 -43.96615898999634 0.0035756178330777232
10.50322223567613 -43.940059384483725 0.0027665821759534697
10.569930209806316 -43.92058768179743 0.003062087697359933
10.581428044972329 -43.87115307230328 0.0030563551256783937
10.672046781421235 -43.94967204653414 0.00986171925068521
10.792752588110174 -43.84427265551448 0.0037589598728557548
10.878803096848252 -43.85674894889028 0.008086452030408066
10.894120798501667 -43.83396141021303 0.003793978448886456
10.945697004252128 -43.77830060888538 0.0069360840887711574
10.83643804031282 -43.812592539692815 0.002807521492520052
10.903262183311403 -43.78066830756407 0.0034522149949723986
10.932567653007531 -43.76428345958204 0.006328314577770113
10.960747968783911 -43.74770597241202 0.007528535274727646
10.879886405621122 -43.75719163272314 0.003706424130143714
10.946972540346351 -43.720131285067055 0.009532235528210765
10.6465086541531 -43.86074772278296 0.003151775023632475
10.689059690517544 -43.7589922877149 0.004841561686848387
10.737915439514742 -43.75715423277812 0.011138365619730783
10.70401624334701 -43.74800057127292 0.004120201393073472
10.840175646203924 -43.71993064070825 0.002817274209783926
10.909643092711145 -43.707989574719605 0.002800211466272846
10.879884045564776 -43.65050925936148 0.004374497217424184
10.355610532181377 -43.938245511694646 0.0027438566895660924
10.283489212219036 -43.9601840297472 0.0034327695139210104
10.368278946055565 -43.88121350601295 0.005774452584789435
10.432066889839067 -43.85697153338207 0.004412700070421749
10.396988639054497 -43.83978776703026 0.007305533298743875
10.564161919642576 -43.78551494402788 0.005006395951650876
10.45258340156976 -43.82074069016016 0.0067101463078330205
10.45657989937862 -43.81640770426084 0.0051830985875144
10.287940781063968 -43.82424146072226 0.0049114197196652365
10.307399327980612 -43.812937964023405 0.0034447488166245706
10.473470543788826 -43.72064510622666 0.0027865672563692906
10.50015303074517 -43.71017004695835 0.004074090571522727
10.417449104178804 -43.73479250588783 0.003611823003067125
10.650855552908784 -43.754680254034064 0.003098082293472753
10.60387482016262 -43.72848753495691 0.00342046798310529
10.743369019312128 -43.630784666981086 0.004121322495562258
10.863970805366138 -43.608550616859866 0.002670785161045999
10.768611091763486 -43.62631589343883 0.0031333199552821826
10.79987251635368 -43.609662093947776 0.00995352254820272
10.778239459660346 -43.60517684535294 0.0034533534026325195
10.883952416927425 -43.54862724178111 0.0027489651531989435
10.63225790263596 -43.667712176873096 0.004329073850771681
10.70167976046607 -43.5795776158925 0.0039024729336876126
10.705281099745491 -43.57453017043395 0.015291742794334031
10.698873002906977 -43.549405528529064 0.011134063134976783
10.82732516763043 -43.51488739764644 0.008522678474576693
10.850108766752705 -43.496405262096445 0.00306658244103534
10.772097980205114 -43.49554215860032 0.003457079641672862
10.798818700720428 -43.4886685356512 0.006619073819707487
10.851041461288638 -43.47763040248941 0.00881350062443063
10.864540291130435 -43.47636769760463 0.00366887782320776
11.030278542398364 -43.7308588886132 0.0027834895143234476
11.212524570163248 -43.64386233945285 0.006645829261845542
11.204742671277677 -43.63938905680112 0.00393691537496774
11.238648345218516 -43.60259534759986 0.0029971398259618686
11.25426359889692 -43.57509529752294 0.0034416922161522603
11.128602147635464 -43.64654707840553 0.003128711075879246
11.192384853256996 -43.590949037620994 0.010265121511446906
11.175542536910363 -43.58986752258711 0.006583047891983078
11.273737967079128 -43.5458278542848 0.0031619018131522863
10.997000923070162 -43.606075916674264 0.0028987939725222955
11.079810013545536 -43.56103218966984 0.002947607308124688
11.092711043669295 -43.52181537551629 0.008617120570351817
11.091404945133258 -43.52784059691598 0.021923962048576277
11.145074033475431 -43.56852881586716 0.00644946031247119
11.199560141264277 -43.5463165983454 0.005784833714209614
11.215626369240034 -43.53127994756176 0.004439018087336438
11.308285891851073 -43.562388328795784 0.024130264818514997
11.277577794984534 -43.51969644046216 0.0029686046583788143
11.529124917937658 -43.45282417907366 0.0029979918964313126
11.508049661360724 -43.45469499054138 0.005657957483135278
11.508979109383262 -43.454904780984435 0.005056177417555045
11.55302155829156 -43.42474704036154 0.0032923785578806487
11.474528218750534 -43.41825426483431 0.005853493219480891
11.511576176890038 -43.38332508322571 0.009008915420882816
11.337400678858726 -43.39490478480078 0.009938177624870207
11.385190478261018 -43.345498007752695 0.0033450109179077704
11.43048284538282 -43.39870727970542 0.0036801280026312988
11.427923184307533 -43.35527664267956 0.00397851870847722
11.4911868964942 -43.32034859395182 0.006782595144011391
11.524880432022655 -43.320377786372525 0.005614800302225034
11.582352983286189 -43.303604299260755 0.0039009230603892957
11.55373671856278 -43.30298501433455 0.02138109012349263
11.566742105305776 -43.28775369265705 0.002991389876771321
11.423901732826897 -43.30993571944512 0.004017265541905587
11.551545098766471 -43.245131945582 0.011911934854238936
11.058818469703075 -43.51782251127482 0.004075719944431279
11.029744048207464 -43.497734402862775 0.0036721881905520232
10.926889810006193 -43.536696462560286 0.0032729396667736973
10.9672020656476 -43.52306919101636 0.0028954177643691595
11.03393198676759 -43.462767901915875 0.003181735470865552
11.090720905504156 -43.46382985211967 0.011491549036622493
11.236825622459818 -43.39690314602308 0.004449792550386786
11.07151797289896 -43.407527847933544 0.0029919377239839683
11.041100518751184 -43.41883959328202 0.004901751773213631
11.026700692636126 -43.37788389930954 0.0029324622805667515
10.90207434511192 -43.44792944942488 0.006528381638262753
10.93813761272817 -43.427757572701815 0.0038318468200242996
11.052239234657936 -43.33556629645718 0.00540696638540209
11.10487397060768 -43.37357815759062 0.005509207494574868
11.11253901697306 -43.35874394273378 0.0033956056271434777
11.1360406563063 -43.34406147086359 0.004960833654452038
11.080230526237877 -43.34820829312377 0.003072372715174943
11.1072217352737 -43.31806615644097 0.003487533553298466
11.08411152515052 -43.28519108914929 0.012205132249828865
11.357072772429648 -43.25728160474967 0.004838900751874937
11.517052300727816 -43.21063451438629 0.003340399727748149
11.412385132398573 -43.1996714877728 0.0031884792836804196
11.2394427870084 -43.290277289597405 0.004747860603169228
11.366197364529867 -43.1689602566149 0.003970598275396367
11.224806840279298 -43.241342482340194 0.003124515364549362
11.308163923132064 -43.185911194373695 0.003739808803598627
11.287831753812808 -43.16597167966387 0.0035819468685335644
11.438644814400387 -43.14782920135524 0.002643595078073591
11.508153739422932 -43.082317819642306 0.002976745457831657
11.38793499617578 -43.14095989101965 0.03690778249963637
11.50547735777845 -43.051924700433 0.0030482617014574516
10.295394300881076 -43.74671786517636 0.006471048049701948
10.289591036419662 -43.7442973805537 0.0029652859143918424
10.305630642008817 -43.72522357497509 0.008700730555450129
10.33535504612468 -43.71310551652718 0.005569922527980487
10.269218325672712 -43.681491601636075 0.005339984969479851
10.528461088431596 -43.58165987017413 0.004719610456063258
10.394556702682674 -43.63599996722011 0.002795019740974442
10.412421671173616 -43.6201771392874 0.00399168580498379
10.470948714118084 -43.60432853659603 0.03480985374772206
10.50728544830326 -43.55685062637531 0.0030998757709417785
10.246050789332733 -43.687097826479665 0.0029689977919905115
10.225889311559316 -43.67144971082491 0.0030837544174162393
10.359339707426344 -43.57695036613808 0.0036667394374865557
10.28518983721434 -43.60835537561789 0.0031862031277523103
10.223247473126106 -43.60666837479556 0.003421983684946456
10.368038785944218 -43.546017047952745 0.007058320336831321
10.54109223922771 -43.5048302279226 0.0038467490448009234
10.482200582520782 -43.50592273596215 0.005662657696225314
10.500129862321073 -43.499884159465346 0.0031509549907462837
10.377937865595152 -43.500325186223215 0.004843842792457897
10.442916300848104 -43.483651889082594 0.007145245245331985
10.49306150239884 -43.4515200387907 0.006705495333556633
10.597450080086965 -43.57614843957236 0.0079776090521645
10.577774313828163 -43.57553071848317 0.003951725001297297
10.655124672232684 -43.519190259718854 0.02151349907088091
10.561968844351377 -43.50816324179666 0.005059992692174412
10.699001959136243 -43.421412727794966 0.0038888814540250596
10.767597168583638 -43.467008573736 0.006927154588865504
10.747104852485124 -43.457627595223634 0.009201194891046403
10.72392706403643 -43.458739767341896 0.0035421210560222546
10.86237263349687 -43.4130536200102 0.005432140254304446
10.5467876733811 -43.472623647764145 0.004018435525604055
10.668036618691248 -43.38291922296341 0.011714469058810345
10.543484140165951 -43.438830596469195 0.0043733504452339875
10.558405419522243 -43.41813049830079 0.003617228130565836
10.585576562062167 -43.37658354219734 0.014750447277504831
10.681733313350945 -43.3496641257797 0.005045622906310898
10.629398462608131 -43.3569424973012 0.0030629592900626766
10.840701640426287 -43.31085952830512 0.00872634933202809
10.84273384180849 -43.29483679723021 0.002933317239255954
10.806902434420474 -43.29994876849175 0.004642862153015776
10.722730521651949 -43.33009554206457 0.0037194489696001165
10.247857504340445 -43.544976697431494 0.003736921196426973
10.21533411510794 -43.5369310549932 0.002800286228644319
10.221960863516964 -43.521367088503105 0.003023736411060073
10.183254414962365 -43.511418590404425 0.0027192239055850724
10.430936682736988 -43.43021127274057 0.004256247357422013
10.422578247366962 -43.42369708637483 0.002661033730731875
10.456350636736625 -43.42478522504375 0.0044096226293694665
10.355257886760471 -43.436710962059344 0.004076931031137965
10.416579282360598 -43.39394225003312 0.005636686546986758
10.416307364255273 -43.39321902388683 0.002733418878785102
10.40586501206842 -43.38315106954592 0.002746178670161873
10.478148445040036 -43.36723459452894 0.0027268299136590565
10.220266911990688 -43.48020535395344 0.003488325153858882
10.187333291870209 -43.48514254362005 0.0027794152727718914
10.32531432994537 -43.41057713924237 0.006999340633350075
10.191829759742973 -43.40358562899323 0.004907803766880542
10.178298863191625 -43.40387092290353 0.008378291562235405
10.243523455455934 -43.36895166968273 0.003844379118382489
10.3078603330815 -43.316577026770915 0.003246251584493971
10.486839440538615 -43.31746865742309 0.021639363765429156
10.487598674618573 -43.3048013747365 0.003654315665021715
10.490753679923635 -43.28556383203445 0.003519220222932729
10.34174976784569 -43.337206411069374 0.003225655550033783
10.635459028008045 -43.26010037985158 0.003691706698905209
10.660042669295768 -43.20964684105149 0.004754652644115007
10.72669026753589 -43.24250392935217 0.0029207835879053274
10.731260403295304 -43.22364681214608 0.00376276542375027
10.79550445379661 -43.2165629036211 0.038298232790153285
10.713973468718486 -43.2301158145627 0.0027462139544587286
10.779561100990088 -43.163051241475934 0.007057999278303564
10.503885560171472 -43.2651926754948 0.004920680470841958
10.646935031385114 -43.186202730379485 0.004651648656515032
10.533649061271111 -43.21310253644102 0.003383681287321474
10.52006484383794 -43.18569973765479 0.0028803237113403635
10.597473561123964 -43.1537990865934 0.0029003250234481918
10.603370813629802 -43.1411912618886 0.004071695899389916
10.73212926677322 -43.14505947973356 0.0029522256186851645
10.744454203686946 -43.15272406518614 0.0056055956777211514
10.69177805358348 -43.103849232264174 0.020979422761187035
11.014338201414803 -43.31660455428225 0.00292483189229806
10.927018529672615 -43.28146132582249 0.005015840636466198
11.10745524963428 -43.24691082300007 0.007965772237382502
11.120108218227388 -43.24392984178458 0.004426699072721153
11.194212983914516 -43.208400009536646 0.005043369754537895
11.178584620689527 -43.19977096439961 0.0037739055308220635
11.093766808477609 -43.175617793476654 0.00362392682397751
11.114933439703346 -43.15352332730878 0.005379433208129216
11.0032751951918 -43.18033267113348 0.003567702638958886
10.872632738065583 -43.2389878685102 0.002788574390544398
10.951844831146389 -43.177739010651415 0.005856243208993742
10.94442252561974 -43.164135083182835 0.008705314278867126
11.05102700815061 -43.17363714014759 0.0027801184481480185
11.09946825213539 -43.13596473501484 0.004040570275451215
11.120117064531891 -43.05931184320248 0.0047382259248855705
11.09855972849418 -43.048695410381455 0.002849238241190921
11.249507515423712 -43.15138202325243 0.00452654054335593
11.21309930973197 -43.10166085768817 0.004637807511353318
11.225011355997266 -43.09274508608879 0.006763090432407136
11.476857158929857 -43.00015854475419 0.0033258352316021273
11.40986983779884 -43.00086651224297 0.005330574281482236
11.374902402299464 -42.99455409862595 0.00609632434135181
11.476248108632738 -42.9413060473322 0.0030195959528453767
11.206859362212668 -43.06656992362083 0.00592966706561567
11.200288361602578 -43.04620040987355 0.004525470201919418
11.206826980965731 -43.04419267663804 0.0058116367934072845
11.252683738722292 -43.012165517915975 0.0036860142055519796
11.227505192564983 -42.98841236056054 0.003481230418064007
11.20614190203543 -42.979943200983506 0.0029684580412789093
11.22334344008988 -42.98053168941366 0.008356543141619552
11.2275145853433 -42.98008616592998 0.013503805984562573
11.270167531970468 -42.97805179762557 0.0028509900696861066
11.456373970362652 -42.88233708240331 0.012833595585764072
11.328820157488773 -42.947709057625296 0.005228614580195764
11.462522809817717 -42.8286409423034 0.009512935773390074
10.835670274293411 -43.16696637031337 0.004463787118876058
10.94838928263588 -43.10005225051241 0.018271521345756776
10.951579728671373 -43.103532344148555 0.0038302026253203567
10.957540299985736 -43.096168288468384 0.008028980342327787
10.84245386897944 -43.148927190012934 0.025224296407923077
10.836581840516857 -43.12941963793978 0.0058610619881031955
10.904838290022736 -43.062948184407105 0.0030506955574479758
11.063570775623289 -43.05949998919057 0.003434791856904691
11.146446177527013 -43.01452442389469 0.006362521012396264
11.114209469614044 -42.9492717267919 0.0030160105031555575
11.102897116697925 -42.939894794708835 0.0038696826885586655
10.855449375928371 -43.07690748735468 0.003908395500325529
10.828395915096328 -43.0821751705179 0.005654596494548925
10.82831144809968 -43.07174794548442 0.006361238659103419
10.941853151788363 -43.009166545069334 0.007859568250707867
10.816275933524487 -43.042805186029106 0.002757889520628702
10.851115273190278 -42.99222877474417 0.0034349592528632694
10.992623329709708 -42.988204014497704 0.00759367961059654
11.022442443539187 -42.97022479270465 0.004379463938524866
11.3093314040076 -42.88575234806709 0.002788571693755179
11.268751104906649 -42.8528128443303 0.0041601636944479685
11.291288952887328 -42.821399515901554 0.0030689570435387037
11.42014731954438 -42.79772836990682 0.0028151963426540773
11.359715352004102 -42.799069325929146 0.003276816521243675
11.345710361685107 -42.79046868954773 0.003773349906391905
11.308643539790364 -42.76153516417886 0.009797718096380257
11.36781997739907 -42.72561560489957 0.003027063800995235
11.33479850193784 -42.690447197233695 0.0030001296606548752
8.972386275203673 -44.12975656643883 0.009509273634046429
8.973137526201874 -44.06103037546277 0.005029406568083121
9.03747029285608 -44.08506122995318 0.006441568650574715
9.04312509387722 -44.064985897260875 0.004235947995086354
9.024448525806523 -44.04417459778673 0.0036696961361353956
9.127864992571276 -44.01710068814256 0.015572749031416743
9.163880489473517 -44.00812075590216 0.005095104545206731
8.995946417523895 -43.99017795916651 0.005696424945571794
8.995439780340059 -43.98961063457217 0.014593062571270365
8.977233381816681 -43.97677966339917 0.003092399394883295
8.83021488273227 -44.03803458693051 0.004430970356860447
8.83163252136783 -44.00846702941039 0.0031383160624523063
8.82975594870611 -44.013596133413465 0.004255815623943982
8.908452492666404 -43.98708298571046 0.0030793076762017156
8.979279869806598 -43.95748958924967 0.006373875256487808
8.979118395158656 -43.9577382195555 0.0048074416820346215
8.940179152339153 -43.95128284042128 0.004509644939007956
9.015794879222344 -43.98659370469658 0.0037364657407931634
9.04326503156248 -43.93538986691468 0.002748155763696802
9.082355246612671 -43.93125635021489 0.011263046953713284
9.021290949877343 -43.90798996553256 0.0063930744148754095
9.032106844036614 -43.91041885621435 0.003398503680711715
9.178350543363564 -43.95586713088014 0.011969543423337363
9.234575055914494 -43.9317185559913 0.004312482141462845
9.227023404969746 -43.89906145305975 0.00921695621988969
9.18991167880063 -43.895124346107465 0.0033529025384162535
9.314900960640848 -43.85266968433024 0.00369338405233596
9.398135592702491 -43.85627438118854 0.00961954553202874
9.362243856401882 -43.86197015697939 0.007182327258564022
9.362887427761692 -43.86160969921839 0.004638812776118961
9.462423978828138 -43.800564541161194 0.0028681798448009707
9.196301299778598 -43.78653431349439 0.00388726904168353
9.220700598039585 -43.76890374841489 0.004120520314763258
9.28044428128231 -43.751540024223395 0.002807516838042771
9.403988650052815 -43.75207050243481 0.004020375054399271
9.401844567202508 -43.72182989263279 0.004103088218453467
9.482048084423704 -43.660042627807925 0.0026934173267888386
9.338323758985748 -43.71712046533 0.0056633236896039075
9.427954345766755 -43.66576438611584 0.0027196171714766325
8.821144925403885 -43.98841890041219 0.02266637573140046
8.808190259469724 -43.92614961301743 0.002741478060214241
8.86745991312344 -43.90481514899859 0.0032271647312538576
9.056618974962127 -43.8465795820662 0.005299199192817678
9.07461872812053 -43.7717742052309 0.004450607645168182
8.83867394304736 -43.84043627773691 0.004348603335293166
8.835845585104526 -43.83935558583198 0.003640716437694346
8.791443743263098 -43.80412029712612 0.002719556304060187
8.974223815229811 -43.750578597404946 0.015427457000372504
9.06772373190659 -43.73379388392697 0.003465607658029475
9.152765715193508 -43.754232132842425 0.012946350321286892
9.304800500760052 -43.69353961899884 0.004157313060072814
9.227975060770968 -43.71940807951798 0.003064934407329414
9.16276346878486 -43.70957525539178 0.004627211755552988
9.23578563256393 -43.651350805153236 0.012035296933728307
9.277633995525846 -43.61619686331811 0.002719383384157105
9.308199247000228 -43.69368043843479 0.004693234825310881
9.43166555624142 -43.62980362257162 0.002868169542223554
9.454599187916584 -43.5970994198181 0.0029495049857018126
9.365449484336397 -43.59638150843943 0.005428207110824723
9.191877653746555 -43.61216234889152 0.0035721169129917397
9.255475557606404 -43.58944501638609 0.003499007791956496
9.115797348320683 -43.610118216352134 0.0049642155383960865
9.207531148432638 -43.576924435094405 0.019673340090758648
9.402723046673287 -43.517138266661945 0.005195268525022856
9.367920883464905 -43.47627184406317 0.003821241710547
9.37253122461334 -43.48002337434286 0.00381349358020983
9.386231632876196 -43.46506706397306 0.006834064126374178
9.41660059799504 -43.47148555377696 0.006126263388159294
9.43019002318828 -43.457192643148986 0.0027004173187719434
9.509775994667534 -43.72989224686312 0.003807139230258198
9.54639828764394 -43.689881489183485 0.0027637622759270077
9.623661289832368 -43.67692957930052 0.0043641608560398525
9.728527939048831 -43.65923271644192 0.0028534533682987623
9.669551392667609 -43.6600809831569 0.003393038516463027
9.778469816965073 -43.621915686901346 0.0042987297164434855
9.569655314472328 -43.64216723996681 0.00361150890139507
9.538888168419923 -43.59405510028476 0.0027559888082282066
9.52601054811662 -43.591200807082814 0.0028339928787343275
9.52294289538986 -43.58840108357992 0.003381992028532036
9.67501531069727 -43.54669894650218 0.004164856856923212
9.747361730122687 -43.48271590744887 0.0026806324132281874
9.75060880746618 -43.47474883698325 0.0035708051676947594
9.805507414667888 -43.45308073646425 0.002761124436781484
9.866750271532638 -43.568922580283505 0.006568302179698233
9.94619504070304 -43.53709435140889 0.0028211196088755827
9.969167829220824 -43.52329250066935 0.004861383466396913
9.829785133103796 -43.54423056442251 0.009648794449307854
9.966554477045609 -43.46021720744281 0.0040748071507476094
9.93714923150026 -43.44002967728753 0.003006030028453675
10.069985493081273 -43.4467261787559 0.0031808238172022245
10.108836023658029 -43.3873827006614 0.003633111860341049
10.028617628835654 -43.421810346922854 0.010757735190858328
10.062843587500394 -43.3768638705341 0.0048888410191614655
10.08936097215624 -43.37305541847742 0.0030224408448710684
10.127907661101652 -43.363331006305955 0.0046974121808326845
10.073500762434817 -43.364021617899496 0.003785460114637163
10.13215206270947 -43.326169679708485 0.003253662632785283
9.885469901406326 -43.4234078262625 0.0036313267980176162
9.89473430316469 -43.425182814735415 0.0027670478515523537
9.92995707201099 -43.364798231461435 0.0033200177806762534
9.974953487369683 -43.36926036634225 0.004132968826972469
10.006707613591075 -43.32344125950328 0.003413558418454262
10.041277835267602 -43.28839178633897 0.009676774587076336
10.11191033447375 -43.26160203602806 0.002889557457401731
9.52177243130839 -43.563854453167366 0.0028815460180293133
9.622927812157249 -43.4741216442931 0.0029960935497926203
9.544969034752995 -43.48106019589196 0.004193822299583312
9.766221911012316 -43.41898295212646 0.010374316172400581
9.744782455920491 -43.40688616860755 0.0029079805646915233
9.465371268920228 -43.457957433965305 0.004035553132209542
9.536765508713753 -43.453297976058074 0.009179235869322266
9.553795167029154 -43.417782344470915 0.00828117647301753
9.504989538348031 -43.40216789612271 0.0029287131325219725
9.58192073226624 -43.3415624611745 0.0026507345551686026
9.721116508760096 -43.29573410526408 0.051223724569489995
9.717255800937364 -43.23447854509235 0.0032209129655548703
9.745727581003525 -43.23994223628518 0.0035221089392271235
9.841906846634066 -43.344901592047066 0.00897499643239804
9.92253948440806 -43.27943457574573 0.004115890617822918
9.94294475696961 -43.25402427611321 0.00407645300171473
9.90551388940612 -43.249886936284206 0.0040929806324653175
10.005527836543823 -43.23272020962996 0.00553417552839956
10.091228710769403 -43.21902612047882 0.0027788971260162
10.053926064917029 -43.195996999546985 0.01955975495412715
9.940699701674976 -43.21003677573449 0.003320579937426329
10.043721534049034 -43.19129991937755 0.002700391576620294
9.782472588208831 -43.30320517216393 0.003791127710543227
9.836047734032167 -43.26823020275736 0.009069143622654652
9.85183232845084 -43.2271038429324 0.0032405380825680976
9.84142963083829 -43.22050534992738 0.00269804969498433
9.838249899165262 -43.208518534008746 0.006346172380360436
9.959463507451954 -43.19079181857249 0.0036229731845684103
9.995015889468345 -43.16585778917274 0.00387195855137507
9.979376928422734 -43.16401658376836 0.003303401142221318
9.94444384691636 -43.11165744726045 0.003571205153310718
10.010405586316155 -43.098467077773634 0.0032050255766777084
8.791455679477993 -43.72199023465745 0.003114470342138547
8.794288154034039 -43.70345620778887 0.010519652398014384
8.887692489197615 -43.671197618189815 0.005168081271587296
9.039046363268818 -43.633427597993 0.006556912521721903
9.05455191842465 -43.61647559691794 0.00346290330297812
9.070702591932664 -43.58950669644349 0.0034853459311426
9.0062472266073 -43.58411807045197 0.007771426691310303
9.0234686303168 -43.57834587772263 0.010366227472919359
9.089772297147844 -43.533959522675694 0.005214301684828557
8.89916844337788 -43.610666150121205 0.003244170378839059
8.889369958208786 -43.60241090678854 0.003930564972759421
8.880532710250922 -43.606295124098864 0.0028621757619269337
8.827189620245472 -43.60076697702263 0.0037190030935616864
8.912662305575173 -43.53978344110461 0.011524242399900346
8.88977703126434 -43.53858066595435 0.003690944413071269
8.923509662777372 -43.57114211800692 0.004448803355313004
8.992218982131897 -43.46948500052413 0.003050526763716476
9.250089699674117 -43.504864372776495 0.009266706533725157
9.134930975174454 -43.50914896803935 0.0031635123891934863
9.134708972464336 -43.508570640367715 0.0029764140067041335
9.215299247144326 -43.46310901919672 0.0049109084681118855
9.340221505307342 -43.39962455129998 0.0029153251190702427
9.124340364442189 -43.45657343055995 0.004876877979803179
9.141837114741524 -43.44251879809722 0.004455891164487509
9.245383092457445 -43.398602515617746 0.0040136679414989815
9.235805393746888 -43.382459144250305 0.003987327009895726
9.080664141398923 -43.42665162756825 0.0026470237601134003
9.20556287887008 -43.36819638434254 0.003479062731255395
9.169440953243909 -43.3728140517906 0.0031966743744381468
9.27392831118804 -43.295454574557866 0.005639606009147841
8.831881582028847 -43.53625116710129 0.0035649256333272097
8.793528158924952 -43.48242399266017 0.0041339790330400744
8.946926102779978 -43.46606435800497 0.009836103832469705
8.929776022054156 -43.457088687024694 0.023226483431444907
8.960194438055854 -43.41104127294344 0.0026544137882761796
8.766436119558865 -43.48210677498615 0.003123770286946198
8.822573949480576 -43.434180676338165 0.006858369109204682
8.882595642806429 -43.37218977156668 0.004705835261277375
8.871664120345974 -43.38384424301427 0.002851462468010872
8.785547980784427 -43.4143711457195 0.009315362710789981
8.78421857584643 -43.41409237808679 0.00623924226983257
9.022544003147813 -43.291182309794344 0.0040124954654728205
8.9370877640538 -43.28488266566216 0.0054455925019571035
9.020125121122902 -43.22688101790555 0.004292815215181466
9.121911418024256 -43.37038167840224 0.002825369447919386
9.121630719385962 -43.344565314112515 0.0038117443007038617
9.174692947069458 -43.30130067337849 0.0033685152637890087
9.211392403629215 -43.28907692371938 0.004086735163331969
9.21807947114718 -43.235561060852305 0.00371226930686311
9.1428023582045 -43.26107884457701 0.0030573620436087257
9.246054552681109 -43.27468168814833 0.0029278661900045927
9.310545906751235 -43.24860825132445 0.004707433727472557
9.234225324290271 -43.27857977096919 0.0035926687767633735
9.369035775083796 -43.18798211199067 0.0039469339124183055
10.264009009932924 -42.50412408277635 0.005322009305979586
9.335001752451886 -43.166861460350916 0.0027147787095858004
9.368723646929675 -43.138175394977054 0.018844716773789145
9.339417977339494 -43.13394668686796 0.0027412143687726167
9.099107290933532 -43.2589169490362 0.003846142179036414
9.075413999300288 -43.24030629176737 0.03297623277813763
9.12751044727779 -43.22259124258538 0.006497534581703147
9.192731382371088 -43.206448888693494 0.003096069560833178
9.152240572116025 -43.18743673009119 0.004956395849383262
9.13176385175484 -43.18533627358157 0.0029104740042925404
9.370669845380178 -43.08361601998517 0.016674467731269595
9.346682817823048 -43.085477325888704 0.0034170660977114616
9.263638354232878 -43.11663244211153 0.01411809060164074
9.255089242739311 -43.12752073473783 0.003392513305267548
9.505177965740032 -43.30160366623207 0.0027278890946234816
9.455232417838028 -43.28820599331758 0.007178800834361815
9.53172155549001 -43.26059139374578 0.005901477961282173
9.558195154071932 -43.22207372698439 0.002844121429501718
9.562298272969564 -43.218508959612805 0.0026468624913936626
9.646057299460695 -43.2370265511111 0.007751110613719604
9.71465946453617 -43.191282788089154 0.004224028255352649
9.60669865622856 -43.24108135111831 0.0033673992405745257
9.596288885395444 -43.23794222512729 0.0028305933016585837
9.723590958038638 -43.15758965855633 0.002757291865733706
9.71728414644892 -43.149158603508646 0.00322948922301195
9.464193451002664 -43.245924942543986 0.007850949514080474
9.469100396331491 -43.186897418139786 0.003037246075814725
9.49466910951586 -43.16274246560067 0.004013586013672037
9.548019659102126 -43.1381237065206 0.0036895088771419114
9.641294604944113 -43.122291341993325 0.003783373474211376
9.596266895683824 -43.10251271035156 0.0046573273533696965
9.611640305969924 -43.07629440584573 0.003610296909685453
9.765759924430586 -43.19259796327184 0.004021110101399374
9.797710175005957 -43.1341104890426 0.010152534164467156
9.79927166669775 -43.13681646050239 0.0037074558214284323
9.86364214131114 -43.09223001654692 0.0037677772075946215
9.812166586418009 -43.065074534650506 0.011896493444462749
9.893246573971796 -43.04958669276283 0.0035193732571564998
9.903857111748191 -43.0284070561725 0.0028452505411624618
9.969017599122433 -43.06294489157735 0.003100748909366555
9.989685306072303 -43.04245510468249 0.004551168339961932
9.95933961835299 -43.04752615159015 0.003958344188954323
9.937849455250406 -43.03232618131041 0.003157915388811393
10.001184240254217 -42.98667244540181 0.003811378981180371
9.99631444764938 -42.989755376772656 0.0029031350534111356
10.05876199249756 -42.93929051086297 0.014414947819060858
10.043971931193848 -42.92659514811484 0.0030322880165414624
9.748764891877132 -43.04019828789863 0.0031706655549510326
9.86635513679946 -42.95207740360016 0.005143072300606094
9.85785867114733 -42.92977417937438 0.018891048134863978
10.002601891000296 -42.92159251418764 0.016054193922337236
9.917818622370827 -42.93119178488102 0.020933429040966685
9.944082578866324 -42.92144848257885 0.004068533203233848
9.924440131834478 -42.896157808913784 0.0035779080857404446
10.014198459715075 -42.87375593401334 0.008841431562809612
9.566895241478258 -43.10014923110091 0.003116784494194558
9.706221237498491 -43.01433431129917 0.0048678568640295435
9.680679342394203 -42.97819615853922 0.0028368825742257544
9.550965760244022 -43.006896136742306 0.018805150115938536
9.602731548359642 -42.97247869937599 0.0032477638958544382
9.644239192104134 -42.9736285001342 0.0036377316999129084
9.7032349659025 -42.94576667620736 0.005197242002395024
9.430961950690486 -43.02919956641183 0.00665883823548599
9.510054438147606 -42.97776559020718 0.007543938071740341
9.388268475918036 -43.031075765813256 0.0051620451003249876
9.38329906955057 -43.014257452319136 0.0033010277833371493
9.4242206135411 -42.988658132933786 0.002824336604018099
9.415453668282629 -42.980472317819725 0.00936633225554636
9.471026194510015 -42.97496931582877 0.004124606288857592
9.561852609748462 -42.96749122495209 0.002774215536662022
9.67373103569382 -42.87059949655409 0.0051876675253240915
9.530286753669222 -42.95700127786519 0.0031453263235871358
9.597165604495633 -42.903355662164145 0.010829020219630343
9.565292013545584 -42.89231333832004 0.007020049179373197
9.633601422782425 -42.857321032459666 0.003613210341868141
9.639818701122476 -42.83558700007288 0.003040978919872076
9.850248749990286 -42.91832642792668 0.0055520504606572
9.850793444378835 -42.91866609466441 0.0170731648868086
9.7613617701047 -42.9122130016698 0.004348642085888887
9.90268527865322 -42.84868057119944 0.005768530784182687
9.962260115807162 -42.828378609314434 0.0027428599907615295
9.900600026111292 -42.83617981338093 0.0031694491221594583
9.916954375118651 -42.80309185288714 0.00320696658350302
9.894598513116446 -42.798243705962456 0.0027071751796890623
9.91406002645864 -42.780106306620375 0.007475370883032537
9.900616200405988 -42.785117279841145 0.004506050240572627
9.961839147179942 -42.75544683231345 0.006964120941291107
9.723018118670806 -42.89405461321917 0.002784287288283399
9.768004527781464 -42.84784337934375 0.02552115831683973
9.755943181051563 -42.806479123259024 0.004775320166254415
9.845089040951729 -42.75237844281455 0.006404052957667516
9.812838117515009 -42.74081999852737 0.003219169205558471
9.846255253416048 -42.706502484768905 0.0033958349174087136
9.975534829825865 -42.674667661512686 0.004431323587938658
10.230292640779927 -43.32783327806968 0.0034600825052545745
10.218366270990003 -43.33909410239946 0.0027234153416392324
10.26348367130166 -43.31738444365727 0.003200692812660177
10.15941696001883 -43.309103398705574 0.004641528800914966
10.17196433158405 -43.30127515631645 0.003594151915099696
10.393161519101955 -43.239273159473406 0.0028373320553417222
10.320809865293734 -43.27148979704119 0.009866722743217057
10.15573425230828 -43.29028269658629 0.004125085975711459
10.200704342457897 -43.248852942908854 0.004707486406603603
10.256378341467666 -43.23086418527464 0.003785361664811574
10.275473465216372 -43.11743280537384 0.0060579712039002375
10.35313068882562 -43.10743634137313 0.002972180767583679
10.289387254439564 -43.11865325952438 0.004613689514275285
10.336953462302416 -43.08310631168267 0.00380373230138824
10.41209571364347 -43.06382852907012 0.0038876864831497012
10.62050547496008 -43.12044910706678 0.004089121167494515
10.48993283018012 -43.1248328479384 0.059556182643479304
10.557428317243522 -43.07876148335645 0.0027171861648359534
10.65388476100581 -43.05883682865801 0.004630078024007975
10.656397409370998 -43.060552840276394 0.011104093106058522
10.725795561735495 -43.018073232696715 0.00572888757470132
10.481472023385177 -43.04643002199959 0.008575822323892186
10.479977662142948 -43.04850788390839 0.018354909588182658
10.574262389066169 -43.03635341559574 0.0079787258812069
10.601890229223937 -43.01089027456719 0.0034184249107848666
10.59833750470703 -42.9804057295578 0.009356159774473665
10.512720963381922 -42.98960708760353 0.003955944587366381
10.549952772072702 -42.99374735918337 0.0030957371194641385
10.574161809355251 -42.93701429439826 0.006120871816941681
10.634287115765138 -42.95991128108096 0.007714328608148481
10.754473611804524 -42.87462280633426 0.0071031821172651225
10.762682139824204 -42.86311802772665 0.00415419075237387
10.769033818582152 -42.87215439104263 0.0033331436006254073
10.662855411505992 -42.91669779354305 0.003341793035704248
10.646989874915455 -42.91238920365637 0.004670759057082957
10.6351111137943 -42.90224430259688 0.00405318166695972
10.62091499457696 -42.895895505025145 0.0029212415194416366
10.147702929422277 -43.15866657504464 0.0030786281394241054
10.16920948760546 -43.074594029294914 0.006016992631056003
10.191496039720224 -43.10519931445096 0.003188506595088298
10.200847348131203 -43.07814837136646 0.026829091128757077
10.379713095944062 -43.02986069026106 0.004088846478066131
10.437428675383648 -43.00308262348015 0.008115042891770619
10.389813606928431 -42.98790200969264 0.004408324437681524
10.314217996792522 -42.99862663298616 0.005189130521900602
10.359383356287362 -42.95330583205381 0.0031933919385504794
10.19679983029905 -42.97859671821314 0.0032129816455832654
10.168875876530024 -42.974155605941206 0.00980031634680379
10.184738363159283 -42.95822536772017 0.014177609480263729
10.217420359840762 -42.92797954544378 0.0030134415325983118
10.435561151668532 -42.97523729890403 0.004624478233150453
10.516299009574038 -42.916741362007144 0.0033253564867379384
10.499504837985494 -42.89501354838594 0.0035249373264210127
10.462424573235053 -42.90293254922671 0.003668904434199925
10.54600320971526 -42.88200194359422 0.009459610498832562
10.72687005247948 -42.808883261450376 0.004846348261844639
10.42855432462384 -42.84757830162429 0.0033184958939526305
10.558673308101492 -42.74102491818233 0.0028557269469981893
10.61230962171654 -42.74388052806314 0.004332598895018676
10.6948102532526 -42.67144771755982 0.003087041121472078
10.684793262190402 -42.63304824837793 0.0034410687898329888
10.829941781325502 -42.944244943316846 0.003963873712853718
10.866666367600448 -42.93083346683952 0.012192406803687219
10.9381750585034 -42.90476071454153 0.009853890674441321
10.8295383509404 -42.91989041611073 0.00363383120146608
10.83475586334836 -42.909706196444766 0.0031595250255511023
10.82174029237718 -42.89419177583279 0.008081674964012606
11.011741157223142 -42.87233519904083 0.008055764925338958
11.017499620044216 -42.79431885937396 0.0059233637010169555
11.002992098022984 -42.805548479404955 0.008682116310944276
10.996215756462622 -42.7984651262177 0.0031418513582766815
11.06480622879046 -42.74598559428582 0.003999582547343022
10.824719356713665 -42.875575332740326 0.0053418182144914185
10.799552815737252 -42.81700688709531 0.0039043989707617304
10.83873497627132 -42.78650003885992 0.002726948490580291
10.778822605623205 -42.80812308698693 0.003141583335926664
10.824600681445704 -42.78480829840925 0.0035330683120102335
10.85918224811942 -42.74833060620765 0.004443674503434211
10.930583525580667 -42.77357944607947 0.0054177735626290986
10.971590342904978 -42.73219543244856 0.004865285661470798
11.040648750891068 -42.73691345241096 0.002772269868029927
11.075768290791489 -42.715761800303866 0.0048572570759181245
11.02738521957014 -42.65775689242941 0.0057106861093997865
11.14902030905098 -42.78437796295818 0.004592308546636148
11.19395050744412 -42.73828357182774 0.004937858432335016
11.237194327956406 -42.676971784602024 0.08333333333333333
11.212918408178552 -42.68754131894205 0.003798506331292689
11.279472340246537 -42.65569488382204 0.005709098744405646
11.412370546206096 -42.59354050667618 0.0036784894483357982
11.388517323489642 -42.59021123399741 0.0036155974765861715
11.26014567173516 -42.6242952478101 0.0030199659033070384
11.399072629530227 -42.5466646651802 0.030914433931132954
11.1808824031421 -42.619209230036 0.0032522247430224146
11.11073055040649 -42.63418113921894 0.0055282744405619495
11.155700179985653 -42.59876779513859 0.0042122073791822905
11.151954624291983 -42.59851515839294 0.03912341154984214
11.132722182751564 -42.58857606769879 0.004253105391478904
11.204542003375854 -42.57103966083445 0.00299653472350103
11.276462680739462 -42.553382785910415 0.010040020963552934
11.364783729367748 -42.42407365914895 0.0036401840685190553
10.80705451863778 -42.73919823488375 0.007154887089842232
10.8072689639968 -42.73948047564693 0.006725706626998233
10.789547638356918 -42.7416759720135 0.005641434168689002
10.771891597492807 -42.739679321079386 0.003706587737377282
10.97792746564612 -42.65799551801406 0.00435933495251353
10.7397897053079 -42.67194716929264 0.004819426314534114
10.767848282463042 -42.63915697672344 0.0031211363711478968
10.876871549036467 -42.56872429902483 0.004621992959675145
10.752995598338272 -42.63182700694385 0.007977535484163372
10.79174351920903 -42.57560143364196 0.004409987257754194
10.813806676893384 -42.58824568162046 0.00587571969909261
10.920502608031242 -42.556777701928745 0.004492001675879303
10.95885432974652 -42.52916432299702 0.013442425697713579
11.041410833857812 -42.49143319278051 0.005087760797181632
11.041295642862137 -42.49175495386966 0.005979089434817229
10.99083083942246 -42.47128316141933 0.003001991993486505
11.18431940608519 -42.49625269614328 0.0042419784179909565
11.165385899741132 -42.44729068064097 0.003751787910414246
11.18958371743861 -42.439488483650344 0.017031061986653533
11.293692449092376 -42.43204101302604 0.0029837947441111305
11.285729250205463 -42.4185038307203 0.003934528627921794
11.341289953052806 -42.4059757121305 0.012707198075683924
11.059561429746516 -42.46351554671369 0.016325646543237943
11.174546829205736 -42.36831095937918 0.003714480686899188
11.324661919365276 -42.29589604927817 0.002721202364259669
11.3499175367542 -42.27248526301119 0.004965723396934921
11.296885699732524 -42.28995601188765 0.004937917101053906
11.299667643784312 -42.25719660486324 0.004827020404159909
10.078144629259963 -42.99623598327003 0.0028740622118053716
10.09587494597304 -42.91142485768332 0.009234128304757344
10.202614552824894 -42.862454568841386 0.0027293774846308475
10.293065453321192 -42.82321209604074 0.003219132180778323
10.360250215347431 -42.83141781094197 0.003480066714199109
10.365470059338843 -42.80464934789969 0.006419489230580324
10.370771318890366 -42.76850885217693 0.01006090677031754
10.30769278735796 -42.7761752198704 0.003995753325892052
10.091447202652708 -42.793441538598834 0.010998130526648768
10.092056500841478 -42.78982970683694 0.004078336015773597
10.35321205432725 -42.70844596465969 0.005288990776076668
10.34455557506188 -42.67440530972161 0.00560729660962106
10.268905924977084 -42.67217667785995 0.0031324913081710306
10.332906004091166 -42.64358993037485 0.003888264046840266
10.357917384157671 -42.62491290653904 0.006306417731087025
10.395931468741232 -42.77322521900896 0.003515733964692275
10.52007374432459 -42.72171573559689 0.0033656948609080087
10.540174787327048 -42.709489578070475 0.0027468742907400534
10.509810190078072 -42.70026803334168 0.005668513687127088
10.50204983003536 -42.71008622136845 0.0034391583263070806
10.530709956156691 -42.69284110715973 0.0036436053376419173
10.420245996291888 -42.72616686996518 0.002689947132731791
10.398304442710495 -42.72688331460192 0.006251521435084729
10.46313634537985 -42.70973608902852 0.0034611334900295607
10.529994457026564 -42.65783269147752 0.004824979190360327
10.509077111929582 -42.6612946496335 0.002947263628575056
10.605101500001055 -42.65932059709664 0.005470112013294465
10.652588225180397 -42.61235214901598 0.002670276751411537
10.594629826844182 -42.57568659276318 0.0039526453088295785
10.518932425848837 -42.60434439837259 0.004867897047222315
10.51607724212625 -42.56993124213693 0.004148175667011925
10.43080539899629 -42.56869230459964 0.0030081110819607047
10.448458935485204 -42.585157139322995 0.006544197379532364
10.49728122919046 -42.569454812872834 0.0037272969558318583
10.48352162277406 -42.56747423743489 0.0058688878373239235
10.541833416133253 -42.5848465645474 0.0030614040303637217
10.570902666242112 -42.5652182340562 0.01221041584036059
10.614473471613271 -42.528993322913855 0.005341811019001536
10.52584691989601 -42.53336964858436 0.006192632242246959
10.599188263006996 -42.49099840182555 0.003639293272440648
10.523186234428708 -42.51381293185606 0.008633135445373759
10.628977019844438 -42.482470874705875 0.0028697088999032083
10.599665411182665 -42.4631636184717 0.0029274631338361327
10.063058024983766 -42.745494609391415 0.00293605001630706
10.18473682729622 -42.69430390506607 0.00290538881059201
10.294502417406004 -42.63450672936814 0.004931059632783491
10.286297745755208 -42.62107491907145 0.0032055059298248317
10.278701839631257 -42.56295570183866 0.002720463820666553
10.321003028227226 -42.53433689995098 0.003340652866401677
10.301965446244669 -42.5454563688398 0.005192965766547808
10.02397889664055 -42.655112636601295 0.013921521409484269
10.125597609291034 -42.59743129172345 0.003245896627050224
10.18982768894722 -42.58691377612713 0.007091558577872819
10.263437167321472 -42.53161115947618 0.009769153410265668
10.26405049149367 -42.50457836718045 0.006657518004557855
10.290681599211869 -42.5003109385587 0.0027771100788350745
10.304137252891582 -42.49992487734669 0.004908791598352912
10.294811533220454 -42.48805109852328 0.006021179989056828
10.309866523425052 -42.47554274480144 0.0032732264702705956
10.178905543721658 -42.533781186713085 0.0036741857174459394
10.255431569137162 -42.482263541485416 0.002643555907858433
10.30244935130563 -42.444930499657595 0.0030581839141425402
10.40844881416202 -42.56700952373061 0.007358311427287131
10.424599560318295 -42.53808834229322 0.0035011325218489518
10.438737879163554 -42.538010199770525 0.006396648986164447
10.455658322589407 -42.50893285458495 0.005589181264895948
10.491748766865726 -42.47638857935733 0.00354670812315076
10.540786752601782 -42.39653674333014 0.004911261114036543
10.560436608905707 -42.390047012690374 0.004326611941621954
10.62819242168588 -42.36896698199495 0.0026734247824757107
10.409214600850028 -42.45413273790357 0.002751937616091128
10.341446537797903 -42.46430692384047 0.005249140708396908
10.427248168044736 -42.4002784711268 0.0029697753941691544
10.48434228680231 -42.37519545555139 0.004655980680820143
10.340554189665983 -42.41198175639519 0.005263148751896642
10.499764940395584 -42.371196969372214 0.002721155747106982
10.52647328041085 -42.30902829300851 0.00814980982456073
10.582842282064131 -42.27998518949068 0.006335967043639461
10.568433564788991 -42.25334952116243 0.0028278888439726645
10.757876408819651 -42.53267158694112 0.00320864444291439
11.0105079942164 -42.38723008067836 0.007478124213483891
10.961937533778196 -42.39227045086128 0.004391250928375274
10.979941932639283 -42.3554153342621 0.005091963942197938
10.690560484489996 -42.460301064760145 0.005106294099796201
10.77357259157303 -42.43545516245115 0.003560535495037938
10.792997353356489 -42.41794991845713 0.007780086303982496
10.794559282533603 -42.41247260832056 0.00333406920051668
10.689616705056006 -42.41999717617705 0.004232313450482056
10.699549663095308 -42.406699886431376 0.02277310665511685
10.797897735306597 -42.38082210216335 0.0031686891707476206
10.921657784741592 -42.35638987275341 0.011938272001108235
10.921904092462164 -42.34820221494187 0.011606313164108402
10.971242006983177 -42.32345241525674 0.0065635917372182636
10.990150763914812 -42.29202640509143 0.008006447765185025
10.86783058632266 -42.33224896985944 0.002736905451395307
10.86423834342104 -42.32739667265112 0.0074311954612432795
10.848275581349784 -42.321856935199214 0.003492965729073307
10.861698700191962 -42.30739465281492 0.003595120443062815
10.934464738429453 -42.278397857306736 0.0052290985836616205
11.066337886635624 -42.332379804109465 0.002963435503268161
11.168290610761504 -42.29828648681624 0.0033830828581355916
11.14141898467201 -42.277686599916386 0.0037417962001162356
11.157685176788611 -42.25499072418993 0.0030443313824131
11.112422831818654 -42.27002785940083 0.002836386434474087
11.18532141012674 -42.233766111644385 0.0050011250001536145
11.234911709991334 -42.19018048278944 0.0027510032573253265
11.260614559872028 -42.178364917038046 0.0029176681505006423
11.29533503509025 -42.173766067600695 0.004760523020466531
11.257907847497757 -42.170245308327 0.005641309662041878
11.272591111591014 -42.15169818711435 0.003061228511727624
11.297364721551984 -42.148580129240095 0.014413390551249053
11.077986993649974 -42.24010567672369 0.004138481847598131
11.10396757062386 -42.22571522196047 0.004164408359705267
11.02215970688715 -42.20928036124614 0.002839114806393169
11.097453976534425 -42.17531044618405 0.006105558258963658
11.27589449259166 -42.09118567082413 0.002892673350882921
11.17324969701752 -42.13864799361657 0.004704951810522696
11.19463412494687 -42.1162019435879 0.0031065126011970102
10.676187513036796 -42.38446733700591 0.006342022297721003
10.75265839361242 -42.334440913080606 0.004757949022471545
10.750240659170816 -42.30627808059791 0.004333766414723442
10.692357391595298 -42.30545008920178 0.0029631447314220722
10.7106097539463 -42.276226280894406 0.00800671158192664
10.757398708943944 -42.24634054747463 0.003097558767278521
10.769161868616122 -42.241208225780504 0.003952075107874368
10.851884256201648 -42.25778358202546 0.005991576926139972
10.824797583650652 -42.23053119777001 0.0027860046671001762
10.85115324771486 -42.19184280493513 0.002705736371413156
10.968785242438935 -42.15761948844076 0.002936427175300937
10.959644855922482 -42.16451574082702 0.00672128420462985
10.953207379021412 -42.15757787472301 0.010384285374118802
10.71861886220427 -42.24661850952135 0.007949798659054482
10.724352825723876 -42.1870569226921 0.005080430967915553
10.874488245978332 -42.13684224194774 0.008122934749504583
10.901485130904849 -42.12871251291851 0.002849842734628223
10.912950616266256 -42.07079664351983 0.0034997143608504924
10.87758743430408 -42.078942257544945 0.004979693463854354
11.030987576190409 -42.154417203237905 0.0039952334819523365
11.061979262621527 -42.11750061434352 0.0029148353954750045
11.082656302485375 -42.1015187765639 0.004609418012616639
11.03028014579632 -42.11630086633082 0.003998225821536097
11.005150637896742 -42.10775082801549 0.004631978710464116
11.120027725160456 -42.04203485080482 0.0032519279863478245
11.249424339223411 -41.958308488157144 0.003276139791278596
11.107923280039293 -41.99534912274308 0.0057209693970284746
11.041355460741771 -42.00163305862319 0.0031397905616471333
11.068857254872595 -41.96506832103902 0.003282707479026031
11.141785738507911 -41.98632951334663 0.002738384290058513
11.171756132087957 -41.92588828820603 0.00497532419194292
11.263352198527834 -41.89835558886554 0.006987882432878989
11.15123243513103 -41.91635345042224 0.002803373247821363
11.14202782646806 -41.881468427816074 0.0030519528482520902
12.48479771155963 -46.58568191515672 0.0059400884197710726
12.481523130262635 -46.551420083009454 0.004851869985055892
12.450563444596346 -46.5363637994163 0.0029557235005206886
12.441290245778031 -46.548001903561165 0.005125647959744651
12.435474061834691 -46.55194718280414 0.003271575066144989
12.410554263838891 -46.55812001289463 0.004189486879181695
12.431855262252489 -46.53651538146423 0.0037261270554571385
12.409149867738316 -46.47601199824468 0.004409616841860404
12.402308549356931 -46.38911098753752 0.003028748273743046
12.4365221477501 -46.37412382966915 0.004208530845761766
12.430680016590228 -46.37277812730374 0.004728690172335178
12.454765896379987 -46.3183827903733 0.003364750486692429
12.452175110901576 -46.30918286329013 0.0028875565260363784
12.471034769578752 -46.303351102330666 0.011938543319507413
12.410911561007063 -46.26821789278191 0.013526416148033986
12.34854149522672 -46.268338321878794 0.0029865990981313728
12.403877672230625 -46.239442195784335 0.007429477291756034
12.441933422278654 -46.260219961897754 0.003085095552077369
12.319324025916996 -46.18804445421876 0.004763451465924373
12.401197010619123 -46.14031639082127 0.014648551242315212
12.396860063261832 -46.13772475385804 0.002960115688119152
12.46151122536413 -46.10772849536741 0.008327896989732039
12.481816182513272 -46.08171532294632 0.0034872797635498412
12.354907369051205 -46.13858415160055 0.004754989471028243
12.30277591304312 -46.02081079664017 0.0038195126226715165
12.325124219443609 -45.99679276156316 0.0032011345930074704
12.360861687702233 -46.000283661507744 0.0033602614500143216
12.353754076005886 -45.962351702821536 0.006962157513111277
12.453662658452355 -45.971328212370445 0.004330762570218406
12.454524679782311 -45.934347786964274 0.00610753345565063
12.43267561433087 -45.893558753029886 0.0030046629694295162
12.485362487795902 -45.86166830812984 0.009287831217541658
12.32957696801374 -45.86202759814907 0.006861767753108675
12.375992532035312 -45.8255367224298 0.004040477052882655
12.429839484468204 -45.86330506254226 0.004036596828173945
12.428142048194792 -45.82942463133081 0.003453518363345502
12.485385931900067 -45.794982367579514 0.004416198639497037
12.495319777798688 -45.780686499180646 0.0029772465084550036
12.452107291295793 -45.774595635561106 0.009609095056943122
12.313611972448868 -45.82677108980515 0.004210747986180717
12.259113914826882 -45.779523237736505 0.005902863963011159
12.418810330604709 -45.76633589346731 0.0037284106909819537
12.464432821118743 -45.71129895467606 0.0029159377921221604
12.485072204964808 -45.67061998031192 0.0028076962349372924
12.33178645290643 -45.615802293726915 0.003088873975138917
12.366275038945892 -45.66060758808874 0.003464436732140014
12.496849510944823 -45.49782354729414 0.0029633418513538776
12.331978176056468 -45.57442834975774 0.004117201806098188
12.38602683421452 -45.55686884882768 0.006220714138799553
12.343952832477422 -45.5425215250839 0.003685766467799441
12.449411794912605 -45.45132121448877 0.0032426255817313465
12.464193360365767 -45.43179068590218 0.0026968004353151672
12.451341179062275 -45.42692272508648 0.002794140720758444
12.21848409837068 -45.50309047009451 0.0029335501675233446
12.235600444228304 -45.51945465208602 0.0033920842439296647
12.290645526892616 -45.44762692634858 0.0026979386179674177
12.199292437626594 -45.47338320394117 0.005102158249198559
12.19492388744843 -45.47757538818462 0.004157862178782448
12.165989478466138 -45.46841607199128 0.00969027293745344
12.320716788700777 -45.47989427191399 0.002705198136690591
12.387564431909748 -45.38805016358396 0.0027038894397356764
12.40840483717916 -45.38722569637999 0.0038936160603815456
12.319995726122684 -45.40572571190646 0.0035575249500869165
12.174539201164944 -45.451524505958005 0.004505928536849163
12.166467090136193 -45.39986339903757 0.00649495833779556
12.398193844862575 -45.29056402051166 0.004005049606464508
12.39347835498843 -45.281374399676906 0.003517853785023982
12.420337896693384 -45.27946211948526 0.0034951535465938227
12.35063038444946 -45.26454665801774 0.003140484574847441
12.491750092779933 -45.3582242786739 0.012122268653757068
12.486941343873536 -45.28990797086698 0.00811050804869998
12.441590303728011 -45.24462304008593 0.0027410897751059997
12.161992883748594 -45.30284965188402 0.007055338004656514
12.225204270580702 -45.28059141500436 0.0031596197484504013
12.23612195437326 -45.25459022143105 0.0029919948703707347
12.197609611034192 -45.25843152570739 0.005280438630735416
12.37947246238797 -45.20665828880651 0.0032662753217990756
12.261511056625098 -45.1949474400363 0.0059716221411722425
12.269814266384389 -45.1982271031364 0.011368719063686025
12.270229279590565 -45.19841341772575 0.006644655963027732
12.38767951953026 -45.11508244079762 0.007332674123107315
12.220052649129512 -45.15255288808015 0.005836965946775275
12.072533628121008 -45.22374872339173 0.008332042847060928
12.16446856195129 -45.16696248606884 0.004375644441448347
12.300909082611692 -45.1452056073215 0.0045318545697743354
12.277917871741508 -45.135035311109625 0.004316312098972868
12.35135191212235 -45.11099439637296 0.00740229237156904
12.337951309498209 -45.108421243758286 0.005415191876818027
12.45317806966339 -45.14373539671637 0.007554003637461598
12.452107223933464 -45.10601040791584 0.004824278482716067
12.424621779480937 -45.02330302074966 0.0045539094895209326
12.435640022814756 -45.042472800948495 0.015917826790170602
12.480179934098231 -44.98935194049819 0.00391501310027051
12.397108577101912 -44.99934235223377 0.004323185986767922
12.056858542814211 -45.16625848203653 0.002925294297911632
12.06018490134428 -45.138340857723534 0.004760820963613619
12.181292274614965 -45.087939278117595 0.0028012456466471494
12.145359726147545 -45.0755745799754 0.005275802017471225
12.228887966434622 -45.00604351075314 0.0058140319578409705
12.060967312010616 -45.06525806959758 0.004807500129579869
12.050179135209582 -44.9978267764483 0.0056866164840623035
12.092845330939143 -44.979726932790015 0.0041345155019894666
12.127060771627958 -44.95903715322527 0.005012595150604882
12.129491297673752 -44.932399843675185 0.002918892795598773
12.246509906121236 -44.88143186388777 0.011916310325354238
12.394044506753474 -44.95422242113802 0.007420044581135506
12.37769149844541 -44.94155343406757 0.002779281647321297
12.446276776717369 -44.90848433811996 0.004344743374508248
12.37994345817316 -44.88293260637806 0.0075782577028832305
12.442575682201864 -44.82211804677213 0.009072502146338337
12.337105769402202 -44.84419684860998 0.013194791882592418
12.340211505565604 -44.81467927633338 0.007606015824143999
12.432680700071492 -44.774943838592975 0.0031144066613527062
12.41136527242052 -44.77052652636805 0.008767171146303513
12.488112495216251 -44.715152614616734 0.002986261702162664
12.05041027936644 -44.88251703723241 0.04255795770451243
12.18775817165667 -44.811469888738515 0.0039930785141160515
12.15233468267205 -44.81256508764465 0.006611136050831937
12.283609333612391 -44.75428563924943 0.0034523821668849333
11.974125563754956 -44.802968833605576 0.005417409432983542
12.147867958148764 -44.766369835093855 0.034192416901168594
12.17551648641235 -44.73056348908837 0.003196915517272652
12.155493142721712 -44.70984085087848 0.0100368100397774
12.169681517085555 -44.681883016245855 0.0030460886935241966
12.361086288297006 -44.771574834089115 0.003326176988241251
12.345791771104032 -44.7426238552301 0.0072785623162223406
12.382849226850484 -44.718375729939375 0.011041128125165807
12.40207350410835 -44.735308654864006 0.005099831059698244
12.40793241563555 -44.74270992094832 0.0031354354163778005
12.378003296358598 -44.66123474771546 0.004264316341106983
12.484660820552174 -44.625221519527024 0.003884114102940234
12.408881614992843 -44.59269711972866 0.003182338072612555
12.420266106414571 -44.57712402831963 0.009800813602601804
12.359290454267596 -44.59902287485586 0.0027398567357979696
12.30123804223501 -44.60626487489143 0.00523518549799607
12.30222813233442 -44.59077473447727 0.015764074353726284
12.477573285611882 -44.5614918798405 0.006850658749227403
12.482978532185122 -44.546165599206866 0.0026591586239933145
12.454418814733543 -44.52635120237223 0.0028798607553352706
11.990976749290365 -44.740816512109745 0.006915122128424916
12.079987463110792 -44.70503716539347 0.011870232886328371
11.952327002421752 -44.70241074352485 0.004667366391229648
12.026350731198006 -44.66570006982158 0.008545253574096252
12.08842154295096 -44.61230497004016 0.005074585680271625
12.263452004896813 -44.575888587359856 0.010206376259446188
12.112129095340642 -44.61031098691091 0.008207786944505375
12.252442895182655 -44.55151071448422 0.003233355036173905
11.961415426053714 -44.62855027968018 0.0028952718619369077
12.01688287398974 -44.61271361309668 0.003903712224005739
11.973714159763622 -44.599539400723785 0.0030564598457365044
11.943915587888457 -44.59740716716764 0.0030812963154305734
11.94242911027224 -44.582903677161475 0.0036900655382726953
11.996684476424509 -44.540139089479105 0.0059539847728535
12.180704841416327 -44.524138449416306 0.003279415534791516
12.224690830581192 -44.46367613545915 0.004431887009986253
12.14900001901599 -44.48688473207421 0.0038713604111655967
12.066928849545333 -44.512351453514206 0.004829418591083564
12.096854586012675 -44.49083906321715 0.0035612286582770627
12.183020196458443 -44.44725956004336 0.004201241382053334
12.2937938041178 -44.55716789899932 0.005382453289979622
12.345437810637677 -44.551562331260826 0.0038011459883801257
12.286958826500234 -44.52857864169088 0.008626338770768056
12.284271973352126 -44.4769910687983 0.0037189515855420626
12.312060013278236 -44.462562719845664 0.0028380554706195077
12.348804305284029 -44.489513298657414 0.006500261819162983
12.467363958311031 -44.36692882120905 0.004459685362000374
12.262020277444128 -44.47109885278825 0.0034914979357793326
12.371929174450733 -44.410691621819055 0.0027715055946897853
12.353355499830927 -44.33635461410344 0.003456247262084552
11.932502705865629 -44.53023819728703 0.004874034002594224
11.899898995036937 -44.48502209457203 0.00809775633680232
11.956026164319413 -44.47450294792551 0.0033000242754079646
12.00959661673883 -44.46798490878304 0.003899792409289519
12.083347570319182 -44.437129267845656 0.009429471986244106
11.97935217115041 -44.39655473481393 0.004245819815747432
11.987888801473757 -44.39513119733935 0.004078388416303912
11.983570665902771 -44.403251401155835 0.00488519967592066
12.01104027924093 -44.381025894319976 0.0037327471248156793
11.963636153677262 -44.35274016298484 0.003185365775890299
12.136284569866634 -44.32902255507696 0.00325253320996253
12.146947510553169 -44.29160818175588 0.0048566603770344805
12.084311518809002 -44.31026195372429 0.002847614165116488
12.122186099537696 -44.24476949784942 0.004440152940768143
12.252345522636764 -44.36796034790497 0.002699792115043982
12.333466846188273 -44.31306855689828 0.00600920091381875
12.355124541639944 -44.26251342143784 0.003667795299643932
12.354326868372842 -44.27029980778058 0.00265295757277756
12.273834595938183 -44.29454901137083 0.003703607454981566
12.2163603364021 -44.29455668498524 0.0029376761312830163
12.342547341401584 -44.25030924527295 0.0051461852373025805
12.328569034210991 -44.236725771582755 0.005584595275962899
12.381341120267216 -44.20799484441915 0.0073826592634449436
12.472513562926494 -44.13185992308034 0.0035816046862515325
12.4987458832846 -44.13937421044964 0.0037305333739951585
12.285765856062246 -44.20061460499403 0.0026588328729775464
12.368703823041416 -44.13653346042142 0.005758254883896366
12.469689212104596 -44.084151721512384 0.0027516666459937813
11.91704527216842 -44.345245325833886 0.00473938881876095
11.879518630735667 -44.27568466299966 0.003372770802629718
11.881639608325688 -44.272419518645705 0.007248844184820388
12.024804191866108 -44.26421161002969 0.0033338869156563674
12.036792546247089 -44.25064913993047 0.002894503370497988
12.092326207477477 -44.20706194151493 0.01366926677989345
12.064395000617404 -44.17750001254691 0.0035471544149343714
12.108366426578698 -44.18132917927779 0.008139921087058986
12.141944125090214 -44.14943914736719 0.00268388201212922
11.828894520299244 -44.278526774949185 0.003473226649359282
11.884143286309683 -44.26261777489323 0.004239024285057024
11.832380090981903 -44.255832300366535 0.0032565896975143066
11.85708079096298 -44.20045007175052 0.007144452112633292
11.837271674659965 -44.19056017848386 0.00366984481316028
12.022518351064551 -44.13534436433028 0.002988686312535229
12.138029770748794 -44.07744092396816 0.004572291438704555
12.004068172762738 -44.11742863523549 0.004091086900386886
12.024757117373085 -44.09020329003201 0.0036103836986140355
12.05704960224643 -44.04493151142434 0.005783810623369755
12.104313320049048 -44.02494111309365 0.007645219777574692
12.220484222118555 -44.12483115459758 0.0026704306845331763
12.180844144918 -44.08905436214264 0.0035676086202218764
12.474083752783928 -43.99028164799176 0.031645382516440355
12.405303913456825 -44.02353529347562 0.003649686739450652
12.323778841474992 -44.02006161365616 0.002961244005737619
12.34106829159693 -43.98474743542186 0.003671942650292563
12.294051125180598 -43.99750360847872 0.0029003641916205527
12.195480085966718 -43.99977571666371 0.006479178347602535
12.239921109409208 -43.97711796065305 0.003322538366683602
12.220449730622011 -43.96515263131437 0.004201866834330331
12.21847614011964 -43.94643164973776 0.005639873455418988
12.265654586889186 -43.93579457987475 0.005944414017483185
12.24275724541422 -43.929974235679936 0.0037030036030069676
12.299693932897412 -43.96707968059529 0.009003053576709335
12.300887510873409 -43.96758377585523 0.00330800810243427
12.34068569400065 -43.90597576364499 0.006694646266953884
12.420458235119066 -43.82154167378268 0.006123939049867311
12.47542948631432 -43.89654811090906 0.0034868501577909406
12.47884080567019 -43.84226528157281 0.005335981431399336
11.90884647808282 -44.135899865391906 0.008252375662969803
11.8921365106578 -44.10375457644525 0.0030337695962302427
11.905930269610772 -44.0324934902622 0.004022795258911692
11.963869766817346 -44.09753637873904 0.0034781724405455808
11.965047349292275 -44.08719566363949 0.003236811918794114
11.978698790002516 -44.074046920505054 0.0037872373584381665
11.968216485103078 -44.066823398006335 0.0027035456965578434
12.043025572450562 -44.02979793766367 0.0072613878569981185
12.0547312906652 -44.00735662700956 0.0027560696244336375
12.001609337382634 -43.99025113699086 0.003183128562802633
12.057091623852529 -43.952487784684834 0.010074619082530016
11.883518634110304 -44.03439768087098 0.003174588579945677
11.777780722444469 -44.010137069281754 0.0041609955814433395
11.893844480795108 -43.94718658401769 0.0031767999309516713
11.97121514256968 -43.97533701139803 0.002802090028318464
12.010307224674811 -43.92004846135398 0.003690881183183807
11.931363900732824 -43.909914673023806 0.0037307595091906
11.94349494065381 -43.902423299845715 0.003463926670171207
11.941611240263155 -43.88868115831737 0.011230350597828459
12.155042264699308 -43.95907369427293 0.003595905538222331
12.171989233168915 -43.95433124176027 0.0027953052141654468
12.151547266240918 -43.9521370017818 0.003651850118265408
12.209361693807812 -43.93616387416066 0.0038904471018321976
12.22349678670454 -43.912872880910456 0.007552550791440161
12.272239657080808 -43.905730871916376 0.0048327698088424
12.11170666822466 -43.91393019922958 0.00654334169131418
12.131844259551093 -43.88358646790836 0.006862732873012096
12.210392519433356 -43.861085861773795 0.0027442517170777076
12.335279868374377 -43.85780547910053 0.0075938047174708995
12.350366861728531 -43.85993772427163 0.004958179091535747
12.322518608096356 -43.83981599594482 0.013334034811555451
12.37882973857309 -43.75504227753119 0.00280445383028966
12.11024110539537 -43.79243720035595 0.006336580691037155
12.371222266101237 -43.71247271107918 0.009059750749909999
11.822734607220204 -43.95607830910474 0.004554949114396917
11.863833250315713 -43.89051039978189 0.003527204497772715
11.753115703020386 -43.94494641013496 0.0027558526920615444
12.049197697522878 -43.77287592134057 0.03131250666237566
11.937643051711218 -43.775511770143986 0.004828399036816814
11.792580095422895 -43.8651288930364 0.0033434522844589306
11.734743390042082 -43.86576326185741 0.004732777466926788
11.868381081205465 -43.813658888555075 0.0031247695192733994
11.770516592307416 -43.81221765042982 0.007309543325487036
11.83260734538606 -43.763621278580736 0.002898365286971276
11.97803317398616 -43.70461633765588 0.0033744620988744637
11.937692985005494 -43.70215132717983 0.004901448226801114
12.007001864259877 -43.67313370763266 0.0033360619716199264
12.075525528129406 -43.79111562930223 0.002925157498250446
12.144190197078478 -43.74165038808145 0.004798447743995007
12.278412828783775 -43.65030440439352 0.004336075290924149
12.264093343817944 -43.61259033979798 0.006978005776315154
12.283982985008834 -43.557361119013926 0.008143881948366023
12.066699727261014 -43.64554332259986 0.005083269842794586
12.038643415055962 -43.6471042504148 0.0032262442952304443
12.037928636040172 -43.64596359137322 0.003366957772511085
12.309177517896536 -43.52590145900448 0.006146935337770492
12.27261661869654 -43.49174730917332 0.002793628995236547
12.284109052011628 -43.44880057432901 0.006138999522727471
12.335067837338231 -43.4260031898086 0.003700171251896702
12.440467620020009 -43.76881299472885 0.013304837653080766
12.489753975871674 -43.701926251531994 0.009325644473964048
12.434588723050153 -43.69550379644632 0.004135940331281821
12.459881683878102 -43.662072976499296 0.0027238486322782402
12.42536119399748 -43.64048342901426 0.002823200970317301
12.406748144611674 -43.64845059076384 0.0038030720616161725
12.478073685197405 -43.606725414839765 0.0035266107711027016
12.479728004042064 -43.524205821560834 0.002887856138517398
12.48881454601036 -43.47620057087588 0.002906630287276444
12.371840008168592 -43.480947972308286 0.002836186494309776
12.40456181559333 -43.47874911812948 0.004256717066152594
12.431655410815662 -43.413822123993825 0.009815438914716569
12.42572969894316 -43.39198646645414 0.0027223400326829455
11.830364902305458 -43.717299906370634 0.0039614368268997184
11.80860701336597 -43.69301160690864 0.004822219441256337
11.717807800658589 -43.72414523187864 0.003385933385684747
11.722369743452454 -43.72233593958975 0.002870302568427568
11.736705994868812 -43.709654508546066 0.006904049788288836
11.796976395090269 -43.67337441938304 0.008765935173774579
11.83597989669198 -43.646494010131015 0.003438400565834937
11.888921842381738 -43.67681280114615 0.0029485831855223395
11.930838031573153 -43.65707870772498 0.00880115976350328
11.952465738657835 -43.64407636679022 0.003269406597071222
12.00860579360708 -43.57804580728289 0.004614210781464248
11.868044698997265 -43.63637066242119 0.006457227380275599
11.89409671092116 -43.618743636283895 0.005306937214781712
11.85934626181126 -43.618496576818586 0.004589249450804785
11.98123573436008 -43.56931024541604 0.004430944034008005
11.692674464685751 -43.65806895379118 0.0030957992423342666
11.80358935660258 -43.60194617311415 0.004475941117617415
11.673457257100456 -43.64200465493567 0.008032837002613225
11.79242182301998 -43.53838529527013 0.00627539561070885
11.853283478445451 -43.58146102519046 0.0026621296017105616
11.90249976594264 -43.55084318861751 0.01476144149562798
11.912169872883474 -43.49635452813186 0.01039554480605544
12.04261950516384 -43.558589903936955 0.0030418625748186434
12.137646490013774 -43.51821163019368 0.013221212928176747
12.05230392116598 -43.491406612496675 0.0032367041497039658
12.05390857202404 -43.49742840559352 0.002751032237445309
12.313632293291477 -43.40294937233716 0.003513707896212849
12.29762967506714 -43.37548477266376 0.006264648012618185
12.31901881439813 -43.36442512531861 0.00536290710912131
12.171830588151106 -43.43193928019626 0.003614448404105649
12.321771161118829 -43.34102812821 0.0033834795788010214
12.021207921777329 -43.48358961097216 0.0033544081116965736
12.052963662808107 -43.469419025382635 0.0060003280476653474
12.104907500257122 -43.41280391227987 0.004568448143726623
12.059813308066918 -43.40630601470467 0.003546258457980532
12.291306483351317 -43.30515338051598 0.015647432962959885
12.301186212271023 -43.295440351936286 0.002777786191075992
12.168699168755827 -43.340137438281225 0.0031694981646036274
11.656965234620875 -43.55483140950887 0.0030368019499905376
11.764159679336666 -43.516697958334504 0.0030443844823540354
11.807895150418744 -43.49668252147848 0.00878444543654976
11.649877557049363 -43.54955616801062 0.0031689502022111617
11.698257010144784 -43.49437987688786 0.010365855121321639
11.764948771170578 -43.457646979844334 0.007192313009197941
11.66301103207098 -43.465202041345485 0.00450867654212938
11.669007310535989 -43.42893424509304 0.00605913047622409
11.793664758780205 -43.40429785165916 0.0032374474269263208
11.734186707911196 -43.39543612367586 0.005239544999456462
11.740058548515512 -43.353955821779145 0.004119117158591731
11.815215800541743 -43.34990583089239 0.003397889133771289
11.834488873216362 -43.34705831755105 0.023058172991914237
11.941238068542695 -43.303272045193445 0.0030856574700031877
11.877980496020736 -43.2946837907329 0.0028542985021805935
12.006567529250768 -43.362797930101515 0.006043969507610245
12.073919546094574 -43.338782682686286 0.0038642413159588533
12.07472088365711 -43.324329078361345 0.014410617955690427
12.031501922927385 -43.28796505430167 0.010473633666207372
12.054595789255004 -43.27944907604407 0.0030166364173234506
12.262582479811108 -43.21978584016076 0.006760851853671459
12.13517753780241 -43.20409154683629 0.009497187552217762
12.151697659667969 -43.197058878904485 0.0055386963921390435
12.18587917755329 -43.17047646318767 0.0029853057304901963
12.214160180433485 -43.173522508894955 0.0035876666176002906
12.191311057451324 -43.1724236565768 0.003028316372908606
12.20044502601651 -43.168355438516954 0.004137624450769913
11.946480132420158 -43.28340475517222 0.003976075428408658
11.986651807936404 -43.26958549096005 0.00470238301019217
11.959512575189253 -43.24832473379397 0.0028454182955107137
12.087895367213664 -43.18009428903258 0.005437675595796853
11.941117480501166 -43.24892715764916 0.002719224844771899
12.089476814845463 -43.13433788873643 0.0167163998061122
12.06916928834196 -43.14133131543352 0.0034691128657776157
12.13808997740995 -43.08471051875677 0.008209255254572596
12.212419766896078 -43.07114493515658 0.003652589948195824
12.2352589754248 -43.01714139144007 0.002833190158974443
12.337362631941842 -43.3938066284661 0.003532409789047302
12.337362697436689 -43.37044402782728 0.00740638748550188
12.355369036129556 -43.367308295918725 0.013147278254366838
12.428838136501808 -43.29645905532712 0.0045862739702275486
12.343415327380256 -43.314846465111216 0.003507521482390833
12.448886926221142 -43.23687900811061 0.004574936912604952
12.460990726813254 -43.23332615297928 0.004111541040191084
12.462532388561684 -43.221776207240595 0.003284348167476263
12.343465878136346 -43.27769989900215 0.002875794240657553
12.445015166006018 -43.1703413988247 0.0031110191513092074
12.334019471186329 -43.23121662338967 0.007138731284912209
12.381566450387623 -43.18793499163277 0.009057840932082019
12.464738852207535 -43.130416724916024 0.004439004901986255
12.34945434670954 -43.16185265792338 0.0034979188481925392
12.43586693185138 -43.10150434350616 0.009761922593290982
12.373439308311594 -43.06463152845576 0.003707579264635522
12.425911511842497 -43.019526130290714 0.0030819194921562886
12.33328871758895 -43.06040924414243 0.004175593036124857
12.334301041076602 -43.014695809523175 0.004249388904825342
12.249601781011018 -43.0159195453539 0.007669390295945931
12.388830111267298 -42.95303965011173 0.017516463143285876
12.38917524727999 -42.952838277656355 0.005343745109530434
12.357483437427868 -42.93903322796994 0.00710817202479185
12.485897717753843 -42.924035517465875 0.00508355286938526
12.445411282552332 -42.89505191258211 0.004171279341887055
12.469791952884044 -42.86962698339023 0.0029035442871109107
11.683114192999176 -43.358302433860736 0.003693575022026905
11.70058573014446 -43.3252496737942 0.003393727085788183
11.75363475718851 -43.279963352170064 0.0029138226817962275
11.592897230133405 -43.31164534367973 0.003197804391683229
11.711215500600122 -43.234461721582434 0.0043545073167119055
11.798396299437233 -43.26568010698859 0.0035579293466606876
11.911291115052752 -43.18699290024238 0.005361441227903105
11.76087247704288 -43.229155772877306 0.002680517701921659
11.75845138309162 -43.2408769668467 0.003125537505100547
11.610901993307133 -43.29368964113848 0.004594673436522892
11.668822579748316 -43.1799811589626 0.005164181108395283
11.821096207465676 -43.15615496577632 0.002723409980028799
11.772815189759012 -43.161393284578736 0.011116367212703046
11.75208507285036 -43.1610730843297 0.0029535201601730366
11.802637003150997 -43.12177981723935 0.003657015277259839
11.854930712304297 -43.10404871502888 0.010328793733185907
11.741665176425233 -43.13052753266828 0.006142549353885634
11.747524582073044 -43.10621774000556 0.003539415305818591
11.834610839161687 -43.0491925010949 0.009425003705345086
11.95872113863668 -43.146309523753416 0.005154691393720044
12.135169385573526 -43.07247282307085 0.004951901810383205
12.218786230418909 -42.99091020481474 0.007397364003113721
12.086789833421458 -43.029866553755504 0.00404087507802261
12.08494136979541 -43.016725381989374 0.002794508819655696
11.936533568151376 -43.08365053040943 0.009861134437709492
12.05526651256937 -42.99659857790605 0.002651404259333039
11.92165099775496 -43.00703909867352 0.01256765208946075
12.078357644418755 -42.95381830923966 0.006159905074137084
12.138439506038535 -42.91756269978073 0.004335829537240666
12.147017832332407 -42.91428302631128 0.002903746167565895
12.17808000671322 -42.86832507090744 0.006365422202601052
12.173487298423748 -42.8507530266658 0.003485348218355439
11.570774014159744 -43.13544850918999 0.005132168888415178
11.557792028255408 -43.144609391374395 0.003699423062136649
11.70395811616527 -43.05174140622393 0.0037367525074624057
11.752291161094702 -43.04081857489897 0.002655639010167154
11.860301861190392 -42.98670216485866 0.0037856534916685513
11.752156798800788 -42.98244551958256 0.003915639894037125
11.783809972214131 -42.976878618345715 0.0036999763629633814
11.822929913678896 -42.949486795220515 0.0034187513849843663
11.691918355031094 -42.98007393687796 0.0038542396479817383
11.608979131452266 -43.00328496068756 0.0061686868575799745
11.63273770737296 -42.96740624825058 0.0034243854620172225
11.655186757288911 -42.95773342428848 0.00533222325507891
11.74517962457046 -42.95541493992944 0.0028315556706035696
11.734065619156388 -42.93593725458192 0.004718909403974152
11.805460419046048 -42.93603580776361 0.0029481578286239705
11.801925725878617 -42.859994681209955 0.004417753805070896
11.803183208202809 -42.86277510634116 0.0029462095275554034
11.982912089595864 -42.914034537976406 0.0027220064478327994
11.871953230898509 -42.93712685444626 0.0027089341592448327
11.910022132094008 -42.9220980917932 0.002651935363243809
11.97620603572518 -42.86393360182144 0.003133910356657432
11.98155341408116 -42.85971167554486 0.0038094925151817907
12.092362952164454 -42.857196066362704 0.0089875928405975
12.175250231023703 -42.774518271688905 0.009219491528970562
12.161185697306928 -42.71634535418636 0.004030944694907148
11.96273201573588 -42.84032752935217 0.002703643650973475
11.99577268859075 -42.805381755939514 0.0026719853620736137
11.9916327999093 -42.78593554254404 0.003633581072465023
11.861562297686218 -42.82753060568688 0.004886968442803529
11.99599157572986 -42.753852293206506 0.00397268087487071
12.019461412693774 -42.78358819816726 0.0030444898437907153
12.016743142005224 -42.78809753003039 0.004590528463965611
12.076625998207303 -42.75883865150473 0.004658344572027848
12.076885360386358 -42.75864140714279 0.0031480959063532395
12.079194539603677 -42.76348658861084 0.006825203025439922
12.036203332549764 -42.74534450932256 0.002859105853177058
12.074072247331204 -42.682046772308304 0.002927296305448803
12.1078006124345 -42.654135441443486 0.004700266250617721
12.1055733248387 -42.63970618070737 0.0038662083069125374
12.238841914350198 -42.97777551662663 0.006498523437777352
12.281814327862955 -42.945975590946304 0.0032624002342399386
12.342410574901514 -42.94219172531976 0.002902521160631915
12.249635911810756 -42.93478876786963 0.005532097804747562
12.285301269803712 -42.912550795573445 0.004128576674903219
12.408993848798913 -42.89765022980669 0.0041753550801129444
12.46497592051232 -42.85604527746819 0.0028798759738060814
12.460708876688352 -42.85215003703255 0.0046237395694839435
12.412089397009291 -42.85197857431667 0.00415576044037682
12.380175677658594 -42.81991200873112 0.003397779404940716
12.451154872755328 -42.773692738008265 0.003094043815932133
12.254666265399402 -42.81324983703045 0.004721109404034297
12.241042104737463 -42.78849919315138 0.007213796796268489
12.296139011214208 -42.784786395681856 0.0065679603088872225
12.382931322908282 -42.78544891659833 0.0029496585112430917
12.203333504416626 -42.79643832731579 0.0047123577073903255
12.312080048912472 -42.71383369008001 0.004594519029467751
12.29077465868811 -42.6927054201169 0.0034868466652780896
12.250662421452198 -42.685519107046574 0.003057188762949708
12.279665222569944 -42.671506059859055 0.003915399983124424
12.39010327704808 -42.66107570973447 0.004265501996984887
12.38341238172355 -42.61514881241051 0.007821078584675666
12.37089557533434 -42.61635274739653 0.004288587936538129
12.32828274827306 -42.61484348131744 0.0036269003602069304
12.398709782964476 -42.58526978318479 0.003942664156346502
12.219070173207932 -42.66974526766158 0.004037434545132218
12.205177706880043 -42.61350268230349 0.007618153947301735
12.266008270368108 -42.56181054135333 0.04895142717175816
12.316070037622806 -42.52022075073114 0.008630300835031262
12.407775839138564 -42.43814796471653 0.016893384022790472
11.523096920230785 -42.992550673134765 0.0028077489895023833
11.59158241154504 -42.92367735609874 0.008294837255868399
11.51131770458036 -42.91767161850304 0.0028028377594440223
11.629026792562229 -42.87433714548222 0.0035363983121382654
11.575430353477836 -42.84724651181168 0.017861258035282993
11.606098160636275 -42.818024127880406 0.005839229364159992
11.6051661940624 -42.794382550823286 0.005631646090372613
11.521870974982123 -42.828713206476415 0.0032476932271349786
11.515281880022922 -42.80513469932921 0.002741143077022516
11.691624568244722 -42.7429169069943 0.004516765718747881
11.66940793880859 -42.696311668802885 0.0029699828028210574
11.8608870451222 -42.75538342963085 0.0029136393217224295
11.950332991699154 -42.69053954144509 0.0035374117545780843
11.87204146746109 -42.68809119007047 0.0029857463469361275
11.872963324017642 -42.68824151302493 0.006226131938506399
11.98935416280943 -42.687523456192686 0.004593568738943551
12.031997873668873 -42.660269785491856 0.007842270616733602
11.998277745590412 -42.66380563411244 0.006489464628625565
12.002986886427871 -42.66776035154031 0.00894323153685388
12.126786672587151 -42.59759541076376 0.0038596212124524095
11.986571571324491 -42.61511769712024 0.0034846893223705604
11.9171379579245 -42.600231031279 0.002691585869334141
11.890803553779396 -42.567054385850405 0.0034613581192086875
11.92424565209424 -42.52869467508186 0.0032731703963452792
11.48460203643234 -42.79714240063216 0.00423839037407723
11.511640732464354 -42.77013664570787 0.003037758359204604
11.576552018039107 -42.65377281128191 0.003457970146758743
11.687207456752178 -42.599066776460305 0.0027396888650162016
11.652071811240717 -42.59126423588158 0.010410388801750449
11.718209657201964 -42.566404943622864 0.0032741969500454954
11.541351210034964 -42.54639359949686 0.003589820386799106
11.635119382251238 -42.57909113893507 0.004117892260097671
11.680707272099866 -42.5007925794008 0.002922687112849619
11.683506676451858 -42.50101592546676 0.002647814704178153
11.91037055087821 -42.49529276002243 0.003818639667331161
11.829374419520155 -42.502418581337864 0.0062097451165928534
11.78149399122412 -42.52629148998964 0.006906540448398876
11.963711939202666 -42.48879376254065 0.003437070138242232
12.022639626527022 -42.41900295986633 0.003226757585080476
11.83277130143193 -42.421526002928125 0.004022646871137637
11.858164577850154 -42.39189433666263 0.007116655195554449
11.761284147217712 -42.41657248707298 0.019235440425859538
11.915616037331205 -42.37985542168587 0.0028714742071934206
12.014277437186268 -42.31194034865783 0.006752294871855847
11.904031940030144 -42.35233362178881 0.003618858520051546
12.247133252923833 -42.52530391183517 0.0048265259398109885
12.256585955738158 -42.50633110082322 0.0076727281233795784
12.128873706801812 -42.51356706964148 0.0043994830073952025
12.267223387181424 -42.46406669631923 0.01359858075357886
12.268570432386444 -42.461325271848686 0.0040691095254213
12.252005158341143 -42.45303816787812 0.004502083178963741
12.34771038379838 -42.46183764379119 0.00283426363506716
12.44491889634533 -42.38951037140599 0.004027661184331108
12.304748564253687 -42.438851825302415 0.004750989325136929
12.315364523506329 -42.43739426468663 0.006421280545147364
12.302784865154855 -42.41585279380042 0.0030155723988502113
12.151856970511403 -42.37816135523432 0.003332597963685597
12.312056238790657 -42.35942710820071 0.006061745721717254
12.349932554150254 -42.3487234079822 0.03432366294696954
12.40529106832 -42.29887306753753 0.007298248045057806
12.393114464665135 -42.301302360016045 0.004121139301057617
12.393383138374883 -42.277807957605255 0.004118289661398456
12.268666201673684 -42.31543514923333 0.0027940311883665903
12.453901439271036 -42.196518656385734 0.005425298706744807
12.478769781901809 -42.17737104609963 0.002680357817918882
12.131642562572935 -42.3556338963338 0.010203704187405824
12.194488162472243 -42.32938587358997 0.004191416605246137
12.20988670488537 -42.32325858111317 0.003319184583064935
12.09380208941401 -42.31338491787496 0.0039020474354633495
12.292086055305646 -42.23679018206916 0.0031300654920280177
12.357279909165673 -42.157582609672595 0.004246582147076581
12.312058749533405 -42.16659511295404 0.0032104923884757907
12.34533151400396 -42.15090589356827 0.0026906294388950045
12.211831035080936 -42.201449124964284 0.0026751715344879206
12.205163909379383 -42.17875782385605 0.004425144884831224
12.100790040828969 -42.21148309610164 0.0027558635430338153
12.19141087745148 -42.12151401366808 0.0032598952085679594
12.234477627075552 -42.184901665050425 0.008909914973336843
12.206286473780107 -42.125976122683134 0.014071659237938895
12.334745185799097 -42.03701631581989 0.004555778908145055
12.431657852761951 -42.164461926282506 0.004453376208276771
12.40538300893295 -42.142003612225274 0.0027332333715063646
12.419647580762032 -42.130429158623386 0.004018117843626402
12.473399515944356 -42.04166519799093 0.0032299647641501335
12.466538156280771 -41.989287950632665 0.0091930517444947
11.606505938336475 -42.491756583308955 0.0036443471475241943
11.657306253934063 -42.4521540065417 0.003659503649623429
11.7252707691235 -42.41205865961182 0.00848629011506544
11.67317599840143 -42.36179143544796 0.007948497273836145
11.65996065944736 -42.35326614188001 0.003119594669731397
11.504367066752094 -42.42918970663461 0.0073080362786519335
11.5327436056066 -42.42112795568227 0.0027158815177389596
11.538166715031188 -42.396666463033725 0.020432481511513976
11.484738010836624 -42.38670342766277 0.007720988838139564
11.602704570900167 -42.3747699632476 0.003238983268648073
11.626984735509415 -42.35645057850165 0.0033845083478463442
11.65478185356628 -42.28780481218093 0.0036744774764489526
11.914405003245276 -42.27827792549216 0.004696992801738385
11.98551353202534 -42.20616829636855 0.0034444072494183285
11.97698453121717 -42.1937765396333 0.0031740459862615337
11.978621561564324 -42.19403222364493 0.0032311405871851564
11.737251817839914 -42.25991418509032 0.004139737463361402
11.772282177787057 -42.23711150829886 0.006915024204776918
11.728842894033948 -42.23283111616891 0.0027186274935500983
11.77785813868513 -42.15941739455667 0.028801893363483284
11.89244925813564 -42.1755225771517 0.01512031276286523
11.86490060597947 -42.125578046257466 0.012016999541892658
11.960581236263 -42.09195392270391 0.00315664562686634
11.934871029083029 -42.074412682754954 0.002941815721812542
11.428525857941622 -42.3505963054428 0.006032779536264191
11.421923018506764 -42.33506766463907 0.004766574821849043
11.401122597684491 -42.33588509763997 0.0031384474382412943
11.36638926265554 -42.31005915288681 0.005052775989797559
11.462359953031356 -42.28381713164153 0.007854625164238786
11.670807189714498 -42.20593544117327 0.0030268504197625517
11.62197675779573 -42.22610927618515 0.003254118130779571
11.594702145542078 -42.1786849564782 0.008187279365925264
11.656767778873572 -42.16043833907125 0.025979521756914918
11.383888919523397 -42.22175181622385 0.0034773316194516286
11.470468948908888 -42.16993609220488 0.002856078793704173
11.635330424053215 -42.0869921984078 0.002644507753136926
11.52709136225547 -42.10092838240391 0.0027721219369769155
11.54313408717969 -42.09553137792214 0.0027672346980844517
11.647749270297664 -42.05562587284027 0.004988269507530858
11.720593578666486 -42.18230505474568 0.004958332533407314
11.75031453203996 -42.15110685826087 0.0052155969131279754
11.742172836890257 -42.13840429489059 0.0031900003787148712
11.833457175332263 -42.09085507927594 0.0037264314336190396
11.82527482560364 -42.09781894656908 0.00823901815068727
11.81034532780692 -42.09581018317669 0.0038857072227785833
11.825885059129869 -42.08792620772784 0.013054203681936598
11.76726331109188 -42.07537362239084 0.00684618325018735
11.900866439475392 -42.04788659360014 0.012731309018779002
11.875209834518992 -41.977591296760984 0.0034479806873858937
11.769743776339672 -42.03982972785793 0.004230961511371727
11.73427225371357 -41.95566889990779 0.0038297686047428516
11.86052552934528 -41.93467544226946 0.002841309540603834
11.926815797949446 -41.8799116730223 0.005208739879231085
12.13568667085848 -42.06040772132878 0.0026849465816495776
12.249982434770027 -42.047041247462445 0.0033705052241634064
12.2242307205854 -42.03527778877373 0.004608400972663708
12.093873090903887 -42.06184276163117 0.0026755795914270063
12.061989360267006 -42.05617852113276 0.0032281630307152195
12.060666266378368 -42.016084362708256 0.009575701061608337
12.018233611868522 -42.001188136607155 0.0037028487227205673
12.140409641227633 -41.9666594010926 0.008495998060918867
12.25089427166644 -41.94159158164862 0.0030381856253493852
12.201524506771635 -41.87842120879417 0.004315255846371739
12.261193452708484 -41.89021361421299 0.011575773610449942
12.359326011997911 -41.95072402969057 0.003659970076077194
12.386962705015424 -41.94244292292714 0.0029822825654205365
12.4674542293543 -41.907915543990185 0.0032483244766619815
12.367772584038676 -41.897663681414514 0.002974913480279852
12.43825628295684 -41.85190247127673 0.0038181969344359998
12.43890006824996 -41.85177088224917 0.005203641571976529
12.393148793838138 -41.84950118728808 0.0028917235682865785
12.332411057511504 -41.79736696415952 0.0030321980535022554
12.366145989241438 -41.75820202489341 0.0038157013405149642
12.47264853577229 -41.74763747941903 0.0029581457937443334
12.472420404666718 -41.74773407083104 0.0034679726167913937
12.448308080446122 -41.718685817728506 0.0030217182295463906
12.428358338830206 -41.7099079575857 0.004596580704162215
12.027268751688917 -41.96215216060017 0.013770971504082886
12.046110576840954 -41.90180248829045 0.004501208285492456
12.164405062826145 -41.84975053398426 0.003393161452467225
12.225267966521663 -41.80286883479853 0.0030401877140589033
12.1740517091983 -41.83358329955635 0.003131460728581566
12.14143105098342 -41.84215355828637 0.003934812520320902
12.017316935525695 -41.867981772701455 0.0033793529221678715
11.99800115060086 -41.85802191792834 0.0034751891657341604
11.986306918727204 -41.84753871004462 0.0037417863781123925
12.058984541997576 -41.818238578435746 0.0035265608314797472
12.045300685474064 -41.790753555605775 0.01657851855210103
12.069888795018194 -41.76821497020799 0.0032280970252837834
12.060855672526158 -41.77831826613892 0.00478340727403164
12.04321185184831 -41.71702903337891 0.008625159890142014
12.189480553916349 -41.73209703818824 0.003044222030996958
12.08153420286584 -41.74417532080375 0.0048529647257681925
12.133019857609549 -41.6593208462253 0.019861523780958977
12.333824446758165 -41.745070935745375 0.0030367078674290596
12.331940198171704 -41.75321823094442 0.004557653501821016
12.33973617978925 -41.73173466173929 0.0037909042009948326
12.351915513158652 -41.687130198189735 0.0029595560859734023
12.390996683278738 -41.70604306685618 0.010528183349336417
12.413065647214095 -41.66458173088093 0.0028550009008484942
12.41214512850143 -41.66758976638811 0.004727872483916233
12.469712166047174 -41.603818846253304 0.004277325881603869
12.399330988450645 -41.5628821597967 0.01003526648534059
12.21569652269854 -41.69488731012215 0.0030518171876744936
12.243149579765806 -41.58504726332768 0.0029494019946115775
12.216053287031423 -41.60576378816834 0.00396310998034507
12.226338746560632 -41.577034702005164 0.002667633235803447
12.205788654677214 -41.573698438735995 0.012299783430139481
12.219906225566532 -41.57841529673985 0.01651860238895971
12.301223717075745 -41.57484554038907 0.0051870814747520064
12.271387859729913 -41.56576722216024 0.003815894812633835
12.28576938760918 -41.54655720185154 0.007425022168070375
12.298212392792866 -41.54464588651868 0.0041539429686545904
12.37586040920746 -41.49297680966951 0.005159413665340109
11.380144858225414 -42.18080448335848 0.0027051624450488295
11.346652157195312 -42.148144349422566 0.010555326209787908
11.368859192318938 -42.12801308810874 0.01234739437248127
11.41244484909772 -42.08062679284467 0.011982841218055448
11.448371657273055 -42.079506606667465 0.005573102871908238
11.432332508926851 -42.04886736355149 0.005342134825641952
11.490861915203604 -42.095181199526635 0.009059210678678617
11.578422338193953 -42.00029011458403 0.002835685775117371
11.623229045300723 -41.978730404836305 0.004041354239531175
11.54603853122619 -41.99469136047432 0.004094651360433034
11.489191286902642 -42.000289790185654 0.004149281308120247
11.622258226512669 -41.93713835627288 0.0030344691013151764
11.373722866316175 -42.0553264908336 0.0036618356176054954
11.43658843257943 -42.015439163869424 0.004072229630509518
11.358000236615808 -42.01226217051908 0.010998290069833787
11.368776767588278 -41.98428672647167 0.007822897584722807
11.39945770108253 -41.963216785549406 0.0052724751876086105
11.55842434823554 -41.9484594613322 0.005415170367939083
11.588962485815369 -41.894020117801766 0.01731226732657316
11.452970683607878 -41.90950944150813 0.04319831322223492
11.454570752294403 -41.91008426497687 0.0361093476138347
11.530620557173844 -41.865484264402184 0.002653031794041574
11.649592828271478 -41.94450118340517 0.003246915636267876
11.66920704222112 -41.924575943174325 0.0044668906355342115
11.631277947546366 -41.93825440576765 0.006388466688952643
11.75939425035206 -41.845855363496966 0.028000162649731816
11.855749153972262 -41.86630036352835 0.0028729973778470605
11.845426343161892 -41.83122717369746 0.0039489976893090535
11.89534315081402 -41.82069429314416 0.003211050861350859
11.933235294619507 -41.810057445965064 0.0026600329396988458
11.81851612093836 -41.81547384144118 0.0038100722796702916
11.818240406377535 -41.81772704577193 0.00459713036508948
11.80289662085304 -41.81536284409878 0.0029197667907165724
11.840245950262126 -41.761328783836134 0.008441093767105407
11.665677398764368 -41.837580901865145 0.003764137675501953
11.74527133107552 -41.80062798157366 0.004564986942313433
11.620650837722632 -41.84051560971994 0.006020436355040296
11.67995441770868 -41.72953301334552 0.0031220946466814837
11.78700060736053 -41.78019195091993 0.005812220737072298
11.70549952970335 -41.726226869242275 0.005171427429454254
11.75890317364 -41.65660278777772 0.0027389751978298613
11.357137760659956 -41.96943178384033 0.008244493873477548
11.30084652883099 -41.96468318787068 0.0057715089653024194
11.35158124322224 -41.93763138840855 0.003936637857243996
11.374994578433592 -41.9180299357103 0.0026550556272922727
11.43788597682892 -41.882904163542186 0.0031803534239201576
11.313194422554556 -41.88667402820459 0.0026646113878156037
11.452402612024263 -41.87334661327701 0.002888985450228861
11.32048347379501 -41.86458939983123 0.0038784046122244675
11.286131444969842 -41.830794472981594 0.004935939633233317
11.257595912493722 -41.835652009234586 0.0030584064760760376
11.479211409709531 -41.73759368228403 0.0035259952232643615
11.479046612105629 -41.71650434403902 0.003025693133102352
11.356725059200816 -41.698047436156344 0.004480164130280861
11.433989864316304 -41.64380496721242 0.003350108398575069
11.608385328579296 -41.72212406000887 0.021290390448318593
11.688460433034155 -41.711196211794906 0.007784841587705384
11.703850259268131 -41.693752913044435 0.003143511761552808
11.735071877523952 -41.65676071729955 0.004124538336543836
11.528397641994946 -41.59678354116571 0.0026781877830800204
11.536172035554705 -41.600233518749384 0.0031995554757216715
11.559609951152346 -41.57270210782694 0.0071089822459263164
11.492856621209375 -41.59462799287942 0.002879789637403736
11.6395143885047 -41.494506156685816 0.0029625611245298234
11.569372200518496 -41.53619526422391 0.0035142566038656826
11.610598477159826 -41.45030605433802 0.005011211695360647
12.011570043608438 -41.73459280722915 0.004763683779173631
12.008770333435764 -41.67430112554318 0.010891478653199145
11.881658638653915 -41.71995911622205 0.0032174253894772637
11.969814168328412 -41.658747237604075 0.009981764736391535
11.943241462935609 -41.62422077831112 0.0028215127012296876
12.01391056916042 -41.64136695297905 0.010381398916909236
12.052117187190705 -41.641836808489565 0.00391324158143008
12.081660472166227 -41.59524984772806 0.003412644461114005
12.023756345848367 -41.580634663708175 0.0037150875652827335
12.011897850122018 -41.56449559533262 0.00527668312351213
11.902498544310513 -41.65516850902665 0.014150381690398273
11.843423812184616 -41.66747058301202 0.0055761234443330214
11.900708197366706 -41.599463932588755 0.006700026718868585
11.830836971170696 -41.64367918603847 0.00409133079341668
11.84256668506124 -41.59445900219287 0.0046202789252911495
12.139656829345146 -41.582829164835424 0.017401465692155907
12.13350822381864 -41.59026883364856 0.002800789886953435
12.15019632616727 -41.54422232223153 0.011998951685304278
12.106241369459148 -41.5417428310059 0.004200786064926338
12.122537781465937 -41.519241086618834 0.0032106436411955667
12.0664017067646 -41.515370730701946 0.0027286313503924
12.178713761568313 -41.465849572684355 0.002754274616252551
12.221298138669054 -41.40232162079017 0.005110704426601141
12.113271113511486 -41.40653679121292 0.0030405483204283385
12.020958346719498 -41.40469890136639 0.007374753006697534
12.00535576215133 -41.37109687038811 0.007695890142870823
12.020642914745984 -41.33884247130028 0.00454842428457646
12.038965473313183 -41.33597174658221 0.0049417213104547865
12.151501348392722 -41.34689213774918 0.003456605881840693
12.108355502724098 -41.36927281223208 0.004689181680312474
12.168118937988586 -41.26194799546074 0.009485523397224463
12.166059717687808 -41.26398225785057 0.005962963755794448
12.140648643274982 -41.24920139028973 0.005003682271003801
12.11509973784317 -41.252233839735744 0.0037302630605632854
11.819075764523376 -41.48201115032054 0.004188376166458453
11.730102360526198 -41.52083746236313 0.011148103308176498
11.925099236877749 -41.422712884909394 0.0032716710013250736
11.716655127629808 -41.46056434144732 0.006347836462416318
11.72317493023414 -41.4689921535199 0.003928659679264434
11.67989103447476 -41.45058310832462 0.009090830170662149
11.701603794664894 -41.35316378405451 0.002853854711617032
11.77337526849112 -41.36992591465904 0.01137266639100252
11.808296683960071 -41.37391085538593 0.004952369948816584
11.790410856598776 -41.31197059025117 0.009738054585811567
11.712201868422929 -41.33237099836477 0.009247514790853643
11.76234311513434 -41.26961217294453 0.00977624810280976
12.024789941838538 -41.26280020230766 0.003458953228769382
11.99780547314559 -41.22113445307365 0.015958965086310156
11.965391272611464 -41.221257990895914 0.0048307835596146705
12.046720672617743 -41.19731280479888 0.003546428959010835
12.04630258595995 -41.197630475913925 0.003554459740908479
12.073717102595548 -41.152900144620325 0.0031038910927252247
11.88961689523269 -41.26956131967676 0.0051224933068549795
11.957123048750017 -41.13992356372744 0.005610117529320498
11.954279461945562 -41.12354146469456 0.005535311420529679
11.894640164183942 -41.13685285898545 0.003642246961060191
11.956467340582238 -41.1025152619909 0.007996722483460469
11.975531600112411 -41.05533947037292 0.004356327830150461
11.975089739821952 -41.05605221583718 0.003191920710327401
12.465781184398454 -41.49162299574381 0.0027108541963102484
12.480196366619136 -41.466212830296186 0.0027945787967453904
12.477046912744155 -41.42286689360418 0.004630906149472159
12.40695696893467 -41.45254863002117 0.006191402306360894
12.381571429633324 -41.459894725137794 0.0072107868758819185
12.43455780274286 -41.430949394167506 0.0038673342968792907
12.492039732006514 -41.35746876125886 0.0030205757373214445
12.449257914011271 -41.36475269927371 0.0036758864692326056
12.489087437384434 -41.32202158928575 0.002811537785862912
12.468276433136916 -41.305125936390894 0.0034463138439378444
12.41623982380946 -41.30797925532322 0.006737771361555151
12.28964086435398 -41.38838668900561 0.003089996408295856
12.244629821216511 -41.293689414245456 0.004594936718072815
12.312859146739424 -41.22938739602272 0.003483870991516304
12.42074974354828 -41.23936031727758 0.008219572010694532
12.41510826816186 -41.19044047196558 0.005418501708198039
12.406489982473705 -41.18850922359106 0.0065636781098873855
12.382840154331294 -41.196855312946376 0.013626411803826063
12.195456481372515 -41.218249163696285 0.005161842744322487
12.195714426136012 -41.21804267373989 0.007096704052566701
12.158189575346896 -41.187590698178965 0.0034752052496281063
12.226628705229146 -41.1697036073897 0.0026438624371393246
12.242626179185502 -41.15257720078967 0.0044424818241099165
12.217666988499682 -41.13450379799136 0.004183127381693893
12.31638314139785 -41.15862738971578 0.0038843597440236773
12.330670029463771 -41.14972421801232 0.007472817818390116
12.286759326304123 -41.1395009754979 0.004496727027167053
12.33629874802817 -41.1229881532231 0.004270685393216543
12.342667741030004 -41.07590801962959 0.002802946668969885
12.257230654180308 -41.15403150348096 0.003751994210890627
12.298625107160564 -41.101432586312825 0.014864382577821047
12.308673123649353 -41.10683200243611 0.0035350531643125517
12.33862033536383 -41.06238153111 0.0027108130932332023
12.290223193707767 -41.03497282790287 0.003223995408423334
12.451515766846764 -41.17619583939809 0.0028519386877017662
12.4798378723464 -41.156440671778306 0.002889761160012255
12.471717291215093 -41.14050496112417 0.006326851405785214
12.37999254688754 -41.08918685863837 0.020993642053936244
12.439798281304505 -40.99347065879296 0.01564154324093706
12.39354111037007 -40.99673043639929 0.004300619003273231
12.395380309060386 -40.99812870673977 0.005031799291264921
12.373987905118325 -40.98000487041829 0.002801157991071724
12.484089054464786 -41.00816348808165 0.003700846605485326
12.479220769209572 -40.95467334682856 0.0030880570823438175
12.166255011388836 -41.1301428307957 0.0027324133253143635
12.063657588648464 -41.09225502240616 0.004738044928649151
12.124581675271148 -41.04397184412967 0.0034099353850717915
12.215682736702274 -41.073944432879635 0.0030585536272449533
12.159041014283671 -41.029655098158656 0.0030430530575070894
12.076496857991284 -41.01297871216394 0.0037977882335838127
11.998177243741612 -41.013035003389966 0.0030744955558726643
12.12223344270584 -40.99554992936725 0.005003492689889116
6.584988688420645 -44.64274733387663 0.011853787558311334
6.59642210126122 -44.6401046612906 0.002672622680527401
6.602146396434626 -44.60800431856638 0.0033900670241735977
6.636987276922568 -44.58361165517975 0.004510106939767183
6.554680590045622 -44.61926322463398 0.0049234106937662255
6.522259410975461 -44.578970961833775 0.004229141825827176
6.599156675789389 -44.540103626040214 0.0033015779441247367
6.659158064024382 -44.48736661353347 0.004501648587379301
6.598955366437768 -44.48100197629634 0.012436830190514395
6.656118919312623 -44.42595314930622 0.0052826880361225605
6.570372484702283 -44.3977489502796 0.002809065265172754
6.649151610626436 -44.32262024764336 0.0035891334350072455
6.55229139720693 -44.35605714386731 0.0032092490374399474
6.5390878714650995 -44.333334623190446 0.004842807313656754
6.565930027579065 -44.29921193272363 0.0034179801767564343
6.635714663616749 -44.20477877281934 0.008730170079229084
6.911861342325431 -44.4668156270097 0.002878818431778054
7.004290996473288 -44.415861242869845 0.003813388079234164
6.906488542424086 -44.41678074104152 0.0033941474454586206
6.936184324445815 -44.394244237877714 0.0033490647534845704
6.888271592087326 -44.38631084365437 0.0026557710938833945
6.760403315022532 -44.44701481376832 0.0040463052231742075
6.715010350387329 -44.44657565453777 0.004777444160061606
6.882759696133771 -44.380880306948974 0.01531896661205073
6.862413267668067 -44.3481252322567 0.005227886131086485
6.972357897054065 -44.24743154848824 0.004302187406108898
7.066382152979159 -44.35779471043422 0.01217401940352033
7.115238515083036 -44.30787731712215 0.011449821458755442
7.150109759217576 -44.312388284140965 0.002907390651191093
7.066790318078579 -44.313109444966955 0.003630092608566288
7.091645794046933 -44.26546125280453 0.004055835382480025
7.355421594721266 -44.11408233718424 0.004858375517596774
7.0328230748387766 -44.253300862211894 0.005687463265332022
7.109908498295959 -44.15592430544167 0.005454859570412063
7.193411546890247 -44.1853673682906 0.005305853684673787
7.329290578797155 -44.11614881512901 0.0029861465981041277
7.3077768809463155 -44.09873539155958 0.0032034793927244055
7.275503484250898 -44.10912601230621 0.0032901475488912187
7.18582079438119 -44.14846799052749 0.00795986275457259
7.212882685861384 -44.08749623026632 0.0031855494022867753
7.317757634179327 -44.0600495675185 0.00286588882894702
6.795696836567673 -44.30838669256239 0.004352360594456119
6.734977718769879 -44.27767304437525 0.006283071104965286
6.7960184773960854 -44.22758120729219 0.002790815553082433
6.8412761058074025 -44.28326004981199 0.0040132278243360945
6.95860291708335 -44.22894414434044 0.002685080123038695
6.937425899540042 -44.19294295108387 0.01813623103683127
6.673883187197888 -44.28576704377888 0.0038014777649340446
6.806546024983896 -44.109678307476166 0.008493130155609348
6.829523172104175 -44.17407855574833 0.0071452099547311574
6.968601702292321 -44.11169290169433 0.007674072619854008
6.9705300808810255 -44.06620324907922 0.0030524122627314096
6.939151568740728 -44.07847012218615 0.002942790698167803
6.953322703353528 -44.01980355496645 0.011063684932896214
7.0853322628699065 -44.15135005112365 0.003110647178896931
7.112954408731151 -44.10883098272631 0.003420662917644875
7.026257481186046 -44.11627101944346 0.002763301734435584
7.125308552350096 -44.04417708066269 0.009444367425594328
7.154078848936797 -44.01537994926793 0.005234375139368947
7.283833247703335 -44.0124729529687 0.002961182537451112
7.227014503524173 -44.00091872431805 0.004412096875797232
7.179582390256259 -44.00643953403038 0.007433675252993191
7.212897368855965 -43.99350583377715 0.0029986950628189263
7.009451687328885 -44.088505123867485 0.0029446989034106297
7.001681503771104 -44.08434545088912 0.006112854794334768
6.998892730228721 -44.09385205984326 0.0029909642329987588
7.100565477761823 -44.00735748832505 0.0027291553950581026
7.102593542744724 -43.93107708134389 0.004694411484341755
7.131539979330815 -43.92115347211023 0.002717011612632026
7.255098312446832 -43.93684750309576 0.0034549679231024094
6.5190017267980735 -44.2252847192374 0.0030395739205177235
6.582622501231963 -44.158494844078746 0.002861298153645879
6.533836096825395 -44.133059444819295 0.0029289716939882838
6.5253189657152335 -44.10750214243497 0.00337652239550357
6.547899601516466 -44.115979594320656 0.0030774419150128005
6.574698068395666 -44.098839805431886 0.002702459471566987
6.593538008061429 -44.020488307806126 0.004179154044417624
6.545004241523336 -44.03100739811936 0.02080778393767439
6.532169824768557 -43.90836023856148 0.0036124904662498537
6.525772818012684 -43.89897092569424 0.004097253827578858
6.536818131821863 -43.87932536563682 0.007768586031809151
6.799673530826205 -44.08283241625339 0.005298488726311284
6.763320634932106 -44.04527866385014 0.0036181623874501074
6.824665005406636 -44.09028854591059 0.0032314183706346313
6.856038709920047 -44.02287359089782 0.005865248803883002
6.887991081962917 -43.96728115149064 0.0033446153577297915
6.903516007770979 -43.94552675853296 0.005907164493977141
6.954520438414874 -43.93678775170545 0.0030230302962348916
6.629025235157195 -44.08401866111948 0.003140555947927851
6.724828565412868 -44.04119708687446 0.0032559407605225114
6.767588478233277 -43.99470026946335 0.005971612241059399
6.791352942783262 -43.991072738767805 0.002644545293346843
6.62365059788458 -44.04065425840373 0.006669783386253791
6.7005990251662295 -44.0013371324679 0.002856068435948937
6.631899662271831 -44.00217858244462 0.00848850159540785
6.734748941740603 -43.935787890124075 0.0034160813520357257
6.794964910657539 -43.96043256721984 0.004042085164462888
6.844194596001328 -43.89304772088174 0.003751777932600911
6.8352286391620565 -43.89840322054497 0.005393014396372868
6.946437888129659 -43.854536871092826 0.008789279081374906
7.010649511546424 -43.96271920621809 0.003512930312695184
6.993966521159929 -43.96261509646361 0.003198025516726347
6.974258585024612 -43.9627915930116 0.005958921024473994
7.03996042193984 -43.92390622988368 0.0046601432260719245
7.03104303434806 -43.906822601215126 0.0027337376219610117
7.044224297914232 -43.910735144122896 0.003553362867042352
7.066734712882991 -43.857816590122766 0.004819372382739425
7.079231767818171 -43.83991348240885 0.004716331517037111
7.1060883580871765 -43.83672353142301 0.008057688880576595
7.231581365564661 -43.85126867908486 0.007258226465900866
7.186935432586403 -43.82861010798068 0.0037955422018244173
7.310531254835403 -43.77130241271019 0.0031029036810376006
7.31053597641467 -43.77086805719645 0.003062054488660653
7.26972748793632 -43.788884233753095 0.00707630998903715
7.159072914654301 -43.79907316400307 0.017451915423498433
7.233998931152795 -43.7484382047754 0.003659179334994033
7.120547833085505 -43.79429893115677 0.0031447431124692316
6.980158266398707 -43.83175620441798 0.006697025993933897
7.038925115961398 -43.79797805566572 0.003769803164110913
7.208431444216216 -43.73575284702895 0.002735654452179332
7.248168451702511 -43.73403421877803 0.003095986901603473
7.184637959917343 -43.71112379119569 0.0027467141486417273
7.198989252130063 -43.69760826698381 0.01216293650626307
6.667897905861511 -43.93104181578531 0.0032014614347236946
6.732976690615668 -43.91475300059861 0.003104543501274143
6.762886458276488 -43.880278244977895 0.009244624692062423
6.74343942292522 -43.877591839733896 0.0066152572833794955
6.616034745173267 -43.92385330097176 0.002718042759280811
6.687926721200033 -43.8702935855753 0.002827935433814803
6.800156886443943 -43.859755210564344 0.003729705230611725
6.8328365981312915 -43.821439002361515 0.005702887043137798
6.908743382561042 -43.81649918230522 0.0026965739181655174
6.8705008130100085 -43.778465989744014 0.008279643538590998
6.917684972190384 -43.74729525976837 0.00483319964169239
6.633472723846902 -43.83723640727109 0.002727505466102852
6.743216174075366 -43.78396094300593 0.0027754466879212156
6.623176210219942 -43.79361961068942 0.004401996567948794
6.776657796122778 -43.76521461679223 0.0038419839797662987
6.859860664067738 -43.749317433125434 0.002721932929273908
6.843327048743854 -43.67654048600869 0.00376061193145208
6.841023752337683 -43.66524316015407 0.00321746672859106
6.875962208732037 -43.63776597958176 0.0052294327166699595
6.966314900108075 -43.76848553818049 0.003724719645905911
7.064051544262126 -43.73270465391909 0.019997573404546633
7.064271122853207 -43.73525906591695 0.010698922696921933
7.057943876850567 -43.7003395268768 0.007960549819098875
7.099034404130513 -43.67100432410915 0.003921626328403282
6.964486656243644 -43.71543187755458 0.006597074744120864
7.08890342268939 -43.62643221576719 0.0029668939953652836
7.169384203848639 -43.65594974278154 0.004714393123485594
7.268764464302301 -43.60400345044544 0.004299267815780131
7.266911779335942 -43.5401602075114 0.004706943709729656
6.972468821373749 -43.6739404733607 0.0047988413748594515
7.040343953787384 -43.62836090924277 0.005415480852214784
7.05882056888978 -43.57959899493484 0.004367684148804909
6.9989912868433075 -43.56180940442935 0.010694522157736749
7.105744546182707 -43.58383162390779 0.00414869363092333
7.109741655504163 -43.55200687340987 0.002709304507985811
7.1047810578763 -43.545911539805275 0.0027267885683516673
7.174716932089243 -43.4894786215396 0.005218201852263222
7.118420610470618 -43.51696437165767 0.005036699313287947
7.22395013577919 -43.46691983551784 0.002896100773506274
7.483724084778834 -44.116440399331054 0.00877869811516157
7.494879694704215 -44.098761703398154 0.004471981410965905
7.5193362024959 -44.07929539176908 0.0027214730602826936
7.428052315702706 -44.097579699973586 0.0038904996413584277
7.401124529050803 -44.09674594640966 0.0036299276136087964
7.470925571123278 -44.0833228599052 0.029020798289266035
7.494258912977026 -44.02831703662404 0.0031411105004286064
7.661550431854123 -44.02896241755591 0.005824244451444422
7.6767679367300365 -43.99973213967699 0.002646804897803472
7.613885771270648 -43.967793200636834 0.003374604409171077
7.6767009560227075 -43.916806577762806 0.0041225811637250346
7.428079449839001 -44.05117001281829 0.0046131636853137
7.4317002941247 -43.991520714314234 0.002693282440525258
7.369232100908911 -44.0033170086614 0.020021656428711673
7.38653162875077 -43.98782352521084 0.003420685483512029
7.596387487878629 -43.95281612709507 0.00440117745493663
7.574450842303133 -43.927427432344544 0.003136234837044284
7.660214717081004 -43.924816093871776 0.0032231565851443835
7.66255609512386 -43.88655497716394 0.009473389627684748
7.658669868544974 -43.88144966980918 0.0037505955552728015
7.555048574469858 -43.93172195296658 0.007235940542471111
7.53336381107121 -43.908082909038285 0.005877032056761841
7.782406360899184 -43.928020756937954 0.011361145966028822
7.819491223691728 -43.930441718496795 0.004739833756378407
7.824200363504372 -43.88851888321891 0.0030905328531728566
7.859509948306813 -43.85210526899792 0.005982710452223946
7.856078921625538 -43.861652936215066 0.002939504569324208
7.854678996648435 -43.84718843158988 0.007424190799890526
7.791908132070769 -43.87098045862528 0.0029987533740042584
7.821571952189879 -43.85617434472492 0.00393369283391485
7.798636383349261 -43.84669115501797 0.0038406478163922012
7.839875974484322 -43.84150814936722 0.0031353311308911754
7.894972992959545 -43.87311325223769 0.002790091266056154
7.948207228818671 -43.81619084426331 0.006193331902679511
7.975921318413712 -43.822794854100046 0.005963523563606792
7.924270229394613 -43.792264582025105 0.0035150021873775524
7.719092412353891 -43.88113950420277 0.002728602606249436
7.791774312494444 -43.80703043072866 0.0033025057285411157
7.717316226333578 -43.80329097527075 0.004927180923307112
7.791411514669624 -43.747991134195075 0.00500430861373489
7.9012825149648735 -43.75956506998244 0.0045946915277199326
7.915267983568404 -43.72677104461683 0.005135194169947611
7.860705211215388 -43.70464736683621 0.0036821213276732297
7.922117821108315 -43.68204783904704 0.003555192733616617
7.922426792654797 -43.68221236296182 0.003996011271974447
7.974045233182459 -43.66691533982037 0.0030844879263315366
7.99902628919143 -43.64174846585059 0.007909582488096768
8.003482237357417 -43.631983166605394 0.002936059650042488
7.345025145887007 -43.95640820021419 0.0048963604874441
7.407736106992504 -43.89358336868427 0.004912424397488981
7.488108347133459 -43.82615308106719 0.00347892634941195
7.677663572778805 -43.78404384526855 0.005586142428636103
7.621972750084802 -43.753317245104 0.003693369382394011
7.601576248937714 -43.74621132074678 0.006109066597950778
7.475937974806502 -43.74805914888562 0.00376085339901546
7.437633067362108 -43.74173240023392 0.004962054438805148
7.556008119251051 -43.75534145690381 0.005848151026705753
7.535173952785215 -43.68323691655792 0.002827367324546688
7.791474007611127 -43.70777282250492 0.008470556129396631
7.817259065753004 -43.68123895135373 0.00269939733392704
7.681522144928049 -43.748480629584336 0.0027107898735471633
7.70221445350333 -43.724044653763144 0.006861765383138459
7.891335766211034 -43.63919333958418 0.012766423572079575
7.921772806233012 -43.61571830978202 0.0028818678005576312
7.939263587537517 -43.62705974709453 0.0048870297139250625
8.00425355201296 -43.58842255083426 0.0047733623097162975
7.927467997823695 -43.61965327592801 0.005695083482022654
7.978383565038528 -43.585076692159205 0.005205371376317593
7.954251663252175 -43.53399384595834 0.004221199321069596
7.827005474185639 -43.606406952039215 0.050026042487066574
7.761704864532465 -43.6114837366996 0.0039785646047400805
7.6936060968399005 -43.61472023699431 0.004324442079157681
7.764231494801892 -43.57590796230251 0.002686626533675225
7.793900171576654 -43.55352932030588 0.0029414242571862885
7.76385281139684 -43.55780164619115 0.005228953739121021
7.841086525360208 -43.56529558732251 0.006522995059909876
7.827967629030954 -43.54976268330467 0.0033754003385598527
7.894919247001464 -43.50983741000409 0.003165493853762073
8.12333750961377 -43.71899617328401 0.004693741897085608
8.150780007729105 -43.73099848614999 0.004815173715150032
8.321540640447017 -43.635681283380826 0.003762247303667926
8.37195146939454 -43.58853781277098 0.004324318111356051
8.097951763318068 -43.63515087472641 0.004004698679865686
8.146157691517969 -43.623296699426696 0.01755851122654274
8.187556428944639 -43.56230966844853 0.014454910753235323
8.049674884458309 -43.63673113092959 0.00916121244997548
8.234924204035064 -43.57025437185221 0.005011954614592571
8.314987613084432 -43.50489222588705 0.002748897267723858
8.309594439125222 -43.50516701634289 0.008416858665120385
8.324919186475535 -43.42611834729358 0.014688465739552724
8.382291581749627 -43.56574938109837 0.004954213684836201
8.448816155517475 -43.52766522490873 0.01937252877371661
8.460804028376348 -43.50261949210261 0.0039414617801045845
8.40857251051559 -43.500140689977286 0.0078005631958543474
8.44748603746248 -43.48188226784538 0.0045333743664564595
8.508303949947418 -43.464852705579254 0.00518505723412246
8.58926171520112 -43.455974341508146 0.004254791075368884
8.624065091564054 -43.43823279510032 0.003685245712666058
8.631957661508162 -43.44748536473223 0.003570354667090983
8.683790541256759 -43.389090068863965 0.0067290948448853645
8.555873285250362 -43.40867602035115 0.0037922205699439247
8.619677929444647 -43.398284055924385 0.004100685849806804
8.403008150176463 -43.45936774097862 0.0042383206935729355
8.491254036538896 -43.4183919822011 0.0029293430872668544
8.363246580977105 -43.405540396715395 0.008399075972444154
8.512562844621534 -43.3527005573893 0.005709881032022511
8.556846854841574 -43.37527107756726 0.002762839361184345
8.551568509523692 -43.373058143964435 0.0037197381560434605
8.553342549171555 -43.3390696218732 0.006695351771266266
8.65198098955597 -43.32646233230584 0.004917896727588802
8.133484994691983 -43.5347843845644 0.004663357008397006
8.09553063821939 -43.50903749534048 0.0028678426527336165
8.138909584006967 -43.48732297778098 0.004517372769394434
8.020423553080398 -43.54734393844244 0.00369408240897484
8.016773618199947 -43.533426357121925 0.007539826799349398
8.060758591806463 -43.47458321218432 0.0034880586567879197
8.105677217118767 -43.45368745467629 0.002733781716434415
8.253584713293144 -43.43466463748223 0.00552408604426102
8.305821539190344 -43.4242258632034 0.0033794865677390954
8.31365392534872 -43.398427218724756 0.0027410563554276833
8.26784705547822 -43.36151888203951 0.002776212911044271
8.258572600796894 -43.354867510736405 0.01132388602704934
8.082012615023265 -43.448258462946974 0.0029896463612586028
8.11907011906683 -43.42391857737418 0.003169119200084079
8.106684882309029 -43.39781117739128 0.004693831548146085
8.029202313237604 -43.42769506180296 0.0031247077863738185
8.26262048445305 -43.31309346118014 0.002721052647087471
8.247245647778486 -43.3116493250338 0.008063192804155022
8.316506778338637 -43.26354275099006 0.004011584915704941
8.196090820949376 -43.32265435113192 0.00740909084144102
8.20831987729011 -43.32193067840189 0.006416373250705953
8.191721492474173 -43.30485026516754 0.002968886327069146
8.315621423633464 -43.254974371822776 0.003531188241118711
8.416581461487938 -43.28632194649486 0.0030737735533232597
8.355727695148794 -43.294088958878845 0.003390050163433094
8.468204028107296 -43.26723569887941 0.0031476251346788434
8.471512937634808 -43.27363030845742 0.002706735566546364
8.437306792045332 -43.247131802221965 0.005473082247556141
8.465947067531825 -43.24503519597128 0.0030691328992939015
8.526109522298993 -43.29821048907615 0.0065582148405152665
8.547889609265958 -43.27201976232843 0.0028107895783179545
8.5616071436584 -43.250241725710154 0.006682159065889367
8.546694299174694 -43.256548917146326 0.003104545538590351
8.530612114564013 -43.26114885608524 0.0027935922333495664
8.510842299374653 -43.26340418011514 0.0037596891980047897
8.573066049485238 -43.222871733707265 0.0039839372983864595
8.616482379358649 -43.24124767011911 0.003654799607641564
8.599512857335036 -43.223478986138815 0.002672170219539084
8.65304168431134 -43.187065610618845 0.005571309748305246
8.66232915787543 -43.16742323440135 0.007914836804774292
8.558435368903075 -43.174676142487705 0.003197763305197864
8.59841165402413 -43.19278924295322 0.004527960187426141
8.389949821083182 -43.260457282819466 0.003061399906617678
8.421675112761108 -43.15264030097485 0.0038605684720260133
8.447085128330313 -43.14354710451528 0.0059868086105972695
8.616388206479948 -43.11704144684952 0.004468962800438225
7.374859288567638 -43.74308610326205 0.0053217392875819555
7.414232870416062 -43.73545225192176 0.017027449448643588
7.41091366428859 -43.723370863886856 0.02252192262572559
7.4338805347133565 -43.72101880320051 0.00692763838026523
7.447727020396128 -43.70264084569535 0.0028947398153648476
7.445938794943085 -43.713318034672405 0.004681198579960044
7.450730300774214 -43.69670169201881 0.0034300185171800297
7.476529056574614 -43.67191336553537 0.004437826657791172
7.380958246290187 -43.684339556494216 0.005106045254633066
7.521679516479136 -43.6484501317845 0.007640509668307206
7.532390926922365 -43.64682990906656 0.003861052924137388
7.5073500998456755 -43.61931971180381 0.005815296191387471
7.610531241742004 -43.555407331324794 0.002701134373604763
7.450071725480677 -43.57864311421759 0.0031308821430423048
7.339356628869003 -43.628218981705906 0.0029583767086201677
7.436244924140079 -43.570083662493 0.0027052355106421794
7.467686707237578 -43.58583561714421 0.013329345023885913
7.631743548267511 -43.502580370186486 0.004609960132949575
7.492278865211819 -43.49944541655954 0.00411750840742434
7.7434215129745745 -43.48446093926956 0.0032746876702508814
7.748275097268455 -43.43973855374616 0.012684891727035802
7.803148443601899 -43.43088356785593 0.004523483542776227
7.843852531588771 -43.486651574957015 0.003994451842377625
7.941498687678035 -43.412965257322966 0.004222011331846967
7.835756370052998 -43.39978987885873 0.012402989744957063
7.934180733843656 -43.38013998957457 0.0034886422781668152
7.947270923444385 -43.373137840037586 0.0047870608679745465
7.948227279953258 -43.33868137308048 0.004928752264497428
7.928729241028325 -43.34215475510668 0.004443337936558215
7.661169991984523 -43.47894766890701 0.013257521638002605
7.659273745032934 -43.48201970509043 0.014104369263647313
7.791206263647456 -43.39837295267966 0.005143400936640083
7.740145281565254 -43.40842397226018 0.002701870282634855
7.660382267366989 -43.40721244145196 0.002768803846473126
7.758262019033755 -43.35521519872571 0.026452555644032757
7.711027263438928 -43.36971887493622 0.00764583426182812
7.813301185565723 -43.38684890838164 0.0033397429720123757
7.911560107190061 -43.308379181056154 0.006800896955163229
7.792063441817064 -43.31322706960952 0.004306863618907059
7.861541307726501 -43.26354873799867 0.006565933496223215
7.898294104555628 -43.28285521884104 0.014352422802958812
7.94837039617996 -43.25745424113424 0.00430386563747815
7.887839195971902 -43.264005430517415 0.0034421877096366916
7.563196963522985 -43.43481873642883 0.01573529319871247
7.572496846183911 -43.4224908361828 0.0037969989287880515
7.443409866991398 -43.4262120949181 0.0027352958062371773
7.512016027065487 -43.36438443977796 0.006402336104210337
7.3156600787542 -43.416736074526824 0.007076855526686114
7.309026785679081 -43.39017007439555 0.0052000520366205765
7.412474682687727 -43.336400010331054 0.008473477871179034
7.573241039653176 -43.32274518524295 0.002747181034463289
7.597195394366674 -43.29931513637003 0.0031042499272632496
7.543961317808704 -43.30073898394129 0.002656372157744777
7.564378303731925 -43.29065462043177 0.0028320994823004503
7.661479391768079 -43.32948611929891 0.003991468944599742
7.758260812775184 -43.292166131778885 0.036713637721055105
7.705524865356313 -43.27591945191169 0.005119735440359641
7.771319379088598 -43.21395686604568 0.009758463220581819
7.886325114736239 -43.19426189946288 0.00338033490264342
7.910377866858213 -43.16620429540108 0.00449912116902912
7.938070081692746 -43.15727705430607 0.0040037172999171245
7.635485263167515 -43.2494024624471 0.006027813747022221
7.724697903044902 -43.20388210667723 0.007965260515691143
7.61878321303101 -43.22250766266088 0.00709731661257664
7.645172136459031 -43.2226077216664 0.00531986920268459
7.792062283282382 -43.18586397635074 0.00957807006433265
7.781230927734887 -43.17905193393484 0.003412868182981316
7.8229714915203985 -43.16335607283598 0.0037604942557304963
7.8979083532675665 -43.09962485897626 0.00839715055048135
7.871366066276042 -43.085168815884266 0.0033187002619777047
7.91864138851422 -43.03588492429491 0.0034734349078963302
8.079579323136876 -43.29054855088833 0.003755361024823968
8.05779653686757 -43.28243880900505 0.004075067525944189
8.114698101090017 -43.24304466982171 0.004905130651687861
8.23202896166394 -43.23353962954675 0.0029382209406106116
8.011205810449445 -43.26160951222007 0.0026769335738244227
8.000603195129512 -43.20792372127308 0.006845098699621045
7.9787437862457375 -43.20973342360444 0.004018067605264181
8.199896503974275 -43.12725876704593 0.007785567325690407
8.374549809419312 -43.13747933529704 0.012185850187478982
8.417067779716715 -43.1214175477506 0.003366519734311384
8.445281928414088 -43.101016749275345 0.011547356252176795
8.355853043044581 -43.08218340610259 0.005813407674469519
8.577532071641462 -43.0009681702745 0.01460898639447969
8.606018042963196 -42.95592662200264 0.003307657245312365
8.31555171169435 -43.087245796341634 0.005900848160722842
8.32838256238091 -43.08606666041279 0.008741539103068382
8.377503832626726 -43.038929541918755 0.00274842467936978
8.36210316863212 -43.00724499749111 0.004540018260197365
8.378040038877273 -42.988773772000805 0.0034156887129676737
8.399844401875816 -42.96223218779759 0.00346452001469534
8.469664253979555 -43.00216030442107 0.0026515964848681517
8.505660878122638 -42.94006651749259 0.006316346401781945
8.553903915073738 -42.93962606522659 0.0034724865688578045
8.608007410789316 -42.878863924152775 0.003069778956236858
8.45302596763461 -42.949260735352816 0.007342806008428167
8.453965036727512 -42.92552376176497 0.00942990678230474
8.520830262567399 -42.86252614210115 0.003344388486261952
7.973806310955019 -43.15836218367081 0.004810048768070504
7.972426448548744 -43.15859109580671 0.005999333980603425
7.983763136492367 -43.13523846690772 0.005055033343855288
8.013961874483464 -43.12895822889007 0.0026694333665016304
7.9546293414503 -43.13582152012498 0.0027825727941375865
7.994492401653413 -43.10069481183821 0.0027631888299673737
7.969890139985163 -43.09661069127285 0.003988984783279608
8.068995355659652 -43.07546259459125 0.020800219098560745
8.084140108235664 -43.02841467751758 0.0062994377638021255
8.258887741210918 -43.00563649143403 0.0046436405997748575
8.23209633953944 -42.99694573423151 0.00536354655515761
8.171872047455384 -43.01394011136602 0.0034031009293538283
8.109636003667005 -43.00582039441906 0.00377304912392151
8.074910880212615 -42.97613632447552 0.003396052962768909
7.994356660433879 -42.966710402805774 0.0031576459960848927
8.045013370423444 -42.97708100769634 0.009438461846985347
8.02934575565003 -42.98467657347705 0.005947710406664894
8.076515653141373 -42.92349992166907 0.003077099357934674
8.141218031024717 -42.973566519702295 0.005108849564593734
8.11539548374033 -42.959286085270826 0.0034713658331584686
8.114661418801377 -42.89460832726852 0.002669182781484708
8.172891163914064 -42.86066277300542 0.004246861859317746
8.30108672937069 -42.96179277606578 0.0036496639234376983
8.333161735933343 -42.940225809839795 0.003550820467971542
8.428344413302417 -42.90488827447752 0.0032923428516500462
8.287953869761074 -42.94362793828468 0.0030351188685338914
8.330869745514189 -42.88150633755901 0.004351115027709467
8.399863149426118 -42.86789502697981 0.008706343836917076
8.368430062577291 -42.85617622396237 0.008644614273208182
8.515290636937422 -42.81208267730237 0.0042707585559501595
8.600082189011747 -42.787550294966834 0.0056131341233332166
8.52582481100721 -42.76504128354667 0.006980467904916404
8.311078282549774 -42.85311039836765 0.003441887290366377
8.30907196424298 -42.86718474752182 0.0031396198746058038
8.305312436881309 -42.858704578521575 0.002942183967595101
8.354368590069912 -42.84776243072154 0.010825888993679955
8.25468505949537 -42.84991191747896 0.003313455212087528
8.25426777524706 -42.851100202374866 0.0027004751462392667
8.348778562592322 -42.79064965899318 0.003979786134550427
8.385104598248928 -42.74299403977299 0.00430689470856337
8.430524589925056 -42.7786083477073 0.0027225857344753846
8.515700386341075 -42.69411573529648 0.004686964181808495
8.549573476902733 -42.671219215192735 0.00493225690654306
8.548191092811592 -42.625714528800664 0.0027751176182225197
6.55147204082075 -43.67969059910826 0.08333333333333333
6.5026038545689 -43.66576011692649 0.00267660472088332
6.531103063840743 -43.670397170132304 0.006569660991479699
6.53185114980712 -43.51309215494941 0.008668348826471724
6.529242999183315 -43.468315397905464 0.004125379485522507
6.500074053209206 -43.444497976738944 0.006679155500865525
6.635898070190861 -43.74982400551536 0.005868762162062624
6.630693792018868 -43.74587778596794 0.002700187886508515
6.621244984278717 -43.71197505542914 0.01065751762688433
6.6303049991120915 -43.67129517182595 0.0026618665552013286
6.710863676865152 -43.65348115309734 0.005545984157065294
6.710857810696438 -43.63707020297857 0.003003101629408291
6.813539748314279 -43.57648754078191 0.0027390879643666337
6.886199758396877 -43.53754030633487 0.007422828808697464
6.6082309793444685 -43.6711725140137 0.009203756063822306
6.685780734410025 -43.61927521906687 0.0031789185062129693
6.6301794569666965 -43.59961760081488 0.010934048718100284
6.657649393416343 -43.56878079126748 0.002667621810866219
6.859295613858158 -43.48210483948883 0.005945747673615332
6.830405150517674 -43.49247572599501 0.003094565679230296
6.880768199500278 -43.43214472146073 0.007367871783521264
6.92389096407784 -43.58957868618251 0.0026630364425301446
6.964396357452361 -43.569486275206046 0.002806102331544595
6.998212550004488 -43.5209683976544 0.003402938376879339
6.981026915465409 -43.53000564567929 0.005065081987763505
7.009120720757257 -43.54964892489292 0.003109121934103689
7.115802089848277 -43.48721906814879 0.003830420910885069
7.086154523691522 -43.469260257288454 0.003051813182247927
7.210503144982079 -43.426750677100166 0.002888184311689966
7.184999555031517 -43.39717427183202 0.005094966931740063
7.0863875583211335 -43.44123146758635 0.020215682570695042
7.119331421235657 -43.414839041131074 0.01823256370263591
7.167593746386912 -43.353281110012944 0.0035074741148201057
6.9828801455879095 -43.42358813063659 0.007723715522755997
7.060154583468756 -43.38052713533675 0.003957146188058188
7.053351007361342 -43.3556048403435 0.0035163384909651773
7.061299761737774 -43.33542918842849 0.009258956625709485
6.99441987189974 -43.36538216794626 0.010580037076022723
7.004773421212593 -43.34685750905096 0.003069093466023912
7.111058943664558 -43.37392372626394 0.002732862489106895
7.129295771850494 -43.32239254947624 0.008287105822462292
7.195548912774056 -43.31506887137884 0.002879589521963404
7.183922443047585 -43.310231737730305 0.0033092395386381886
7.086097041815096 -43.31805908008818 0.0032802981167298147
7.063598213945327 -43.31273457775503 0.01968743306641802
7.200717394727858 -43.27141887717679 0.0049080817703945345
7.155416379149765 -43.2667266606511 0.003438739280756099
7.196022007045154 -43.24418521385008 0.003201948663309591
6.579701359091472 -43.54158644538209 0.004734919988484871
6.637535648164897 -43.51955735281121 0.005085329695197496
6.6901745544318745 -43.51279838795399 0.008356320037646758
6.636520921028414 -43.49380996824318 0.004207025647308277
6.715945671340047 -43.432162039032576 0.00668894183715293
6.757049734335034 -43.47848843848464 0.0032058142838482856
6.7769325328404015 -43.46654280425064 0.002824339432944299
6.743159455067502 -43.46014438721614 0.0026753892310339613
6.795532753289527 -43.43215318141607 0.006096069148478259
6.803741510970799 -43.41687158838356 0.008481290905367717
6.8538935593290775 -43.37791959926879 0.0029997986104411583
6.755934420623831 -43.38237028842831 0.00924318764335547
6.843487509187916 -43.37200198418082 0.003040075571466859
6.863180794516572 -43.357687008726174 0.0035616721026151756
6.88382309189654 -43.34273697559384 0.0052832728450367995
6.688541763137066 -43.39092679755753 0.0026788424024739525
6.6323621013706475 -43.396175390073296 0.002917361616087818
6.645635335170995 -43.362261631938104 0.006609731677293729
6.641926236925538 -43.349506798803205 0.003831106011455383
6.663958205646304 -43.34241977871349 0.008810267192134383
6.776492861326822 -43.34880357386857 0.003608699044524435
6.768399255831364 -43.333695692983966 0.005984267446637962
6.85552297096236 -43.30994442429144 0.0027966903225484373
6.749495925736519 -43.28442224678355 0.0027156489895003976
6.934901910532602 -43.32546183269956 0.002697053613099546
7.010857515544252 -43.26352283943612 0.0040578117429084124
7.0007948988007564 -43.24915704500825 0.013760483997769931
7.026684550291477 -43.24113818499548 0.0039061161638885215
7.017141063309675 -43.24105854291586 0.015042143401098627
7.2062946613452 -43.17626285113745 0.007068690059923993
7.2035447625924665 -43.13208759076175 0.0026854932160194087
6.958113614826367 -43.260750993415115 0.0031495801132674943
6.9060579373887245 -43.25495325774936 0.019304263616787574
6.927663620895092 -43.25156640365153 0.0028957191926770264
6.945503291927688 -43.22067754817065 0.0031769223839368805
7.0165688611353385 -43.226383810522854 0.005267427292022225
6.963547105340005 -43.1966514061108 0.012397439129541027
7.056675524197423 -43.17953014829647 0.011731439887883423
6.517291302353514 -43.40191989942637 0.004512555897690488
6.52827752450942 -43.382423369068064 0.005326735650445576
6.602047490110073 -43.33781365144373 0.003976486749379113
6.668282885276746 -43.29189825810622 0.004180061337809437
6.594738250097045 -43.29507438630206 0.004095927347344058
6.7562570363290195 -43.252971066841184 0.005820859472037239
6.762123013387078 -43.21731716672607 0.0033591747302555808
6.860972625372879 -43.20909914046198 0.009820894475458477
6.838616708328957 -43.17649338681434 0.004093058808910098
6.84213024907703 -43.172986000126265 0.003720953730052844
6.746411375265571 -43.22041783770239 0.004009058048725456
6.714350037509347 -43.21827862908926 0.004089903815775507
6.832672810335281 -43.13685293425281 0.0036984191538520853
6.65565986830348 -43.21592334076368 0.02571647531097009
6.629186992903882 -43.21168218959012 0.0029222154300860468
6.669403241131724 -43.17851270240513 0.0055858997172455105
6.519953737435563 -43.24963575434977 0.010091121950328621
6.593325186000331 -43.170024596142774 0.007546274339390902
6.700805176050549 -43.138519156129526 0.011103339511316448
6.890954363656568 -43.16871807318162 0.003681094143527409
6.928504819967754 -43.14786206778167 0.0033928150398256363
6.915213779636795 -43.07314569174691 0.0033556325976561567
7.086523341538134 -43.06046540936737 0.0039547212237031545
7.156237219200314 -43.03208682274267 0.002675757581405359
7.131124594097448 -43.01996090066242 0.003961682158459204
7.07157898701919 -43.01339496362578 0.0053002394422120335
7.1215623546531885 -42.99471807303057 0.002803597697345572
6.854296959421274 -43.040772063635394 0.0034836185511734606
6.850399570835771 -43.05050772431071 0.0036973947022697086
7.006378737154813 -42.92693400095875 0.013471734016763251
7.033323125330963 -42.99929907238526 0.005887413164394284
7.174050983639135 -42.90259350339404 0.005441816330729876
7.032038730514433 -42.93740611694062 0.00367557784092039
7.027236658119163 -42.89939071561155 0.005972204420427941
6.570414527990213 -43.1293314187476 0.007054903531706136
6.6099604304311335 -43.076675664957165 0.005932802615875035
6.606607195880216 -43.04760812458854 0.0026721147517274712
6.636939022379173 -43.03802710479723 0.003990502659803278
6.634834202045247 -43.036613046673736 0.004171863302053883
6.696774716238843 -43.08140339233835 0.003103607871093342
6.733657107490065 -43.0694153613075 0.0031323613717733592
6.750253266267178 -43.05443888088726 0.006038033866841138
6.699420788679564 -43.06524112396467 0.0038515681757611
6.739081629879366 -43.03626221715907 0.006525470634347909
6.770522836344329 -43.040058199559176 0.0037136059557312945
6.738626048286052 -42.96207113850499 0.002694569065367016
6.785631413464264 -42.98377161287497 0.0045215202438705394
6.823660786689465 -42.9572478748916 0.003628534983921521
6.607286843407258 -42.986646684282306 0.005927981568056178
6.584934439108664 -42.974287431105864 0.007086979550679763
6.584568417373355 -42.953654626364546 0.0027260279830661834
6.712891220216174 -42.93201509998114 0.006539344763966657
6.806254560863725 -42.92014030429081 0.005429020663261831
6.859738034948636 -42.97264252109783 0.003318627018148197
6.906581785844911 -42.96162277875446 0.0037014378327553136
6.8582702503286335 -42.957650111306414 0.0029805365342945736
6.969169391527045 -42.871837605591786 0.006624528984510118
6.952229108234483 -42.84302999268821 0.0033113319508120058
7.057981529620593 -42.868832564693186 0.017659946135983262
7.050604544642877 -42.84570240330877 0.0046891091234221305
7.072431679127522 -42.827430807183426 0.008510469989857227
7.1295209700319635 -42.821424967543805 0.004983708699195435
7.118742674556039 -42.80244788418686 0.00366255330890197
7.1058243121033975 -42.8112794530851 0.007440580926868944
7.15446358822614 -42.73519206764345 0.006300606031609384
7.152115276800897 -42.71771315186308 0.003458412200459032
6.907253516739143 -42.84129261353744 0.0031384525329577425
6.856959524766163 -42.82311345581411 0.004828970080771976
6.948046614987762 -42.77142984002797 0.002992330950410197
6.9446689256403085 -42.74709639733912 0.003077854458336245
7.004590044662352 -42.7942403196564 0.007731387300620646
7.0786149056100385 -42.71806787854182 0.016086870087909846
7.079210378746828 -42.715220589502174 0.002805036808820669
7.324139234337954 -43.355220919436555 0.009905959763600002
7.294198737490654 -43.35229053560082 0.0027215294586767674
7.387588275102083 -43.32665593056686 0.010721934989119242
7.337366131058693 -43.31320087169905 0.005450123639287961
7.307502109008414 -43.288364302626256 0.016074142518994024
7.475162059346771 -43.266669100958254 0.004466655209028863
7.544545347916576 -43.22752893610947 0.00496488444084433
7.507055656458343 -43.23901958714867 0.002664437636277654
7.587210746236662 -43.20202928712323 0.0028242371056577103
7.255271185528805 -43.28804861118101 0.005134690128121711
7.333436713306257 -43.20227111900083 0.006050084419763172
7.281769275477473 -43.180814886800974 0.003316237222227856
7.419830356917584 -43.14862780909396 0.005417073953898798
7.505899537207072 -43.14966230850859 0.004593247947220896
7.490573575526023 -43.13596117029445 0.004469087827717697
7.408219272717189 -43.12375356248241 0.004446353981338808
7.424692484685173 -43.09465977775378 0.0038679788402828296
7.501878952138243 -43.097177321982024 0.0029555122899132284
7.516113136437647 -43.07705830534862 0.003330403195766342
7.596244789780058 -43.1809211657374 0.002753786551190356
7.73268110823512 -43.08974123369077 0.006758442910758603
7.694619473123547 -43.060693905674995 0.00704223372215635
7.67794793427115 -43.05843509971852 0.004131462114359541
7.664871260656469 -43.06761482340766 0.00446555044384259
7.708718403823869 -43.0470309311823 0.006085023357470109
7.822174309116637 -43.0522195928736 0.003099941081838606
7.817978865468492 -43.043162918347875 0.0030915428090498207
7.865234310667086 -43.03469334480213 0.0026647887401848635
7.857595889033697 -43.03234064801574 0.0029918086577707015
7.895371800770421 -42.99634220295696 0.006179088630528935
7.812712826148835 -43.00735146196628 0.003969709024644209
7.750168162263075 -43.01793027988445 0.003486738760397857
7.705019600691793 -42.980567925262214 0.004125288438254649
7.571573911471237 -43.02104882230349 0.005739750170426407
7.69640650841727 -42.962969747013695 0.0033334279658276825
7.673964597925952 -42.96655245188153 0.004063525688759021
7.698452369326874 -42.95164202443539 0.006757325348235252
7.839561804898904 -42.909436633873305 0.002786444258455234
7.729212152185955 -42.92918866648426 0.007903977851747658
7.737953276962332 -42.90359596408664 0.0036668517730504614
7.793641609022345 -42.8800955221575 0.00511307525302419
7.840358415555659 -42.8808627122255 0.002715959375531234
7.878521215006644 -42.86854075066052 0.002650235179899792
7.256213034673732 -43.1801469779831 0.0028112803667924417
7.307021580323117 -43.1290146454009 0.012486435686881476
7.376052511979951 -43.11186390518063 0.004012568224141405
7.31971210820003 -43.11480095232724 0.00378757799399744
7.310546115894454 -43.12300475654633 0.002726068375290273
7.335126897879256 -43.11598704094321 0.0033188554662946304
7.312143522801395 -43.08814043452507 0.0027222225023529867
7.327926498670985 -43.062800152317415 0.005785210950944654
7.531710549920931 -43.01038750944845 0.003419571309187006
7.482085414776275 -42.959171056641935 0.004841268221805786
7.504349506550038 -42.94664904947147 0.0027845615668705753
7.323083937173697 -43.03021991870225 0.003525932505288461
7.234991132564224 -43.009493203548 0.006658272488733608
7.349960609269929 -42.951345897750954 0.0027667862876022222
7.446525991724789 -42.9543294672924 0.0036235497184469467
7.487957763701714 -42.91735184628413 0.003653977422890896
7.521861144180251 -42.9219444948625 0.007566220516843678
7.431874792019848 -42.896122547636 0.0035944455125367252
7.470151916638192 -42.88630156491249 0.002799058753618247
7.574877046125721 -42.90648426654728 0.0034936457378647633
7.707902957990512 -42.86136241276501 0.003980163746687212
7.835170259587671 -42.81590242932757 0.006360174256123433
7.8503565499764765 -42.79829364834384 0.009669799842626552
7.784990812017804 -42.764842807394054 0.014582822834419074
7.841663411055301 -42.763274065756704 0.004114986451220406
7.616364400955188 -42.84189862803365 0.005532691879146286
7.584657251972067 -42.85108924407751 0.003357660407286567
7.702265475357908 -42.78033392653896 0.0034122027183290057
7.700025382254584 -42.76182886385549 0.004204390775973228
7.587556515384799 -42.82526604612521 0.007038389060344639
7.598879140350985 -42.79541677274416 0.0033837849510128695
7.562827778073936 -42.81081059627606 0.003949385338798336
7.687371206835905 -42.74763149504602 0.003397685404771379
7.618427988262514 -42.75785964755363 0.00382713431820971
7.776758355377857 -42.66915400220546 0.004766552925888298
8.007663258615048 -42.91896174275507 0.0036361420376931535
8.007742656830404 -42.87741830766274 0.003947900010225688
8.098050662474833 -42.87345195166587 0.005228437063288586
8.111191056811869 -42.83668874991697 0.003467418680706212
8.1206663884065 -42.7929499922021 0.002776889668054886
8.038700301461732 -42.80277568857425 0.0032275016994416064
7.912617545500544 -42.80050187565277 0.005270230130923543
7.984151208979929 -42.7774067560016 0.0031462889833751514
8.066777471545791 -42.78580713141089 0.0027242085059248954
8.108780069284782 -42.78428792177268 0.0028411925656687638
8.178441570847506 -42.73321535883826 0.004240925122151123
8.200098012487695 -42.72665908753101 0.004002993451254271
8.160419994704151 -42.71290290641921 0.003338564988415253
8.205047791871243 -42.691275981901626 0.0027267553230352877
8.11704598946434 -42.688251804563464 0.00959468242604899
8.166623596384795 -42.66864677965744 0.0036228407962090674
8.346017053822823 -42.74717779876747 0.003450083607126291
8.241788735954191 -42.74058644705363 0.0026541628714171323
8.302682841563758 -42.67629368977045 0.004408160306470744
8.334652290170627 -42.69797973880688 0.0031345349719403832
8.328420459872843 -42.69899449253577 0.006186263215897164
8.393847602503273 -42.63079646233541 0.003981224468943878
8.380097709247968 -42.61963760762634 0.0034085709992279817
8.442715459223315 -42.66970815437814 0.003206910537053695
8.4782524884178 -42.64716944048894 0.00874048515668246
8.428489599814881 -42.594083714403766 0.004748051321898586
8.4424949776787 -42.60230660862085 0.020247249502726414
8.506887530070605 -42.55574359328469 0.0044964234035346235
8.32352843974662 -42.64444801167465 0.005455759839842074
8.322055634677142 -42.55980020504112 0.0028544178898743918
8.4660406556412 -42.550184816779385 0.0030550436841863277
8.445361958932965 -42.481660529017105 0.006718130095299774
8.445127289029761 -42.481466308230786 0.005822548900303101
8.42104388890409 -42.49290394185291 0.007979178113301818
7.919696398865417 -42.77947198583133 0.0065958820316053286
7.977789790336208 -42.729241949745926 0.0037912251318336647
8.026147096491616 -42.71378134714722 0.0032420168268858687
7.990114132825684 -42.70114015173097 0.010193031694376893
7.973330310085297 -42.65428074406583 0.004377150705165874
7.985436032444908 -42.65064115407112 0.009833865286367897
7.981137262998809 -42.64935777704632 0.006588653366402629
8.09455794391309 -42.67903765762015 0.0033146460877730693
8.180369803941646 -42.59611397269196 0.0032845904786302127
8.161798443850227 -42.55555556831325 0.0056705325747240225
7.951356756860293 -42.652931923936 0.005821246698287112
7.951798254140138 -42.65767034832258 0.003331958047692187
7.939221921310496 -42.633344636787584 0.0038582687874454615
7.979472101246707 -42.63588662858052 0.006061414096185267
7.919630111456062 -42.578505068455755 0.0031881915369750624
7.996838840926653 -42.573179789014105 0.005973630759711845
8.081677468926177 -42.5573843144727 0.0031987166034235437
8.098146872604476 -42.55424541488674 0.008289907022038249
8.174668543862634 -42.478005999867165 0.010225681688718746
8.050630987596604 -42.543021402763685 0.005080564854715901
8.057975029632631 -42.5231111303526 0.0059998893281806714
8.08984921261074 -42.46943486477506 0.004101066859392892
8.26073023478462 -42.56758728584352 0.0037411751383424497
8.324138018359584 -42.5389072803967 0.0030610107134365324
8.31137918041945 -42.53445406569172 0.004578852088041226
8.341467890625424 -42.47870975936492 0.003420870269302098
8.335518953445622 -42.45733098660757 0.005308168000902681
8.41682423255922 -42.474973940381275 0.0027966718731053087
8.415353285224041 -42.45047218033264 0.005483026307344999
8.514892387812715 -42.41609044702632 0.002989182559036113
8.41745328419625 -42.41491752481667 0.002642805394477789
8.434496876996597 -42.39815173593224 0.00287767132761448
8.455031924893706 -42.36436563596891 0.002750021154303076
8.451118075157181 -42.35983603753919 0.006822393416954134
8.382060410921628 -42.360185097367015 0.006313644427709137
8.385981408417004 -42.34061067755412 0.005525611089753438
8.467549847445701 -42.32733490674537 0.003492071759980231
8.474182017284578 -42.29386926351077 0.0029363826519943756
8.364826810775396 -42.34750962394746 0.010302939025729294
8.396611672302374 -42.3186459466446 0.0037287900806766746
8.468466080357144 -42.28091456958891 0.006693724436787906
7.292952271194128 -42.93442265271978 0.004364740311296068
7.287161965680422 -42.938792300816715 0.005201148271915286
7.304196665030515 -42.929188494625414 0.003232803403170081
7.238550778443527 -42.89562747047889 0.010168719311605684
7.459807495322416 -42.82928959006417 0.003641150664148752
7.502107849045577 -42.80688736897241 0.0137278204289315
7.366886552782268 -42.802498982144016 0.004281647794144261
7.484690227300256 -42.76160188426763 0.002954095149975526
7.487636665529209 -42.759762985466935 0.014379177163511956
7.483903458397679 -42.73875486000624 0.0028061863618713593
7.208442249818101 -42.84869742852219 0.006953409868552495
7.208801848195169 -42.829764101768525 0.006310962137143022
7.246764086960098 -42.812559258940915 0.003344418172742834
7.178778150280854 -42.809796693077146 0.0034217031107084553
7.304991896961055 -42.777797159505816 0.004577105835170916
7.380460463593144 -42.74547990794058 0.002973958162645669
7.428469770115636 -42.71247112030995 0.002792543420815977
7.360574049000832 -42.74827924207747 0.005075357978565839
7.394458325936384 -42.69620659711784 0.004196294305006132
7.602649450054458 -42.73954878211723 0.003992321013135163
7.631153981767949 -42.73028925212912 0.0044535624811261965
7.676214885543128 -42.67590936085144 0.003189563329715064
7.575736421852828 -42.71374878418158 0.004207955560076637
7.532239717162561 -42.70251654209783 0.0073642178872078915
7.705351632716532 -42.695799831752346 0.005512974258060827
7.8370272254122915 -42.5936213505214 0.005146259712133837
7.703439368974443 -42.64745774961669 0.002680889443629507
7.700378151445936 -42.62501520014609 0.003335953202410562
7.765939294958518 -42.604415987162646 0.003434469426164749
7.726055285967062 -42.58464229826476 0.002911945950301259
7.536191843894207 -42.68551424330008 0.00935361466570823
7.56993535235246 -42.65251451196104 0.00494353171407816
7.521059781639202 -42.65968274549858 0.005827900314596921
7.573986939433876 -42.62276700447266 0.014805642022887632
7.600631866605497 -42.6035844139551 0.004027054847353915
7.506238575969443 -42.6120566160662 0.005739697239536432
7.70470773288948 -42.550225023984 0.013243855834714133
7.7883199421346125 -42.49708383649736 0.0031730895194001475
7.777618207543882 -42.49900759457291 0.0027773506515584817
7.6718617364040975 -42.55755838747539 0.003935493048537244
7.81100559613406 -42.47143740176124 0.005024346524133878
7.8095541965475 -42.44937767751458 0.0026573190724796373
7.261198947987988 -42.7298067996716 0.011525423026936458
7.253855987825631 -42.70653907437469 0.004893284250399721
7.30282843697406 -42.6657613680576 0.005474888761334221
7.432713425838358 -42.6270626855305 0.013212728000374794
7.402036363069818 -42.57014359951167 0.0026465599105033673
7.181275403290391 -42.662144709080984 0.007748744116671232
7.272794120334691 -42.612241561103794 0.008780760154641604
7.304426487202908 -42.61174212236861 0.008362416409794312
7.276738880644553 -42.58407224933806 0.004400427951121348
7.193663384780337 -42.60787068401896 0.025084420453961902
7.408355267412889 -42.48982944997564 0.004499196846611772
7.720310289145781 -42.46684483470016 0.0030021927346099864
7.679431053346537 -42.46330493193109 0.004294629664666543
7.811574762455345 -42.40704832935668 0.00309653561625931
7.767839369968237 -42.41167498956856 0.004541256574555002
7.7792896881309215 -42.39277889800233 0.003099830803583168
7.728805609294482 -42.41462774815144 0.003497097410568022
7.793201214388973 -42.37071782774131 0.0045326756162533365
7.559602021747914 -42.4483717074636 0.003824819277784192
7.522096873930192 -42.45177153219298 0.003250757398281287
7.626104888657319 -42.41949469545341 0.0036197824460508297
7.564650297928829 -42.43388740270435 0.0038252060995471737
7.563614832840325 -42.35455664441872 0.003559906894464181
7.630306500463599 -42.332504114399235 0.005357855722039025
7.682670996998625 -42.38781303452581 0.011566077409255008
7.733345673566517 -42.306055434667606 0.0028523445467651238
7.754280309229956 -42.300306899440976 0.0032070225201652207
7.78331130910972 -42.29293075395536 0.025513795405983166
7.709224006008485 -42.26726953556049 0.007791570499890019
7.72573455266736 -42.27971792432531 0.006489462387244275
7.914230075933037 -42.56882886652657 0.003892470990855915
7.95091239858795 -42.525299106718464 0.007684985185110073
7.949923839384974 -42.52472697730573 0.004489881765245636
7.943264162298296 -42.52058698951415 0.013651574221338454
7.912260324002063 -42.48467168508343 0.0028509468418117887
8.032771403704478 -42.49248299817762 0.006271818612575941
8.073877020147886 -42.46662061314067 0.007650129372159622
8.120772616363775 -42.385564059951214 0.008940998862258574
8.151121418366587 -42.347717522237886 0.012829859032687041
7.971235006126329 -42.423545619483214 0.004005764695547075
7.966710295192572 -42.3386954780886 0.008163192155989181
7.950295694977252 -42.34315128744531 0.0036995740935508387
8.067939814804246 -42.32453692220539 0.002884870877899885
7.993030396474976 -42.33232563579169 0.0034893318097392544
8.193780141177928 -42.32022568779472 0.005537233333267004
8.28531749589327 -42.25237611399992 0.0036190408864355083
8.315459186196886 -42.22690977627811 0.0031834567546968635
8.366045959640966 -42.27061999402326 0.0026946827027147483
8.271171117169489 -42.24066653841985 0.0033989078446286405
8.249629447874176 -42.215592738620536 0.0032593852031205846
8.202639359840028 -42.18697085133101 0.003907957883362278
8.331922202732438 -42.10914818148024 0.0032696563885362276
7.86271300235616 -42.38660336923324 0.003872403773163928
7.953479897625395 -42.29577607125373 0.009167992294669802
7.841134496966844 -42.33735334297222 0.0027619640700794644
7.884907681641832 -42.265646555793055 0.0029942022999094988
8.062111377129554 -42.257705002686755 0.002948455989537204
8.026294931627822 -42.23991493199501 0.010577325995643958
8.07129723889543 -42.25145292584174 0.003665093679206957
8.129902776944851 -42.15553027320053 0.007412715796917791
7.9414450029135 -42.17881862166696 0.004398103644568479
7.95680464090378 -42.12542135010657 0.0033930027732747155
8.006271751004283 -42.15961284024066 0.003004657054124539
8.04628779741126 -42.13572878942772 0.009832394713245488
8.012516136206711 -42.133116463460645 0.008963359381910738
8.126930610276794 -42.10694569176256 0.003446869051400075
8.110292277585824 -42.09114473500887 0.023903422983660196
8.091930269987 -42.05138250929122 0.010919087082570385
8.304939778870445 -42.09402803413462 0.00548350658850038
8.268162913561637 -42.086509329782736 0.004906879179459824
8.277512514739573 -42.06829217242105 0.006980440419933025
8.279215923448383 -42.033922727957666 0.0036643790338822214
8.44954374640683 -41.99678709030829 0.020490517628124504
8.465693375632291 -41.99436890488879 0.003774236233313829
8.377721524402771 -42.01014044757585 0.0033746244566402466
8.413667822998935 -41.98306862397371 0.0027632271005340148
8.396470021138136 -41.96228502439595 0.0026831333021311563
8.409943078428546 -41.96442896429437 0.01864870760318503
8.155062826502892 -42.048643413564726 0.0027451512612792703
8.12805982546321 -42.05638715068915 0.0032588259776224053
8.132142969831948 -42.03325490245904 0.002927927977980017
8.131786331858905 -42.03296218993119 0.003981400206284966
8.189303540048673 -41.97257925426458 0.0033025764492925994
8.190994621223028 -41.97205212159092 0.002871899907311914
8.323789683378346 -41.98073972611154 0.004074247470768999
8.312528929525808 -41.95479203983118 0.003159580134726536
8.334623983372369 -41.9459878854553 0.0028198375185215356
8.437112239676681 -41.87333069611843 0.003937340731622678
8.798765330810005 -43.35016989804647 0.003044733492934067
8.837398305696391 -43.28302066495977 0.0029038886857672918
8.817358058687741 -43.23508387571175 0.008637598234904962
8.92776792687085 -43.250057851249515 0.003938121532967102
8.93596397099843 -43.21671102203806 0.004500570763649148
8.86211142681736 -43.23186739372228 0.0037853168206534865
8.897438125308286 -43.21309220725719 0.005406300289173841
8.87607552932258 -43.20677714964203 0.004185972294970848
8.947025752846713 -43.17515689094887 0.0030134107249031434
8.95922388597558 -43.14816762481061 0.0026747706532873183
9.008835737723665 -43.120676749933594 0.0029890328608580654
9.006979303318635 -43.12360732005914 0.002792706234905422
8.760522924986718 -43.24515466787283 0.00391908506080149
8.766958787662988 -43.228604076805325 0.003575743802710746
8.761856322831099 -43.22171978121846 0.0030287372897907293
8.783250966578912 -43.17072323098327 0.005117435760195272
8.783618837565848 -43.17442839416474 0.004807525534558312
8.883741039490552 -43.146446049323714 0.01624720591196395
8.854021624646906 -43.1269774424159 0.025724998174519856
8.89566947562147 -43.074841263409645 0.003926037510113301
8.982953228259344 -43.02832209978997 0.006595625518373209
9.124391079562283 -43.13638197135271 0.002702476366095251
9.152855466446637 -43.08391927585403 0.007636727949991536
9.149739245084062 -43.0774578272282 0.0038071693424873852
9.162221417630164 -43.05060788892925 0.0061297450925526025
9.249524933762176 -43.07486199542601 0.0036405090886249343
9.198671985154036 -43.054509361963646 0.0040474702440448
9.227930981490529 -43.03705662992552 0.0034161207600111993
9.245192428583556 -43.05140389489787 0.004018980875769239
9.073925861775376 -43.05106322128712 0.007091829479781147
9.011928979775671 -43.00460077576921 0.006175540079011323
9.161092115352714 -42.94959755947575 0.0029896364484372274
9.260282202405875 -42.949416259155406 0.0055817006283611645
9.289960977992395 -42.91153554347924 0.006424525830984089
9.245760531311406 -42.889351049761906 0.008990322782217366
9.276304021602892 -42.86646941943609 0.0030686174446698583
9.296164508387648 -42.85509133260841 0.002718508433408161
9.27681742614186 -42.84517826049669 0.002812369533857795
9.278003039581604 -42.84448472397241 0.0035342881909833012
9.272185367892774 -42.84885984293608 0.002731679947368699
8.695767272351933 -43.16573252643135 0.0027725492829708794
8.804805461265957 -43.05035578699851 0.0037899304449928047
8.755352071222173 -43.05793392277 0.0038100108251913913
8.956480394423272 -42.99390368130082 0.009067918948197013
8.96924801136105 -42.98602129782377 0.004819334264643619
8.969218023124135 -42.98579346527192 0.0031317485471107896
8.988907079238924 -42.961677136794826 0.007794116708842005
8.928891335950365 -42.98511336948628 0.003722583042034877
8.936935379096703 -42.965519697109976 0.0047435915265803584
8.932522629212889 -42.94660902355731 0.0036302038214046017
8.66628934471087 -43.0948441737269 0.009720441582731765
8.644875439475323 -43.0219335493988 0.0029505330562689318
8.705567470110303 -42.99385370694318 0.004478489544194396
8.781505453707723 -42.949892385105265 0.00397546395037487
8.792779584313102 -42.92349967861512 0.008835382071910227
8.836180275632405 -42.986382685445946 0.005524398957206372
8.845255080666016 -42.95824403320134 0.006763101411092851
8.865288970547681 -42.935732217509695 0.0031349170553612903
9.046681703711757 -42.94387061313832 0.006292940197460777
9.000486882393039 -42.9404949915529 0.0068411069440808435
9.144396960796884 -42.854862796858626 0.004782814856778827
9.090534569717038 -42.85784558209833 0.00283344958424764
9.24034254936188 -42.81473621459368 0.0033709848803703335
9.211014996284367 -42.81192322405357 0.002770584687429405
9.215710341905526 -42.81971044962739 0.0029028471904108634
9.262762874581458 -42.763513829444584 0.01612198135718642
9.14114447006342 -42.80853251625736 0.002976586615759605
9.016383355974924 -42.830480178074914 0.0031251648761789204
9.1284312447302 -42.73552709847099 0.002819805963127139
9.221458274998554 -42.69077924565416 0.004587821207466149
9.270914932710038 -42.61909374017958 0.0031625684903989213
9.423755505225795 -42.940468484548845 0.0036546009233919528
9.458931347220592 -42.8669255356669 0.0044700875543193155
9.434620012170164 -42.86804345678899 0.0042844327424895745
9.553606080365332 -42.87998627922081 0.005306030164768032
9.596102173155176 -42.86003709823851 0.0034482089886219507
9.588073255391082 -42.83275993619687 0.004347466204136987
9.637246530615622 -42.83662728579201 0.0031738902091729285
9.61111198768929 -42.80167394158517 0.004026866524510949
9.654516435133036 -42.78224856124915 0.00632803306298398
9.608144931080934 -42.74531106370297 0.006315682797343205
9.460586424465246 -42.80313556721853 0.0027057336612826307
9.339782092343146 -42.85016068846186 0.003164871486256848
9.396825944728567 -42.79020171804939 0.0026959122654896398
9.519165515978322 -42.69199800728613 0.007682757754110601
9.637799049432212 -42.660260962428765 0.003938197975768272
9.77556115712548 -42.72305124990201 0.0035304625143610232
9.696483933870072 -42.732161501961805 0.003080784776745826
9.685419743925507 -42.702674055637246 0.003447217530236121
9.81390960340999 -42.66628371110131 0.0065326385532527695
9.78470124699242 -42.65202143499883 0.03561851984955445
9.785955623170688 -42.65215132392079 0.002685318937566879
9.788266641450956 -42.63715903553159 0.004690295439876477
9.9460045748872 -42.58914907999352 0.0071758833391583595
9.97132882908343 -42.59152317796104 0.005066031485540064
9.866722482680457 -42.563668962771445 0.0027706704293301966
9.960374722667426 -42.51049384604897 0.011654947447551182
9.847969808556035 -42.53347232008735 0.003601801831831705
9.855211305989105 -42.50887403240916 0.0033015508045102443
9.85431943932088 -42.503880144202135 0.00415001655919507
9.87631665580399 -42.46517094704591 0.007311619115889029
9.903107402263885 -42.48274584090125 0.006311170086725193
9.889836836662608 -42.47046330161574 0.0032217331783786943
9.936360973385712 -42.42732090991379 0.003391648559676584
9.40956158507916 -42.707781652306174 0.007454490311196309
9.445344599354078 -42.69569364380267 0.005742957463798503
9.335796823351927 -42.7342373905181 0.008341415018689784
9.434911881969605 -42.646947386633485 0.002663886547072919
9.460006025046331 -42.62747031846178 0.010030458135227228
9.612913382266042 -42.60582250757663 0.00838304243599173
9.481569090309586 -42.61294716820366 0.002894454684248967
9.342148530924144 -42.679395431085055 0.0066501845805069055
9.324325693061962 -42.62539006647466 0.00296383777957381
9.33331118222375 -42.60119217144789 0.003137825077869975
9.440794083841578 -42.54051223734509 0.005565843678250984
9.498256021009214 -42.51946581369831 0.0028236017644817707
9.505043098967077 -42.477622424644 0.002855752394506703
9.789757578801805 -42.50422375370477 0.010701100914882125
9.768380780605552 -42.495148498395274 0.0035831044192913006
9.66671752124296 -42.530915393553194 0.013671482145256493
9.672761304983457 -42.48987303544667 0.0027369243573336856
9.73516679028879 -42.483084044904 0.007568436380024108
9.710107636348509 -42.460905979958824 0.0037406156765800174
9.70982123888644 -42.46062239746157 0.007919854164750502
9.760023193137217 -42.44891062122147 0.0026841666100795984
9.770938567341494 -42.44487211989016 0.014879832574197255
9.8169426652068 -42.48836289218947 0.003259005171480821
9.827389707364386 -42.47574249079305 0.0027238325449195455
9.822077838083672 -42.46523716748089 0.0026959415964051357
9.908606361388005 -42.41468205783216 0.0035650571366374296
9.761492615887615 -42.390875899180976 0.009708950560921296
9.632420631282598 -42.44418345106622 0.002654227592311998
9.806367478288587 -42.36949434420893 0.006036303806078895
9.799889406688491 -42.35294801051736 0.00325746512380499
9.8978977874561 -42.30361031329651 0.005919228830507715
9.912609342676658 -42.27972302501286 0.003871340086987102
9.927306158178766 -42.274384118308234 0.009872038027582013
9.802621830274308 -42.32717046085059 0.0035854184141104533
9.831881821459923 -42.30709208197489 0.0026661881854074215
9.835739617045313 -42.288581519295626 0.004174989375370976
9.919201257250789 -42.262251000576214 0.0029863206998694556
9.87712326441878 -42.24859723213197 0.0037659049085852028
8.668015616276792 -42.90991871737138 0.003074312278578778
8.633269761994175 -42.92744662508521 0.003054921919451807
8.729675034904792 -42.87244399635702 0.002965264406826938
8.842418532005569 -42.871196966096576 0.004724827524542358
8.930169234290304 -42.72293019245795 0.004195148606349873
8.703142834725625 -42.822236750186136 0.0036942077035823934
8.727268874447686 -42.81014786887753 0.0031785614698173607
8.628039421259901 -42.838769557280614 0.013050007600591162
8.660002915946908 -42.795435854434466 0.0070998909719839545
8.745487605003376 -42.7700639910002 0.004033541221166786
8.741220669295808 -42.74598273231757 0.006190774279973529
8.792796299844834 -42.79625915108401 0.003794318380248384
8.86666618372678 -42.73274532967219 0.006682907571446063
8.929849355755984 -42.69593959678616 0.002835322436852995
8.923696854096596 -42.68994061557236 0.004239700170780351
8.909569903349926 -42.66299240494997 0.0026735454694244757
8.988273495696268 -42.75779278899148 0.006850690455492448
9.03616422216481 -42.7244544525003 0.0037091878593920437
9.009486719127668 -42.688362244568275 0.0034688797060075387
9.05125886147461 -42.698494553260005 0.004645260777560938
9.08923105529036 -42.652513976788775 0.002898455984417772
9.081364958725969 -42.66151283701342 0.007755247629030481
9.069854588216645 -42.639679606796534 0.002901848163326683
9.20083698061314 -42.64400536136002 0.002720750606253997
9.184825788556932 -42.652536296879966 0.004085546705016311
8.943730061220931 -42.63494465138309 0.0066985130009284575
8.960388079603876 -42.61558801798181 0.002697698681128216
9.12001468530298 -42.52890362645474 0.0032327544977416465
9.158556512925404 -42.5196848273771 0.0044403328327005465
9.121862744581035 -42.51100620722427 0.014868804101912656
9.123538856034203 -42.51244189875705 0.004336228051604584
8.605565335464533 -42.756454496507715 0.004251613619759873
8.650019641884882 -42.7370839268881 0.009343939431202035
8.696995117749939 -42.73802537853998 0.0028927619718764758
8.642162360547449 -42.72384961363931 0.003077869660035533
8.64891696742385 -42.67755311224389 0.006042655769656528
8.721579938568487 -42.67969345034033 0.0033365663429962833
8.769270976944462 -42.67233600604644 0.005151281516275041
8.920576278753922 -42.57870623159141 0.0030233758145173997
8.829182974522872 -42.603750640807384 0.004450773356841688
8.76449057531153 -42.62579194189973 0.0037419477982611822
8.760880220285529 -42.60886349160594 0.0027049672705513087
8.585830844000732 -42.648908302938935 0.002884316933189539
8.576525234928464 -42.62609737791848 0.003182146278352235
8.62711464496768 -42.59582765587788 0.002677732622721927
8.787407842275629 -42.56404368603128 0.002832604166459432
8.834056952380736 -42.54828178855719 0.006517166322348561
8.858669089047412 -42.51577157992159 0.003889938271063108
8.807572323289483 -42.50951266435812 0.002886992592866761
8.894319684645666 -42.44286684891171 0.004890884924505282
8.928861782267502 -42.5725092961144 0.0028674543960552513
8.982361774352677 -42.50288669504268 0.00650652105682452
9.051318755343326 -42.465798777114784 0.005482751717542536
9.028625408534973 -42.43860129334816 0.004350076100708042
9.112798301834074 -42.44366823618927 0.004151788576470109
9.16818861933579 -42.45259706996295 0.0027513258565310247
9.212493104333806 -42.42427908779431 0.0028564203247288906
9.204685864019654 -42.400937390963875 0.003214081459828158
9.229677363565408 -42.38270240211072 0.009703218355922855
9.148240917656032 -42.36715087131208 0.006166279548840211
9.226315945809594 -42.32856277376489 0.0031757285589581958
8.908478886793791 -42.49444883640473 0.006520264590186732
8.906499607859152 -42.46157576552802 0.0035806268140199837
8.913302743045085 -42.46632058749358 0.007348206368467265
8.96604895694134 -42.44157668459966 0.003791673511550768
9.014320918820422 -42.4367322104389 0.002825359201533587
9.059037998158573 -42.38456917448026 0.0036033824549746556
9.058262190793224 -42.370753608482254 0.004101296473713014
9.037704705635049 -42.348488088728125 0.0033784270027544983
9.075177914668146 -42.32328387624059 0.008283972807177126
9.312515203648267 -42.57422579224921 0.004520492620525943
9.28961380777262 -42.50648478102203 0.004024278186798388
9.475162712208403 -42.48871049371088 0.0027325789570778144
9.490521946893384 -42.48083690764173 0.006304556768408359
9.552822449318748 -42.346529592618154 0.0036676103498110607
9.320785371554344 -42.47431060168021 0.0040613859269538755
9.26804750780195 -42.428817891944114 0.006780716384455254
9.3049076945725 -42.40903088146686 0.0030254269737874538
9.290035076214824 -42.403496669856096 0.01213471678306794
9.563801346260922 -42.21922671782416 0.004133375820663731
9.66060131874462 -42.268340341814 0.0033337310084025815
9.811718339902525 -42.27410169393224 0.004947015938751123
9.836980660240885 -42.25699854649853 0.003800359792264556
9.80995605442079 -42.228108441741114 0.003121484908754599
9.88565747101632 -42.226711990834744 0.0028394449921015446
9.887775471864066 -42.228756502860456 0.006802933561845762
9.898402562525735 -42.19285180429753 0.00370819231580162
9.778803699776883 -42.23078588032938 0.00270685420457375
9.868886066592149 -42.140687485501616 0.0026996008711621545
9.618340293032148 -42.2695826753499 0.003316760476632784
9.654926696104146 -42.22254880689227 0.0026926837200922714
9.593101199393551 -42.230693356798305 0.006602929337548695
9.627802712421095 -42.1853851696329 0.0042992465815552515
9.65918693424216 -42.19706836344665 0.006115817462182487
9.685685470952397 -42.1691216988702 0.0067752243330059985
9.71813024215835 -42.146707125999875 0.003033721606137925
9.766561186627674 -42.14205154997631 0.014428386239631842
9.778632596288825 -42.144667658572395 0.0028624896470914856
9.886123688206691 -42.093217892228246 0.00922079750271091
9.73964081939749 -42.151308303913 0.003379689205516475
9.758667079463924 -42.12229262458494 0.009263193893287166
9.81618592043937 -42.05763586137353 0.0029140126960661766
9.880701828379154 -42.0165817132112 0.002851992273550286
9.32693959829176 -42.35252502520176 0.004921283335609399
9.38726580013531 -42.32160256305744 0.006269864562914789
9.386225866604596 -42.3105560558791 0.006556322826257544
9.271056655825005 -42.321273806088854 0.003629985035015208
9.39058143800737 -42.2260680646858 0.0034489961900036246
9.245189976051025 -42.284140928486536 0.007241572442966897
9.28160066817589 -42.223929811910374 0.010458816530135874
9.226672416198006 -42.246786792582185 0.003229028696429954
9.325515245531054 -42.15440551762579 0.004108350232206415
9.306733803958537 -42.15717389806564 0.008243912709557258
9.334115440322314 -42.13470654496147 0.002641932452514102
9.387754925980577 -42.18099524594802 0.004859435137142745
9.468805586469085 -42.12109749460784 0.004022404293924788
9.521371728031244 -42.09719721387428 0.0027992653579924586
9.497107203763251 -42.076290995526705 0.004362464989695162
9.49175170761973 -42.088186575622 0.007065354376607739
9.517599005292793 -42.04711628807378 0.003235015863223748
9.566674700932497 -42.15717720584344 0.003226827686796679
9.6689430530017 -42.1418087464213 0.008500541160798736
9.642500480239656 -42.09825713375819 0.007346197831402597
9.647136382903192 -42.09998956421481 0.003579211808841222
9.72282988102447 -42.05833302947037 0.007808180236628779
9.723220323644073 -42.05777254640907 0.012394025621734982
9.83639795655492 -42.022804913832566 0.005200896420914452
9.710845318306289 -42.01073285307185 0.010369092521310443
9.821317647011082 -41.96260786255053 0.0030524665579053692
9.5983760282965 -42.04479656845406 0.0035717567950037466
9.67802029692457 -41.99176895698291 0.003279414402121717
9.57326592862326 -42.02853236883667 0.004867903436212398
9.534272732271074 -42.017717344394846 0.005271586044647659
9.72399260673252 -41.988940305930264 0.0049970018429625705
9.75222623668778 -41.97226428255208 0.00583471892407372
9.757911368187548 -41.914739140166326 0.0050344584928232695
9.767144311654942 -41.89940024749637 0.052413268969991544
9.71371265600667 -41.915450224579395 0.002793259082716032
10.008648817500402 -42.53323841826321 0.006328320697795853
10.016044173158646 -42.4961213209837 0.002927487299463579
10.158068247087568 -42.49318751183155 0.003592913731634845
10.155339627974222 -42.42976211013489 0.003052194142921452
10.156224381913413 -42.42483605312355 0.010741857940992068
10.257603207645229 -42.348837837325426 0.004933420221630968
10.038441045118963 -42.46439221119865 0.003384881853657029
9.999708789998158 -42.46530835016576 0.007484082644104254
10.000032806460055 -42.468354570582584 0.004916549087963335
10.062969544282032 -42.442837936626134 0.002749444196962864
10.114656228955168 -42.41906335338177 0.012952756898270449
10.06041256451142 -42.421369343748594 0.0037321902124454855
9.96857111877279 -42.41267739258875 0.0033287658290034406
10.05631409774221 -42.39264018830175 0.003601301273661081
10.111777554441222 -42.31792995388541 0.010933544191125978
10.180049752535131 -42.379597459552 0.003735710212139018
10.23344057799669 -42.34855832971081 0.0054099432526227694
10.282713440991463 -42.31546508572509 0.006342442222210415
10.236402697340743 -42.30315750737784 0.010824209506955127
10.145574466327194 -42.32050467968459 0.0029145876452037213
10.367894847109149 -42.37289444058128 0.020793348602479965
10.31791207507066 -42.36423931466378 0.003979344372454275
10.396018374224385 -42.33869266142421 0.006974297108868875
10.432230612171258 -42.28430336252674 0.0027695764622506923
10.413595905929366 -42.265822752288805 0.004154720229769283
10.594412140377193 -42.19903305896739 0.007047327343030773
10.476999545255406 -42.24192917300259 0.005215330492376525
10.472828289263992 -42.21364568653787 0.0031507941439198692
10.327703325340924 -42.27421219301329 0.008770235486616946
10.368410955901938 -42.23545961330306 0.0026535885197132856
10.39259964465932 -42.19766061647641 0.00536599223175316
10.353896945647836 -42.20167503302174 0.0029492019311997356
10.283047042693925 -42.222674723759795 0.0048066578562140526
10.394437061504332 -42.177272160819705 0.014146173802990466
10.457731546002602 -42.190277205302976 0.006242385420944147
10.571040449613854 -42.12547790323096 0.003973023781298563
10.577391341673051 -42.07760637690222 0.004760700271372344
10.45420317891298 -42.13604117027757 0.003374821207890032
10.44118447871756 -42.12316013738237 0.0027665721427635307
10.102685833246689 -42.31297877295186 0.002769646675952786
9.95313777105971 -42.33117542437805 0.006351429613696875
10.047635387406128 -42.270003130743184 0.00890733004512706
10.145382514970334 -42.27035605073921 0.004462412563270586
10.258709578649944 -42.18765568756216 0.0035747711112310582
10.05411654308958 -42.23605620992123 0.0034913748134503624
9.932517151949058 -42.23045648534339 0.007703194251682117
10.064067640881756 -42.17468384907183 0.0070084002205328365
10.184780696568298 -42.140334364901605 0.002655420352677106
10.125554978753042 -42.11400954726863 0.002657807481660966
10.419700494461312 -42.07142394031786 0.007674894328386068
10.395611037548438 -42.07492775208419 0.004728964399893047
10.390000219684028 -42.02496437144359 0.002999765041191996
10.456865299208385 -42.066612177345846 0.0030314390769864874
10.553841623307044 -41.986912984616815 0.006581562648607665
10.419243452072733 -42.016142546214965 0.03454581377989267
10.264382916135435 -42.08265651723879 0.010657015553559709
10.319466830577417 -42.02384981547923 0.0032123023440365586
10.407868356759028 -42.011283850158314 0.003107356914107076
10.385481357775198 -41.989240995040795 0.0045939712674688835
10.253097924942375 -42.03942785460913 0.004856063751453432
10.261150723041064 -42.01775751184973 0.002693084588552522
10.4845986812394 -41.94282412604002 0.0032941586744168493
10.398736733446976 -41.94211187082264 0.006103662123001989
10.6955422981977 -42.14484735397344 0.004138404090002693
10.763669040914058 -42.04673189340605 0.004486642641612552
10.852446002990009 -42.051358502812135 0.003969069600273718
10.847555690317511 -41.99447140229895 0.003724114795609741
10.8500769462978 -41.972351542062704 0.0050264106236211125
10.725963555369782 -42.027707048547455 0.009139634842135095
10.753540907125917 -41.97848607546017 0.003442481377873529
10.614874304869964 -42.0437636434731 0.0033849710569163194
10.822711384144592 -41.956189882245226 0.004873574784059478
10.857444895778308 -41.903610383583334 0.0031840964138141223
10.861600455161389 -41.8888234902077 0.0047647005297117104
10.866696338075563 -41.836216427018854 0.003405241398663755
11.041957324669944 -41.88202790436589 0.00815264514764007
11.059188430454713 -41.874563292126155 0.00361100811666853
11.163018554840765 -41.73944376804699 0.006447351153675981
10.967360322352052 -41.8471741290811 0.0036166598475623197
10.99753380303236 -41.846956544280985 0.002694211432166194
10.996645235084696 -41.81081409888108 0.003807032590174053
11.014552186507975 -41.75390471276524 0.0036497060260258863
11.050090503827391 -41.77305246835624 0.005214064684405261
11.1510526096007 -41.70129015788595 0.0073911897123602735
11.10457363471106 -41.68427350972411 0.0030359557312935204
11.03826858284565 -41.74401199970037 0.0027685666915097684
11.008216825871488 -41.7228502020097 0.0065335208235534755
10.69489330928525 -41.9292785758268 0.003777889183209161
10.657706168052584 -41.91956399999382 0.00701464746552959
10.745628979848304 -41.80287783379064 0.0049184702020876854
10.763756003260385 -41.795472440963394 0.0109122197852977
10.628421873343813 -41.82686265195525 0.0038294129323823327
10.58453134523787 -41.811531934578824 0.009408319549711134
10.642100559275317 -41.740546425489875 0.003541920423240115
10.691670040029049 -41.74854710062278 0.0030920123480338473
10.697668569482207 -41.71483534445058 0.00393423320588217
10.651719316420262 -41.70218550495591 0.004460108508185118
10.651181658684044 -41.7014712349067 0.006691378931926257
10.720740296359612 -41.63876121135391 0.014947609019898129
10.714173622646072 -41.62024036487112 0.019404224008522947
10.907244764162073 -41.79468052686222 0.006510915958692752
10.90837914691779 -41.74993462424927 0.00942183749997361
10.921161971566466 -41.75065245020238 0.0034650483551227724
10.937114829092586 -41.711455387380745 0.004778588291096443
10.93650017027844 -41.711542316599086 0.003973013352335374
10.832819500890317 -41.70633727849387 0.00947379536348783
10.90378677945387 -41.6507708432186 0.005716006179329548
10.886949143002038 -41.62738424630649 0.0039043641788006904
11.00200921159561 -41.64990022366914 0.010384350291874126
10.975742572721668 -41.65492457492084 0.011079508617596266
10.967081413435643 -41.659254921129474 0.004996476850760994
10.996103306483118 -41.647794041720104 0.012483100288304006
11.006129613366806 -41.6348311877184 0.009582636397002854
11.025671306229988 -41.64488427082129 0.008645377463060187
10.91335330881722 -41.60441535433951 0.007156251822393417
10.959182967405576 -41.56896194858659 0.0028316946456372126
10.974256043191692 -41.54713779075408 0.009619729266558075
10.782042972307451 -41.67297286020944 0.003298924449318645
10.858538618015569 -41.58207679264377 0.003429066161530341
10.852186857749803 -41.577013094901496 0.0036720382771399476
10.78553582026546 -41.63145456329453 0.006251165177399603
10.839449055499138 -41.55184398370368 0.0036757860447533563
10.976696933700689 -41.51043971673597 0.0027648193775804747
10.919476947544762 -41.46253012242352 0.003737404977172993
10.108100104191497 -42.00922528303923 0.0026778569262645518
10.110850089910558 -41.98702454498337 0.0037304596736339834
10.17069443775802 -41.98304671773086 0.004599106797691627
10.174959063337935 -41.93915418983113 0.002693657720159444
9.93938273836573 -42.048391230894666 0.00591611005788724
10.02046963082267 -41.94142519161901 0.006824737702068767
10.055825555606749 -41.98801516220241 0.0032173841620191123
10.155289249355942 -41.85942121385345 0.016826775853829214
10.277213041821632 -41.98025367330264 0.018452810406968174
10.269993645395632 -41.962771849248654 0.003344606578303244
10.253209884424018 -41.953505131808626 0.0031517241871450103
10.287432338699942 -41.940864123958086 0.003333418064445397
10.357986451194217 -41.87167639346558 0.003071072538849873
10.336411237658478 -41.849632393209674 0.0035656043804035823
10.446363260855945 -41.85783574221938 0.0029662353727541715
10.445950822811078 -41.841779574765425 0.005899932725865067
10.451619520689109 -41.82801174502097 0.01273118325838322
10.41743283748721 -41.7757378086844 0.0035773966388863124
10.228679134162306 -41.89205926545085 0.004345221348649678
10.323861441192523 -41.83383221533643 0.002923503678442484
10.325078685977449 -41.80667144887074 0.0027628975711030002
10.228761040796796 -41.80510328267357 0.0044584443442399
10.369290494894347 -41.79431586574306 0.003852722902758957
10.35830886103291 -41.77645174168013 0.003385300065406822
10.372461300954074 -41.78017429957119 0.0027712171920430133
10.35174124722492 -41.752551730432266 0.00279390872948126
10.421885046186624 -41.71746695941212 0.00599565361600944
10.30924184128744 -41.73984196447627 0.007124239969674823
9.937043254574728 -41.970217162261335 0.0035575086080741323
10.009553044939548 -41.898714535119595 0.003695021839259746
9.915868868037936 -41.881040069305165 0.004092735227504155
10.022821298227251 -41.85670260517394 0.002829760855398107
10.088205609736692 -41.84915981703504 0.0027052443870315577
10.126785023994133 -41.84921593114992 0.0033734708719565147
10.10404909580573 -41.782590432100605 0.010558045508535055
10.113639367744016 -41.72732068242627 0.0028089450578869285
9.905837582691657 -41.876601195693695 0.0037004710814068807
9.879693082170869 -41.86782869554148 0.0045984690691125455
9.971837276739654 -41.80457653170858 0.0034585305767666523
9.872750448452608 -41.8470387106369 0.004841850319961662
9.882839749328658 -41.831739781957324 0.0032778841828028805
9.869685548998444 -41.79255010714411 0.0032116125372768077
9.9451999375457 -41.77655410388507 0.008059045163837476
9.946864308940942 -41.77403628028348 0.004057732838182657
10.05029261255522 -41.7606522850132 0.010307755525682907
10.079304302394938 -41.71946725180073 0.006164557454460374
10.06190068648349 -41.67488815784527 0.011847319742626145
9.99425986031431 -41.716489140239325 0.006120234668132805
9.947439517039466 -41.707365925205046 0.004291576609876956
9.984834615996974 -41.69670898413859 0.007156435717883227
10.009490022274012 -41.64046240052575 0.003965884844180347
10.170489674680036 -41.781521377677706 0.002880038209692484
10.17887669371608 -41.75109199104416 0.005201460138556716
10.226319599413548 -41.71837277138328 0.003401061417330842
10.124103245344466 -41.72365800397338 0.0032097977598430608
10.308505877206766 -41.63055742654797 0.002644639283217002
10.260341690923894 -41.56481883631514 0.011908094010925453
10.146221228394282 -41.63505597757162 0.0034907803661389206
10.07234921474659 -41.644672515173795 0.0027206618987015503
10.053023019057916 -41.576151785539146 0.004692101892944556
10.55200083525302 -41.78615114713114 0.00991580219365262
10.587919023586664 -41.72292383910719 0.003158182732004721
10.487730598561257 -41.68444520134341 0.003029372855412628
10.550808535593143 -41.63201800666556 0.00441920343647739
10.626850760267605 -41.69830463958268 0.003187534210826007
10.599804319721084 -41.66686530530003 0.0029337337673432167
10.64834957319791 -41.62255589266934 0.0041970532526129384
10.67443918715522 -41.60335947396645 0.0030411312196375806
10.645044679673772 -41.595953187286526 0.005352817782261782
10.417909005970271 -41.64668805031337 0.004298336132898788
10.430863031764853 -41.63262511663601 0.005955932533887586
10.441113585365102 -41.62635631637073 0.004073547029203234
10.399368640885973 -41.59041414360216 0.007793400402544105
10.561363552867686 -41.54332294016814 0.015520521495041283
10.51271173622048 -41.52938959839001 0.004024335174596108
10.479687110518883 -41.516420103218024 0.0029066551844635553
10.484408357780104 -41.492024683474014 0.004186689320467023
10.51764158915856 -41.48616330772673 0.005284141328163438
10.490353992163142 -41.494124209653386 0.003576723923920323
10.82680165411003 -41.44709755355912 0.009800877919353645
10.794346360187562 -41.46110194004997 0.004198926857811258
10.85225921521806 -41.36432118085107 0.0035331486072521672
10.74921193968083 -41.44072899310204 0.004725210383233467
10.78674011007472 -41.40678619690048 0.003570417065371075
10.748967762050006 -41.41177959514362 0.0030354018159808173
10.802906354718504 -41.3287803418673 0.006468586642517054
10.63410634469142 -41.49234229134295 0.0030236168340261726
10.606919351958853 -41.424963047251914 0.005280692692032689
10.622807799420958 -41.41242768099817 0.003714842877439471
10.637727048051392 -41.37044533563652 0.006747205685333527
10.650112438910776 -41.3447432668993 0.003008021940105104
10.759103969879078 -41.355368042223056 0.004196483594216413
10.69845229411876 -41.28559891843419 0.007254743960447655
10.66758204658154 -41.2759834054233 0.004707663146143062
10.425340295303544 -41.50468905105973 0.0035815893469582014
10.37235653131814 -41.42013843314045 0.002847244676459667
10.486963252472895 -41.452648807530906 0.0026570459476021923
10.48654801974131 -41.38004612488501 0.003615194891320733
10.419307168644329 -41.43201546838927 0.00718505305945818
10.501602845069351 -41.36278151866242 0.0033196831923687177
10.43090118198116 -41.34998529103193 0.008269275660851583
10.472538928365529 -41.33062267282199 0.00342477460586209
10.23667601008648 -41.42269140683621 0.011566595544035654
10.290249137487072 -41.355731663695344 0.005022015278284442
10.385516989360314 -41.36980090647992 0.007289118650337466
10.41768624628924 -41.32468298371256 0.010636251419283203
10.424422372430348 -41.285635804475994 0.008033376927484464
10.35062933447794 -41.332286218198746 0.003861730832412238
10.54117572943695 -41.35181437218599 0.006885873968908864
10.543085161737425 -41.351212875002176 0.013013619955318243
10.570615844001455 -41.30720591032982 0.004997062767720217
10.531485634809032 -41.27183740697642 0.0033996960027101613
10.661522615783491 -41.27564142766774 0.005481568866160444
10.63184668030889 -41.1340431060415 0.003015633954599304
10.458830753953468 -41.30318747886064 0.0026798732249076547
10.443152999505276 -41.29263575265852 0.003027753812201712
10.438275405161557 -41.19803974309459 0.006035926040276209
10.41045646060398 -41.209840242760585 0.0041549214201725086
10.422034421150109 -41.20057541159392 0.0056102136383747985
10.463191506543204 -41.17285532312613 0.005149998880280855
10.436708918248865 -41.143450956668914 0.006558279623471989
10.458538897152128 -41.13589592836892 0.0043336094001122545
10.553813602570374 -41.129358857822595 0.0031168974210092097
10.598949741246862 -41.08498364538613 0.008174460594288181
10.559483585475745 -41.081828739073856 0.00441079932678412
10.579766813419369 -41.061156657879614 0.00479365003328835
8.607503819833587 -42.5180532285788 0.014337779912947986
8.675640784745962 -42.472018384120275 0.003964471769260891
8.832032058264605 -42.40663076246186 0.003225696994892858
8.761324443570839 -42.41864040387727 0.0026568647975949273
8.581680366834982 -42.43116793192668 0.062334050086533546
8.610441578704778 -42.40755467057312 0.0030211768249102803
8.58892684776556 -42.386058392632115 0.003971101883964308
8.719153294898717 -42.37980802483097 0.013198473799028332
8.768564713629086 -42.33823574257448 0.012915759798793013
8.75980474016504 -42.330898783587635 0.005141774659927486
8.752172988567338 -42.33910925023983 0.00269199996320794
8.711114877718579 -42.30989206915216 0.0033955876833411743
8.847701696600137 -42.248847405065526 0.003110312205414367
8.923124885300279 -42.34022815130281 0.0032158626716925686
8.937099876965128 -42.30755722147203 0.002850132822840023
8.961324961398663 -42.272755101039294 0.004805043123063916
8.958465961595678 -42.26609428117701 0.00670610493142186
9.078450053463472 -42.18666184706559 0.005646788409492195
9.123205223492944 -42.20469264731762 0.003918742884642355
8.92209836452816 -42.23769461956056 0.003304720120490487
8.932201230695505 -42.227355970150256 0.0029853145978607767
8.966396342213175 -42.23242884512402 0.0030784801287700764
8.908291423718984 -42.19438253346636 0.003506021052949129
8.995620617280444 -42.168026312290934 0.0034045225070763216
9.081840745336766 -42.1724145770913 0.0030617357457709974
9.073401949861644 -42.16637809100212 0.007868421739451079
9.140323404658536 -42.10418315886838 0.0028850884996715117
9.161892902707182 -42.02701094544041 0.0030388141473492963
8.583168150102443 -42.36357893380299 0.005678891479275633
8.749868851043342 -42.24798573750179 0.0034718380185856145
8.850470682684321 -42.210067883838065 0.004958833992637861
8.747041582645902 -42.20358364393747 0.003893641746286554
8.59140090052868 -42.25345709363188 0.005599242083148052
8.559330817829435 -42.24121159774596 0.013029219320666476
8.61890926496131 -42.20820977081094 0.00402640757662629
8.544425848067918 -42.23501147684289 0.00875165995044938
8.627159158094685 -42.15572607113602 0.003199598684927308
8.634113780492598 -42.14911886032048 0.003282613374394235
8.726981213788815 -42.17744904692684 0.004730427269937298
8.722202807657185 -42.165418344135446 0.002980689719029227
8.788314252484838 -42.10190496682545 0.005898883370440331
8.78449316224892 -42.09597516532233 0.010851862182142262
8.698461569643488 -42.09472376460848 0.00648582743754766
8.729767599893377 -42.08201980613533 0.002650497076992776
8.90094798563814 -42.1430235363788 0.0032050604466308395
8.85575226234882 -42.13418854971959 0.0029412944239489377
8.875360388483251 -42.129109507108 0.003355908913306365
8.960416687641711 -42.07788164460621 0.002760183336166659
8.982865959780375 -42.07526662200033 0.0050483807797412185
9.018124738821207 -42.06322517386324 0.0036481183131938234
9.143268647778402 -41.99111649022295 0.0039059862453378713
8.914059030050527 -42.05298128623548 0.003712408681618756
8.844569679921115 -42.05911684763469 0.002798848587744716
8.900830050329182 -42.000099947122976 0.005771347501466354
8.87508030532904 -41.99261230068005 0.0032108107593409024
8.998225547175975 -41.9960609630192 0.02177576771044627
9.101947803492775 -41.94128311320656 0.0037515839536325637
9.092586466276762 -41.92124206697308 0.005201924380218176
9.114295004770293 -41.899790987362515 0.003148881914880036
9.015246600164804 -41.942784403994466 0.003889942167322592
9.027469057888473 -41.922277714433946 0.01254133935712073
9.009730298604447 -41.89736654761978 0.0036862740552788546
9.254810446741324 -42.1536290499871 0.0048873742305941695
9.24610673992477 -42.11474997245012 0.003029110452652054
9.38121213016067 -42.102449196828005 0.005262888809029478
9.435308311131177 -42.05522707609371 0.0033076866057482083
9.479382842702137 -42.029843663573736 0.002746421116571464
9.443793213184298 -41.95571003570192 0.0029323792291424617
9.24896979651701 -42.06481252611101 0.005961221849849457
9.22366760930409 -42.04301847545662 0.011041095329367753
9.199067104849432 -42.033677047507275 0.004827678657144171
9.241133979092435 -41.99768269914629 0.006758104448128702
9.297875941382102 -41.97558240125388 0.003535882296161283
9.297931931089114 -41.9733301803778 0.0159489225703865
9.37709668193597 -41.972513156308345 0.0038387394388120243
9.410147175141226 -41.961538678825605 0.0027543824949631435
9.3389555461248 -41.91937786494724 0.008534117432597514
9.549570078133426 -41.98646536572077 0.003432649648154901
9.597212761126611 -41.95936966148645 0.008264719998074573
9.65275692482664 -41.895810246379426 0.00308269419507277
9.6743447501051 -41.874109632921424 0.007658393805335172
9.521605241077228 -41.924429327364 0.009411347613238594
9.614946850631888 -41.88911379988145 0.003202209227223201
9.748184132888252 -41.86811648879762 0.0027924228596275394
9.70770946535241 -41.868092804839705 0.006825918044601332
9.74402826363457 -41.83195873169574 0.006143601526281403
9.790095583903245 -41.844582157188725 0.0027205113655967604
9.797486631069486 -41.775641349012766 0.007549043877094266
9.510961748469716 -41.89415784500974 0.004116614691311851
9.66852106686903 -41.80398690324819 0.0028006865749650857
9.669217892619812 -41.80167409504349 0.009765508325655996
9.679059918262336 -41.73309266348435 0.004045355144353065
9.732196264468902 -41.725244264447866 0.0029001062523879707
9.646507222457156 -41.65665003404349 0.0027732580009385416
9.664019080745392 -41.637780212153594 0.003150288694318153
9.247495557894686 -41.9532764744562 0.0078026215813414065
9.189735003385282 -41.959854418533915 0.006451161950813061
9.358023548962269 -41.84193402830983 0.0037166714330308533
9.424541443591384 -41.823943466629366 0.0041043330957864855
9.33620019543136 -41.829898654593755 0.002783779290308314
9.35951045677185 -41.78793184602312 0.004948934086683968
9.219482730463142 -41.84647151013448 0.0028946101432090667
9.258863454875186 -41.83353037267114 0.003799020522278316
9.180511286677213 -41.79091688611103 0.004129171057757325
9.225849773097238 -41.79941412961689 0.0028273328529626754
9.226165463292734 -41.71697721091252 0.003188387880266964
9.342189482859778 -41.77902677204376 0.004927158119400658
9.286601697259544 -41.76850221662648 0.04986711026228218
9.34764345128872 -41.71565192482663 0.0038306000466352364
9.341842513209816 -41.66275663592723 0.0032907219238076015
9.450429235408336 -41.72427125497674 0.004649020161665923
9.448531649200447 -41.72681751296072 0.0032176427591506934
9.579874137845406 -41.697123189139546 0.014506533812374456
9.546524431919824 -41.66076243264745 0.006022499042405908
9.640757772178429 -41.626658070968425 0.002826201578470728
9.526546086056843 -41.59225915236366 0.05820535080979174
9.6233784431208 -41.560599231575075 0.0034288786828642836
9.446613321742175 -41.65299638932781 0.00884801875679039
9.45359879288741 -41.60744943854661 0.0027546692407532996
9.390263996157724 -41.56722340460694 0.005227057946000453
9.528976356759609 -41.52804152059179 0.0028514925064065874
9.557057410187024 -41.53090049484718 0.008044071637682455
9.45149980668744 -41.527153366052104 0.0038392780383379333
9.429500467406726 -41.48464864517009 0.010580259985507153
9.516683926648998 -41.46719911399549 0.003609237529709756
9.46191962798571 -41.47257580444277 0.0029022181221252056
8.566234697603633 -42.15072391342247 0.0035329857001172903
8.648463289543555 -42.09030526384073 0.0036578164156177437
8.631321270453707 -42.078411049900915 0.0046414859976146505
8.559287875657036 -42.09038902237572 0.0061306902562416905
8.610292478311653 -42.060754597100846 0.0032650447621631264
8.573436959063692 -42.06412926235001 0.006499698769737497
8.768505229733634 -42.01320313313221 0.002797299319070916
8.689324760229004 -42.01371628402925 0.0036080037446804226
8.746379804074987 -41.98665298987266 0.00449530537562544
8.494831561241762 -42.087197055816695 0.014747828873196221
8.600543930241908 -42.01312307278915 0.0068315929961825705
8.568709750087955 -42.02372569707278 0.007660604118246632
8.59997544816476 -41.99617217548093 0.013317640879161851
8.605931255170542 -41.99543603752952 0.018130055126372467
8.523379552998561 -42.00926407906613 0.0035311394562872788
8.567465100576218 -41.99521962405566 0.00568866421773776
8.589332751625482 -41.98373306292521 0.0030176431738622514
8.625095697585031 -41.915739263846554 0.009497781945299285
8.656819829098284 -41.98536511298808 0.004869564858182239
8.707018559709368 -41.958494715514576 0.0029307328658314314
8.695359418490758 -41.92704741041319 0.021032651439796775
8.733734849896468 -41.949092406805605 0.0028510267006530026
8.754121651896847 -41.88854138375944 0.003601825592659243
8.774959684630636 -41.88906705330025 0.005494993393480649
8.675503504701087 -41.91601206944919 0.003889200336147598
8.919907973203776 -41.94058930776132 0.002699589309313967
8.97433226817868 -41.90742821379703 0.003173779382978528
8.971103953914632 -41.89005331454578 0.008114973381722651
8.869270237215554 -41.90080925804634 0.0044966189316975975
8.884296204903773 -41.88536243750915 0.0035947853209892266
9.065179106131549 -41.80254541978441 0.0035383348066449546
9.094857515213352 -41.78350501034672 0.004421227214435858
8.993781711913238 -41.84415549993334 0.012161738880244997
8.979241279444189 -41.842279240950575 0.005106001518394668
9.035492957154728 -41.80805127578735 0.005765977715944565
9.05948730707594 -41.78061484228544 0.003061141813463966
9.033970729198304 -41.76006683945996 0.005500339159761594
8.839477202035777 -41.88411834471142 0.019620287622965065
8.849385141906989 -41.82154831785025 0.017811513509224917
8.892139693993474 -41.77818186924556 0.008143645958102238
8.87806862391658 -41.76813491540911 0.012083109317329489
8.852113944848181 -41.76409902116883 0.007221880195846156
8.858925233482204 -41.73147835537413 0.015471826784952517
8.949175619222261 -41.64018771361354 0.0033578804086011236
8.607078428079912 -41.92216708611184 0.0027516738689823835
8.61444226990318 -41.919814693694455 0.005887498569513411
8.488933138058208 -41.93834692285134 0.003166718174722992
8.464320291089127 -41.93188145415379 0.003740265829391976
8.576304979120934 -41.87128988411836 0.008525930038399973
8.565846285847151 -41.85943187114559 0.00930049020307643
8.64848503637257 -41.87607864897306 0.0037229312352566723
8.67554631136676 -41.87565205461276 0.004124490898799695
8.631845677847087 -41.869223080641554 0.004415346231059014
8.733293817733932 -41.81934317500141 0.008051393072714973
8.728427510067247 -41.825688368422234 0.004956564129894496
8.745669074248074 -41.77338782485029 0.0038717047350098244
8.643010525399124 -41.79417551971869 0.003534780655627731
8.717090104419325 -41.78121169261742 0.00916724946096604
8.477974166923627 -41.86904324611336 0.008112728359222344
8.47086224332112 -41.79601356562792 0.003970441253652398
8.603276997493548 -41.78223668395031 0.002940834263090207
8.654115455143145 -41.714395926048546 0.003230855351090255
8.620118062902982 -41.682612843472626 0.00273612210413969
8.632237798656098 -41.66534622794371 0.0026978105868782323
8.778997609685598 -41.78142761300149 0.003871178165929035
8.823923136509759 -41.770233347648656 0.0028518701308048403
8.80841190178826 -41.74063008697003 0.014383426539508122
8.78021496774862 -41.7381478393073 0.007565448070712603
8.823281416795162 -41.72330130146109 0.00331653114175113
8.858549635908487 -41.72055882898182 0.005459281323543277
8.853074711044762 -41.7164322163325 0.003500427963746469
8.866915337516534 -41.712502510293874 0.0051299819804803215
8.809141697938443 -41.721267107297706 0.02596378956945092
8.743025274043966 -41.752495761488085 0.00415142622630218
8.8259755556412 -41.658999579628045 0.00592760873871731
8.811017521637185 -41.649621183396555 0.0032755085667132517
8.87746321046553 -41.682842221869976 0.003094095752508964
8.90439517485265 -41.67388350837947 0.004627691874429202
8.878047146636622 -41.62067760876237 0.003253080681627607
8.894625356334705 -41.60038139731475 0.009091659759921829
8.827252539347862 -41.63816103236008 0.004713813974992961
8.744624689244135 -41.65985600681831 0.0034942050706984434
8.749955272405519 -41.63900688271409 0.004255958648263504
8.742270287533108 -41.629694434827016 0.0036726417729657525
8.764616339733674 -41.53970252313626 0.007882063686587861
8.79215027032111 -41.52720657857237 0.004787682087747074
8.799891634862908 -41.51517648906675 0.0058020138959993806
8.817567038951829 -41.499428413291106 0.004257559878529696
8.745378468857739 -41.48759764634066 0.003293888467001076
8.812305948346955 -41.46715565826551 0.003053162465055751
9.145562332886357 -41.779546378413336 0.009743149458523769
9.172744063146077 -41.76472362320059 0.0160534115528874
9.075345122574843 -41.68989086459433 0.0028446114552919633
9.21396178003378 -41.69229294200534 0.0030505850291612725
9.208510012864016 -41.66735403129968 0.006046661746459279
9.283220430168878 -41.63768205815535 0.0036759579487570947
9.162773646518058 -41.60345491598379 0.005903503765900232
9.231414261410247 -41.570107049983264 0.002763881504250783
9.046423098456325 -41.698975384162935 0.011840566727640604
9.114925352576185 -41.61722569811637 0.004471461385272815
9.119731646712353 -41.62129096074603 0.0028883774425726653
9.011617814890492 -41.65324754525879 0.0027556175981533356
8.999874075643701 -41.63981377908123 0.004666367187636599
9.114681198110755 -41.54260324698247 0.008000424103655299
9.149033540815118 -41.48838804748628 0.003437921528837443
9.12174011982417 -41.43777608254833 0.004427253190795953
9.30961010369712 -41.56376372052496 0.003142216751889507
9.288319049956748 -41.49904078690178 0.004572881944766536
9.329727976522037 -41.44194343993633 0.025550732171464148
9.389720936320266 -41.49004218102623 0.0037042407035575335
9.39507442005879 -41.459310081439405 0.0041633041519795015
9.378639649162904 -41.441801167007945 0.00271977573373572
9.377823908226231 -41.44116678674209 0.0028263039769337666
9.38178392273356 -41.42028617034917 0.0029564274747100943
9.36578933418074 -41.41374414590522 0.002725859170761327
9.337344471332257 -41.399347357529095 0.0027732388440171113
9.364410499611898 -41.379666635793114 0.0034426832744563238
9.399472127181168 -41.37972904377107 0.00778529035952892
9.243918780859008 -41.45467477011791 0.0029032134661828492
9.286812390117236 -41.38431073115324 0.0030323459336238944
9.159889358487712 -41.42190966756078 0.010953748736761353
9.243284252597002 -41.34915903105823 0.0027934596630034532
9.386278576603756 -41.307576592246335 0.006111584342875069
9.315675834834972 -41.31042151234712 0.01560212739216373
8.97040564622888 -41.568038098313515 0.003146061982082672
8.962622647498561 -41.58186100849863 0.002805576399573543
8.975877138303574 -41.570798173733735 0.0038542790519166883
9.042943639472808 -41.50955831786011 0.003153030411544411
9.00235766121913 -41.490423085325446 0.0041646524524254665
8.931802414393486 -41.53985914181883 0.00310129022016465
8.978779942175493 -41.43748720373561 0.0042907229141620346
8.965548789742032 -41.41575571834461 0.004405818828910589
9.075011746893203 -41.46664227161872 0.003416968141451578
9.022939616338682 -41.467255144872546 0.0030026317989100613
9.102554735624844 -41.403425063807354 0.0032261401093668946
9.076592954501368 -41.348535146671864 0.003337917355252113
8.8202854963314 -41.42808660365485 0.0044190477526628155
8.81815645836744 -41.4294391827277 0.0032327843098668334
8.856403299127455 -41.3956526792705 0.0032806039208902044
8.834649789543052 -41.36358882332218 0.0038107374200369586
8.965906183483447 -41.35815350892117 0.0031472456330721137
8.899542707262711 -41.302088635872465 0.004114251864416181
8.922079965241926 -41.29185466233973 0.003902908723225391
8.92451228051342 -41.29125622495145 0.003847215418707783
8.962352633332687 -41.30695479569114 0.004739402896353257
9.00005888655145 -41.258602721728906 0.00473979937781085
8.97429243247451 -41.24482973250165 0.010391042942623897
8.972823917204746 -41.24485526199027 0.028609968926585905
9.139190918376173 -41.344595935631155 0.0029234313817807023
9.071435930171116 -41.29919316798983 0.0034299699453804776
9.095507303581524 -41.30868508498895 0.004079922838865121
9.160143416786836 -41.24019902610754 0.006320131937731611
9.125208511951392 -41.27459990043699 0.00293822286877981
9.272397304282856 -41.213152232210845 0.0030073631203383824
9.279196953309548 -41.20946318395732 0.007374218379407487
9.2512244008221 -41.20514910274854 0.0033817469703110925
9.251845532672103 -41.20472397661456 0.018966634040859923
9.207407176918649 -41.14096112823768 0.00663047320936628
9.21985379493288 -41.13291112948001 0.003516683668888137
9.053022558026797 -41.290910990627616 0.029660881999488443
9.138941804879254 -41.21237622532758 0.006686787387282003
9.00006641015454 -41.197046100855395 0.0033028102948176497
9.151196524343428 -41.16471667529827 0.004588316890023787
9.1292158377103 -41.1624584767143 0.013726423203213373
9.098731172652972 -41.07762840257424 0.005010579642972621
9.922616706437418 -41.70726073826632 0.003003598298380391
9.905135331056403 -41.68534234026483 0.0034773442302663193
9.79370002012764 -41.669462795005906 0.0027319993370074186
9.9258729818352 -41.69690392117335 0.003727229369899662
9.935722925227724 -41.65996633136422 0.037579946251376055
9.959654611087885 -41.61976674119136 0.004158611446467051
9.967593455596932 -41.617989566381766 0.007113650672283868
9.970701498164212 -41.572428363344606 0.0031908631946765717
9.93805749309016 -41.592393296426 0.005378409181295885
9.916358813276863 -41.5431303923853 0.0027761315041774206
9.73468681998124 -41.67365269784118 0.004256262793035454
9.843176684543186 -41.61060000727248 0.006860838787513926
9.790147226016602 -41.59125102256468 0.0027586254569528694
9.688570032263463 -41.61980867656763 0.004168161661063143
9.689390390308622 -41.61976425699353 0.0033569459953216294
9.750610920562778 -41.573970777772544 0.005385757248444522
9.85694734112374 -41.58008587698481 0.004617621107553755
9.84957486267221 -41.57466830344802 0.0033884091015061344
9.863841534470684 -41.58097957447353 0.0030511598410611833
9.900663837055326 -41.52220020096478 0.00673561677097936
9.873400643205857 -41.449214356905294 0.003851856193127986
10.006842230844766 -41.593003791818674 0.014748620458471189
10.02416717823287 -41.50753689306775 0.006173870413527666
9.956856287941378 -41.51981635173916 0.0033062771419831993
9.983102246762812 -41.49956433272361 0.0034735801924147105
10.017138152552397 -41.477568425759095 0.0034821764545175963
10.147749021575994 -41.38615587539893 0.0034829668391234284
10.15131590169092 -41.370746556728285 0.009933857358526364
10.039569821740152 -41.42216062216402 0.002792731988951371
10.030204021656072 -41.41785718621419 0.006928208828563045
10.130898501104962 -41.368287201909666 0.003078649405907339
10.133740093293682 -41.364879438097105 0.004689240471651929
9.961148595938411 -41.4078388358518 0.009288981642891424
9.897776164044188 -41.42189586382205 0.0036878856344021655
9.87141279375414 -41.40993432017102 0.005051000594357898
9.87614150029216 -41.420003927834784 0.003968221260696571
9.961830323462326 -41.375992791957 0.00586721596851704
9.938878954570034 -41.34587098358499 0.006027917011789081
10.04570966203976 -41.37683872252173 0.018989644723558675
10.052703279324009 -41.312999703048554 0.00493743071750894
10.033482929135197 -41.267116816929445 0.0034264388424080916
9.704790173279012 -41.5647467302092 0.0031536857418422775
9.647050007259203 -41.54138609055743 0.003096387707179557
9.735886503528713 -41.50833955216031 0.004110510620204068
9.614230409915416 -41.49713828432175 0.0034235621368379934
9.667794113097557 -41.42432374408845 0.0029494302123864303
9.732324301730738 -41.481470255118055 0.0032997492560227454
9.79529242489459 -41.43795554021031 0.003354303146759424
9.792229740008173 -41.42698968762486 0.008384249325697694
9.757225833566697 -41.36334016569491 0.0072198323762316585
9.759463405538146 -41.333100955122255 0.004316157058413466
9.57750820273769 -41.493852150887264 0.004398872959364053
9.58139113136109 -41.44823955174381 0.008989540940079524
9.60915594210116 -41.424547604647145 0.003085039610986205
9.534565108478958 -41.4353769384559 0.0026751592456950037
9.530357318239863 -41.40159772918436 0.006391036452191131
9.6931667304359 -41.34307521364033 0.009812015478046
9.659241607243432 -41.32745123033436 0.0026556416701216234
9.816443938670837 -41.378451504884865 0.007831839064384711
9.87035078894622 -41.32220011577649 0.0046015616468208075
9.784841029229534 -41.33564455343116 0.004320582225081301
9.865986372254303 -41.27131952384105 0.0032577763381760176
9.90191952342157 -41.23391440250192 0.0036414745128378312
9.911633027247142 -41.22158371637388 0.0035063097521611845
9.865756267521924 -41.18908653990629 0.003423022033329987
9.922056870200398 -41.137591962595266 0.0029247326922277003
9.792741366181811 -41.26088256525708 0.006141845248019604
9.732804619763575 -41.27840565937644 0.0034812704573614463
9.825631560189704 -41.226772269126 0.0029077334974851607
9.781820111728209 -41.20143989064122 0.004487823616193267
9.729811890143724 -41.206540546791224 0.002919646585745628
9.77335647620501 -41.160033308462395 0.008823553933089657
9.75791571319916 -41.15366284248043 0.0027904277012257748
9.83024796934697 -41.16092943391432 0.002672819029231769
9.881471663743412 -41.111805601590135 0.008834378141740784
9.879161747905574 -41.12033191923021 0.0029782440280744188
9.821527059653803 -41.09203279345409 0.007894038944509492
9.775547856342053 -41.13114249776161 0.013115897668901404
9.808043869731454 -41.09205083092142 0.003588623854042106
9.842243094438974 -41.04963777364543 0.003263937316684847
10.202222662885228 -41.336087501879256 0.003324609561883941
10.246804948491864 -41.302206377485064 0.009019678539777014
10.13077425498013 -41.332065837216646 0.010844561839967052
10.123482907377758 -41.308144097466226 0.0028242445191401762
10.121177338309302 -41.30946629252927 0.003295777993983549
10.168089002280636 -41.28744182287293 0.003609034217181506
10.19859916980286 -41.27983115466503 0.0039704792400027
10.212560748311224 -41.22755983156739 0.0031650861799273266
10.205615155489292 -41.20653890340417 0.021785115715821455
10.20413179977893 -41.20699494932354 0.020143756111382805
10.292029635864072 -41.15841160043362 0.00372461158377595
10.2640625128991 -41.13504897885005 0.004183384997646706
10.149472044409231 -41.25506099131336 0.006127391497715147
10.049274878528037 -41.22802040258605 0.006452330945464772
10.056933958058382 -41.19535105060834 0.00561065719524223
10.05897256463313 -41.19561873997693 0.003406446320430316
10.145153104498148 -41.15876658657504 0.004415144019819431
10.216080723177368 -41.139754071661834 0.00910858047313854
10.217023644039886 -41.1346193146743 0.006540176211037432
10.392584059258564 -41.13992256303331 0.0026684338403300057
10.395121792437948 -41.13794101266707 0.003546350689201112
10.383103644940263 -41.11582097230318 0.0028485185671884073
10.317429983442675 -41.11262009834816 0.0030761284376678165
10.307990259817307 -41.10761370922995 0.004426360733952893
10.446196640868674 -41.06573574246387 0.005155667661567443
10.498050216788153 -40.98951878216734 0.004649540763511173
10.435812252152674 -41.02761000029864 0.002849669995071522
10.320454910859926 -41.05948770845415 0.004525626665131716
10.323903466432206 -40.97972526667508 0.0029623034858243884
10.307383006374126 -40.965925103015536 0.0026784400460839477
10.376190856251224 -40.981876297967936 0.014875936971725229
10.35771645283076 -40.97716245577599 0.0028739533184168075
10.374323178640044 -40.95710280507999 0.008177837746334043
10.04382178156683 -41.15707336348693 0.0038387924733236226
10.070887970146796 -41.08042877380699 0.006051658948184882
9.952295810923625 -41.13380951276484 0.0026991857013137868
10.00609441766128 -41.0982036934597 0.005945162019022148
10.12071502442554 -41.011055173423394 0.00460550406129635
10.048059004312009 -40.9936676907515 0.0028783311623456296
10.127316643925823 -40.95223173697641 0.003388019643043443
10.082336481181116 -40.95599489072811 0.006957318166456517
9.95946889480618 -41.02182329076806 0.004976307566803368
9.959119035243804 -41.02181643948193 0.0028138261709030944
9.988654022501622 -40.98283407470112 0.008231111023583202
9.970387081279515 -40.98522235233836 0.0051673357341946325
9.906205248638209 -41.04035998481153 0.00347423014809121
9.871696216351886 -41.0351898599758 0.0030513949603233888
9.884951528045484 -41.01769440783275 0.014796788786728096
10.01866527815946 -40.96764353960438 0.010410814172394237
10.02034065591301 -40.96782746475099 0.002643629866093948
10.22756444012624 -40.971152158935 0.003123113945826588
10.146922961738357 -40.950512200946655 0.0027662168001980347
9.450976751177311 -41.33512706117293 0.003062032279221986
9.472736931373245 -41.32294447649305 0.00415549074708759
9.488018762744977 -41.30170738509194 0.002851375112245187
9.512617364012014 -41.251028068933394 0.004125874082546427
9.512034865854798 -41.25102771552413 0.004412358534485631
9.596477608922198 -41.29234589089846 0.004412951552868247
9.608509885717332 -41.253245310457515 0.002870380094404109
9.584056667926411 -41.237591697117274 0.004262100436083936
9.627081225689423 -41.203192207219054 0.0028957410959567576
9.52627505163398 -41.202516763363825 0.006668546434705051
9.577712942716152 -41.15598756864393 0.018373564344902497
9.384998365532882 -41.22275004911784 0.0038237347208922804
9.415195292506766 -41.17452578876752 0.003924264933434653
9.471955025703735 -41.15281639715376 0.002981713829412517
9.493744309651516 -41.15118347724412 0.0026611423692089586
9.551565079635465 -41.12308132742989 0.009556241019258649
9.564728318124216 -41.11578378087676 0.0032572463014233126
9.45926233949829 -41.14887926066903 0.005389874643948884
9.495232965701486 -41.05741966289006 0.0038398698954519813
9.60553420947996 -41.09407817112579 0.004509927180643927
9.629104512975513 -41.094362092164175 0.002673187949021361
9.772644600154525 -41.067229521326574 0.0033163956331383002
9.77213726692089 -41.00726675078459 0.0027886497090683624
9.727684236093998 -41.00621096922975 0.018022453124397635
9.573200284820487 -41.03947697303653 0.0028498783665402865
9.615300646852264 -41.035479904091126 0.003249802396593234
9.652907980189129 -41.02882750203408 0.003041004022549821
9.64806391736086 -41.03444729970379 0.0032191416315075537
9.60584879826967 -41.005752934771 0.0030674380439476563
9.599283010158066 -41.00567775332244 0.0026829282265202737
9.609669991936476 -40.96616258465113 0.0027398521934993776
9.282967012071472 -41.0554564705025 0.00979901222800824
9.374258929770749 -41.07810769511136 0.004652053221659606
9.377832129111727 -41.064543418803574 0.0033343393643191777
9.228066621107011 -41.03957196151261 0.010887393370372584
9.264117635331456 -41.002316894319655 0.01025714168541687
9.232842931284166 -40.98052801692344 0.004553444574474029
9.355540386859888 -40.951016558062506 0.0054890527528899
9.861049216666116 -40.97133038136291 0.0040135251580438085
6.562161625371893 -42.94285112953661 0.0035900769271448034
6.615300632032793 -42.83474488439441 0.002732554607163442
6.629068496933988 -42.8193787337886 0.005534082633364784
6.647304426682062 -42.88089718943358 0.004923139813828622
6.743047965746831 -42.82612667211881 0.0033462330137088267
6.664470973432628 -42.83592550378101 0.007705011116105006
6.774868909028367 -42.73194646546367 0.0063723995695470406
6.563410044582983 -42.84122293785903 0.004060994016674837
6.581288629777831 -42.7888323307561 0.0030122714777324347
6.6969248023329175 -42.760879417250145 0.003294179267975205
6.77716387693166 -42.68640960901043 0.003375450469277054
6.625519107392333 -42.73039851369739 0.0029240102091055856
6.670246538904619 -42.68987869685625 0.002768401651293593
6.719964234992898 -42.684364678582426 0.008063745074316163
6.709135628239897 -42.68576364460263 0.006580918912341644
6.859500168625746 -42.774542409082486 0.0038113876694544574
6.859238076756338 -42.77392290230671 0.0027122931030306384
6.842106547244305 -42.76265161212564 0.008178839949242603
6.850439662056765 -42.74710660537326 0.003375437062151845
6.939076845288549 -42.71463714470683 0.0048621296989802614
6.951756845093044 -42.67632530587753 0.00446007615849744
6.984989018166947 -42.68652936070497 0.0035606304341920065
6.81770853144989 -42.64646643138119 0.00407804317681799
6.946685769956111 -42.53402129098385 0.005187448935589342
7.068765941514259 -42.48054573449084 0.003003613133324256
6.548738112784804 -42.70464226829704 0.0034637292701447052
6.638776401189835 -42.666664033958234 0.005079477192374443
6.763126791084531 -42.60062131883258 0.0028110887015111814
6.681520723652642 -42.59627493946887 0.013399655242446408
6.514608690871729 -42.594728998468504 0.0029724353640950066
6.543930062960601 -42.567770614988085 0.0029283272547942496
6.645209508884186 -42.548042731959306 0.0030000624115045253
6.727168278353298 -42.51953943648463 0.0027600441529775765
6.655588797069067 -42.50938933548299 0.006167575429455878
6.6763471470052735 -42.49087784659877 0.0053387416430476205
6.671703616359346 -42.467065109174825 0.01095842209752766
6.927661109860657 -42.51448806279303 0.008085509181547478
6.875867111160134 -42.51303917344885 0.003936028365918205
6.810331797134848 -42.537397960292026 0.006170802469001586
6.868503769443741 -42.48695072509436 0.008897981216341465
6.9847838328318765 -42.47501514941699 0.003290741472957168
7.081969394107913 -42.40235947992486 0.0034479375774250985
6.7942377778936125 -42.47769714952022 0.0027549042537529504
6.794432514805016 -42.46415959710955 0.0027494242549231363
6.9151038502403255 -42.42299348094227 0.003879350050343026
6.839322510235806 -42.39762814350223 0.003055206713028302
6.828525130443978 -42.38474749592278 0.006791246584388412
6.834359556535688 -42.36523139364667 0.007655647345462791
7.019711588738565 -42.34754349437677 0.0047630201040924774
7.0466471971588165 -42.28141342854076 0.004780696400949757
6.515641312383521 -42.51353093771945 0.005867795768686368
6.561999408933917 -42.449704132936674 0.0031118595300099468
6.629995626354895 -42.473597636535 0.00511739528461234
6.62459841881156 -42.420640342107326 0.008307647381742037
6.684955646928203 -42.39788428316558 0.009512268480951967
6.687676251525297 -42.392209037753695 0.005305095235292058
6.675883218063877 -42.384994954877946 0.0037812032248559853
6.502159607605292 -42.42640315681367 0.011447856967997128
6.562941346089546 -42.37360387634914 0.007662153437008186
6.564209545619001 -42.32583103678608 0.003302925626682795
6.615833197389415 -42.35783218526766 0.005832330546919623
6.622394450962348 -42.34149695030502 0.026791153558299377
6.693478985272711 -42.29420720327929 0.0039458316281877044
6.663537313065712 -42.29562288929224 0.0038178548638046045
6.681614345644828 -42.25154557349521 0.00453324894985128
6.841243208265729 -42.25447709913648 0.003622198818823047
6.939654532151389 -42.28578810898232 0.0037297764684506435
6.992554286961678 -42.256485910215325 0.002778140237167066
6.982839551503042 -42.20317637037597 0.0029477927040461077
6.771112364667595 -42.242709287019096 0.003639923947608479
6.816926451609606 -42.17378574651318 0.005033704066522389
6.974789971926909 -42.170138836595875 0.010498274027924056
6.970461144696508 -42.16364763854344 0.00439377131908954
6.9775871733205195 -42.13173937913314 0.002942690787360606
7.0356409171420715 -42.10113198682271 0.002776959203944699
7.028165122397112 -42.08494991098447 0.0029511376352794614
7.052618805046935 -42.07026084095827 0.012375008035755256
7.004975608614683 -42.06956425487121 0.0028298074760818807
7.053425638557375 -42.038170011911994 0.004182550079048915
6.527317722961729 -42.29337072703422 0.007059071236874112
6.548429289178067 -42.24201680037291 0.004300885340365789
6.697532932951459 -42.12431517142042 0.012363901446561734
6.6802631525978 -42.13986715516503 0.004913371072758466
6.546202912941679 -42.16823102220821 0.007503968367192028
6.654588088904895 -42.115087373582696 0.00298488394216002
6.564553196500099 -42.13870392184832 0.004656012843306355
6.5891432228243465 -42.088161881754985 0.005884481876555729
6.670719811394668 -42.03380160406171 0.003000952937288223
6.746266154189358 -42.19005989358965 0.004871886417009038
6.819650539553288 -42.1523601791042 0.0037728229012596215
6.9891363148396035 -42.0262026073717 0.003362917820580908
6.915645123318637 -42.02243281964154 0.005603363794061785
6.98020326323176 -41.96732477767595 0.03083688737501388
6.749630983406698 -42.07450657442141 0.002985458129196898
6.773265773237424 -42.04913356992257 0.002653744973778126
6.830436315153423 -42.01332027296718 0.0037329425795024304
6.835297347815098 -41.98635749022061 0.009969620102590327
6.762601576703725 -41.99971198770075 0.0037009477146327644
6.9132058899480056 -41.9806229060104 0.008579031641623316
6.906181265991516 -41.96593428444545 0.0051363258726344506
6.88710527120279 -41.954762898661905 0.0029357918439725703
7.155784645570866 -42.56514894059863 0.005288612834447665
7.223657581828606 -42.52829485381597 0.0029405718106428878
7.404788755432913 -42.41218139710962 0.003284051769011555
7.308511350655893 -42.415885603995896 0.012466623095592188
7.329172815036366 -42.4056293884999 0.009937283835567707
7.427219415886922 -42.35593486379836 0.00271790495005974
7.1635905376447315 -42.40829370462937 0.004993734051078778
7.337239575630247 -42.36038272147353 0.0036516949811261205
7.362020116824581 -42.334791177703075 0.008162939253745132
7.392900575088659 -42.3297249886218 0.003426984101225848
7.408680359601068 -42.31387968516456 0.0033733653105142984
7.392535729870461 -42.28808268626335 0.005757336912787429
7.423521954681038 -42.2572442811275 0.00364424745882502
7.409879477967458 -42.24237443783638 0.004118763065607821
7.439024929582236 -42.222936189843885 0.003782471284107908
7.530154939722635 -42.37184749108196 0.003099300880287356
7.546562239183937 -42.33999289133525 0.005761852210912896
7.605451807223519 -42.28690665989876 0.005345318954525289
7.501638626937804 -42.296024934736685 0.004143143824691551
7.550703057994504 -42.29999865512348 0.010165604861724357
7.6963308732414895 -42.26189251711549 0.003827533932925067
7.664564497445299 -42.245685313106144 0.003306697519642444
7.648387151020798 -42.197767642416075 0.002882378466439386
7.714752186194319 -42.1584503884465 0.003628476457544529
7.552230549469894 -42.21915205009183 0.0030060409300563377
7.452860572557159 -42.208442573236844 0.005354648220063916
7.701041585930874 -42.14684061124167 0.0036495594253999402
7.728421854546498 -42.14201013505266 0.0027179326427686614
7.721486571496229 -42.11619926037764 0.003063722137186624
7.61822090216749 -42.15335794225624 0.0030993876958579744
7.624278875861328 -42.09886554608085 0.006741378701601699
7.69490097025905 -42.0770644185678 0.011910867669086707
7.706195713837823 -42.04774435697042 0.003467585391188417
7.115247843680951 -42.39101767955858 0.002710871143318453
7.142302437746698 -42.36378547163361 0.004222136449925223
7.132989065509336 -42.352130899644216 0.0029491077105157503
7.140075946505742 -42.33826628469583 0.004306253622777346
7.353698198161238 -42.247939157178216 0.014446048201439429
7.337273971813708 -42.22759802595988 0.0027023758405405568
7.364623822519341 -42.2341380628538 0.002865778463584978
7.421222856566008 -42.21906967205705 0.002770003415838243
7.270914888397434 -42.21715093085991 0.0030210832264277163
7.357038738665891 -42.203143862445245 0.004528028843246384
7.400595868737816 -42.16142025620304 0.0029602745714375806
7.378715593123245 -42.15364488526566 0.0034467804788623616
7.098811630668929 -42.26049883968927 0.004027799045185077
7.257360768148032 -42.19329179403533 0.0037105137869887367
7.191186190006316 -42.224825185784255 0.0027191809850932443
7.098091886397811 -42.22613618976778 0.003900948659764062
7.347780977563459 -42.15121381777614 0.004140821690799767
7.344682508227383 -42.130057035060354 0.004107167687684625
7.44251411830922 -42.16273276929075 0.005727576250615939
7.504129825248214 -42.126294865469525 0.005369975998789027
7.488807358754574 -42.12571763708806 0.0036757690325343218
7.484526201288518 -42.08745727163025 0.004430156104278414
7.535217182707374 -42.08372089034059 0.010252429571703013
7.650790149681766 -42.05810159015553 0.0030810943289111803
7.693088915669114 -42.04224950341283 0.016051899043100417
7.748427334220011 -41.95872552036999 0.0027773790458863945
7.425442455934387 -42.05612164549985 0.004321780689084084
7.479823962503826 -41.97735455730947 0.007742034541519705
7.5106880950298045 -41.99979089993865 0.003630345005180559
7.5566112172788 -41.96040942213416 0.005061996430961761
7.552307727518251 -41.96168850768941 0.0035724180878394535
7.574005779489309 -41.949902979163554 0.008793205737699844
7.531704793384836 -41.95292070904157 0.0030609622924269385
7.6845496223268785 -41.91367598549278 0.004630570595274291
7.73900263461168 -41.87143158159736 0.011208968007705395
7.588458172021576 -41.95547664026669 0.002992884965460255
7.733106142010119 -41.83476580264085 0.004209617824180986
7.807049397018232 -42.09713217699176 0.009554516276805317
7.89790410797004 -42.06207390138431 0.004627050182141258
7.885826350217823 -42.06545333031695 0.007443811974412027
8.002603050795386 -42.07711746890207 0.002710661326222607
8.09130857134658 -42.00540620531925 0.003621499792193659
7.946634095406083 -42.02647810559998 0.002782862474687031
7.929052308202555 -42.00646315499752 0.006449644980226587
7.776017535344738 -42.02859993215211 0.006135536508030596
7.870957001559597 -41.97292318087933 0.0028289630472824114
7.873060631362366 -41.96092454099389 0.00718877199875842
7.868504602214308 -41.94654155889702 0.0040167653741169955
7.987232509920399 -41.94013533216316 0.005086369947968144
8.04863142778571 -41.90161091032122 0.0035236394986499168
7.965947183669969 -41.913533149609776 0.004685706203693974
8.009762750460148 -41.904338029062174 0.003075399041096519
7.984549535064379 -41.88569344512787 0.0026437091224010083
8.051280355077775 -41.8758205904307 0.003355232536625313
8.117115732585816 -41.960773926676225 0.00501273382877453
8.265223267896774 -41.90776284456744 0.0031633883771578527
8.301613878242122 -41.8583433695608 0.0056620850632282385
8.356199408530465 -41.8272178663211 0.010410227719179922
8.39205619971331 -41.791854605690745 0.009555790826834158
8.387471782725834 -41.79544082417072 0.0032352683907658146
8.373575294433827 -41.75199659708254 0.0028547582362888403
8.186460125794635 -41.81019060836391 0.0032221788644643885
8.13088055395465 -41.76673891330112 0.0027902613578277826
8.153260515377593 -41.73967881107855 0.0026513972995465033
8.266683286534622 -41.76814072720264 0.011426244150412374
8.257039688338207 -41.732192659411645 0.003623364747073418
8.224436119899314 -41.71170761535562 0.0026541374785225974
8.289731929501418 -41.645600117634594 0.020293841056715684
8.244704396109302 -41.63622713911164 0.002719246352239001
7.800199992884133 -41.96662060723776 0.005498328452184801
7.838624588027208 -41.959687293825 0.0031414592070066385
7.798883758747923 -41.882118845297946 0.029214526050880534
7.965513872380887 -41.8605829712418 0.00729956070489675
7.969232845433836 -41.861919357834246 0.0037992658994854154
8.018486058867616 -41.83342524650029 0.0038648319488799824
8.029990232727165 -41.815493340988894 0.00366455407492424
8.022084230130146 -41.82180475715943 0.005756885537867207
7.984651225532124 -41.800376992817135 0.01372004527840721
7.961042566094362 -41.76706757533621 0.0038829806793098565
7.772911061149015 -41.842410079179615 0.00524102081603926
7.831426852690171 -41.85616759949567 0.010883169411515563
7.756654912305447 -41.81182570726804 0.006385615867568488
7.740751331098145 -41.8154778892795 0.0360528124323212
7.917661789359927 -41.77734965962949 0.0031441237388236147
7.925442946155005 -41.764193811403885 0.0033806945198755563
7.952988770824215 -41.71020260348541 0.0033340384543614006
7.870805555386339 -41.69496628221997 0.004310942593396788
7.909343868962671 -41.65651103174146 0.0080929004762027
8.136664707777069 -41.74063876754883 0.0038105743485669055
8.125329189855426 -41.6798006389938 0.002916411382742741
8.052933735163734 -41.715053788705575 0.008472612801864201
8.110098505581716 -41.64524018886546 0.009455106056330405
8.108587028244235 -41.64434117004446 0.02946998895736058
8.056930281734797 -41.66879604685678 0.007490803066738974
8.176630121107577 -41.69721912333073 0.0036061858056538527
8.034473390889474 -41.62175906659627 0.0026648019017289338
8.062513230186381 -41.625840892269714 0.003084677883084841
7.982529145730036 -41.5794859494368 0.009562573353816167
8.012840349142648 -41.57069432639673 0.0032894431843787848
8.05431229755663 -41.5515046524971 0.003265579338806268
8.064173344226731 -41.5539809380394 0.0032093664228901708
8.095178528405595 -41.54688733497875 0.0034147628628304243
8.095995093187847 -41.507869067332514 0.0027599296657661618
8.055507035052297 -41.50492120733405 0.0033200866976719366
8.113063423113404 -41.46185584143361 0.006179957943841306
7.090918730628088 -42.19635153269863 0.005335869010639214
7.096330576402807 -42.1780008976 0.005000471076762844
7.233449173612439 -42.08746362797575 0.0035689967264784994
7.096081797221618 -42.13078483654005 0.004856844394708735
7.124962229010205 -42.11297128142522 0.0036494788794972587
7.112790934842721 -42.08799261385194 0.007708687132799634
7.143265452362842 -42.092244291776254 0.002980004463816682
7.163854359517169 -42.107894341967935 0.0029350801116806986
7.298460109638992 -42.03508878815038 0.0031012564791958186
7.343617569794234 -42.02525646665441 0.004313345827610404
7.354690472088303 -42.02910657245557 0.003812346924043271
7.305028085406716 -41.994972163770306 0.0044101992861159105
7.301376050764635 -41.978781550813736 0.005260277005133546
7.396336844489499 -41.962977456105 0.002801789153087186
7.210192321708624 -41.99370398195445 0.0035697232233303827
7.227022532109909 -41.96629698470142 0.003038252679691057
7.20638906379413 -41.9363385515535 0.004543544329226631
7.201567800455049 -41.92703287539392 0.0035029192792556123
7.259741732246791 -41.909861302135525 0.0075880139321934095
7.366675232804755 -41.83254537466653 0.0045482998654468145
7.505729495599287 -41.922935343465106 0.004704877547110507
7.523274631548767 -41.837100070962954 0.0032194386209103447
7.519675578511576 -41.844596702035936 0.008013735233058213
7.626148192061183 -41.87459135997101 0.007517649346728428
7.63060574406629 -41.82194567356443 0.014263524571860399
7.6474019184444355 -41.816529210728525 0.0026516471306944536
7.571599379981269 -41.82041612822709 0.0036140091236795376
7.562050529286081 -41.831257635879744 0.007839840273938496
7.50433091070751 -41.84267515731609 0.002761248129071773
7.539995708413371 -41.800194104395544 0.003638732331140023
7.51894746141624 -41.7982309817171 0.002690500081985057
7.398349339032053 -41.798824112218895 0.0036033504698164505
7.467047634158898 -41.774937061827046 0.003189253344367769
7.472593734883875 -41.71938245031437 0.0036332758706351886
7.538966553342572 -41.7400795756032 0.005992611103235168
7.629523546078064 -41.70354740939707 0.0035828565445127315
7.543918530817653 -41.64054264165975 0.0028161126251796025
7.073697982549113 -41.95097236432552 0.004482475604368269
7.082327579895191 -41.951760702857555 0.004536937114187789
7.188280358333067 -41.84040331030446 0.0029546624958740834
7.239606536858971 -41.88665450877491 0.01433926759908444
7.326916510836348 -41.783403831426455 0.0055051295640821275
7.282032160220585 -41.805569702976754 0.006497725114439704
7.304541577254167 -41.7475844701156 0.0037538175863341496
7.1089526946131905 -41.85502651953623 0.005313970872946468
7.154225584119314 -41.82990082787114 0.007539610656842255
7.199667072541065 -41.650718675085685 0.0034078356325498746
7.208918363263465 -41.62643027554787 0.002646568685776249
7.362164287272027 -41.715007869955365 0.010411739764176385
7.318186178998507 -41.72000532811052 0.004675293606909153
7.366967210010378 -41.66223598634425 0.0027046243244937423
7.447117323165813 -41.68259913516992 0.0032777394983650324
7.535537254243931 -41.58742497253813 0.0031189350047118192
7.507543944136919 -41.607699948379974 0.012249003242760518
7.262230347813343 -41.59590554930966 0.0048598639845655375
7.303411986748149 -41.57792373935698 0.0036065374366072455
7.424931524679032 -41.54219900258901 0.003647351800346142
7.330872071929257 -41.52471433520451 0.012721767950117677
7.329286502884215 -41.51291086478106 0.003178201399927124
7.319304891445592 -41.5057582581785 0.0034186512550435093
7.322654413921479 -41.48020582872339 0.0033593141913358933
7.673544966804111 -41.69997014864511 0.00349991260286189
7.808296797621179 -41.67079835601429 0.01057288819290881
7.872264272057053 -41.610935432905215 0.0030367188802873013
7.754033257746808 -41.61447746021022 0.002692559565283424
7.682823835264037 -41.63006700109412 0.003220781363760902
7.625252942550164 -41.59730021176988 0.010575845425307437
7.591480149810182 -41.57528020823952 0.0035517456695047956
7.643952899056179 -41.5976588087945 0.007137205222810422
7.661176183324983 -41.52910886765847 0.002714557901673566
7.765246246625368 -41.56236834334773 0.004378709663255482
7.704680664983723 -41.50812822585388 0.007511325106826343
7.9255820428659405 -41.56749159148107 0.005507137432910374
7.917270738845347 -41.55211829878667 0.004150969569614979
7.894438117338588 -41.50899813409907 0.004129889194355834
7.855059416434459 -41.50524654489917 0.00484865389565575
7.940468213996643 -41.45305738063461 0.007588743862094416
8.054560886423465 -41.43570866384851 0.002766965853323797
7.972693744406821 -41.39921175321485 0.00899745067778261
7.9714276108079085 -41.36222871375443 0.006995880856633535
7.751879581680797 -41.42608112511152 0.0031886893012087413
7.837828465405202 -41.381169912644616 0.014722192587016923
7.804316581491507 -41.35842382807799 0.00273814529570967
7.799353992056505 -41.34747619679776 0.006982682489331285
7.927467566651825 -41.37344559167659 0.006236760252103607
7.937252928435755 -41.37506324586816 0.008697882162470857
7.950439854261943 -41.281813390369045 0.0029393302528211112
7.888547825976118 -41.32967349359444 0.0052463215426684215
7.913961489128475 -41.27822751566759 0.004476159254402745
7.927116870513968 -41.25971822008612 0.004715380787057342
7.527265031946171 -41.50773350270777 0.004985723385615528
7.653703460209288 -41.43831753846412 0.0029331955646405123
7.712878441069268 -41.42007535589296 0.0030339114753096183
7.668322277894008 -41.4059065644523 0.005310399505414018
7.704874536417236 -41.39045386627068 0.030255987607312955
7.586718865992048 -41.40870838569871 0.0032541738783132892
7.591907502437878 -41.38812650521661 0.004088132654304865
7.630669183869848 -41.360002999589966 0.009379944735370826
7.659876574520349 -41.330375800752975 0.016614045848366992
7.648528937565623 -41.31974385388117 0.003219132180778323
7.6495243701670175 -41.32212715987282 0.0044084333035901545
7.47678379627517 -41.42311807806032 0.00697128839811565
7.508344523447484 -41.452103853562626 0.0058464850651896135
7.44154230863127 -41.36881937508464 0.006001365808047241
7.443549408392495 -41.35229685038893 0.004829757378252234
7.56450234451794 -41.32334287417833 0.0030411842637605275
7.504210246118895 -41.29234030148594 0.0053794226175943195
7.513842164310777 -41.28325243181484 0.0047019323313992
7.788099408139339 -41.3108847450366 0.002704749969799998
7.684722073527878 -41.31538274797195 0.005472649566832217
7.72780948168694 -41.30183834142558 0.0036182030019210948
7.812823386895185 -41.22760303963506 0.003595262497563141
7.818486672881774 -41.23674683626923 0.0053441166546447354
7.748357309428748 -41.20318559900747 0.0069165366827182665
7.764419251666346 -41.198715804549515 0.005784814733138333
7.798063240487026 -41.14125815208038 0.006962285922285879
7.664406541460766 -41.24662145928683 0.003118960643176492
7.637947631525749 -41.25841512237425 0.0035061942211838926
7.644439843398341 -41.24309746021145 0.007663092442243869
7.6409306892160895 -41.248298297980526 0.0063823503372097854
7.588944977884261 -41.23652046775775 0.0039434590887566035
7.583322364356165 -41.21087869903729 0.0033157304268733286
7.7502654340405135 -41.145997068726 0.011597817876177512
7.707120288131256 -41.18046374974486 0.004232175459823699
6.534915223513505 -42.070917929904454 0.00458335028410111
6.532466176205754 -42.074041031993 0.013652630913160917
6.545211167314853 -42.08444298565461 0.002999909267292897
6.5587638654328995 -42.01069145158662 0.01765738086029002
6.577647340007134 -42.00722355974331 0.029926477221436997
6.580527972283553 -41.97687629404263 0.0031388681595976658
6.61866144767265 -41.90560683163877 0.018901106736251807
6.675114707548353 -41.86176605023888 0.010473322930581007
6.674771988048812 -41.847524654446424 0.013206497078179558
6.80236891999313 -41.94297692336979 0.015548090849895495
6.761033682674327 -41.90410935199574 0.012767126003485426
6.920545960431087 -41.79884872693778 0.005330149369046129
6.7657715464151575 -41.82512047393521 0.0032698837243899637
6.800066545963467 -41.79444930494297 0.004014461244608405
6.725238631092669 -41.82247099407866 0.0031498332606511954
6.718310913623306 -41.78789377054626 0.0037016524876006276
6.71608491419858 -41.78463937143669 0.003398033488325152
6.918551621173935 -41.70637132622805 0.00642451961791978
6.808453930463979 -41.73912277178974 0.009794998066812988
6.84742400750595 -41.62727190296927 0.0034830265071512934
6.501497739350033 -41.85340788409974 0.012747607252723036
6.618620381487011 -41.83688625876747 0.003279671528202198
6.614376374816891 -41.768508184870115 0.004711566113772373
6.529966932578606 -41.76145600092037 0.003381011902184234
6.501365657224737 -41.761758509112454 0.0030045115620434284
6.529578649122606 -41.723288032667455 0.0037774873148819924
6.509175188401793 -41.68582263012614 0.005113964508135868
6.662011799975725 -41.7561412170029 0.005198445552496872
6.712815246218616 -41.746133091085056 0.0027783525905206202
6.698694737664636 -41.72588178742129 0.0030808152091655805
6.727626828007634 -41.69237787289251 0.014262763456128511
6.633556753136863 -41.72897944771442 0.0043211729083882
6.60420215014614 -41.69657311492513 0.0031193747658906255
6.745102221743259 -41.65788741160498 0.0033044926453281386
6.818723061413137 -41.57160929345213 0.011449089875905783
6.699550210539615 -41.60001447333835 0.00861893448677558
6.612634504938295 -41.68259068784919 0.004754336367137195
6.65090419884845 -41.63322502611747 0.005253300627390553
6.618177559254434 -41.63564873008082 0.005809745852970143
6.656243134165161 -41.592210879527634 0.008139457214468336
6.57750854669036 -41.61239509015907 0.006185472702350324
6.593136903281136 -41.60190877136212 0.0027695809581701
6.6963955348134 -41.52643674562685 0.004698317421011941
6.629454547922147 -41.543392783775325 0.002962553245651112
6.6045384073069835 -41.516571356687315 0.002915718850446695
6.552215695021353 -41.50140343548618 0.0035734360517934434
6.633830426319435 -41.42180782592655 0.00455234680213393
6.550638533302762 -41.43523039565353 0.0029015260539258215
6.526960308550562 -41.42605307779385 0.0035803013281404243
6.507363590663827 -41.33307621291233 0.0036785463674111505
6.521498280881482 -41.305277688001865 0.005568352365202588
7.000432068680033 -41.74345028813015 0.004551292680362862
6.996534832176202 -41.677770322849256 0.005529487232464049
7.024472985634893 -41.6715763987867 0.003326859687632504
7.022248753422569 -41.65516896721709 0.0027512787233301902
7.129786314172681 -41.552927347833794 0.0026852446477426224
6.983567484146743 -41.643685414024105 0.0031045945418093925
6.925914249101421 -41.59461151310936 0.0026617349957272513
6.890390917769556 -41.58398322093832 0.002712970395131829
6.894659608117284 -41.58263435378136 0.005326925152115801
6.9007167636459865 -41.56326805510542 0.0026592418360363605
6.9850044557784985 -41.56137639217411 0.004860434049350973
7.060834551898731 -41.573463871514186 0.006314226689583238
7.086151659860409 -41.53935075716668 0.003634373436837828
7.008645277909806 -41.44006812014136 0.0029077009584907287
7.026902786381394 -41.45068531256934 0.0038290131214895285
7.039190513524115 -41.441492050012386 0.0027594069551999416
7.217162372803092 -41.55228104484866 0.0029114164708062343
7.361677173575976 -41.42754833124007 0.0035816294271856634
7.287686275648763 -41.33773267231608 0.0029340043244423793
7.1549928679922195 -41.46178900269423 0.0030428235204937176
7.109302802430679 -41.44344681730997 0.003138064924537626
7.169799297111555 -41.39899596630974 0.0060549068969338645
7.170703478532527 -41.37438703683329 0.00461331569152765
7.076331305121208 -41.415594163110846 0.0032677313871767796
7.095265784008573 -41.393651156505605 0.007171901803072718
7.134743843667895 -41.34974904279696 0.003097813832140341
7.214941867329319 -41.360481564605195 0.01302425931846147
7.259226828224378 -41.34040156879294 0.0032623787125622933
7.189552745156757 -41.301507343861985 0.005608332835382501
7.158874843802599 -41.2812314440391 0.0032645189549605977
7.2343137128895965 -41.26658167302331 0.0030401827788578196
7.227808653625571 -41.24865322083742 0.004906796814036162
7.173105755218858 -41.25785771715048 0.008899707937866621
6.844029211265538 -41.59066337981403 0.0035605096700583394
6.912616295426785 -41.532018832388424 0.0027913138444719474
6.842247601120122 -41.48741855093141 0.012961194403942496
6.961739136185815 -41.45308498129712 0.003275547484372386
6.928784437318807 -41.43770216486853 0.01966747014630697
6.898416532326156 -41.44494274079244 0.006342598852182917
6.906761821225369 -41.38205170046079 0.03368679864104853
6.946162984254683 -41.32497008979742 0.002679519300591752
6.753615972494472 -41.482479916593505 0.009176233995501966
6.789829180578051 -41.47569946411974 0.011237921513309332
6.837975208033208 -41.39146936853933 0.003950311650515617
6.714709833538064 -41.39646788745972 0.0030574566604721653
6.838750205175678 -41.37766355224232 0.004954370255228215
6.793189782865627 -41.31098084284679 0.0034308252650270166
6.846875192360625 -41.26426221007524 0.003406113021573125
6.825058771760096 -41.2482829107588 0.0045540474318369
7.019330455165231 -41.3913814589554 0.002775172444487554
6.998108284238729 -41.36704994290292 0.005899948212896139
7.07794194119261 -41.32320446199508 0.005881699124543211
6.961951213762654 -41.31955668767208 0.006221626053880508
7.107997286970884 -41.288228943572506 0.007219002290611948
7.098826371507292 -41.16443358191745 0.0048846913224397
6.9583812481466625 -41.2565804368026 0.002882761176749083
6.927353590468893 -41.276377540656114 0.007159979594816709
6.923737915228756 -41.27957434301203 0.012523370366725978
6.993758647050398 -41.18311125354782 0.005209021255907919
6.983895039758204 -41.17990457093448 0.007968506653793232
6.934747861177803 -41.19501776037504 0.007603596193848784
6.912755450376211 -41.154990091897886 0.004453068282964443
7.041695857483972 -41.17816602247678 0.027453586308518577
7.033060131352227 -41.18468752039016 0.00690159649729558
7.097315938666605 -41.12591331244859 0.004433856718259211
7.045400167898209 -41.10898274348408 0.0029314144857849173
6.9870653314584645 -41.15740814262856 0.0066180165611174225
6.987389180825691 -41.07543607840354 0.0028632233334239137
7.031348492977879 -41.09735683365096 0.0034937274298703857
7.4404527430745615 -41.33201976752576 0.004955881627764835
7.430935167051811 -41.27832158772815 0.004518859615733314
7.37952442849841 -41.23974342700021 0.00613863144355126
7.486810235051411 -41.2435436447808 0.007343909047834397
7.406927191105719 -41.23592748168133 0.005244224010811688
7.451005808552424 -41.19656742420609 0.006115315804735123
7.39348611811314 -41.2244518024754 0.0035335094702516018
7.413814266301726 -41.1905839113437 0.004203064305475892
7.312132264190517 -41.219466719118465 0.006282005244285761
7.305946705156055 -41.215619688542816 0.003695413785774073
7.273574947829837 -41.18954186677283 0.012272034559079801
7.289808737452996 -41.18618363316594 0.005295522707008262
7.297770515861472 -41.17408263833144 0.005673824452131782
7.288969455027646 -41.16445035915744 0.004450157580034212
7.443530673343413 -41.122380987496165 0.003938937452837085
7.403718200757693 -41.10163168684112 0.0062114736127638626
7.425603825274865 -41.10652671787474 0.002763660329766255
7.326304005237038 -41.14776723349985 0.005055081706809211
7.3335456515937825 -41.11362777175622 0.004855195194310036
7.399848396517891 -41.05918387773156 0.002870999485156044
7.363119403126002 -41.08087994462527 0.004832040766206516
7.347487139689638 -41.07017175872059 0.008483059528746568
7.350310576960028 -41.07061699757914 0.002644002610567457
7.550989317308958 -41.18988350148159 0.0032989766346241596
7.610852476035502 -41.08518195679555 0.00300925176980015
7.574784016094211 -41.064757720557594 0.0030942833085170636
7.5383626508272545 -41.05170132962945 0.0031137204544269847
7.694676961613626 -41.02409210131995 0.009652688682951797
7.705148671499224 -41.018855529342694 0.007384570646023447
7.457504565344955 -41.02101062604734 0.00276657672936013
7.4688916431159615 -40.97985741694405 0.004349538853097292
7.519229333109466 -40.96262261569953 0.0026902678684814292
7.190699101148609 -41.16297273227295 0.0033066593739608636
7.16676785640208 -41.165753033689775 0.029187882758535812
7.273154582942078 -41.11603490937487 0.0031420625369286983
7.222654221774634 -41.07389003166368 0.00415105974995331
7.20697610861072 -41.051835921160766 0.003226917071479968
7.316675573017945 -41.07028832120656 0.004112078716105417
7.324341536907165 -41.053077487705494 0.0034580579319053863
7.267211208219837 -41.06708899364596 0.003079951726214433
7.352148508326041 -41.04299794135045 0.0044901199667983635
7.262730483462509 -41.03314224181078 0.00355381466049473
7.232755819241451 -41.04211316381471 0.006815239927999815
7.281645115930279 -40.98952394088612 0.011345955336242823
7.275912665652278 -40.96784458511073 0.0027187707857766526
7.12923493523838 -41.03160331637795 0.002940698666505629
7.127242279749081 -41.0046644188953 0.0034002078808632484
7.228960019993059 -40.96605344150662 0.00918550905472305
6.6754024866147885 -41.37982789590109 0.003627862175530081
6.666437619988486 -41.368872240827145 0.007176318322475408
6.686253038834035 -41.33672408060719 0.009218531831035071
6.6869064077161715 -41.33649764999379 0.011218312912348516
6.73060663900725 -41.329951450062175 0.004747369492610097
6.711287788692873 -41.326510569806885 0.0029956751002142112
6.628376664178263 -41.32495051941453 0.0037073521015793306
6.620153102063312 -41.32740295820068 0.003390964862622024
6.611699532188282 -41.28617246822349 0.00380951633036927
6.642635287961373 -41.20221586476144 0.0029648913266093328
6.648848211324118 -41.18840759161016 0.006014327727652425
6.554174224286241 -41.24738355232297 0.0034071700900635297
6.552558896312541 -41.219853934504 0.00633870790756725
6.54878776489623 -41.217657109394686 0.004379847705321686
6.549519037529 -41.2282274654712 0.004730611079574285
6.572809847177663 -41.21102376996324 0.0033003753487868075
6.545781846535701 -41.19775155948728 0.0053407010001560356
6.543420689014101 -41.20562454758082 0.004577013829092097
6.53794433162801 -41.179460918182535 0.009428158274865307
6.680788260542551 -41.19025060598992 0.004400783155329583
6.712082192780207 -41.132166955490064 0.008230037605089693
6.717693748069569 -41.13802738955575 0.01157743615251599
6.747209487727831 -41.0940574000506 0.003061351585186915
6.630321734023585 -41.14878041123029 0.005143800657414918
6.93065132393051 -41.12651588686427 0.003043301742144727
6.784397892834118 -41.09897190252613 0.006895756454742366
6.781744196366195 -41.1000251497867 0.004485363138424333
6.815845080463424 -41.099373729253514 0.006106229943966714
6.820403674363395 -41.08543909105018 0.005320831361605398
6.849452003114019 -41.090973668522295 0.0037601102116949833
6.82641108492289 -41.07732581092445 0.003298679941393619
6.961662981666732 -41.07577394903173 0.0028349844075891053
6.939825956385529 -41.04001505220173 0.0031698134555791977
6.9421634435559865 -41.01647598632595 0.0029955478385659392
6.882611227786897 -41.0299215409774 0.0059445179066609875
6.9741503976775405 -40.95682898920181 0.0030425199150272103
6.970071788097371 -40.95133886943421 0.00483802741082615
6.7970110856084425 -40.961801747381955 0.008977397280357362
6.859277421264725 -40.9914464195233 0.005767499222091145
6.887514503822227 -40.96993838456339 0.010704573528149151
6.550068620313351 -41.138038132880055 0.0038952080997462554
6.515400351954718 -41.07779503681386 0.0029037729456105376
6.584408473789585 -41.03697948591871 0.005772324725737219
6.637052961471033 -41.05692183080365 0.00606548446320644
6.557001201486185 -40.98051451517746 0.011183340925404375
6.546492176453314 -40.978894379538744 0.011158680416688467
6.521083871483635 -40.98924846289745 0.006409307667381501
6.699942640274735 -40.95600221115888 0.0028510397973225856
7.034207248239646 -41.000783982823094 0.004603045678108711
7.044999582131942 -40.98872915400125 0.003939186561086199
6.991053869040639 -40.966595989380366 0.005424407210833779
8.482059278871933 -41.66332609759627 0.003123300132466276
8.437483880842136 -41.66428705040786 0.01567947292843686
8.54765783819604 -41.63710980541275 0.002917552768054584
8.590843582645975 -41.60867987150408 0.006988326777711013
8.475995445275538 -41.61916551518381 0.0030399314092117978
8.489202362472136 -41.61484805377456 0.003046782094315451
8.504281359733978 -41.6002750712802 0.004344933657442994
8.45769181428167 -41.60612011089498 0.00456296654516104
8.541506946210323 -41.56292268936997 0.003378622808769534
8.292053522893646 -41.62999678425011 0.0067349312159031855
8.378743301425361 -41.57449564699848 0.0036274165039758845
8.466351492402264 -41.555967392018125 0.0028253238761836354
8.546755034175664 -41.52202551287993 0.007840602010835073
8.585767890683464 -41.4892732289997 0.003147254003138256
8.625810518471715 -41.496193809416184 0.009213480576475771
8.615659509610088 -41.47174540390922 0.003486985645903358
8.69192768337195 -41.46188292604772 0.0031700599079668426
8.688987962860626 -41.43858905274115 0.011326579552613425
8.770390127312263 -41.391512293961114 0.003819224649346642
8.555448246830192 -41.43817938513852 0.013562106629614434
8.581525181530903 -41.40974225522543 0.0032164114139958374
8.582316379754605 -41.41645741714168 0.004025207605614622
8.575839757372185 -41.38322720573451 0.004876044434566205
8.489949980389328 -41.386241972568406 0.003841285524013776
8.49318132339638 -41.369244620962114 0.010407100766224916
8.49118239501992 -41.37060273698109 0.006145586907657233
8.577224177637602 -41.36350254532282 0.0030162638535636017
8.621398955416266 -41.34156834632947 0.007434686660228252
8.62319470038329 -41.34736179954616 0.014057557209492467
8.572673248684907 -41.345114698019174 0.0029756436076990296
8.590847319006453 -41.289418388612994 0.004544057671221821
8.553230119080817 -41.3097172858689 0.002753387488402446
8.638207716596076 -41.24238181824478 0.004569975792820173
8.270820460660692 -41.57101598883939 0.004126499289003454
8.256841922203082 -41.52887196962029 0.003985154008567566
8.21682103449047 -41.49183491593983 0.00946472510177963
8.27286587853165 -41.45393980016115 0.003929447852214329
8.191772584335713 -41.46523478429709 0.004425289320128092
8.179929522156172 -41.443081997560576 0.010016769256812092
8.096497264901846 -41.40016196238159 0.00317699875485506
8.140623152523053 -41.38783835832595 0.0027216021203306513
8.216608497908789 -41.35457526714017 0.005156783571771263
8.259577265867733 -41.31112853291545 0.0029969640583292463
8.2092295487561 -41.27356313847423 0.006461067669532706
8.298755966979556 -41.26102539164058 0.007289044382330265
8.298407966663621 -41.26108636859926 0.010171673811129867
8.451258530302717 -41.37017117709728 0.003640656583142268
8.449522350418617 -41.33931576581412 0.004143209221504652
8.483992162558083 -41.2945589746073 0.006938243374289928
8.4002191125058 -41.28486022016952 0.011497618110799041
8.553201925665398 -41.27349504477457 0.0030147520879609023
8.505424114371964 -41.23073002881643 0.002935928126932088
8.548826346374378 -41.178200290995434 0.009892414824888875
8.501504531583608 -41.14175673299509 0.0027418112850648825
8.34881295903126 -41.16646453102986 0.003161097924447323
8.474953322697829 -41.16027380699658 0.010145189875397548
8.444595406727045 -41.12605731563158 0.003976223471589679
8.500227307668986 -41.114828934238616 0.0030889594317489743
8.461682281243673 -41.09168259217113 0.01038846604504357
8.47877262251546 -41.09929269042682 0.002974170794179947
8.448433230186394 -41.09259090907139 0.002835175841577072
8.810626441308118 -41.31239782420209 0.00641868797979927
8.82098501629839 -41.283981909871855 0.003626453554275847
8.734310445897508 -41.33300547075126 0.006894239472417666
8.807061084935896 -41.266077842379005 0.0035076346341130858
8.795665298847627 -41.25372004326048 0.002996649192974285
8.916873210555007 -41.18859073609624 0.0037777399128400054
8.68730377795318 -41.25706257503282 0.008665682532818464
8.687769473604131 -41.25692739267934 0.0031733810545062475
8.682579092668266 -41.20799586923063 0.0033011668826895516
8.655675544389595 -41.18947757488159 0.012302579059912017
8.700040845719757 -41.17391788520442 0.003569680933782717
8.720290516638013 -41.15589360283935 0.0026463812120570054
8.767570617588198 -41.143849855232986 0.002729791924193316
8.739691361862269 -41.12893951310664 0.004229568077768652
8.77102469553827 -41.0480021465326 0.0035966104319586256
8.79309080536319 -41.04777757421819 0.003914289741377595
8.9795520913343 -41.188002951134195 0.00995328637243436
9.01101599813659 -41.12016040324818 0.004339047002393842
8.937916530740068 -41.13711636756859 0.004987011097152637
8.915924094625488 -41.102400057451334 0.009301816646216703
8.929674811089193 -41.07495630153086 0.0029296518924682782
8.959189695794558 -41.083854856804926 0.004601062944261683
8.948839830918756 -41.09365428239272 0.0040460654116767575
8.985428787919249 -41.05282003334697 0.003959206142752505
9.035085578456371 -41.08584042652891 0.0028284515873151727
9.028366693160004 -41.07131645680785 0.003471026182344614
9.121810376415024 -40.99904546578257 0.007460218363308286
9.042969001415283 -40.99234848919654 0.0031951279154328193
8.866109586234304 -41.075949867275526 0.009238411963828833
8.855010898652367 -41.05238858279496 0.0032929068051596303
8.950436054801603 -41.00490663629023 0.005734213312083767
9.002257658630668 -40.96376516398033 0.002734012208972088
8.668171855130304 -41.142860266962856 0.004287586596695489
8.648405914080607 -41.13839759055105 0.002858303621852194
8.656864055558481 -41.12915292194392 0.002993119625886212
8.653184826447154 -41.08100884436007 0.003933348159670421
8.569531623351894 -41.14805572229111 0.005447824388987177
8.646560062394325 -41.06143902656337 0.0033462120947365323
8.688065297179147 -41.078707849466824 0.002886037000110308
8.722148324609101 -41.06447971699171 0.01174949564475964
8.772382105414552 -41.00986239436232 0.005079639475974202
8.738192817205903 -40.99539053273833 0.0028741227650644244
8.653128329676315 -41.01322088153781 0.007349227976654949
8.69358342600551 -41.00422693287609 0.003933043724806425
8.723793554261228 -40.96643141039919 0.002696318177838936
8.740792467139281 -40.9629557803112 0.0031456257378887935
8.54917620734464 -41.056907383199 0.0031718333752719387
8.560367945005645 -40.96729960755279 0.004684633660495694
8.630750328813743 -40.96825561864172 0.007510459432202787
8.128304580469374 -41.31853300286106 0.003789936597277129
8.16944491041768 -41.31004029509065 0.0029608070051830734
8.094484168581841 -41.31820863685734 0.02325317615429959
8.1090273450168 -41.30161756860169 0.006751080625320014
8.019023582109 -41.30529049705399 0.0067791575099378654
8.079233698446457 -41.28279076975247 0.004605950110899006
8.20404188533496 -41.25226895419876 0.003847392815078535
8.025678877938528 -41.27864728451032 0.006927624741765934
7.965700331032679 -41.26444199831205 0.009274255037616665
8.068695660345602 -41.22583195821032 0.0035444739561230104
8.057197765625762 -41.217687503940965 0.003484666334277472
7.965145198210271 -41.18001031063641 0.003832370686446293
8.129328137406125 -41.08404659832965 0.0031052470982166525
8.049197029168454 -41.09846549860441 0.004411871651450209
8.086075040804875 -41.07138410919105 0.005144380218876919
8.055535467043065 -41.066682620244485 0.0038545760587253165
8.26158190725431 -41.18111624852639 0.004979924799165753
8.252807310011788 -41.13464286996775 0.003828335799832676
8.201231727708242 -41.12454708524088 0.002734506686211328
8.348820529473786 -41.0861660715688 0.00464968320853418
8.37038484956429 -41.05489579592721 0.0034510985371305684
8.375510486468833 -41.02215208247818 0.005617018116671519
8.325947984207845 -41.028559944469976 0.0033647272438997703
8.292740739492478 -40.98707775934212 0.005097923271158778
8.338719139593259 -40.98454434140337 0.0037251416328177795
8.240214937302285 -41.01167244355341 0.004386626264746293
8.148476378692036 -41.015272778864514 0.003217047139026685
8.139195177584396 -40.99698869306062 0.0050509822765762
8.167301025433556 -40.99265327105423 0.00288430268745352
8.243037295357478 -40.984193357810625 0.0054588733016667215
7.908841660804262 -41.20839247544166 0.0058870312966591695
7.91297127629083 -41.13980154486472 0.0037550085016189454
7.949759383852568 -41.08769132368152 0.002927008978480062
7.891340712911977 -41.08350524918296 0.007954170291862938
7.9129529722566865 -41.06024411301037 0.010382154790625462
7.996813589469048 -41.029429436334226 0.0041383387690342496
8.008652892408438 -41.01385717982425 0.021513513263139324
8.012806953119288 -40.966695857431645 0.003747215800286794
7.833821137846964 -41.08286202458425 0.0034967978754422897
7.831431641841522 -41.04921315364434 0.0028620484381683613
7.7843205216959825 -40.97212456013222 0.01795521292365426
7.84460524486066 -40.961420203386915 0.0035706981177820343
7.909057560198571 -40.995757191251066 0.014580013114263152
8.439377756144149 -41.00241535710023 0.003655116211978504
8.476215318276397 -40.96136303361298 0.003791983244041586
11.225962243652583 -41.74713292027454 0.003916114484906232
11.318076194272708 -41.71869116423233 0.012246320454662672
11.22639849272966 -41.73196812988897 0.0028710552140717095
11.185792922940156 -41.701836038045045 0.0036603522361422836
11.18609211973184 -41.70364336165503 0.005047196980921457
11.363816571463476 -41.67117085675228 0.008723006872049088
11.373717081962043 -41.65810537646894 0.004443315990766284
11.348600563401456 -41.60521026380099 0.004749132151406446
11.354247462610813 -41.606065263025194 0.011106667986319929
11.315181216416129 -41.60901454675001 0.003373880915116726
11.26496280802732 -41.59666089774158 0.0028223836630933458
11.33989414851686 -41.59905476240293 0.0029523014825577104
11.349298190726293 -41.53067550357139 0.011195628773276818
11.230632331592934 -41.62712477548723 0.0036375495224122176
11.2178741003961 -41.59669091741779 0.0029263602206970637
11.20830985467839 -41.571577081327135 0.004822591203129518
11.098027109802006 -41.62521211242868 0.002721736544804378
11.103853640872105 -41.61161896412208 0.003478914814276582
11.167177907154002 -41.59012744987576 0.0027114740013908993
11.278787860694964 -41.553255729798195 0.008853986686701575
11.266430762421225 -41.558906003803095 0.0033111095098904723
11.232148075589617 -41.55283951681611 0.0036822729245443607
11.228609717747744 -41.53584219285011 0.0035040606102502577
11.214863802461077 -41.46432203200971 0.003190652923767252
11.232236626324704 -41.4334790896804 0.0036633580644998523
11.415833407865886 -41.54743435501019 0.006460458924902184
11.471716611518625 -41.55220305196259 0.0027621150842702417
11.3838732309087 -41.49040718796859 0.0028507740353310496
11.533949320135925 -41.41450126135886 0.0036349289354270656
11.557403381309172 -41.37391465051675 0.006625246778799375
11.545261433568708 -41.351612445057825 0.003978796567605395
11.391374898311142 -41.38998192883012 0.008793550147691263
11.31961518126861 -41.42626798604395 0.006771415988187537
11.332766772266435 -41.36098886326318 0.0041600102396011284
11.46711005802079 -41.31073899469994 0.0035712580687318756
11.362310460243185 -41.30674655296709 0.0028726018750337575
11.446119216974484 -41.28741513791923 0.0033429368270530943
11.412530909303644 -41.27718999707066 0.009152534710942416
11.100093194931045 -41.504831817627306 0.008263786333020025
11.022148292306264 -41.53774987554848 0.0036984763813095673
11.04818620082565 -41.52845877868547 0.0033668579966532842
11.037900406585512 -41.50190283748081 0.003765388827192125
11.062996866636784 -41.49586952004811 0.005442280596116265
11.076953328149363 -41.45017028474367 0.007287548609550568
11.156721793234004 -41.4345908740432 0.006543253326295772
11.203882628159793 -41.38492095267234 0.010594470831484145
11.13777947866694 -41.411620711485945 0.0028159744148865463
10.98963468705396 -41.48598308308435 0.003188503401403524
10.936370715964516 -41.44449032182568 0.0063741607920536625
10.933087194824596 -41.38806549424532 0.007671896577603536
11.072083698326528 -41.2985271317317 0.004257871196684707
11.249465039487404 -41.327854337106864 0.00938667928611939
11.2910386284431 -41.33889355655255 0.0031121260913808844
11.220592719767671 -41.25857100239642 0.0028712159613634813
11.245839267569918 -41.2556820356089 0.02280304845582249
11.303049653526974 -41.257433378562304 0.00813843566345101
11.350912987186009 -41.15667933947212 0.0029049237321768966
11.313050901428564 -41.17734643808577 0.005663771249858896
11.320739959047328 -41.16071449905117 0.004441479527482591
11.14417761221958 -41.26714571873563 0.004006052344279315
11.136997808274952 -41.270522274066096 0.0048872710924838395
11.1439700007227 -41.243488960096904 0.008377110702253684
11.235889355436328 -41.22236606162563 0.002655310113571751
11.166640095139185 -41.2026475278503 0.011682517079329111
11.178710475017546 -41.18420260189965 0.003105563184282376
11.177802454109289 -41.15341140413625 0.004822335363926729
11.162744492025658 -41.15285492383444 0.004017875678299491
11.214241088792894 -41.170721662425585 0.0030134504835417682
11.243991998411436 -41.152517780922835 0.0035894928254389478
11.33119701320686 -41.1138117507343 0.0034477070316460035
11.334203913995328 -41.11282187488205 0.003165517906956024
11.28979571123923 -41.112314917182914 0.0031722022557580318
11.267226277679368 -41.1155241235923 0.0026647342539247833
11.18891812116596 -41.10170024216839 0.011067533994642203
11.20614357891631 -41.08379176199816 0.005642954384548969
11.243173083158345 -41.065378565628514 0.0034508211775076095
11.597166116193696 -41.269999571078785 0.004812520966764488
11.669136790938095 -41.263826361203726 0.00267889005272619
11.627798648217968 -41.2026882378311 0.00984100697488448
11.669622190512689 -41.181538926692056 0.0027379423513152284
11.522521323984424 -41.253471791777 0.007281641270094991
11.481821517311564 -41.20324115392411 0.0073155720945570395
11.464141415236773 -41.18675217980055 0.002886624574934942
11.519028959920954 -41.123592097231445 0.004628086683262428
11.57892252275926 -41.15035059694744 0.011837368693711077
11.607033496367904 -41.10324044252215 0.005090062261137669
11.778244279941497 -41.20337578864016 0.006788225168302121
11.81917587828317 -41.09232416103502 0.006207928976527866
11.743948433463176 -41.08798286487586 0.003104263222198991
11.895532376560483 -41.022157484754054 0.011226903626666654
11.875437281224505 -41.02182804963417 0.002882267466061501
11.82326195222501 -41.05984138444548 0.00404705703209523
11.676316979542047 -40.997909042621345 0.003259378786341827
11.798511021057664 -40.97290572545413 0.003175943001895206
11.7788228901227 -40.95563978450302 0.004562762143471623
11.41579237686458 -41.183712191191944 0.005852465666898262
11.505413253748628 -41.10998956606964 0.0032342391852536985
11.472517161770318 -41.1014555778005 0.013440729771834506
11.408631596113755 -41.09475937467174 0.00351936280345527
11.501991604665394 -41.03100879343004 0.00933795183713928
11.59544192324283 -41.01170550613054 0.0058289656309372575
11.581493513689528 -41.000695627510495 0.003102494852529105
11.535867171369798 -41.02250066770565 0.0030924503425716894
11.48266116434366 -41.03056148431382 0.008109027992566839
11.32794229596368 -41.05854692708707 0.0032448895933662927
11.303202089599695 -40.96902049739178 0.003794083412876403
11.388600218047404 -40.96673280814303 0.0034193708861091354
11.379541759207452 -40.96100036491783 0.0032526671202316357
11.607239276998058 -40.97824033926611 0.003572101614332635
10.913061313512706 -41.367973615088026 0.003614687727673013
10.856994520161106 -41.334205956737726 0.005192322626138241
10.855544266334812 -41.29529264159524 0.012238888115850666
10.89553625606333 -41.29524646635275 0.003894284352496731
10.91352753187788 -41.271254114930706 0.0054180643599940626
10.87915229097833 -41.25206836540787 0.005243429457733147
10.892104662140614 -41.25321419816159 0.005179255424974206
10.894767640731196 -41.230335362434055 0.003732128725131896
11.001783123819056 -41.26255090633316 0.004229031690945827
10.956478044160889 -41.275011499549656 0.003098249652204521
10.969409624824529 -41.22489858866807 0.00304952915383255
10.973399956606851 -41.22409131892032 0.0026602318549583375
10.785047998852304 -41.16248078719456 0.005100970120570062
11.066058487159934 -41.18754840949142 0.00307773794990315
11.142217679753024 -41.109879397945136 0.0027320749203442267
11.174237443188112 -41.08547778986308 0.0042603753634377645
11.217914943119924 -41.00120954278559 0.003665849486597482
11.187394977729 -41.00007384575745 0.0030716238397699436
10.973336556221652 -41.092572343967184 0.0027524235472167757
11.002254966340582 -41.077408447916255 0.003002674319174725
11.013276351440766 -40.976918553306795 0.003276582252745769
11.03741598759558 -40.97251714272904 0.006792101145137659
10.798067941860635 -41.1110273968338 0.00605959968883469
10.74926755473228 -41.04989558740951 0.0031063897506862096
10.73664744408896 -41.03216325855526 0.005523840305544625
10.834649412861843 -41.05844364814507 0.004041656448956948
10.804499577414363 -41.05918816027119 0.003903254504881063
10.853254064786825 -40.98064186633009 0.0038227046040827405
10.825068677832602 -40.993173784805734 0.0027981628065991086
10.674367671633664 -41.00352991547616 0.004034370361479294
10.917396174272596 -40.9829071783528 0.009270061697222552
11.274751090567005 -40.95849710594477 0.0034964639481809513
