35.25433612035655 -5.1289133584413245 0.002780199971927418
38.095894427130474 -4.340881938575021 0.004029629104585196
38.40253316413827 -3.8922053729972745 0.005519944480386844
37.0399459123897 -6.990427444634479 0.012505426690033737
34.553047414234015 -7.604307027543425 0.0037142665710224025
37.43129280492062 -5.663798810649608 0.005456417518569093
33.86392738563597 -3.804422925610153 0.003272922371189708
34.664622940285945 -3.4823979671501832 0.0031443785111074842
34.7897466715543 -2.1101078961463307 0.005628871697465449
36.1084287952612 -7.117619264332773 0.00492061231964663
36.16925174561716 -7.328165438081155 0.003000694965412403
36.07953843595428 -7.539688956955475 0.005208799967347332
36.146163437637895 -7.292910870431126 0.007359741397647963
34.55292837916419 -7.604475342896819 0.004084078862566681
34.235232161704346 -7.840431580535812 0.002836740503226638
35.53937405162121 -6.8597190922644895 0.0036989393431189057
34.310029753802034 -7.612184378690802 0.0030970823957461773
36.00587501167508 -7.384358255425603 0.002649599722478314
35.54251527795542 -7.850866965539239 0.0037502977523805694
34.71425040656242 -7.457620844966372 0.006444344735242484
34.12161163766163 -7.863256691642281 0.00436773317678159
35.479820850598216 -6.842718272912764 0.003296426104068523
35.330074508116965 -6.711135525074922 0.013388748991827657
34.446758765588974 -7.144240984106244 0.003286425862568426
34.67526163237646 -7.209145673071933 0.003071920375993378
35.322889548476965 -6.760591528931544 0.0027087950342332694
34.89875124822353 -6.4710383984514745 0.0029501472585572817
35.757827397725045 -6.645874319084939 0.0033555342004709184
33.51969672970397 -6.836190610131276 0.004812763652018264
33.716243208364915 -6.979163384544965 0.0026717785546751124
33.636895289875554 -6.007770896513501 0.005944416070611399
34.19498169724582 -6.212976680387122 0.003305162103954497
33.981660147632034 -5.989003472497436 0.00512875371572209
33.59324646060592 -5.271267142260272 0.003689339907343289
34.49975168181895 -6.15907325284227 0.0077547547882457
32.88108882078531 -6.201094010529582 0.0038692544844993767
33.66522892257574 -5.342051471490081 0.004833218839002712
33.325554177267165 -6.305300540523514 0.0037747509198193525
33.24403689583119 -6.3881446697148 0.008067124409934123
35.03780427067437 -5.944783068681006 0.0044839360971550436
33.27884224589391 -5.639693406467135 0.005126623861888214
34.05515060188652 -6.267542297298727 0.0034645416732740995
33.54573120941784 -5.891296824799761 0.003281251313622474
34.243134781691275 -5.601015416954008 0.0036747219170062797
32.97873459270283 -5.592302323530599 0.004730057875014155
33.496871505578184 -5.059676323765831 0.0026929861795850557
33.66505253321804 -5.341950287558134 0.004268360621730103
36.13857983035554 -6.231470700258236 0.012197829811076078
36.61246202632304 -5.886998517505121 0.0030334487685996256
35.81226666005239 -5.477142557915013 0.00895195539611809
37.38453138851227 -5.974396634084663 0.014615546857204653
37.00422094926891 -6.442578798085312 0.00563127517170336
35.6648065274171 -5.6710227121691 0.01759613861938693
35.66373673329596 -5.739218540854267 0.018801607389687083
37.33173888136448 -5.9327896406685525 0.0027469992422143943
36.051731700883884 -6.018483591534714 0.003045967285708324
37.11087543572906 -5.390685869003253 0.01787652002046773
37.109393365828986 -6.059496500176556 0.005407415164282523
35.481582680672076 -6.181076313754843 0.008854785793489497
35.48839271108847 -5.819432457535725 0.003053282155984363
35.48790725012071 -5.775559860034965 0.002675824584854033
35.958244695205046 -6.000625073144629 0.004476025217287496
35.827204425660696 -6.0536397396555195 0.004583602309900437
35.855574857205134 -5.932858844984173 0.004632810216100184
38.747344170522624 -4.600977253819126 0.006049197647852476
37.453054892946234 -5.340987130801083 0.003715304166605614
38.18021547248139 -5.378724014633306 0.0034184125136449187
37.87847174262937 -5.10866691021609 0.015920841531754278
38.31183948063028 -4.601396901923466 0.002866477945018715
37.63691032087696 -4.702220259190092 0.005314231686918271
38.381898636641445 -4.675826857569084 0.003710066419248388
38.11681236341128 -4.894732827001939 0.005325106030418501
38.20842461080285 -5.452312279299446 0.004692131225798158
35.647122165213545 -5.08861997194139 0.003283301080651456
38.00649565285872 -4.593176101064777 0.004455543361737447
34.787209133518104 -5.5318081072162 0.006640851053257143
35.94043532388044 -4.698939477238215 0.00342523595827859
35.59802238566583 -5.472737959353856 0.008130255794750836
35.91011309178775 -4.667660219038376 0.003154476414575861
38.229403610391905 -4.276864014116318 0.005167725534918706
35.12432100057559 -5.65115059880593 0.002776391170694366
35.46908689731403 -5.698871150261448 0.008109434112797945
37.796660855002344 -3.785375891058276 0.012866949149402824
37.68725930761993 -4.347499535770906 0.005155785011331155
38.214963877880066 -3.958007321969845 0.00383232396174698
35.076622472652446 -5.51339300597696 0.0036007449445915355
36.44682054342758 -4.3859108277157235 0.007112493043212479
36.107389126898006 -4.271402189376984 0.003100087126265141
34.16738593016782 -5.089278382698747 0.003006251909810076
37.16810382340375 -4.078468889090016 0.004835554802494925
36.19067765204323 -4.058306242500994 0.003174247707574137
37.4566823947988 -3.703489085430387 0.0028430996024446415
37.26727341639783 -3.8574305341824338 0.003473276913381403
36.014701963387076 -4.190813760193771 0.004025503185201401
34.30164164175781 -4.902818789140593 0.0032054563302234295
34.552634916351614 -4.971649166405178 0.012026491387811774
34.376185264453255 -4.950137026643872 0.00343918778494471
36.44691463010007 -4.385729789346703 0.005516839821297687
34.69055826650286 -4.987342026228929 0.0034018692266544253
37.51720866291963 -3.4685719852743335 0.0038926145766899215
36.10483609236381 -3.937289974630982 0.004820839409420569
36.093804307755576 -3.7271867649850545 0.003809156223788928
36.70585017646928 -3.1925882567202777 0.003978221220091084
35.963643967661504 -3.612839344043154 0.008274774065249806
36.24446557271824 -2.777573514056943 0.0027768997386621364
37.362519596851385 -3.107974068711455 0.008105567273143786
35.908106219278395 -3.8803736839268415 0.004602045144303495
36.239373491563086 -3.0164571286613526 0.0035674558296566313
37.2493080749907 -3.0406504434269537 0.005704036680240003
35.68512677961154 -3.6137448351978287 0.004135573936445477
32.97636763942029 -5.277031657211491 0.004297001246002087
33.950776181799014 -3.8442773174665934 0.007273692208352197
33.7176283399576 -4.246542886774184 0.005004539364054168
33.86372719637055 -3.8045755147849847 0.003619671552475779
33.80675365883886 -2.979418410600009 0.0034566628298790545
34.38569278576267 -3.3973219953874274 0.007005032985039502
33.556068872510544 -3.636802247538967 0.006615000245119664
32.96528307641498 -3.90133952635886 0.005104936973977964
35.449036218822364 -2.671818100461526 0.004362133067054348
34.42613826846943 -2.8857034452757495 0.004124772114297363
35.06919125108815 -2.567475559824921 0.0027176945885584855
34.826240492564054 -2.3915732330033292 0.0038879323501593973
35.23223279771322 -3.143550943753715 0.003274842965320282
35.356128765072214 -2.885265432867687 0.0033572743670747265
34.836644474945125 -2.978669488800695 0.08333333333333333
33.80986344947626 -2.3633060556312 0.0031441476296354717
34.33054594694927 -2.792142474184738 0.004828270127650774
34.57938857116021 -2.051147930281772 0.002746073673605436
32.95259198440314 -2.342442203809411 0.003788749653142898
33.56980011428218 -2.3005176876251268 0.005159165617132781
33.26548561369653 -2.0466168788018986 0.008106603177923036
33.60901699939748 -2.079062627126621 0.008422863053860372
38.12617707226679 -3.5558878305156005 0.003378736353450705
38.81547359470794 -3.320811641538616 0.005861554125597622
38.55751953800291 -2.487436350479334 0.006263158243399364
38.15556729248813 -2.6585450520825575 0.0033084755508311836
38.00843781676255 -2.185773598850278 0.003391117941625896
37.93413846200339 -2.1960801888775308 0.002659225211788718
36.00015184206606 -7.844649332274905 0.00916892836350691
37.22667244899351 -7.847623422205292 0.0029539910803602293
36.94875251912187 -7.827032990445297 0.004490608040309337
38.16443172579487 -7.264518428853378 0.0046202227539018075
38.21046225708265 -7.420603413761445 0.0030564155081771603
38.31731648862075 -7.961574082118187 0.0031162168002085828
37.90487717123339 -7.351640618597278 0.016707740435082163
38.65575677198173 -7.485740230184964 0.007454637584904214
38.65566904584115 -7.485929482714136 0.004659276077745909
37.28648129104786 -7.799044388811446 0.005596959374788483
38.87077447534844 -7.257011239724322 0.004947481906488369
37.458940921177074 -7.622697370852135 0.004239997588780008
37.19481474280259 -7.190230042771298 0.004017624230380454
38.17403988809768 -6.991220253941008 0.00300475605918358
37.31233173225492 -7.225024426533502 0.011064216865270106
38.85107840081225 -6.638274752602814 0.0046493355347251315
36.93413424709175 -6.961497835066944 0.01628004494824649
38.024103424758614 -6.8100063175952465 0.006076573070155139
38.27249054087358 -6.902759366615271 0.010163739949484498
38.245729816336826 -6.4792653078802145 0.005193035896266569
38.55926711434233 -6.166303626614193 0.002926559745405931
38.69352223746475 -6.299293791365133 0.002779808026711235
32.88384697286922 -2.347469345204308 0.005251337060011578
37.21741858518509 -6.673995960486591 0.0027190493163891925
37.488836444664784 -8.014089177102607 0.0031316360556978584
37.396803087585745 -7.98179741904786 0.0029805954188927976
37.465219556890574 -7.963273813700524 0.0035503724886812704
37.4280532553043 -7.959443628277298 0.004576620373790459
37.01465214638137 -8.023102998077105 0.007390761360488556
37.0623720469824 -8.020356626920195 0.01025217320189475
37.0832860512685 -7.981993494862483 0.005497600402561949
37.31837312104141 -7.993629647919525 0.004074683724642829
37.34009177230129 -7.965094234962184 0.003831709313646362
37.41935866887844 -7.918696875848127 0.0045810108418183025
37.36611782638931 -7.942188225423257 0.0034147110868030612
37.30171605767803 -7.939528349866336 0.003723878001994341
37.32077739756954 -7.914952408105387 0.00624352456267302
37.36471673636279 -7.901576047662588 0.004454915231054847
37.20619664312175 -7.927715031822808 0.0200837774195007
37.18956806899411 -7.870385276841315 0.003350549856139059
37.263750150431825 -7.927330753871578 0.0027638879001508966
37.22642778936959 -7.847362077147862 0.0037361002806991874
37.2425487874288 -7.808661197877278 0.020841058594717174
36.11614781636147 -8.008073263605786 0.0034988533472149613
36.06206164202603 -8.017909694466875 0.004302516253411524
36.00396835446456 -8.011144601902858 0.003036882924161026
35.96377214614555 -8.019853605660648 0.00990914799241241
35.96794109460531 -8.019555593204153 0.004931447961180004
35.747218412874 -7.997548574307801 0.0053009624104017414
35.70990446674496 -8.021542605510476 0.0035724040217549016
35.72801071314774 -8.005865877389931 0.0030585757058129047
35.630211882307115 -7.984886422134598 0.004847432380900891
35.68988176337935 -7.9914596220450065 0.01081861696056
35.66334907137972 -7.990476290345888 0.002799564995265746
35.69911817296821 -7.976763429949992 0.018752591560986295
35.70985046024414 -7.98441210105698 0.0041564010859243255
35.858777042761155 -8.019979751732036 0.0037217872573674835
36.026424145934556 -7.9381313013740415 0.007338214539657505
35.92050311618533 -7.890214469044112 0.006391217460389104
35.75528524750746 -7.953948839267541 0.002663709254748229
35.83009678375936 -7.914678671429313 0.005206007502148584
35.84354554062714 -7.899319582244024 0.004634055593700571
35.89309791463459 -7.883618357425536 0.0054133211108856015
35.89298135130813 -7.847013447057827 0.003588135785221404
35.8235348097972 -7.837469444491259 0.0027355706442414723
35.82285259499322 -7.818204135943847 0.02684053771570605
35.82343866159408 -7.8180464299362225 0.02172249706001922
35.8279540936046 -7.816906999228779 0.007876071310497982
35.85120008625541 -7.803843488793755 0.00796607653479142
36.7773306884385 -7.98415919404374 0.003299252615184006
36.68716375484061 -7.988140621025872 0.014430449011389453
36.30011668637853 -8.024622768581445 0.002700598826559621
36.60560178049771 -7.994317578730138 0.019750117312831536
36.48743951506986 -8.01953438049472 0.010070840195417203
36.52583461348071 -7.973427934310847 0.006170351072006963
36.5301950326945 -7.979072307848223 0.003066825845674749
36.627859284502534 -7.92726393762071 0.006022677517413964
36.64906525595174 -7.927663658098585 0.0028636345568459082
36.63073040828367 -7.895930024644917 0.003889780677355862
36.65463380575519 -7.889743568105602 0.0050091422456657285
36.525595662835514 -7.940015224128734 0.003627647038511835
36.48657068259273 -7.902948708025903 0.0026941608108489376
36.44934805484005 -7.899752007616235 0.011133557069575223
36.58959002465617 -7.897212395782421 0.00593484122315117
36.5716749262551 -7.898644541335536 0.006757421038709965
36.59384635468096 -7.832235312607617 0.0037174856401979003
36.51312468666799 -7.866337365017668 0.004624402045516083
36.59308188801111 -7.810015190624414 0.004589064952294979
36.55330748152147 -7.795021207189384 0.0029212743108606625
36.918684011052285 -8.01287605211299 0.0037556876376634413
36.98621551599469 -8.01411251676344 0.003766536320066845
36.894975972634285 -7.954184834706205 0.004248731138455775
37.00270871491333 -7.91347756535997 0.01157483928504583
36.8623800929918 -7.902601452628582 0.003171762386860418
36.79881010243016 -7.9108449688026035 0.0028926218980005343
36.98584560409469 -7.863229875673261 0.0027412803602654603
36.958687549352405 -7.855460267745094 0.003567776574175187
36.87344533756287 -7.818328946834758 0.006487308105435535
37.08433577676909 -7.899773693697292 0.005385585185037686
37.050725763843886 -7.874935180455855 0.0038277798297333453
37.05317787656091 -7.839154525411576 0.004094241392063778
37.190490232997405 -7.791980000951666 0.0027492241777970364
37.22348007697635 -7.76037759332097 0.005034942783155641
37.12713369234949 -7.780724965062384 0.003073034631922787
36.97697527084316 -7.76962583917743 0.0034213638286201688
37.11268936845027 -7.742196906822871 0.002649885993522402
37.04773865752456 -7.684866214086249 0.009547186460890911
37.04340274279251 -7.682273364991221 0.0030250473689195437
37.11076618715678 -7.679682256299624 0.005214169496333792
37.07537918708079 -7.674172068637737 0.003379416417745309
37.08915382726692 -7.646170539878423 0.01737256117324028
36.78330279926416 -7.871306489160811 0.007306031403657357
36.69419429730016 -7.858934043723887 0.007418143232668679
36.743293843715264 -7.833299387667024 0.019239178526639634
36.83181774583189 -7.7953984241248575 0.00450677010282744
36.89663620717521 -7.786664563105664 0.004714674175355316
36.84027309603583 -7.73640954770586 0.002929865201568615
36.65075153442584 -7.834939157330891 0.0030186163819227872
36.64237154980198 -7.795596378996094 0.002998837373104495
36.63701304005906 -7.798472406327388 0.004614045040478807
36.709527669027466 -7.805165223671053 0.0032139216087685206
36.62738752248198 -7.784590335437931 0.003884653970310977
36.582545222245784 -7.789585860924666 0.005582647669153603
36.800490049896126 -7.710908001554872 0.008736835517428581
36.77520039146245 -7.690228002365525 0.008544631436138829
36.71448839606181 -7.719585690875828 0.004206777618100534
36.660805237993095 -7.703967604494197 0.002731190509216122
36.6768685277472 -7.690386421927076 0.003129042843354678
36.91732210234856 -7.774298641043938 0.0032646436615966544
36.96608728178656 -7.737221201389583 0.0028112775509465168
36.86943043560432 -7.689203039491878 0.0038729369297422307
36.897853042150935 -7.68474163513923 0.00336225663756462
36.95662426017536 -7.657900935014291 0.003380392812444599
36.93600362236608 -7.627121653578599 0.008014508606571798
37.012463017294856 -7.606820033192743 0.005990276438488634
37.02268141940199 -7.605756266903772 0.004216764816746471
36.98666248604728 -7.589848776357025 0.005065202174160791
37.006420202856106 -7.58715130824831 0.003015011268337524
36.868759081289966 -7.667754955069079 0.003649623081870142
36.78266911777492 -7.653175130339959 0.005690647041390146
36.78165601492557 -7.645067116584205 0.006808093704555054
36.81294965442397 -7.621884787823693 0.005335837312098871
36.79574068550507 -7.620756031366403 0.004996251303990765
36.98537697424502 -7.566371100683733 0.0048471465959036425
36.93904503248974 -7.561842393027093 0.0027388642332783946
36.86401817165451 -7.587583648235045 0.0034487144729938167
36.188488332248426 -7.941191002614739 0.006507462057967932
36.15588940982092 -7.942119195529747 0.004003411428507113
36.14279073001118 -7.900067752376592 0.024571950350108028
36.20480134252752 -7.9129806688078785 0.0059422723750672795
36.24861716777153 -7.888817187848256 0.008946446096931187
36.285241261876735 -7.855788153918014 0.005186844099216122
36.258766274826314 -7.841642335597293 0.006057885418193385
36.174346504651574 -7.827702687085411 0.008833883236996255
36.35347839083714 -7.89351670490477 0.0029035739715832483
36.42892314550098 -7.865489560858155 0.0062814259536890646
36.33787811181907 -7.87559814214093 0.004019425649803127
36.340190597606984 -7.833614414618888 0.005992644633676675
36.46941471900123 -7.819554338321661 0.00518925867022935
36.52461025514786 -7.774148551996392 0.01804909785914384
36.530965207476555 -7.76757351465992 0.003802078896489487
36.514577827901 -7.76037764170874 0.003811879905689518
36.4535011056746 -7.766706687532647 0.0028194261573820786
36.47690782024414 -7.769214074088233 0.004446066965233907
36.488042676073256 -7.764888664461736 0.004873229725290571
36.34979217303919 -7.805221780610712 0.005951014378950113
36.35434234675694 -7.746539507414091 0.004912655831630822
36.43917038154508 -7.684185150491506 0.008075927186067242
36.30385977652282 -7.709530454134854 0.002797562801390408
36.322708960241755 -7.698444431059171 0.002909859564658995
36.36284156537619 -7.665511924678486 0.00433724943994601
36.07747492509494 -7.840599459487334 0.004256505360026876
35.98546087366479 -7.888544949919975 0.003370571929544835
36.004369769070024 -7.863086036036191 0.02532808398647935
36.0038719770746 -7.864180600043984 0.014843514792646102
36.05139668437258 -7.811012690850281 0.006378178578627212
36.1374693224761 -7.815414368703776 0.0027024871002426657
36.04516677619315 -7.788363483706764 0.003069110744518023
36.113813164330566 -7.752850252440971 0.003399419486700241
36.08349004997707 -7.72218480195092 0.0027851100127160946
36.09148494519072 -7.700299360814625 0.005249009449636483
36.09459984587474 -7.700656239956986 0.006546284181909069
36.07582032352533 -7.695453484555978 0.002641813192613653
36.06125620740022 -7.686398530030091 0.004230565657670391
35.995831878037094 -7.739938736894277 0.013002282856690051
36.202395453947574 -7.751663336075074 0.0032043510561159073
36.151257472812034 -7.730395335216564 0.004167963860314893
36.35613841815347 -7.609147960894333 0.006429593919660925
36.28225334666183 -7.634211273902707 0.0028408061508308447
36.25850124827945 -7.613851815532299 0.008699297528946149
36.30530685876502 -7.621416922064907 0.002962705506134287
36.16443196325197 -7.657450945241672 0.002989801976210288
36.118472760577745 -7.566813000985157 0.004761761941823305
36.12227338209336 -7.57171190476484 0.014783615362181824
36.20869902810953 -7.58183972026581 0.005765863803375614
36.231473236801115 -7.553749669198331 0.0038726320878805856
36.22124896384624 -7.545152157950819 0.003961804761518458
36.21484442791808 -7.49927889141031 0.004828475416704493
36.22348824518742 -7.504174681284661 0.003464461740628049
36.57420158115575 -7.771055021895244 0.0035692988710467836
36.5942907609036 -7.678849395292748 0.01386552073453843
36.52965144676316 -7.678061362149056 0.007233421781984255
36.65155054627 -7.7053854334199245 0.008733561134137867
36.67778651226516 -7.682033052721877 0.008415824680282695
36.63985203775102 -7.675948712297736 0.003405296441932361
36.65902613662628 -7.653042363897417 0.004523441828066945
36.636317699744026 -7.575900835946056 0.0033263676979665
36.47912780864116 -7.639311456397883 0.0028226393691180643
36.491582470483586 -7.588115202968666 0.005580156440486332
36.63186490794925 -7.556273001826624 0.016306932917014797
36.593116528351494 -7.556414212884245 0.010459973990238725
36.55770404980027 -7.506056324719346 0.0029979247987444863
36.71432184930837 -7.588061297277078 0.0030374421454072717
36.73580416642325 -7.540190453620232 0.006747032305631218
36.8223738650685 -7.500370634951411 0.0026911098423671345
36.854197856014544 -7.48068854173311 0.01581933633243623
36.805861262420045 -7.480888798176031 0.003095800311585626
36.84632784326414 -7.457319331321928 0.0036806964695646678
36.85745230492821 -7.449358726083365 0.0029090794645432534
36.62300873278146 -7.4871807517475775 0.013930200251899946
36.76119404362885 -7.459253459308496 0.004661428151140545
36.7840098380579 -7.43326333166184 0.006498373506206956
36.67357491141527 -7.3943215924976995 0.0037892326836774706
36.71728832376266 -7.351581080702548 0.004067738628026642
36.53401069171315 -7.4616631726898275 0.005864497285735528
36.489574632541824 -7.464694570599093 0.004204263424774201
36.472015793521145 -7.46140259721272 0.003204338439263178
36.29346872157763 -7.546887438545928 0.015997526918570298
36.33005266733293 -7.504322783956802 0.003949187553692225
36.27953900863056 -7.456251656527249 0.004226364936417736
36.292212521486995 -7.437540478694983 0.00371881813042596
36.30542141513471 -7.42374527749333 0.0028817263631059783
36.3920490881568 -7.4647579084540014 0.011099072407148174
36.453385748236094 -7.388755757484993 0.0050263163564076676
36.37007362756641 -7.398523477123344 0.003804999242230039
36.36762748594948 -7.37052110518095 0.002844736038257921
36.62254517579244 -7.41268443566936 0.003791362494868729
36.59940469574184 -7.377258973863611 0.0027084470190975067
36.5720123922384 -7.393740735439024 0.003768005470271744
36.59615091124705 -7.365119043604031 0.0028602314298805205
36.69056182716112 -7.3494096504447635 0.004363337329862337
36.70700077060531 -7.334215355667551 0.0030158942524434185
36.66697353894625 -7.320640610054245 0.005235456368721464
36.674815034356406 -7.328640708678332 0.01712141679407951
36.65087861828617 -7.288364158347349 0.005484753129497926
36.4726037157861 -7.399773914962253 0.006344483534462478
36.476595721715206 -7.36483684576068 0.0032912389924337417
36.53828623770805 -7.331260660348638 0.0058024307314501035
36.43094413984813 -7.336957486719006 0.0027109104682760316
36.48116416402173 -7.275983068636387 0.002661826194894879
36.53556914031321 -7.292161881984966 0.002828651861481927
36.48952041748358 -7.252648302348583 0.0028219541914978785
36.52907323156123 -7.225380701279374 0.007857181666488198
36.569173941890675 -7.209352060137846 0.014407006417189021
38.84369657984561 -7.965299925760561 0.010444202523038144
38.55337478345077 -7.996793430364538 0.003979171337134445
38.466490828526936 -7.993818142088903 0.0030492187709437314
38.49349963712965 -7.961312596290358 0.02741388973539568
38.73558195214624 -8.00855488983449 0.005999903212528737
38.69653699581098 -7.984654197288055 0.0038290407617197503
38.66549911022732 -7.949547373109054 0.0026426313306527017
38.76315120323306 -7.921657224858265 0.004601620770019493
38.74419442482314 -7.892766963387311 0.004161654857563715
38.54854656705395 -7.971363367662785 0.004037543594979184
38.61599698165559 -7.926494731958224 0.003100515984156257
38.60325134809332 -7.91953649252771 0.00660322946751308
38.52056601275962 -7.929939916381673 0.0032744654290118498
38.590602334184275 -7.912676234361512 0.0036844495107502023
38.59932752028883 -7.899021896377466 0.00301336409763928
38.58286023555342 -7.877527241575973 0.004729880294710622
38.74406332274821 -7.860631829117253 0.004355287658474694
38.677857844945834 -7.8597205458486865 0.08333333333333333
38.69585418372098 -7.840417699733619 0.007645574941865586
38.67611909694936 -7.845095112232123 0.0028488966833231
38.663711029799934 -7.811530332681859 0.0029912164092906696
38.67329370123879 -7.798408300406705 0.004267607204407343
38.804767158112305 -7.829972071083376 0.0042782417802500056
38.839733734092334 -7.808994245889324 0.004512505399929479
38.82791449035216 -7.776616970170059 0.0029247518854614864
38.78963214524529 -7.734893847193854 0.003608496884027108
38.81303551330305 -7.766826091153382 0.003243127588092129
38.72051174261481 -7.787938432133248 0.0027688713628507343
38.765351057017554 -7.719226687328278 0.032970063843577396
38.83735908980721 -7.772872597405788 0.0048014154390589505
38.86584862590648 -7.748080854747445 0.019096402710175275
38.7938832973074 -7.708164319873388 0.0031665408835065733
38.83758253966852 -7.661748853573613 0.007597279945168937
38.108334576833606 -7.981154058105281 0.0036673096362268
38.14012398981609 -8.00145084989418 0.002675924215152936
37.78875289807571 -8.017061549104364 0.005499252230310174
37.73117954339581 -7.997886151817105 0.040593294414245924
37.73432325935605 -7.998609389496057 0.0037766363563063216
37.758375742111085 -7.99868951628472 0.0028854410738082367
37.812818417599615 -7.984002022701734 0.0052594591294646865
37.80865733139203 -7.97082537556586 0.0026639699070650706
37.77939505675328 -7.972087011351337 0.00836582700411287
37.76130513209711 -7.967584473058786 0.005604897755623491
37.94174994470958 -8.00565033589692 0.01579069807129778
37.905676999323305 -8.018398042824014 0.009719385091047583
37.96992996878075 -7.978080294098381 0.018840353823256474
37.95213975847629 -7.975091512190617 0.004581259732586155
38.05880128373438 -7.967055722066063 0.003242272028625294
37.9989432119078 -7.9484462344798 0.0031803345305475663
38.00037546524237 -7.950989935276808 0.0043967927468938186
38.02888716481528 -7.911034440256003 0.0033765101503258144
38.040530382983206 -7.87530163666516 0.008695507411993045
37.90068680070945 -7.963673670491483 0.006550022013996082
37.923600387208026 -7.95343022518567 0.018079603824460867
37.99472010535895 -7.830940294305945 0.003845193412494225
38.26584581597366 -8.010739804124688 0.005059972768894635
38.31669894615273 -7.999308735520437 0.0029120149456029654
38.318068338627306 -7.979872113831794 0.021940360927761648
38.41900067847477 -7.980091622958224 0.004000699847113101
38.439763458323355 -7.910701597823616 0.0036157927915426336
38.42893614520018 -7.915544468064501 0.0034511406138294774
38.30072570901138 -7.94153579597634 0.012846465343558006
38.274862356895525 -7.925548363790567 0.004387205672291343
38.19972282063696 -7.953571051356875 0.008250108869930424
38.17314952776807 -7.946970877751989 0.0027489443601270715
38.21218642572684 -7.935478627344579 0.005164919411817763
38.243206437825734 -7.88812278637554 0.004373766759325039
38.24166563899816 -7.899263862305005 0.003933931284106452
38.30939405247191 -7.814226697384866 0.004207391542513376
38.500946415283096 -7.921913123841163 0.003215605217191426
38.59284357159431 -7.832603382044841 0.004445494370481558
38.59603427870387 -7.801601730510882 0.002739128550103658
38.61978977723177 -7.788022246002622 0.008785825729761538
38.58301801331689 -7.731166426893566 0.004961593439174398
38.41146911579975 -7.7989497223277695 0.003325789168939079
38.45436995434173 -7.808902880564686 0.007925658117733204
38.42295997590169 -7.77143301770876 0.0027532232579582576
38.33392777138846 -7.780349686091515 0.004123643236992188
38.449819662385366 -7.745532922019622 0.003412309495095506
38.439586946652426 -7.735172056593372 0.003875453359758037
38.50748000666297 -7.691775457818622 0.004759496147423532
38.11966733774671 -7.896503182550039 0.0038779958020444694
38.17469185713312 -7.875637762067528 0.0026425503725177463
38.28469821115782 -7.801969364150598 0.005639782487201373
38.28590193247235 -7.766551728423775 0.0034598307131339223
38.18429935025729 -7.798224788185269 0.0027028431247313593
38.19238754359512 -7.783691424468436 0.008432615233249683
38.167649494569226 -7.768689186653416 0.0030406103860015567
38.20618864674304 -7.764709288387 0.003026280187545569
38.09307810776249 -7.793147779443772 0.025615517083504007
38.023081406759175 -7.8079614581438195 0.004064024941548779
38.03515861598027 -7.740804432089329 0.00328052392638556
38.0319544413571 -7.74244896406177 0.004108155411709318
38.19798038538419 -7.727065820374987 0.02302569650826957
38.181553076649855 -7.705302334108398 0.003366499851264332
38.16189054063364 -7.700184475955424 0.003249014650054982
38.11823955341154 -7.71665300220079 0.004366133640169606
38.08535956656224 -7.702075143692667 0.012100558612045103
38.15715106922773 -7.661087126619226 0.0056649468507989085
38.11864483057256 -7.67205155548175 0.006257969967719695
38.37429710670036 -7.713461370154429 0.004983616781982085
38.281676192262914 -7.712014370741803 0.003501156706899144
38.357225631812184 -7.675690119969119 0.003324496802752958
38.447266992022946 -7.657952398425753 0.004387698471349948
38.348653672586416 -7.613480614383662 0.0056987033442001175
38.37733912892106 -7.601585217953751 0.004514112409790785
38.214039227187705 -7.621950447840291 0.003938002111062489
38.16121475307949 -7.624524477405223 0.005750012113518445
38.32853942734576 -7.598704920503782 0.0037981109278506842
38.31153959233403 -7.517123477607701 0.002861801517396121
37.62739876459066 -8.020676895220594 0.003181735470865552
37.71768286248674 -7.9530681257968014 0.0036248843451748896
37.71727289691185 -7.9529300464904065 0.00340944229681899
37.70901051663584 -7.947447476843642 0.0029667826094266366
37.75628227821294 -7.947475183682031 0.003950655218682951
37.663077230402045 -7.917530058871144 0.015697590105196942
37.715171680779335 -7.894769851058888 0.0033574081831370672
37.52086027968096 -7.949852733698766 0.010286892694671427
37.5887114358585 -7.9298256003904415 0.0050947740679702066
37.53904392365098 -7.939018186031925 0.0029340313815245885
37.497180918455776 -7.941990368388185 0.003587829691623817
37.473172593064035 -7.927422654393223 0.0033326364085952123
37.5952238486062 -7.87237191624934 0.012623628336905354
37.82815448989322 -7.857550670760227 0.0035999811737834294
37.760971854623264 -7.8508311677745475 0.010480532272251153
37.77242329028444 -7.843965562341995 0.003291340960818049
37.814583482398746 -7.806350247130156 0.003696083292359195
37.767495515212225 -7.814639360401058 0.003410816102431444
37.920287729632065 -7.817543018816542 0.0026871690551131147
37.88377678066751 -7.822298611314567 0.003849811536676621
37.87724983933897 -7.810260802622209 0.005188101686184393
37.84410029812903 -7.811912244316697 0.029431370514008744
37.84448868017089 -7.812821861338985 0.004436413361441997
37.841641509097755 -7.803942327702547 0.0030655795804837007
37.86376066570966 -7.7916321422060335 0.0031719692217231387
37.80783831136081 -7.778689653136088 0.007184023753313369
37.83475854973608 -7.774529493100649 0.011118450697411946
37.909941793006325 -7.737204430207853 0.002958370884439337
37.762346874753106 -7.784037958335958 0.006996940964091171
37.66989401302425 -7.737725078866444 0.004236856496893562
37.72344942775836 -7.724779117273546 0.0029666174339305308
37.83714287903497 -7.674513885065395 0.010244972679983616
37.727316829762195 -7.709452036765329 0.004770390040354924
37.80021427075144 -7.691691471505307 0.002950531120021339
37.79349697374773 -7.67924600494734 0.003724422739866339
37.50307631474738 -7.869335500702711 0.0032730862872584416
37.49762019654155 -7.867239995954959 0.005372980193390862
37.45850160574259 -7.8446599444730225 0.0031917965768310536
37.4808434094605 -7.830594221669973 0.005552478487773017
37.55129146913013 -7.826569821089157 0.003958651949455109
37.54235568571214 -7.821207374087224 0.002700690424535162
37.53362312649882 -7.789263411251633 0.004535078559826872
37.59051156559384 -7.774022791397887 0.006205122070826495
37.58997318514479 -7.766107339996675 0.0035785328198239966
37.49946641486966 -7.807807108969568 0.008729551965857821
37.48168802073723 -7.787384839068344 0.0026440052588666174
37.4673787030524 -7.7880356133476205 0.008814133510402203
37.53831980065408 -7.764966836928094 0.003390900096003778
37.398159536458586 -7.80766542471359 0.0032072792875005476
37.51112052640467 -7.702807893954344 0.005269344824502463
37.37650773724792 -7.7056646523073695 0.003790200107679921
37.63180112272096 -7.755095467828265 0.0059636100728131525
37.636519578800744 -7.760549026982746 0.013322045868326656
37.67390368933167 -7.673126222175975 0.005655641461306729
37.74992475258823 -7.622352281079782 0.005178747058342909
37.70698435606977 -7.613266336750085 0.006874377377891772
37.70188596997238 -7.572329954362056 0.011514688390413558
37.573512443718016 -7.62651122514248 0.009130824272083834
37.50214583829123 -7.5963436506193185 0.003972348562429134
37.57906849189418 -7.59430783906996 0.010983407064372074
37.5801066959534 -7.58863766737672 0.004406307935552029
37.62298849139692 -7.589006537709365 0.014485410416357376
37.69276081599356 -7.565407703745539 0.023811198122652356
37.65352189419152 -7.5152345912575935 0.004764080646427399
38.006272163628225 -7.707361224523924 0.0026712945901118594
37.8912251155036 -7.714698792956019 0.0027913506727866226
37.9743429433323 -7.684023812082215 0.0030568877362360716
37.940946417716304 -7.665943142104478 0.002643087462456885
38.03927148662604 -7.676148052955476 0.0032791757573190122
38.025873490963775 -7.665989070566116 0.0039918698629316605
38.05306804430224 -7.660696296808984 0.006618746908744533
38.053402738189824 -7.636824626493931 0.0032359505371290917
38.062102811340395 -7.64373172435617 0.003551595888991749
38.10964778273129 -7.654509977311406 0.00364570618145256
38.025596140891786 -7.631940905221152 0.003033432843356903
38.03930563735333 -7.577603574946656 0.004310175853976811
37.89762332301272 -7.690616402083967 0.005950465404916283
37.88339386041748 -7.663111897451879 0.0026598612322062676
37.92365030610703 -7.635145692501495 0.010178457547524776
37.94484157060801 -7.627003311786921 0.0028319670408398084
37.92177591043608 -7.60848378239324 0.008623651443960682
37.81193522624218 -7.635685493112207 0.003114407737030845
37.81258945336675 -7.63832824568332 0.0031033779467252946
37.90053670775502 -7.600025860661503 0.004327279074829327
37.89723545772346 -7.592713130064405 0.0197225274694536
37.89752366707865 -7.592121684903935 0.020090863805552955
37.87126063088353 -7.58970690528065 0.002737787268814494
37.99683209653193 -7.545566403484617 0.005131333889983864
37.90883092321514 -7.568792445008939 0.004267803985181867
37.95435895461528 -7.537233571265629 0.002649488901423881
37.99077015181679 -7.521078455965107 0.0030565846277484997
37.94195145384833 -7.515551856657288 0.0028835541381579265
38.09428405940988 -7.566292471380165 0.00521407332860831
38.128729192738334 -7.553455718779914 0.01380320091924671
38.119162149117486 -7.5238530193955215 0.003915821662711993
38.1173001602238 -7.51504372263262 0.002880391062021711
38.24015907803705 -7.506217115846325 0.007940128750049551
38.27645108079423 -7.494615998289885 0.006516020014590652
38.25465759425471 -7.4743630246895725 0.0037273816652641134
38.187915015665666 -7.5049815355779215 0.0030761893170633704
38.184349340669485 -7.46820912616517 0.014500648312000219
38.06391710270755 -7.532284811085654 0.004035606376892484
38.021678130145595 -7.518849520835753 0.0036763721256867516
38.02768601387306 -7.508940599618169 0.0048680364299888805
38.03513294970801 -7.513257551168059 0.0036161071408990675
38.10134599694535 -7.489782595246145 0.012470968424160228
38.11055260289125 -7.482661156324898 0.008432254088240474
38.01173941044335 -7.4716560417165905 0.006743370933320516
38.15161762148939 -7.446851469452141 0.004612293171787426
38.21677680168766 -7.415246668641646 0.003425929878346115
38.207707279652496 -7.394069669627046 0.005427718925401743
38.18336028796463 -7.379052229708731 0.016695087886548353
38.13554282677434 -7.399927808889807 0.0027046038668142778
38.1680432789103 -7.3752509418915935 0.002830946647248982
37.773961972530365 -7.576177169445686 0.0034169850180527516
37.82902348463676 -7.587150838818194 0.007330080676620821
37.83251686080159 -7.5277368333034 0.0028208650148197185
37.72713689122006 -7.556195496752754 0.0038642132881654815
37.77529359863687 -7.51250852579432 0.009196686124498397
37.88611716925228 -7.504988087314556 0.0037698726938955856
37.87902344179496 -7.4981278235811395 0.006355977258077613
37.86453626761154 -7.476855387260009 0.0037020048604804244
37.83511113590016 -7.468889335703911 0.003400584176302811
37.865930743821885 -7.459524698167383 0.00945091809899997
37.88562371883721 -7.456963652843169 0.013670703043619881
37.90617120767075 -7.438111800831392 0.004602542363659772
37.67798514676672 -7.50589850621623 0.00649642179362628
37.706572259652575 -7.49316426820677 0.002811187736651022
37.74843862080055 -7.486092887309147 0.01442369613889915
37.66993791093688 -7.486309579055077 0.005045769120658474
37.72211760466053 -7.44099429903047 0.003485957874281906
37.799691265682334 -7.405675614717821 0.0029227112390519594
37.75647841710678 -7.413488198856319 0.003287685147019386
37.80168912549853 -7.386560974346493 0.004079745430054218
37.7796125920067 -7.389224555659102 0.003072872668296799
37.760999836052186 -7.360634236997472 0.002644281335774576
37.763937315183064 -7.374069579666547 0.007577346627665676
38.024193827112605 -7.403319070146479 0.01612158322614338
37.91316052095278 -7.403645117163428 0.006128683227639578
37.91103065961693 -7.411208541963003 0.004439135070705009
37.9534076290512 -7.383933859391962 0.0036693105925806467
38.0530878433283 -7.393930521890961 0.015190375501230534
38.027633478767974 -7.308112540128884 0.009133790469721821
38.07929439405966 -7.278399320072103 0.0046785364203358465
38.079019044909145 -7.27849944675958 0.005905285303281392
37.88043719316524 -7.364456945662978 0.0033385749050856488
37.91695457677392 -7.34216222399164 0.008102422853290731
37.92668650794459 -7.331887582380776 0.005294111631894252
37.9999066286336 -7.271091994041821 0.004156821442097768
38.00657209710487 -7.226422749036517 0.007835278442551734
38.64398140931704 -7.753365528806667 0.004567051927938021
38.710491636980805 -7.714095925176388 0.003963609901173711
38.71924296160955 -7.720965713592704 0.0036203607229484303
38.62788030622436 -7.712398057700463 0.0028071644777309616
38.775193124058 -7.679138694582843 0.002961471275606862
38.73560918909584 -7.637328068657786 0.00971533610212097
38.73703429935924 -7.613972677647066 0.0029212607906617598
38.706844808262 -7.615804774352998 0.0029053505780366946
38.73123223121777 -7.603174024687062 0.00267115029429165
38.56241718979808 -7.672849146951631 0.003105479306255549
38.576179119928725 -7.673652817059154 0.003556202227208311
38.636798354519904 -7.646800393987241 0.004024679898479343
38.61403146134851 -7.565497754910517 0.003505472541502836
38.64240305756883 -7.542360618299469 0.0035578883027976983
38.841658821645005 -7.600285756310201 0.004008533843305088
38.84089251790184 -7.573998932006007 0.004019566005383868
38.85930212664967 -7.563807285430467 0.004507243640327758
38.813956350162144 -7.58337409128382 0.0030710705234998667
38.830567894959024 -7.504732345448179 0.008709696758026669
38.82621057325104 -7.510335333653043 0.005525288947980363
38.853098243525466 -7.482516885805808 0.003081427219982609
38.774297752904225 -7.491611931201901 0.0062267472068673335
38.795455230257474 -7.486514768661804 0.005887839999020484
38.73731176277821 -7.483552202525177 0.010268500169599907
38.71323751952529 -7.46860010979655 0.002687249616729737
38.74065107847062 -7.464893626919184 0.003457505460065722
38.76533542905983 -7.422502977422541 0.005715801059620201
38.80806379900362 -7.395087228162513 0.002672392009998648
38.871246935339414 -7.374871815280614 0.0029485666874147333
38.503320072245835 -7.587397133619334 0.006162305850356047
38.43623895636199 -7.546290583763673 0.004260494702260452
38.48999537978059 -7.525136147430355 0.004699372970539908
38.57041563442419 -7.527261993406222 0.0029009775279975124
38.57765843324661 -7.415243081965665 0.004477397934880642
38.4217789065018 -7.511016343558974 0.009113505281885929
38.38293305078383 -7.508038465974075 0.004313060395806524
38.38237446449672 -7.496025491984423 0.0065924827884284816
38.367253177656 -7.463590889429765 0.0049688058736145745
38.41175333783685 -7.456313131596465 0.005755531824211089
38.52500676740333 -7.444506783375297 0.0032221406921809507
38.5683473239176 -7.413388368479072 0.004046215921078055
38.49435428139548 -7.399735345253237 0.023116325659509263
38.655132667779135 -7.423787870287757 0.004119038484438701
38.60470226741037 -7.410749513448336 0.00652902677503625
38.67781585699385 -7.376705349047987 0.002810599790915557
38.784927768072215 -7.366882424834097 0.004070387112762713
38.75047260359926 -7.359709182655801 0.0031638624899304893
38.764147327321986 -7.330056445503198 0.007697811898893268
38.70415517036416 -7.339717691110507 0.0030559182326177895
38.75022008076295 -7.301153334365084 0.00624112296952124
38.74573721637293 -7.2821455566914866 0.006177855410058454
38.749039686466986 -7.266585711590036 0.003069749693087465
38.56746651053845 -7.361479000666853 0.003171687127733295
38.62517353427737 -7.356962803321574 0.0034116790184264825
38.61552188852384 -7.318818097977608 0.003275562531149429
38.53655755293243 -7.316944666637035 0.0033450218935212714
38.57857669173061 -7.297757263160257 0.0026856020182544965
38.677162785805265 -7.320638492492107 0.005474679625198398
38.710054153931175 -7.290045342268724 0.004974103407100799
38.68866865590732 -7.286758779464436 0.01792461534337205
38.71989746945322 -7.284537542362249 0.010047130184523858
38.72580082070016 -7.261994492726142 0.004258666433340084
38.65708810895578 -7.223498992205859 0.006977557749797423
38.846348058274494 -7.315669012100512 0.0052439251563446915
38.83681732234457 -7.310843637796166 0.008439108870266667
38.86825696168107 -7.283197351334787 0.002837313337789775
38.82344715406917 -7.287500241070755 0.002690454827120846
38.75520228476634 -7.2038838309632744 0.01509381054913179
38.759796308685054 -7.163622057486527 0.004668199734902925
38.784638096958496 -7.134101484081271 0.005952727807762394
38.8479595193617 -7.134900853860276 0.002865564178854244
38.87123543434298 -7.035882068441885 0.006402355121320122
38.87170776990289 -7.039499779008069 0.004933111476824561
38.86389654964651 -7.018407326572293 0.0073186667041863366
38.28639458234011 -7.443068753715117 0.0029187917807311768
38.321719145327584 -7.417705180163504 0.008593079002830446
38.279904205166446 -7.4247250700515695 0.002778098209823734
38.40769994394728 -7.397029986825466 0.005832369022384609
38.408309795067794 -7.363652872989584 0.0033587964045210797
38.45365342873589 -7.360351458244058 0.007487376803419381
38.45340566397637 -7.345453533597278 0.003185257739421636
38.45268714629677 -7.346086651200125 0.003779140076228903
38.482335080341855 -7.33326863377163 0.0029721455569602247
38.363766166060785 -7.34803851258809 0.0030071758474013452
38.407995697601734 -7.327026986299603 0.0034418748081385857
38.403564416659094 -7.2845626654277 0.0034573927313039468
38.23008102691427 -7.375754478460055 0.004309406422936459
38.26910161156661 -7.341222412653746 0.0028561926328415565
38.15478740091586 -7.336916706242079 0.0026574617032808718
38.368891499495774 -7.263063025004747 0.004306887717089994
38.34255866971436 -7.250235105864907 0.0035406769981970814
38.28598412220786 -7.218511232887208 0.006289131631657939
38.28375910133494 -7.213718123971456 0.00389919899242352
38.463038411659234 -7.299796397853776 0.004835182041289269
38.45501412268936 -7.260083958860672 0.004026221926206488
38.452218885088485 -7.172171268832754 0.007612946444218577
38.45912719279186 -7.158899688390034 0.004192242289347253
38.37320059888362 -7.208608395335707 0.0031858431825251545
38.495203393511645 -7.116843273556863 0.0028569171072421896
38.56181975771155 -7.123671468407216 0.00702570280352418
38.44456217318584 -7.136305748775525 0.003810733734728926
38.46011067494711 -7.111140875761095 0.013259735762483385
38.51303810012723 -7.06061175101718 0.0028162416016347747
38.5125855059362 -7.0608420172893 0.008064547228448826
38.16382822413608 -7.299178794792596 0.002926949231762462
38.13649078248256 -7.270476444883412 0.0027230359161816106
38.13885583890921 -7.2682204534111134 0.004107255639685081
38.19433518703353 -7.270228185100428 0.0033487723459210026
38.17781413790897 -7.280484140575665 0.0037895559598538587
38.17426894235496 -7.236724413552688 0.005761855992053315
38.07767311727027 -7.245340614387096 0.00433327398566767
38.1363467951265 -7.242511216245331 0.0100387345291309
38.25054697018698 -7.232109722368213 0.0028425068478602575
38.21604103906661 -7.230058188284592 0.0032980726238483016
38.289685591913326 -7.1803475285556635 0.016045561136963777
38.20773463768916 -7.196941129648187 0.002689481985188212
38.23073093410971 -7.165814679026833 0.0029511356986351247
38.225450087636275 -7.170301241631879 0.003987566094462801
38.21755340768306 -7.130775764629257 0.004902358922435668
38.06887311600626 -7.2428263121834435 0.004887028026005089
38.042513944538506 -7.213194102357839 0.009971603689536226
38.06709926559895 -7.197458737573529 0.005309643890608723
38.09844601916768 -7.195197356777606 0.0032975892193270835
38.12691171595892 -7.169530528649652 0.002740902043217426
38.07926693595513 -7.1693776738426225 0.034623802086047234
38.0678538939667 -7.128430655925059 0.0036881565711009584
38.1302610282362 -7.157289383112247 0.008104328560842894
38.13210363423776 -7.1671041186007045 0.0027762988271229487
38.13271891657432 -7.120336307869203 0.011331221382637775
38.09400056143321 -7.123355612174197 0.00289352050678552
38.15564947954684 -7.079170179675608 0.004975802621986062
38.14729529364 -7.057696556379991 0.005205162108272303
38.15325013146146 -7.045134132734123 0.005191147746527293
38.31324814131807 -7.160618309262742 0.006231696295091035
38.345110501845696 -7.143526601008634 0.0031016794996663174
38.30064402272543 -7.141224568108189 0.00546654559280915
38.336208707443376 -7.073182471752567 0.0038266011229354294
38.335759389876586 -7.073261954340364 0.004070850933028738
38.35871824733217 -7.043339089248083 0.003642936906763101
38.361005235150365 -7.016066512364944 0.010430000869133533
38.36711454586611 -7.011043683528404 0.0028490702616341327
38.268121661038144 -7.022978547158766 0.004501853205596626
38.15213144901755 -7.031604047095611 0.004953665299694847
38.33429043870171 -7.006239566031116 0.004900169746014219
38.37905258233899 -6.962180948050828 0.005620701149224529
38.342170543814504 -6.95877564342663 0.018082457149735533
38.67369305379698 -7.177527312534917 0.0026860779059140307
38.66805904887856 -7.147096764706435 0.013963795811143358
38.73209938030711 -7.093175043047653 0.004239881752898396
38.67926231802278 -7.082768679531891 0.006055008743650136
38.6929783200624 -7.0834949372581635 0.006235950793602574
38.65633890868056 -7.080054740854485 0.0031105642379073454
38.67225063631808 -7.042514785596885 0.004137090293332515
38.78696379128479 -7.071659209146885 0.0036984568370113523
38.82784119197358 -7.037775210136521 0.003043600379756446
38.72709019945798 -6.987682761905333 0.009794197664568556
38.570928712513634 -7.090492478499624 0.009090973977456502
38.54354012865023 -7.067365903154856 0.0029509102411490796
38.631666136869384 -6.998154213634603 0.0034318210171501843
38.73021870201863 -6.9593316307965125 0.006715895496334723
38.72527874800171 -6.929590759627919 0.006538073967801181
38.66276190261336 -6.934233440956895 0.004485577241529244
38.66573856500205 -6.918554619010498 0.0036049305274682085
38.64582450697441 -6.908319958738976 0.007216173385716131
38.83273011755543 -7.015723791532008 0.0028526639551098277
38.85845561097282 -6.940101673062229 0.005577762069286863
38.85740844970525 -6.919525033366211 0.003207408121997079
38.74796226484914 -6.920909566609263 0.016912286402314566
38.788009979143354 -6.894063784571563 0.005441832494770137
38.82459120299458 -6.897510584327987 0.002888905525934438
38.811778695105005 -6.8724182195334995 0.0046391580607353464
38.75786127208655 -6.875430279445218 0.0033430734201446073
38.866734870722816 -6.816672714946627 0.007910301822968003
38.86691748593782 -6.817387852018696 0.005498964102757295
38.86637836379303 -6.81528322219586 0.002990991815359314
38.49405488532 -7.026598810073071 0.002920048666578528
38.553971300938926 -6.947014360451909 0.004770496973022664
38.37016873295322 -6.892445723099864 0.006631178821886795
38.43850707746093 -6.836171782957937 0.008892446778772262
38.49198399660517 -6.86004363180502 0.003694499776452032
38.52324713197011 -6.823099140943873 0.004779184971777527
38.46274302428439 -6.7630967568051705 0.003819565523476111
38.5011112531752 -6.756306040968754 0.00443392241579982
38.49212184284038 -6.7554450915532165 0.003677989030360949
38.679410756244536 -6.8360194865924955 0.01147533742674987
38.63826970716439 -6.794092598011947 0.0028218538024333962
38.67323525530628 -6.763250290645655 0.004611870719678732
38.75910167840935 -6.774812110210057 0.003173913229936104
38.77902326375472 -6.752934353835607 0.019730162384046148
38.803709429358975 -6.742403759032051 0.003784267122328868
38.82110325282001 -6.743034531773645 0.002755522328964517
38.80936993153992 -6.725487060605513 0.006160601249744795
38.7244386137982 -6.722463694196081 0.0032713930343316725
38.75371137106955 -6.676222311566445 0.003364802551130613
38.60567561498472 -6.744598066340598 0.002686822148004122
38.627258945227496 -6.716293919862276 0.00338138280314759
38.573854734910356 -6.728841238626697 0.007779514768892031
38.58116366731485 -6.712329295670044 0.01006259363501665
38.66639957283182 -6.661207312528043 0.002806220575631804
38.71142846465168 -6.677761128552666 0.0038916223561768063
38.6841503166875 -6.646722053909612 0.005337598709456186
38.62014201672358 -6.6811445533204825 0.0035769677916419316
38.70575503807539 -6.624434448308959 0.0036773711925769527
38.66447931960606 -6.614317899529871 0.0030574667981669184
38.63208327773757 -6.616303827127885 0.0027747775662144317
37.28690217054847 -7.761693914318063 0.003778507726434395
37.32748011556632 -7.714955000392944 0.004288761687843873
37.188066010845326 -7.703351022058039 0.005525671016302002
37.21733632675433 -7.699894440875139 0.00576868101158695
37.28803411925714 -7.673649711247778 0.005276093941580784
37.28978188805507 -7.681136219837424 0.002784234974538285
37.360103201636115 -7.688278034029755 0.0045999233464296355
37.36873577815769 -7.664095552041252 0.002765110839037657
37.33989684754992 -7.656621601036398 0.0031954921103559816
37.34800268115103 -7.642964624547812 0.007473285513819559
37.38188423992893 -7.631677072136314 0.0026451725037490805
37.344040667079426 -7.613725558141663 0.0029660204401472305
37.34450591815032 -7.584125554300296 0.003907681057220195
37.24713380004884 -7.636962096564286 0.003046285333952427
37.2493602052952 -7.639862098237033 0.007977015292338869
37.151768944752625 -7.619293084816191 0.006308937929450471
37.13551935932709 -7.626099303877479 0.0029031407688485124
37.14701652294861 -7.614800931194435 0.002990963199956489
37.18486718076715 -7.56996026919188 0.006002888056878344
37.31583933279021 -7.564853896490135 0.0038148077795051704
37.2769109660108 -7.56303246379214 0.004776743921355477
37.453262075163245 -7.54787005337159 0.0033255350891061883
37.40866174723644 -7.568306976069993 0.004305765658336016
37.4401827470412 -7.527118042651014 0.003658452701583546
37.51013540225534 -7.485152717501509 0.003907262818351356
37.50727883514098 -7.454415636770752 0.0027199647430074963
37.34311842335894 -7.494102289613295 0.00331702820679269
37.41301650000693 -7.487524023974969 0.008546849559169008
37.41680449294083 -7.492808955017946 0.0030829439896437856
37.337649378239384 -7.423491433538155 0.006045956729213572
37.42954360840089 -7.469573562753604 0.018672826829746355
37.16632509867922 -7.5607539521344735 0.0184880301033367
37.06553004745676 -7.5718917463179745 0.005278970859039407
37.07350979610609 -7.559321840855158 0.004887866825271843
37.071256322563805 -7.538798662887751 0.002997325438662419
37.10330081584943 -7.504576264430786 0.004746952047587772
37.23287314620448 -7.493133565865493 0.005657757963927371
37.20389537694798 -7.498969124808808 0.007862186102656094
37.20683991111801 -7.49263889737343 0.0041268377979482036
37.22480229866989 -7.471413442516648 0.00675136953416716
37.11969995799428 -7.49618214015169 0.003042105068067421
37.10045045246006 -7.473679118068658 0.0070687110563310415
37.1079965995092 -7.472085264750743 0.0033505819118105633
37.18932199662381 -7.445531433415464 0.005970560035148417
36.97949900189115 -7.478397852256254 0.0031378509799935357
37.01329618918839 -7.45934255693613 0.006376456108388661
37.00066466870336 -7.453871006467528 0.011484503372329523
37.006803724482666 -7.438767158487717 0.00896840050821544
36.98880287860299 -7.421800471702277 0.003532330608617164
36.98564645226675 -7.420898501975073 0.005873477029511103
37.06496299973178 -7.447044543623708 0.0034692979909383874
37.165196101762746 -7.396351792422326 0.0035781532700505593
37.011900082430515 -7.407392331846865 0.0049534221817432895
37.09501826550296 -7.400469639154473 0.0029659598971195403
37.096469494246975 -7.364978361793589 0.02999859205268377
37.32995149547951 -7.370820871479499 0.0029882896430024485
37.395962726160334 -7.3412425465509346 0.012890165981232965
37.297465965836935 -7.318097136888344 0.0030530527964299256
37.36139486992283 -7.299880117288208 0.013194426846336805
37.1947008256567 -7.36589113195284 0.004716621970118426
37.1622627571257 -7.360763676645079 0.005347719378812587
37.22489809670306 -7.354881734454587 0.002925798309320978
37.15223671701832 -7.3520539912386065 0.013718906607457698
37.12717454066958 -7.3392610725636915 0.003975514891843278
37.27047954062245 -7.287088101956701 0.0038135928934081398
37.31211724226755 -7.223534207138606 0.017245108836733823
37.19625944146616 -7.2702419737071935 0.01541645926141993
37.2179072340742 -7.253016782665253 0.0031481819140501436
37.28538885844557 -7.221173984759885 0.004816977520824539
37.28378646946128 -7.220050433230528 0.0034709735532298517
37.28827859495236 -7.202683070270263 0.004436028928321978
37.67452747338119 -7.389663358285082 0.011344606189411082
37.62760662227117 -7.3500126508301085 0.0063137898791084755
37.74563100485242 -7.344245078171803 0.0034963649234423257
37.65530360314968 -7.320557541266889 0.008208468475349956
37.71296572565544 -7.314273714173108 0.010897338454349762
37.68150976908463 -7.278265735273678 0.0032461627854348933
37.49283518744003 -7.367343003834648 0.0032226565570450754
37.574408531814065 -7.366082164282732 0.0037083522867071865
37.57760039078279 -7.352419022287757 0.005219453341333683
37.45831704365258 -7.329474951446344 0.006034443141986421
37.481847722666785 -7.322400203321807 0.0029237338077921456
37.8150665749473 -7.286033618831415 0.004475302846447651
37.77784277749891 -7.271915413162738 0.0032550561877013454
37.86493047376325 -7.257676471465414 0.00516034341764182
37.776002062089056 -7.2513582163099395 0.0037363685651819133
37.73422915839935 -7.251824694634331 0.003248009902294643
37.7488559675071 -7.226971015379573 0.003927584474470387
37.79750520415707 -7.24510826810972 0.004528279391084181
37.87932513742916 -7.242006315253649 0.005964969461994156
37.86874731882237 -7.210648506309242 0.0035751926565872434
37.84396925453093 -7.218910034144092 0.005986897525386419
37.895704180266605 -7.193972115522116 0.0038048738695983858
37.924331389530245 -7.147691953246791 0.0030034537911869763
37.84645316062559 -7.155418366818069 0.004508807352330521
37.7592425501352 -7.209242885394725 0.007452108846198858
37.749096786654675 -7.18504740911718 0.0037204132260169947
37.77974175910599 -7.174824988905275 0.0028836111067355426
37.78058946751343 -7.179553812516029 0.0027536278131401197
37.70668932755736 -7.179604912120217 0.00305309307810206
37.15592692317914 -7.061483957766935 0.011130223996200018
37.709383536515915 -7.120585199275394 0.006972101318016601
37.78857659626199 -7.150599249330449 0.012893885806883281
37.78379515359341 -7.154085268404301 0.003628513428058297
37.86197479272688 -7.093139076039286 0.0028095890370101674
37.53592911129714 -7.2288220695065615 0.0027930125980484286
37.53722405194367 -7.209978937789737 0.0030432766204999224
37.51714337820278 -7.1586286825478 0.0031947280110106104
37.390163181555025 -7.213929372265396 0.0029673406058235213
37.274529443589664 -7.181353630371657 0.004806284168542637
37.29261470432328 -7.17466581543063 0.005738521387744114
37.37636186080319 -7.148374712932416 0.0026944412872431664
37.472697135825776 -7.10806924321463 0.0028320472483702452
37.45816677488216 -7.0992345590475825 0.0032187758529393777
37.48732482535176 -7.0875948284801 0.0061681220643038945
37.59399017256809 -7.114081040034808 0.012060865785468488
37.61444700953094 -7.089327671909994 0.02004772999740213
37.62341403965574 -7.0990695923973295 0.002702770123753861
37.62539503713169 -7.078615463523989 0.009769951428399272
37.676753119397546 -7.047885442781013 0.0042362814360751575
37.64612408982262 -7.049497370117125 0.003851605024818574
37.65670513128713 -7.012029977269195 0.0037631099669659593
37.71272205488645 -6.986036723342846 0.006181317758365551
37.71571546527505 -6.966476823527801 0.00357014417342784
37.574572843462384 -7.026987349042134 0.003860789688281083
37.689598576370145 -6.952979996731295 0.0026502403974501014
37.6280250249455 -6.953272957937419 0.005946442853957832
37.562959201744825 -6.9486877285389905 0.007524273608637178
37.56987357486907 -6.948249958731598 0.004013850379013413
36.89730788311043 -7.4338931199783165 0.002787471525051636
36.89541455633321 -7.412374376807586 0.003294567725286078
36.84752205056979 -7.413099582832418 0.004817940581169172
36.83942341946638 -7.412739015978004 0.00269216314521887
36.87673011097411 -7.397684888520497 0.005215387233992309
36.864632723676415 -7.374638477365285 0.004929283079798817
36.92175409732204 -7.349392695073209 0.004167088121763309
37.00314002650827 -7.361177994335682 0.005330609446897241
37.059309735324305 -7.34599778346128 0.00397458788673578
37.05533825333932 -7.345570558068858 0.0030358317914356016
36.897156085575894 -7.333183907856112 0.005782825662373863
36.79909958630354 -7.314705180883252 0.0031953658514151276
36.931963268550845 -7.274802841670434 0.00391836731031985
37.08670142741656 -7.321257029519207 0.0027960879290238765
37.10181852307653 -7.287334709178217 0.004588188368719562
37.041653404077785 -7.288948563037337 0.012339286971481435
37.06343735376852 -7.2261159140706575 0.002892653369072326
37.200364902395584 -7.223869763203056 0.0027111247993216393
37.236153390174046 -7.176564265775444 0.0026484837621219416
37.102856272976 -7.183138432557414 0.00630288531039476
37.181579544192815 -7.1576703744043995 0.02486740835643185
36.99314623432539 -7.2037953882636385 0.024313807846334558
37.08188378400155 -7.179914379353915 0.0045092306427752665
37.06399620800139 -7.159801969860221 0.003508080734599551
37.157415479587975 -7.100524910119101 0.002752143403913091
37.072457642192376 -7.114848721501929 0.003091635493834974
37.10599181725699 -7.062310692358612 0.007174073050830263
36.73229744818207 -7.294977213552121 0.0028465609981207516
36.74026021149927 -7.214759310656054 0.0030525008223471466
36.85392849091857 -7.194982025019003 0.004344106557545639
36.76189311888316 -7.190596187370948 0.00370865764664856
36.82564732708497 -7.136674565694881 0.00440189363835981
36.66781627627631 -7.213945219993533 0.0039642576196467815
36.63651952826824 -7.223363117583067 0.007224330810612202
36.63650564697587 -7.222910367760985 0.003947587904513197
36.673747738109235 -7.1348150138249675 0.0026568175391127693
36.72041633731024 -7.153218239138183 0.013069386743892615
36.71677167387024 -7.116872187403572 0.004505788939567034
36.7239510216486 -7.104567116554079 0.010695363998110424
36.77285937392937 -7.061607143418932 0.0033244113747561152
36.92338341383542 -7.169621492564973 0.00847373746773098
36.93155430462229 -7.146241077438157 0.003098757883196612
36.90147375156579 -7.087872623237861 0.008195846098258772
36.978555438813075 -6.986345405386954 0.006718234048228953
37.008222163175134 -6.978708338475076 0.0027407737718882167
36.84460769241409 -7.065633864938335 0.0031826997104266947
36.8805123328308 -7.04537460125491 0.010861395912846761
36.87591538804337 -7.0061902622624235 0.0026555821428124234
36.86802782674026 -7.00882125859479 0.0031102558070773643
36.83607340826122 -6.975181737843277 0.002711421276393773
36.96575422520902 -6.974456468554156 0.003042133122043429
36.95030032711255 -6.968601219452958 0.002876893199376912
36.96540335306379 -6.946528683607281 0.0031575503508356447
36.94939150068624 -6.943563564363866 0.007461877406702359
36.91018571868956 -6.928873358243099 0.06373340728082227
37.363490081077465 -7.076944153183202 0.012653531326687888
37.36235588847186 -7.077778095429755 0.004803106258835453
37.37949703754047 -7.081646308689743 0.024654084469173575
37.34605406303853 -7.070325882477661 0.027119119238263364
37.37664351554643 -6.994122332933618 0.0030018476672547503
37.15552226030324 -7.060667493217426 0.020293459757403307
37.16842514967059 -6.970338880446001 0.003257313802903736
37.27354911202336 -7.00422112015859 0.01067397655646783
37.2900050217402 -7.003545859834202 0.003869260765552299
37.26771843137631 -6.992740131836405 0.0027654414920786014
37.23943351613819 -6.9639223138696 0.004364012838964026
37.195416038961355 -6.9634161388493006 0.005635552235973663
37.256140288814635 -6.905617071485131 0.003373318589561871
37.489228127291014 -6.983618241347905 0.0032345374557994785
37.488389073075915 -6.925300643934693 0.003613742385804451
37.43198599802602 -6.954175480467325 0.004036106242121398
37.37992649106071 -6.9356397174329105 0.0027722624952274313
37.522332156653285 -6.9074149695503975 0.002847638556791962
37.464557970252926 -6.86439844526297 0.007806920100360242
37.527180265399494 -6.843416237289324 0.0027077584177128628
37.42000392922999 -6.885518367697234 0.0027049966999832084
37.317787318241656 -6.845228734481614 0.003471685972184168
37.35835971557199 -6.815840229324026 0.0029280196005205985
37.4226444380749 -6.8584177967575295 0.003963801837147766
37.41710635074655 -6.858152871717789 0.005361564742798185
37.425283107145674 -6.831712531054616 0.002687026593189318
37.49167783893175 -6.825616882201168 0.0030512743948885412
37.4615966104457 -6.794949758052324 0.006552361194698633
37.49728533443762 -6.785490662026878 0.0052553533253000325
37.417364543793106 -6.7728512724846945 0.0055111294804615196
37.09826765352035 -7.010189654015037 0.00803084769546368
37.070311334155605 -7.006436735770411 0.005527114602750448
37.12167256035924 -6.950676288551491 0.0044643620697964416
37.02385637997252 -6.96354061263805 0.004331243344580187
37.19961484378273 -6.907387347257588 0.006775083695682751
37.15752975809885 -6.921552453136182 0.0029870221605077366
37.13568899378657 -6.860157206556763 0.002775464997343325
37.18741383412931 -6.827750941667774 0.0032332390067602848
37.02156345228981 -6.899461475055433 0.0037824501201744742
37.09264932257373 -6.87387458746531 0.006271361992255999
37.09189421220456 -6.811812298799609 0.0032135595311173553
37.132308419178464 -6.815616206320976 0.00789688920141004
37.1477338665824 -6.796805413614286 0.0066305300037005485
37.146801831905755 -6.787041869977328 0.004846222221118635
37.02095335083749 -6.818692424004433 0.005975002338798726
37.10372502279664 -6.74677135321577 0.003227672816505477
37.27620752576143 -6.849906438992213 0.007207519310265856
37.31431209004148 -6.7963118415472525 0.0027523737334286336
37.3739437851712 -6.727921792959209 0.003692235763488701
37.27774692866524 -6.727172711877934 0.003738442838740032
37.389711791292 -6.698394479178394 0.002824552488494126
37.231657363479805 -6.709230142418981 0.007201513175981343
37.21334360674542 -6.717838813489652 0.0030234694840283825
37.179567751199514 -6.723678612823953 0.0032713132644260155
37.26823237405763 -6.7191591792755165 0.009591955485536348
37.25763544799115 -6.694852912702062 0.003115933530094498
37.25051878804473 -6.678142085671211 0.0027098346682448288
37.27147784871554 -6.6530647617398655 0.009172991363561506
37.21752878386159 -6.673474412652326 0.008344984793226365
37.21571679015924 -6.66559677964369 0.0027643058613485995
37.20537495324724 -6.655476827927959 0.0034126680349082206
37.223832079169206 -6.640736820404794 0.005072311185811003
37.21908195248991 -6.631799901002939 0.006507719188232606
37.22069589537801 -6.632276788959222 0.002788586333499444
37.24056612632033 -6.604850780609063 0.004123677134422338
37.24054253087456 -6.6045065196543495 0.005448055832165054
37.99482146427281 -7.144567396330379 0.009535953608852862
37.989812774063765 -7.1291425003496345 0.0038389948067150447
37.99079921590622 -7.109792441318975 0.0033236318308917487
37.9747314504919 -7.107605759332024 0.013935000371145895
37.90291770416804 -7.11302375389357 0.0034290063519985007
37.91486846767569 -7.099111593544792 0.004270963890316669
37.92867322333163 -7.090359237105591 0.004293413372322114
37.930946399879566 -7.076674003868291 0.003826399442750432
37.95982881178103 -7.06946956979138 0.0028363537142469977
37.94691642960782 -7.061627031778302 0.0032725450562946464
38.021967532555166 -7.028097329079181 0.009164336018818263
37.90131577665452 -7.066012254377755 0.0027798428789836465
37.93417550204211 -7.029468891472598 0.0091340311764628
37.904506929434014 -7.000832937742538 0.006195523371519278
38.00383160481891 -6.991337252893756 0.00379405340414839
37.929185693811135 -6.977559371766403 0.0027494324216457253
38.14366078034016 -7.010998107089637 0.0088836551104163
38.158486959910064 -6.995720572318955 0.009178350103488735
38.155501995267535 -6.989803278928492 0.0035022836736168035
38.19055044983576 -6.966139102542114 0.005612278249077502
38.16020542830433 -6.963011073647205 0.0028238649933518723
38.181465871566466 -6.931612033214962 0.002666740671821017
38.15974382782306 -6.893560733232731 0.00272357769996484
38.12886088375908 -6.893705233939387 0.0034498278956673276
38.297374817775555 -6.872254252118646 0.01058180732601983
38.297638068621374 -6.873367550737588 0.02338393440597969
38.2246971272099 -6.884740594969336 0.006479513359252851
38.25053300198099 -6.849470290069739 0.0081492595410217
38.06354497556142 -6.9246184521055065 0.008075214265700232
38.032651323308954 -6.916331162666829 0.00681081226774091
38.029007278589766 -6.9163842182895925 0.0033651628405234695
38.13578663362478 -6.876320396929194 0.004366985145148836
38.085925248603125 -6.8628615284050705 0.004701715533746556
38.01525752052632 -6.8573016154696225 0.004539487343839553
38.093711999310486 -6.847707414792715 0.0031238299513514987
38.19219347896464 -6.830498863426622 0.0029402153434804116
38.14412506576011 -6.75909356028662 0.003507281137953363
37.807828255097256 -6.98100493671732 0.003945751085049736
37.80390619963768 -6.918940750301606 0.0028700662361727395
37.756959745987224 -6.915300257590163 0.003566054281625163
37.79700207754382 -6.898004985476679 0.026387435461415233
37.930082110564165 -6.851459762340599 0.0038724955254392855
37.80578060880174 -6.886457448548567 0.003393643277968625
37.87736477280743 -6.830409194606878 0.020619482893655127
37.88652480866829 -6.815786149082179 0.004484222615191254
37.87582586842127 -6.812418868664228 0.006506244648146513
37.683644623749736 -6.909526574330639 0.002797726874426034
37.703218702164875 -6.910150094482495 0.007537517520082187
37.74431808092251 -6.876048526571148 0.004557860665689241
37.67865426950847 -6.885902156094615 0.013107104579705106
37.697135342015706 -6.8209153572388805 0.004936835593851703
37.81542117639404 -6.846403686652227 0.0027233839246336503
37.812519028763234 -6.858737478301253 0.0037791798871351823
37.94154098504332 -6.855549945551247 0.003427415327815076
37.950051651911046 -6.826729557087254 0.004003766114288992
37.916651294510935 -6.775417224965545 0.0073456363512827945
37.96234041708872 -6.737172571837586 0.0030365568379743034
38.12292660669824 -6.744897594667247 0.02551546783114234
38.11656104387326 -6.740971517538511 0.005695115544410945
38.09388473186929 -6.725843157881779 0.004974662130274391
38.10864539223737 -6.70879166164293 0.002773280893633205
38.08450860969833 -6.706074026201839 0.012176044583083544
38.067848575672926 -6.692745890867288 0.004167331076144295
37.877051233158014 -6.797471849995412 0.024186587878631132
37.952841264904905 -6.718167502574132 0.006361881781023821
37.90153127303304 -6.729478748625128 0.0036102992788957467
37.819716619647515 -6.749093575155595 0.0067167006736370966
37.84162881604128 -6.743107444151667 0.002722386670124079
37.83858300583737 -6.746246590191402 0.0029329327809035723
37.854611064663395 -6.734356260075547 0.0026780995382660105
37.845510764900375 -6.690355218299219 0.003616454992754768
37.992481482637245 -6.6691923977039815 0.006677958789101299
37.975452098689885 -6.632476891421466 0.007924634934193897
38.35751639130418 -6.806133352432934 0.009956811370939478
38.25989395367501 -6.817749157635958 0.003860602740381087
38.33579488032172 -6.7492800125497 0.010927553202977648
38.38818211663915 -6.727441870576685 0.00409129037908229
38.33895840190463 -6.729483765801343 0.010323885390288588
38.2387859001827 -6.798079827572074 0.004922432841496429
38.23995135640237 -6.779388537247835 0.00677844317482584
38.26569748419569 -6.7321567456713005 0.004619617039923126
38.32263118528907 -6.6753385188320475 0.007539906226767277
38.36217867226633 -6.689724117323158 0.0048134008421620985
38.393743300160686 -6.664351894667916 0.0053281132788200935
38.34144704471627 -6.6533268783808905 0.008508987185594029
38.287749681302685 -6.64440224173998 0.0028603840627938262
38.294137469651915 -6.607264796141767 0.010497668870073551
38.50020385738184 -6.6887085577906165 0.0030752592580692603
38.55014310486138 -6.653833082885698 0.0063778109177309045
38.46979843622003 -6.673429412116058 0.003004635260996165
38.438331463241035 -6.666069738065408 0.005359696583112916
38.58519466611922 -6.5831813699879635 0.004353109128033815
38.652426116854926 -6.593130624629138 0.005369181864696773
38.42859447902368 -6.5985211679001985 0.0030839789467816976
38.4495872484884 -6.580386436870778 0.0029106235881620666
38.44560445208691 -6.551402554337304 0.004468419512640182
38.38588411880959 -6.539297419630995 0.0030246059670649694
38.39269808486815 -6.524020022333902 0.003419153469289581
38.198875105102985 -6.651040058506508 0.003810199007988665
38.16995478888898 -6.656109644348872 0.005543049215535149
38.12561561719037 -6.629165644811441 0.0027313731420320828
38.135774125464025 -6.601621955837707 0.00321473371234196
38.26121334871833 -6.5684312731514645 0.003530731153676476
38.21076584988736 -6.581457887004588 0.0034775984980678237
38.06821351065467 -6.600244137031548 0.0035059737056410563
38.1045010865547 -6.601948760850453 0.003147965213946689
38.08601957501248 -6.59002849723313 0.003389408229702512
37.985464086565635 -6.586473608995601 0.0073676995044195705
38.07139863873147 -6.517693356325206 0.004981242153275505
38.20406899559197 -6.483440433773213 0.006495131521253823
38.12327364255906 -6.48729317918833 0.004548159112554769
38.14736637643956 -6.436587678367662 0.006938853760235156
38.31278071886983 -6.549144962111107 0.0028297794253897514
38.37568448086997 -6.48557554509526 0.0038695144216988587
38.24222328529378 -6.50936574695878 0.004986243975766261
38.30748003453995 -6.483264378031604 0.006277824919507956
38.40808768872406 -6.4359811337806185 0.004401860190562467
38.465010725126575 -6.434781262017538 0.003854856711916015
38.44909527607059 -6.4240530807519285 0.005056660478774429
38.376327798162954 -6.424137357913155 0.006518594030884036
38.39819375354891 -6.369431051244306 0.005303569869174166
38.24360046128284 -6.448080874987713 0.003179435906856599
38.2555348607005 -6.411624669808286 0.009620309398972248
38.222670222622355 -6.432022100909779 0.003004148381459984
38.21324234500628 -6.399273190156595 0.007482270841137764
38.224105268942274 -6.368320897742601 0.0033009875368309473
38.36041530687512 -6.3735117567789485 0.004099143760041921
37.61462670275233 -6.852500115088484 0.003324052233752481
37.59041141941795 -6.833212203228338 0.004730818262020235
37.6947917447288 -6.806685716478522 0.003814160766947972
37.530521892491606 -6.805807287431665 0.0038971882960521153
37.623733075955734 -6.737710380350707 0.0059207848456191954
37.72612747301316 -6.73862431242118 0.004001944068584844
37.666738149451305 -6.719167621789389 0.006704576640866721
37.744300379963306 -6.692421588806416 0.006777614911940005
37.59215962292931 -6.748012399033323 0.004231367047753932
37.574867793553224 -6.749768476150683 0.0033113646606087537
37.56799094571846 -6.729745748111134 0.002907505531327311
37.46300802835448 -6.718877543897325 0.0028250689027105127
37.46292900770834 -6.729092855340767 0.0060612066300941864
37.6317940762327 -6.646058024223245 0.004924244172403331
37.591330742419096 -6.674497037457849 0.004093304091895845
37.5970587793663 -6.644499129627309 0.005424642905257942
37.613281932130576 -6.587594556356909 0.00404010320733424
37.762258824620694 -6.6991181731213665 0.008788161707758263
37.87232745090917 -6.650551002306081 0.0037891788942450433
37.88581612834316 -6.613184635314049 0.002652211352141404
37.82451951430515 -6.601141619273945 0.0029049237321768966
37.82453865116955 -6.60158717225187 0.0041620057379515895
37.84848589022279 -6.549305727085116 0.003445049485658331
37.74165663392545 -6.599165345476457 0.003176266284164433
37.74500383052669 -6.552021296302514 0.0033883701302393197
37.646430922842235 -6.562047484663083 0.004035317860450413
37.66286671668711 -6.545283646432424 0.005564727275235718
37.72418352149149 -6.559403443530363 0.003456461307282757
37.7759750436676 -6.475123636468164 0.002970417156487134
37.4032199970881 -6.673689075939318 0.0034439353451661122
37.45333621524274 -6.641024097388195 0.018543884328260898
37.60122236461835 -6.585000611636861 0.006970487129089047
37.46517611751796 -6.58701944940973 0.009363266285270766
37.488490718893345 -6.558473302768791 0.006208734797652859
37.36132277442386 -6.6168379553552805 0.0033257321945576327
37.39517564247947 -6.587667495224374 0.0034704443093455575
37.37594729693039 -6.59045358990567 0.00822442263410938
37.36893045239118 -6.570634192049277 0.0112092634024999
37.44163955435368 -6.545319854728521 0.005577874192176538
37.475445648410485 -6.515659828603677 0.004321191415182908
37.44411992894746 -6.495110089385321 0.003000200745370945
37.58828080387304 -6.536420178764999 0.002899552186338512
37.569403059676205 -6.5248889505884575 0.0027874017259301555
37.61063497331927 -6.50327968973053 0.0038011546533274682
37.61163417492275 -6.507058597798819 0.0029909720841316697
37.59180592924258 -6.451231272468012 0.003153984971492179
37.68847158590611 -6.454588104369321 0.010696237676110713
37.71229191825806 -6.432543819128972 0.004228152905668986
37.650413789302114 -6.412950548788658 0.002758943518417845
37.7024454335207 -6.413055167713724 0.0067164109285950645
37.71395467581856 -6.4043124373386995 0.005771248632013931
37.70167181334475 -6.406770375011179 0.0033987891612474587
37.70595784156468 -6.391123335077315 0.01263953071531797
37.59710020550638 -6.42524075909354 0.002665450579480118
37.564832185325535 -6.43635864889047 0.006574429832729981
37.458488516586605 -6.429631531352373 0.0026758061009764726
37.45549468125751 -6.421944069156008 0.0034310162867134436
37.641280356467426 -6.404677575513918 0.0028306995744575457
37.68075206092545 -6.371415447958454 0.003940341562537192
37.664538707810074 -6.351634612737574 0.005036619813541242
37.65056830455585 -6.349567151632566 0.0033961380030812145
37.67777705785111 -6.333961162347128 0.0036046384391014846
37.6133631035891 -6.339995357763854 0.002803508999872744
37.61900369503634 -6.329034462327639 0.0034011320166319604
37.640086390439734 -6.326516259346314 0.006322932559068148
37.65458281987967 -6.316295001489908 0.0064943742141763605
37.5903609933335 -6.329815664754139 0.029661575663081148
38.03991142954966 -6.5155441613966225 0.0049816013982957675
37.921201756062345 -6.498017317168897 0.0033788766266605796
37.97131253543624 -6.493057839176771 0.008792151331722746
37.99077983893869 -6.477633506229752 0.003708718747273032
38.08931343848717 -6.44007995177614 0.00433805950196499
38.0857630124172 -6.445527714221471 0.005240266385460455
38.08212777170611 -6.434362753538093 0.005146812352606235
38.103837282992345 -6.417706454340237 0.004520133842776038
37.86688195645525 -6.433060596203294 0.0035010068832014873
37.81164590424093 -6.432241923496308 0.003604520913205262
37.851757113953774 -6.382625057530489 0.0066842967872701164
37.95807995919521 -6.371361112148936 0.0027832832091303685
37.90181004875004 -6.365129198734342 0.005600186490892274
37.92720335518453 -6.351337320198896 0.002769935871856568
37.93467216938535 -6.313564067293561 0.012964841138478046
38.14281224937497 -6.419815688439206 0.0030403199174271088
38.162420623775 -6.413453014075113 0.0036916763523562757
38.163837028374466 -6.364993828635611 0.0028680381876053374
38.17365125088822 -6.347168607739946 0.006539568821883866
38.1735343775463 -6.346813141520218 0.008857822322844147
38.16941388730416 -6.336359766473881 0.003940945188212758
38.088494587387046 -6.369987589138834 0.003028710405427885
38.16201962217055 -6.3203882175837 0.005479319748071568
38.24538739273485 -6.2761055894450735 0.004112792601582809
38.19431628676199 -6.267732989339752 0.002977540720912666
38.10289988559567 -6.29669406611819 0.003697026934513314
38.090224196186384 -6.2782700148697765 0.004322797181341663
38.11489031779414 -6.261922790385401 0.004604656145320521
38.07806510828789 -6.223803777427524 0.003565691326502005
38.14790068972424 -6.231041751501647 0.002674088859018252
38.191323033892786 -6.23181001258796 0.0029860561475799014
38.11394384800547 -6.218563111476066 0.0032752238257003834
38.068594967306154 -6.211276907352806 0.006533587619200098
38.176632383220344 -6.1728627857629395 0.006230893734845159
37.794402846643834 -6.393967499512116 0.005879326443599494
37.85524772661909 -6.371185514392062 0.007798017304947131
37.82270738630139 -6.339148940111541 0.004195901839730431
37.766307332742294 -6.336168412769554 0.02120395147201082
37.803474258743215 -6.332137854035308 0.006722869477147786
37.80204097803138 -6.33075867839647 0.004754939380679055
37.93281801664716 -6.275731472041345 0.005138050158622903
37.95335593717546 -6.2699021067414415 0.003079249819342767
37.91106374463166 -6.2737397147332645 0.0054504916620892055
37.8433757990757 -6.287050569819236 0.00344665786203577
37.84027108961755 -6.286878739641675 0.003428762387289318
37.87340944955312 -6.280231625622403 0.0031787510717904486
37.81903362201317 -6.257087312351701 0.0026608268519549487
37.69658592652717 -6.334930781465128 0.002795238887560613
37.713436566521615 -6.327684801795591 0.006911697296740028
37.76006580261071 -6.282222076865077 0.0031873504700181076
37.6879785686676 -6.249053356296607 0.0034437334940978152
37.70777090916642 -6.21079104133644 0.0030087165476517363
37.81468983128757 -6.231338613685794 0.008173768618368979
37.79320064946824 -6.210197479752864 0.004275013146596429
37.81952524409163 -6.164191616476759 0.003021123086296553
37.96609533279086 -6.220995014829646 0.0036201746639993333
38.03592110468132 -6.2041296073341226 0.002852337059521671
37.99565352673959 -6.215544418580469 0.004257618699299467
37.92945238535922 -6.218207930955298 0.002889773536331762
37.967305676826086 -6.178803606396207 0.004636579381571984
37.96667086144012 -6.1671001057700545 0.0032231767348304716
37.98193079568552 -6.143319520029496 0.021283540056133313
38.00409729614468 -6.141542674420861 0.0037322368764497265
37.987289151660974 -6.135405189924867 0.004166795818056149
38.00944577436456 -6.129859075065244 0.003297700040729097
38.061606360100605 -6.1045610440879505 0.003646616557988639
37.84272522951853 -6.166411977936592 0.0035159550941270047
37.86779218902173 -6.150379946233378 0.002955782915794382
37.880545546634835 -6.133789607575544 0.004201925030796293
37.93350778606517 -6.130482716663364 0.005421661694578488
37.86734844881215 -6.1087668279695295 0.005479862919621191
37.89463526733951 -6.096291122804365 0.0036109236823497998
37.881878170198085 -6.062305317161674 0.011066976292693731
37.9851091972005 -6.104676783646242 0.005927151793719196
38.02032781835169 -6.0591934000938314 0.00431912227950355
37.94410394492568 -6.049527132858979 0.015245056898937624
37.967103618723336 -6.042573406336823 0.0031886452481423434
37.98659954396126 -6.007709632780961 0.0032338844243468834
38.830583891281805 -6.674770015379591 0.0034240391730102843
38.85973560827387 -6.65745754731781 0.005215072911216407
38.7636160767356 -6.583668178744072 0.004165826944092581
38.800641362003425 -6.55414070663487 0.003727924340500643
38.72417556142046 -6.584463954687682 0.005922483638571686
38.654304402706 -6.490018760155648 0.006875414561650379
38.67862945656553 -6.488094010635068 0.005994847911988561
38.76451916583806 -6.4986878012495914 0.002717844965803533
38.79499532510441 -6.4681886492902825 0.0029326932164020557
38.78551800833133 -6.453079319829792 0.01125061438827293
38.76196198634656 -6.4374823133189585 0.008942571775837151
38.7858699038641 -6.450958314082781 0.013697990939667884
38.7248517522857 -6.447687609930591 0.0038011860311050927
38.70590751829632 -6.4086284807702745 0.0030241617049927764
38.78595302751764 -6.390993511684037 0.002778789150944192
38.73606502565898 -6.390883647838126 0.003409155921475506
38.617119317755886 -6.402118836932709 0.0031322292770974004
38.58683299625047 -6.386965045441436 0.021766287493173452
38.59242822240037 -6.375946269248027 0.004576541971311629
38.65750292914901 -6.411377031700751 0.004077182247858841
38.693559287522376 -6.386776172269193 0.010858262451009116
38.69678147370961 -6.384145779820453 0.006158014392722908
38.66243444237738 -6.328380068423397 0.008822818590505604
38.63905432775388 -6.313294900483879 0.0032262729330038353
38.6446809959894 -6.303830191851751 0.004665738503429871
38.81965140664468 -6.383680478088201 0.004886157305818193
38.82624781606388 -6.310917899405311 0.007343214841603424
38.73200361510135 -6.309339095928961 0.007789296841112682
38.76221479900643 -6.3000890184711835 0.003762179213932858
38.799914707826034 -6.291430830530635 0.003451990959147793
38.73761918009834 -6.290695171200944 0.003365104029362299
38.74671705382999 -6.281470607919819 0.0026699487162403102
38.821236962948774 -6.2507007913022505 0.022446448027491794
38.81988482027265 -6.237897287862328 0.01280548980203196
38.79557471470305 -6.177653517774479 0.003080911615948346
38.868509944573894 -6.159650733683834 0.012035419561259772
38.830121519547006 -6.150045573612027 0.018903553668107417
38.513531166716305 -6.393286887766167 0.0031526481893521365
38.5552455501672 -6.3763665015285556 0.0029619600365039787
38.504370490591526 -6.353999201117812 0.007838830605970107
38.48364744248186 -6.307002954227427 0.004389498294464433
38.59676606991338 -6.305694799091173 0.030141308156939568
38.57129261939367 -6.294159742324007 0.0034638308400260554
38.650394906945166 -6.265176502776892 0.004353813128630453
38.61182551709276 -6.241757298435326 0.0071928294798037406
38.56425904805981 -6.256768064686857 0.004060602144213842
38.39551205051044 -6.316954654721114 0.008126087129694304
38.34228747800456 -6.284313564539865 0.003527609955764704
38.370947465699906 -6.258635212063942 0.004591319385659342
38.40107288934254 -6.255903639842084 0.002709364303749656
38.40441853921214 -6.261084277284847 0.002730129103429702
38.51589300480853 -6.227615442996429 0.005154073287243553
38.55382933950732 -6.228330397942511 0.0030473421911628787
38.51829345034751 -6.164263429780987 0.005593118614649211
38.45357422221011 -6.166103065453143 0.0028155060481853023
38.487309185369305 -6.13868987018418 0.00292667255262861
38.7198868877592 -6.223363496671825 0.0043764817784592465
38.71937967317808 -6.1859314467463475 0.0040586631145610235
38.632331934732214 -6.202193355662163 0.002723016165684224
38.62958079559232 -6.167773242321631 0.004177166771439595
38.81319792414447 -6.122113708952321 0.006427726357593063
38.721167258674754 -6.132358907451767 0.0034456373355084744
38.73680413690981 -6.120245088194493 0.007639175801315954
38.71083535343033 -6.132658213664176 0.0061737360750935165
38.78688878878626 -6.100745658213595 0.007687225740735953
38.767733087360895 -6.06258798818397 0.013319939572699316
38.57701846080599 -6.12854652105853 0.0033413207645363323
38.52903863775654 -6.115834773076662 0.005301294177608068
38.67759120320973 -6.111305031925335 0.003606076574112178
38.64914947966312 -6.0881879462895006 0.005106702930579637
38.64108302101882 -6.048360464176245 0.003909043106750572
38.65125719291561 -6.052312850026583 0.0031226695590843728
38.6048663401308 -6.063794304657171 0.003552846707178562
38.621333477986354 -6.052055258439458 0.010590158609578654
38.595746539403805 -6.055411056912048 0.0046559239145741
38.687419076079706 -6.022445067232732 0.0029776035571903326
38.80215033008794 -6.068208285396614 0.002838906339440671
38.77725761142604 -6.025226191647043 0.004126368738868213
38.8045153511571 -5.975362393417542 0.003983147413266704
38.7137985784464 -5.988233982340453 0.002860430298836985
38.757186009984785 -5.950672485495386 0.0028099342286669335
38.83347090975007 -5.935862837812319 0.0026867150594583025
38.82205601174197 -5.88055956404727 0.0026738897387957087
38.31444286245735 -6.227348564517045 0.004410277733100398
38.34268697072754 -6.183887246785186 0.0026670990801932514
38.40914322905527 -6.157984811431537 0.00426781106061465
38.43883798367802 -6.1301500579986925 0.007708491442546979
38.43559720177014 -6.120532812477784 0.004621791979826416
38.42657493654564 -6.100319045629678 0.0034433443367476056
38.38925450430342 -6.103720354995439 0.0027017563421799983
38.39450044249195 -6.077915471694934 0.006334026479522931
38.22272163926781 -6.190288534744428 0.00694991782567332
38.24711032208486 -6.160757051281453 0.004552141303910116
38.24151969428865 -6.173867985843266 0.002920891330043524
38.27506514634562 -6.158155305061386 0.0029484307343019584
38.28066701764179 -6.107998108995666 0.003046243248255952
38.17143308563077 -6.119849268217887 0.0031392662761506817
38.19512799869083 -6.107629636437767 0.006681012581660091
38.34689592128902 -6.096621514631636 0.0044316987354815155
38.35828182169573 -6.033111146106239 0.004087004487993558
38.272753551005835 -6.064248890280518 0.017713741580364976
38.277230997225296 -6.058804624655474 0.0070770117165793464
38.295009542846024 -6.0648911571319895 0.005023980726131885
38.27904013941116 -6.039306883858788 0.0032038899092241826
38.49273537263717 -6.064777455756817 0.0029502172608931437
38.54641273694031 -6.040257070320182 0.006336029631201582
38.46952582294398 -6.005648418669977 0.05280227974006864
38.49947127490883 -5.996557550490701 0.008348688160322526
38.48134090912736 -5.998241050827243 0.004326727457101087
38.576242251467605 -5.998917867063018 0.005477046014735642
38.60194666390668 -5.983034098764329 0.0031341251150107338
38.54375153936419 -5.9977982715288505 0.012616333035456777
38.54054790218815 -5.965476718238469 0.00454671523318302
38.40218335126989 -6.0041550237874395 0.005443899632058588
38.50638691695071 -5.902232588088039 0.003532211902298946
38.493933951881445 -5.887469403340227 0.003639722426400736
38.13733345274595 -6.107794264821444 0.0038103721970134266
38.12262339064107 -6.091732533580247 0.0031155620461659653
38.19061289050093 -6.064886566562806 0.005033622875500897
38.094361445170456 -6.070751596615814 0.00369093344974703
38.08394421573557 -6.042014434333727 0.007724221864415384
38.14764642494616 -6.024194866998215 0.0027779920888138156
38.250976771605984 -6.0178067838806815 0.002920634490640486
38.197953869761626 -6.020693890468234 0.0038080874195539904
38.27555900999337 -6.001525843581071 0.002945651536940844
38.27011690515892 -5.993524868366017 0.006573351552618315
38.24395653522044 -5.943238800671478 0.018999705293514683
38.05437617277129 -6.027279537955932 0.0035396426926797195
38.04864551354462 -6.021925504563922 0.0036091126239058374
38.04777820539575 -5.9906739601549495 0.0035486304075588847
38.08119396295877 -5.989094296170834 0.0056454176877888
38.04451332968277 -5.974042244911393 0.0027905085635044967
37.99895046036837 -5.980100740467473 0.0043177639363965615
37.997458430840545 -5.982110460649459 0.0032953480780363747
38.01251074559174 -5.958059287146044 0.003199764123008852
38.02774220602069 -5.940402687612643 0.002843302779672546
38.06260248907177 -5.935484166480092 0.0027160980242103483
38.06663819305861 -5.914338651364733 0.010013018639488976
38.159101365638655 -5.9588300403341234 0.005584021472308094
38.16864999212504 -5.947756464540782 0.004337242249394114
38.18426677502971 -5.933837319670474 0.004000971240418757
38.21439971289845 -5.902942421422073 0.0036731947474335316
38.098522487289586 -5.8850432296090815 0.006536943399468125
38.32103750896799 -5.958089505588668 0.004077711346255206
38.32624415486643 -5.904103238283871 0.004538331647347365
38.35735438897296 -5.885215219616002 0.007860572716408954
38.31369619394549 -5.835339084736135 0.0028499066164667467
38.36683764375506 -5.865481596219516 0.007107095064701391
38.40371872049556 -5.817498581027015 0.004791523633851346
38.426308797426096 -5.799909553552304 0.003872774941895284
38.27266313679739 -5.845478059909246 0.002975514216674989
38.241368027786926 -5.833071412516957 0.004933954947914779
38.33781792574972 -5.80949469391578 0.0030128351160645466
38.31806887243675 -5.786543654643661 0.005594624071674081
38.274280173269815 -5.753266461589647 0.00821148898433941
38.7872242520364 -5.855820247990726 0.01243923506011282
38.74522977497035 -5.808853217229128 0.008800208961392981
38.5703731127235 -5.883305144861487 0.002804640393484472
38.59193584462113 -5.873847337366643 0.010699694668133617
38.59002986699578 -5.851762963908328 0.004605093046698486
38.61315302844734 -5.783990902829771 0.003276199197593532
38.66749280764201 -5.819942744939779 0.010640880466757449
38.66482448066463 -5.777372847562914 0.003422690540894966
38.74873468529779 -5.757513427548075 0.0026848519011192203
38.68755816037577 -5.759850169870587 0.0031881725970389703
38.66990344196133 -5.702820374207242 0.014745045418117239
38.66069203770016 -5.6989817703732815 0.002988929521869304
38.82274118154941 -5.791743885244917 0.004804356428374024
38.789701213109495 -5.752525844131549 0.003959078287180136
38.78676848656269 -5.747655122718929 0.0035000060464354522
38.87065821081535 -5.70181627219952 0.007480738000429965
38.80540766590106 -5.7174051994028785 0.010743273439798428
38.74891898202928 -5.739858798891387 0.005159481559923932
38.77098430422359 -5.7188391822914495 0.0031540399840366924
38.76773745479998 -5.7027227238842455 0.004080672719372232
38.76629329432218 -5.675416714381363 0.01104391078387566
38.735692781184575 -5.663116369595461 0.0031726046002221245
38.69479023655089 -5.682287808071906 0.003465314291021693
38.74456723320022 -5.617570857352102 0.00644882726966027
38.75170506010036 -5.611704518787577 0.008862915212315968
38.8294074000008 -5.586983034210172 0.006393885276823033
38.82864026802877 -5.587143703849731 0.005714453059445149
38.444850748966665 -5.773747766753012 0.0029223627912296417
38.50267528356543 -5.740926673684438 0.0029532117971019854
38.563950490247635 -5.660125247911962 0.0034902571433489075
38.39675847549452 -5.727811378792603 0.01006791150703943
38.41932612875338 -5.726006076282591 0.005112527824306518
38.41683198462215 -5.7197813663821915 0.004660751034220719
38.44478664196623 -5.6974103578286615 0.005052030509453836
38.34253441881592 -5.69217397936189 0.007967425378078263
38.370017702937474 -5.665188329116243 0.015121209470557069
38.50069300099877 -5.6568212167754 0.003439793881139207
38.53111717741539 -5.634301646935551 0.0474742872380722
38.53136893005728 -5.635283424379471 0.049223004244113286
38.510430574882264 -5.582230538884137 0.005644694531706183
38.71014832204797 -5.639939133256225 0.007268418408161018
38.66023658285154 -5.634449069096237 0.005895274402037164
38.72032607642818 -5.595258982079882 0.0027983664452755097
38.69154527080692 -5.5818090623261565 0.002785677039586244
38.74741241141406 -5.565363999408614 0.00308219157944749
38.805159874086925 -5.538166805875574 0.005285206550896813
38.81583364907467 -5.503154083054162 0.006009850166687077
38.815227061019456 -5.503678103305027 0.0085430190465187
38.716933399163935 -5.5402348702175575 0.0026885298309669288
38.74885710436513 -5.499802088845352 0.004205304855468277
38.57499203111146 -5.514770984076752 0.008174649196822785
38.69268890717075 -5.489364269453319 0.002964284851420667
38.67992617599583 -5.464760397931244 0.006848041832072661
38.70359613158309 -5.465682221219475 0.004417563232001741
38.70509286754355 -5.421769937411938 0.005791995017822158
38.6692811787263 -5.383558595814289 0.004630340295692394
38.80496561699442 -5.431783421140203 0.003235409077268934
38.8218479972688 -5.419308168305917 0.004412487921830272
38.73948796362919 -5.403158968384975 0.0033389763243432662
38.80146044143062 -5.384069859845396 0.004246610161473468
38.84031752374168 -5.377949761550648 0.005056855218239309
38.8282731682585 -5.373347949085274 0.0033947959048644103
38.70229129964464 -5.398039915325365 0.004401173046611601
38.723707442254366 -5.353180849677663 0.0049360647681049065
38.77528971928849 -5.304354677403874 0.003378360258601489
37.70595088687146 -3.973396262041038 0.004182434368059815
34.65395924132138 -7.996987721266196 0.005080300418522235
34.66766545775138 -7.99498864851474 0.005763970635212794
34.558754158574125 -8.00671788875572 0.012053582219241802
34.55563037201003 -8.005368382787276 0.002700445766000314
34.59385326354971 -7.966171551201366 0.0037213227211964892
34.2836186740585 -8.015064950184493 0.003207111245466139
34.19710087874365 -8.002599754038133 0.004559527449522571
34.23983000910555 -8.001102311746749 0.004410007668086972
34.267619485202644 -7.969646287820143 0.0030357438202751894
34.49757822150482 -7.991073014185668 0.0048162476999186205
34.42151427907515 -7.991125506379234 0.00437514574283289
34.444021592113 -7.999964933360818 0.002742986464939574
34.44598721556658 -7.965311184447446 0.003676381775981419
34.5279744327553 -7.993916353848286 0.011711887973334566
34.58424509951574 -7.961896526041013 0.006221351433906804
34.59733935495782 -7.921578322134064 0.002806992579959836
34.49697642734647 -7.95933790405339 0.007306772567896416
34.338595092904896 -7.9523388703850815 0.003923366681713432
34.32627391472875 -7.90758236898716 0.002906162199623298
34.45004591374173 -7.8997681654236915 0.0049484761860565185
34.50322038218245 -7.865878015841361 0.0047737397031222695
34.50320449611625 -7.861958097256771 0.004448797516380316
34.39587534200131 -7.848825757008456 0.002924826134157188
34.428962372609725 -7.822119689198886 0.004291079192904566
33.282103116778586 -7.990042828208157 0.0043714710297777315
33.27657664661511 -7.997431778246012 0.0037696280432759502
33.1976558355743 -8.022291079440466 0.01371399524715371
33.26186659898516 -7.968852763267846 0.006769448905491971
32.93466604400548 -8.020943470474114 0.004165375465069297
32.927475635349474 -8.00950032988507 0.004836395791843435
32.924515936337514 -7.994502110460449 0.00495378455332634
32.89235097886685 -7.960586339665022 0.004973207210139194
32.99305066927784 -7.986517174001382 0.0029790348555731173
33.020449896503074 -7.969871137975768 0.006052023693658581
33.152330069004556 -7.97445915648036 0.0055923559940853915
33.10946425262392 -7.986574424145101 0.004439724327385187
33.12095627702592 -7.966862403242831 0.004778698543492074
33.18478002612834 -7.910625237304295 0.003754197227365842
33.06980285805396 -7.94063164591598 0.005300576473355196
33.06376005287882 -7.928721237198458 0.004835314308105229
32.94354396034227 -7.909310220029956 0.004240306304663086
32.95270732540725 -7.907284800593816 0.0028534139466559415
32.995692801549744 -7.899450551436011 0.00550090797427448
33.035854456097034 -7.90806527118256 0.004626248631315735
33.07485955615055 -7.862777876131994 0.0029691689454479277
33.09245579608057 -7.828836344647699 0.0032141650517771335
32.97473954700903 -7.848336396754079 0.0034198326917570824
33.02833495885519 -7.823951792857946 0.01000856731836733
33.958013416383416 -8.011033931325475 0.009088875189142302
33.85334420005897 -8.004979837061775 0.0040478182079342374
33.49530749179706 -8.020238751174299 0.005866949291835836
33.64950483461187 -8.019213122429777 0.004876152051410546
33.57721067299899 -7.937960241869257 0.0029869699579101127
33.73312928710115 -7.995940200519038 0.003807958131022457
33.699439131553106 -8.000269541583858 0.004488567231676415
33.74524204369324 -8.002458817692151 0.004952412369100238
33.758844709648436 -7.948842934142802 0.005263030958013643
33.8725419172903 -7.978008742757755 0.0026892029538474562
33.843746911480125 -7.944175596123617 0.004745807623279451
33.82938999388733 -7.936514111805047 0.004146347907447148
33.84925384791889 -7.919925483188997 0.010963910069405537
33.84451888723762 -7.918657450562403 0.005063772543231804
33.612664175347376 -7.940960731349533 0.0038611470746520633
33.75156180036839 -7.908112982928913 0.0030309269171109594
33.733092115691356 -7.908034428890676 0.004049275815226688
33.75301780722868 -7.8808984732872736 0.004147880535313014
33.71697922880372 -7.876197359140011 0.006831575063636525
34.15309908504214 -8.023756737101762 0.005280384828942211
34.1179631647047 -7.956702894376022 0.004686720393845097
34.209195640959585 -7.955958400635692 0.004998287461087393
34.16663722382375 -7.969906637107652 0.0026455480242007475
34.156991542215984 -7.952444873297117 0.00437905872818053
34.16548329429031 -7.92243144694619 0.0032186391135712016
34.06645480580807 -7.9149503100244205 0.0033935918221650227
33.93147269479252 -7.932363392741605 0.00697200475473809
34.01455008968712 -7.912165747351382 0.003579715231381822
34.06322444340737 -7.875187913403215 0.003862551336610816
34.09546026532148 -7.828078753156502 0.005147602399123743
34.24970191781974 -7.88784159008421 0.0033695394828367007
34.3101983110375 -7.844351937494264 0.010423235245527926
34.21262951477582 -7.863433512513088 0.0035024682704498777
34.207872938170965 -7.85675292381144 0.0030153578488704836
34.24575723296869 -7.832361200877726 0.010610727947036444
34.28831110649161 -7.833009718039424 0.0034218755417719615
34.362736327298556 -7.807056044062421 0.0029080303824111225
34.43284234598004 -7.793552275201821 0.0028398050334044684
34.37654224095203 -7.779093219240633 0.004570335527464912
34.40426372004629 -7.760698139887326 0.005388465041086585
34.35948245069063 -7.729864219004541 0.00404373916753916
34.21027952458236 -7.7978287193989235 0.0038817249104091964
34.1721668244816 -7.7672026877806175 0.02050830320376974
34.27187884008704 -7.749129906367217 0.005562812343044166
34.281856846244985 -7.723012141044188 0.012781229985581125
33.91439775880458 -7.879182242169721 0.007420618925185803
33.914756843528906 -7.879398231776205 0.0031480159898028986
33.96050289414761 -7.849844811101269 0.005006015034859763
33.96389825019648 -7.834278706360894 0.0028511854402816133
34.02967449920773 -7.828512172303045 0.0035124814118152217
34.06497919425952 -7.776826272797292 0.0027709296807479464
33.986248104406286 -7.763251966421953 0.0026515449241978403
33.956197072340736 -7.769236427310064 0.0030337075655121
33.88790902003953 -7.756383458890879 0.009761887191044705
33.88842921659636 -7.74192734121324 0.004018961025890759
33.97394996486047 -7.712614794664173 0.01131393500734658
33.8840276545017 -7.734898734106959 0.00890752940344388
33.94224898783796 -7.685051621174181 0.0032953057382763434
34.144388798697456 -7.745030660972376 0.00601244601074625
34.15734842144417 -7.696128432130039 0.004358057285334762
34.21062973362843 -7.654218166043199 0.02623159485794141
34.198632946574605 -7.643564626034867 0.012625408233462948
34.20900862490235 -7.651787110245023 0.003485367719915369
34.231151647514196 -7.610526793431069 0.004472141894425295
34.20240017123097 -7.590172884966585 0.002698920764401117
34.159953916423234 -7.601181989153477 0.003027236315192487
34.19752119111546 -7.58308658606518 0.00513067481396676
33.984195059299275 -7.676737683107373 0.006668880412047553
34.00547222846275 -7.639169627911899 0.00628762995941392
34.021736344798796 -7.630673629881736 0.003806011968216796
33.96890014656339 -7.601018673623558 0.004592142164909058
34.04726013224199 -7.5511906453299105 0.004913007075827858
34.051017303071234 -7.562148114860749 0.004638776086132016
34.05504426629525 -7.552839751750088 0.007582265011833775
34.088492836697924 -7.513096602852091 0.004258320052531689
34.08434141367419 -7.511423044413664 0.003823324146265175
34.11830097294797 -7.497733362656131 0.004129358745357649
33.40004986902536 -8.01402376503348 0.002962969934062204
33.416746896497976 -8.012252782096411 0.003349634026719526
33.373057789190206 -8.001702567856858 0.003964873947206727
33.42185251729393 -7.972946019564501 0.00424362334238908
33.40986477838554 -7.944134756370487 0.0028423945359246946
33.468433236507884 -7.959801375506289 0.03431837224313344
33.49089457730565 -7.948480442553136 0.0055205116996091975
33.53829606540536 -7.926561485242877 0.002963975364459115
33.50824488407428 -7.935894685411888 0.006264305503084271
33.518570214683535 -7.93884279734926 0.003999527153311032
33.46541399085869 -7.945174837072426 0.0031059979490263676
33.49316876679206 -7.882625044798349 0.003989517042273056
33.29768017977656 -7.974801465349861 0.007324025279154995
33.310294574187694 -7.899885175187088 0.005051907320343594
33.42183256496678 -7.912257608942943 0.005850204797056941
33.41084861959178 -7.88016456510028 0.0034223252743581394
33.41400067518655 -7.862081049592108 0.004182481172119291
33.601764551493794 -7.893206757910952 0.0032140116350193276
33.58737880997509 -7.877541157491581 0.003545291338248521
33.62164189705469 -7.8629892677619315 0.015770327763852215
33.58512407447808 -7.849030243416754 0.005119010314356095
33.61613093885026 -7.845995611904664 0.0026765623806516148
33.724198449235054 -7.802788198510389 0.010823703319186527
33.66232409573515 -7.774392876737267 0.002914394774972027
33.50563491232446 -7.821326899326949 0.005729997330219014
33.40580253162311 -7.78336375964436 0.005763653508711852
33.46444560347637 -7.758747898289043 0.003288943664442592
33.63048304384245 -7.718978597716745 0.0031525131703659896
33.59739357214808 -7.723815670505172 0.00415799645393695
33.19798903911825 -7.888479328473822 0.003099780804928886
33.225397486874584 -7.882585075088873 0.012684039611015052
33.16538212548173 -7.851770533346434 0.01411779266800246
33.362214458535526 -7.784723573754252 0.00454907911204385
33.25296994675583 -7.804343011658459 0.006975820382757178
33.109991363624744 -7.808960842231804 0.003165758776972383
33.12236987235496 -7.794029770028808 0.002890458907849754
33.17636226077208 -7.751779546478108 0.009057730497855115
33.11037071235917 -7.781416563353276 0.0031256332602050806
33.06874955384238 -7.79936354187599 0.004561355534570396
33.20190895044346 -7.756284926494013 0.005307961750078654
33.244453538522464 -7.722155951593325 0.008395762304538729
33.22445824210642 -7.670274517431587 0.003517463298095919
33.2374172695056 -7.654788825776581 0.028673716242847168
33.40136632671278 -7.774496317710224 0.008302676842714423
33.38026470981291 -7.736911428610664 0.004794363844932431
33.43422328826754 -7.688941059699937 0.002786021121656639
33.37475203792166 -7.7276278785161185 0.004505989388300005
33.41690657615243 -7.677964340831745 0.009813327767266204
33.39712738643689 -7.666094172179077 0.006952530209808915
33.45209664598302 -7.590033378677809 0.005341698475421151
33.370868734164766 -7.6493094942637345 0.005150434869525907
33.321789507914104 -7.607674060638528 0.008143804315533994
33.46959393832164 -7.542659867135575 0.0027456965917039204
33.73302073072278 -7.762967692992563 0.0035655644795044216
33.76290618678611 -7.710357798074496 0.008057370508561057
33.81814766512349 -7.601390196338659 0.011713512210784744
33.69533200180052 -7.664055490478109 0.00459220862171095
33.690467674585136 -7.615567097595712 0.0030304586994797417
33.57943982529314 -7.63151569966821 0.005077600167312224
33.68777223250133 -7.59180249239084 0.00951165445555956
33.64274140407972 -7.60773972474252 0.0035922214731986795
33.65953755595176 -7.570657810449077 0.004014947951683079
33.7573211182208 -7.570735457827378 0.038860404521018486
33.69799876976712 -7.584580817800289 0.0033124796173764205
33.69677935715273 -7.553552706080676 0.002750764966800018
33.687096867648265 -7.557131334536793 0.02386240583550027
33.7314136922676 -7.507198200195909 0.005766382203405768
33.963555224261015 -7.59635245973409 0.007511976049864118
33.915550224117936 -7.554693658723184 0.002878628823360796
34.02496437637539 -7.520518783472467 0.0037338094850699025
34.04377218422098 -7.481913742342474 0.0028684396999283522
34.0352556120162 -7.467499674821808 0.02383579897917989
33.81912693581951 -7.521353910461735 0.0035451139126024267
33.87887153918507 -7.4465697761905165 0.005049079333835897
33.84499561536297 -7.445170711073814 0.003290905144812138
33.92216870495823 -7.464467827802032 0.019735453233659217
33.975726266309216 -7.384477822990545 0.0033455277350776134
33.89528242332277 -7.407377038869662 0.006079656111479164
33.57018873561766 -7.623844280313696 0.006838128530723186
33.54679872544943 -7.583448231976573 0.006700532138953648
33.5783019973159 -7.588747464335365 0.006083205664902393
33.56710132314192 -7.500950966794432 0.0035648821693484013
33.70080391697302 -7.483041003602027 0.0038165057375583148
33.64152391422987 -7.489157115672385 0.012635671731280544
33.679326904495504 -7.453261264401807 0.002646817147763757
33.67448034651085 -7.449883985815322 0.006417905670660697
33.45991487888271 -7.484087514701317 0.006344602523547361
33.45626919405392 -7.474469366899931 0.005802327521806369
33.57156252713775 -7.457506045617643 0.010562031651523734
33.59617446920162 -7.426652740555729 0.004733295023332461
33.53543268503342 -7.447686383134484 0.0029433093131300794
33.616681997474544 -7.416742780374741 0.018979971004134663
33.502365492749114 -7.407279138042074 0.003581968024042631
33.541908472961374 -7.395226282201775 0.0030138366483935084
33.6153274824574 -7.370000622696463 0.0030799040693448776
33.755240616175364 -7.420655213834237 0.003866976337821268
33.793585469341 -7.419726100247019 0.0029092336993610463
33.80602720271137 -7.413170527276629 0.004891854820123872
33.81796675718551 -7.398248996326686 0.0030195153353170657
33.720401152378415 -7.417245232921377 0.007595826121715596
33.864142192567904 -7.308700676745746 0.011592000991678167
33.82413591126598 -7.337606669924698 0.002893262276817274
33.83834413534415 -7.312408481267018 0.004419680901043477
33.72500190945497 -7.329127076685531 0.0034331664880019614
33.73371923665398 -7.325113016536824 0.0035555709531148016
33.76583450946918 -7.28510421893658 0.004399916398011417
33.72871487910898 -7.302809716139342 0.004948415853672001
33.770138589165924 -7.273632863660123 0.004385317424844908
33.77437405021054 -7.272865886822571 0.0035436942150783397
35.377645289203464 -8.01621642106957 0.007977117785078562
35.349571102296856 -8.018588478068834 0.005456437306693359
35.34877586408655 -8.013612994424273 0.0032784251644517723
34.9859946518435 -7.983036310875539 0.006944272659515693
35.18235672641637 -8.008474407590324 0.0038980613015046693
35.133398368032644 -8.022314918118834 0.0036190658859706418
35.116603362140246 -7.998264901902487 0.004368147447440823
35.16023996716536 -7.945239366632156 0.004786502715293003
35.29485698651 -7.922419458738017 0.007239449777571938
35.20753162923593 -7.954268285583981 0.0031572394419978316
35.197906456192875 -7.939252204625985 0.004151329155668757
35.170175071919715 -7.943001854924799 0.002880424290264431
35.191829153856624 -7.906303236606874 0.002800744614938891
35.265284544629566 -7.90949156464122 0.0030018733800409175
35.226681395290534 -7.900832061431252 0.0036636790798592104
35.223532924826465 -7.880584593680247 0.0029016378961993976
35.224341200295136 -7.884941698928474 0.0062910108559442734
35.146548282690524 -7.929889924551237 0.005176192386316167
35.02329511099915 -7.914730539138208 0.003246924271405331
35.20388621850324 -7.82836596647968 0.0033091893625985056
35.11291637249621 -7.893207818814485 0.004079346253210794
35.4892721510645 -8.01399243345575 0.0027388741659834332
35.48828819532607 -8.00352956729026 0.0034165079026451527
35.56714371630689 -7.8893143742823 0.015287059277651985
35.58838702236585 -7.887481598834985 0.006513249722082949
35.459454544628855 -7.967455194086895 0.018550512590940336
35.43670374266537 -7.939026089538674 0.0027414310957168554
35.45557491115207 -7.934805726442321 0.003095624959298217
35.66948767089527 -7.899687449506409 0.004120776921619869
35.640691925010174 -7.871866488403903 0.006807073494545002
35.61075999932417 -7.854228121926519 0.006632240244833406
35.62732874675061 -7.840002575722618 0.005405445520561591
35.6464978172748 -7.8152873755973635 0.010709405047492616
35.78317460009947 -7.844822487371595 0.0026531401974704684
35.78408008802852 -7.797977362790013 0.00809268189539047
35.779859056775614 -7.79635050855404 0.003382590381593
35.738769681627865 -7.790168015664699 0.003577316573613415
35.57335910852431 -7.819027081794845 0.0038537648356175964
35.641559021829956 -7.80796845617784 0.002982271749979129
35.65044200143803 -7.759104052050893 0.003161096832642964
35.64075656808713 -7.753750034978002 0.003646246662557896
35.55933355576152 -7.803254075253164 0.008031884592587257
35.52957469584257 -7.793130324244889 0.00281221392660724
35.551327337872415 -7.756214738567463 0.004266814424581848
35.610134769211754 -7.755828414374768 0.01392395174811701
35.559098783350365 -7.739167305387951 0.0031345948419525182
35.71137375242265 -7.742896795215395 0.006167406932535219
35.717826537559716 -7.719437083742968 0.00414871268864372
35.71758119125556 -7.693449296187613 0.006868490384822413
35.65274549906902 -7.685246042968289 0.00463878986487038
35.33072680424334 -7.912188760821107 0.0029045745960204375
35.353088519488985 -7.892720380926761 0.0034917291184241037
35.331179836999105 -7.869192903788173 0.005551172648065676
35.3921312216888 -7.870212907767554 0.0029420056308931777
35.39354357544668 -7.8442204097746195 0.006686622026653348
35.291772332407575 -7.846786787185148 0.0028983500709006535
35.33934660624915 -7.829585236050018 0.0069076096829277225
35.29709430106555 -7.827766838693315 0.0043911077557077195
35.433111252422464 -7.83331825915906 0.005949965596904922
35.47803876697531 -7.790793241804201 0.008668363197403406
35.35837839672724 -7.802731057861763 0.006975995063761999
35.39332502889517 -7.794608786438912 0.003588765775793375
35.22121471128542 -7.805442943317489 0.005120706856386859
35.23103612498435 -7.810236896382859 0.006162983991140095
35.29111134393814 -7.811044534584822 0.005682553256789561
35.272992973272665 -7.713937028183246 0.012788072937099805
35.373254358956714 -7.667966891364536 0.0034328724287193907
35.3026150884833 -7.665877476835121 0.008773503317071274
35.58990642246492 -7.705365533981475 0.0044194494891404935
35.435117609499414 -7.705808331488879 0.006685186147778987
35.489920333766655 -7.6850468410183295 0.007204502553403795
35.59001277104646 -7.651063183460392 0.005328657288963275
35.64126252162709 -7.608079137035956 0.0072788499150801015
35.60112099495104 -7.59241879095375 0.0034750781408847938
35.57574237005876 -7.580555416712602 0.004493971404241601
35.442768017887694 -7.625694084649951 0.007957076338615286
35.41200298663686 -7.62621112140186 0.006346703278393484
35.53307171636243 -7.553621818567983 0.0033674990324719357
34.82201670552544 -8.014050324143572 0.008945609056983706
34.80554043026852 -7.999724825103932 0.0042054599811471435
34.8228475871413 -7.975646959138085 0.003596961129239171
34.821454221819536 -7.926664320080065 0.005486290623465424
34.89442636573003 -7.920470944657395 0.0028225045429628704
34.74232764240562 -7.9809726319644625 0.002893435660109071
34.68811742184825 -7.973423501439877 0.0031170309146084352
34.753700545704696 -7.948778059538845 0.005054252442235843
34.68176999594108 -7.949653800825601 0.012335239740932036
34.73700602798318 -7.898419408826837 0.008699054157245858
34.75553207541673 -7.890721205979079 0.005399249597949264
34.754761683138256 -7.878433240502688 0.0029626117749647373
34.74876537599482 -7.88181939926212 0.005229303395632597
34.78024270716991 -7.858892529989976 0.006123612270442742
35.009079448181694 -7.888016615854419 0.005942309523409243
35.02735746544774 -7.882916550006875 0.0027617247347474466
35.02229488309685 -7.892289744133093 0.004255228289781755
34.99566436171957 -7.861673177688592 0.0032463467770920537
34.92146551554105 -7.833470646151692 0.006413514406455126
34.97880784312259 -7.840878867400602 0.0026800639043476726
34.98322155115108 -7.799191524032137 0.006864749586854526
35.06674084365092 -7.850516701445176 0.007865156880826361
35.04082965794924 -7.807137799514453 0.0052961663743017326
35.078546573036526 -7.80287769978599 0.0036002302333048523
35.118896809762305 -7.799656342520973 0.0048493487642525855
35.15537297227933 -7.783169112806867 0.006965256345896558
35.04226479022464 -7.792532908352667 0.011403136016556903
35.0875439287053 -7.754064064169119 0.003481018205452599
35.08071752364149 -7.7282962212010835 0.0069778014013176775
34.928529917020946 -7.826983984113129 0.006572754022291123
34.86881860341869 -7.816287623274644 0.0030488863055571735
34.90594014540906 -7.806143209759073 0.002842807382651197
34.86094399004789 -7.781686719521812 0.005473248032502558
34.83989288327354 -7.767116653639418 0.0037603790513893033
34.9055528009691 -7.764038171850621 0.005238518109688715
35.03965058784431 -7.709264192852529 0.0035704876038704287
35.04333338064399 -7.704107001316964 0.015679250894587084
34.97077062895272 -7.712499546464805 0.0065928193321334256
34.91417240949819 -7.71817975110447 0.012619121725177996
34.92789868445123 -7.711259413041482 0.007590978906300268
34.96948366341396 -7.691057965594229 0.0067648661744761085
34.631003885413875 -7.913145660996877 0.005894685982423817
34.688492601986404 -7.853253582547875 0.005058531160832582
34.673050456746324 -7.847626346571815 0.0044076652092658215
34.61681852199194 -7.848547164157645 0.010975729359327856
34.749453995493184 -7.81377459241172 0.0032354708739891656
34.70616052966764 -7.804836140125555 0.008161092205403729
34.75392625632091 -7.774931261125739 0.004159323785256146
34.66890454369504 -7.7765702796486496 0.003202890598097446
34.715946509391586 -7.727949905179536 0.005709273650432584
34.737157829434175 -7.727438254284428 0.009116528513015193
34.557023410498516 -7.842139401775151 0.00459719244819846
34.56324343429752 -7.827843439632647 0.009243970154283354
34.56248297501463 -7.825318381407239 0.003632616486291931
34.58648789076276 -7.754151837637756 0.0038144295187654263
34.559292537472565 -7.7658723640285485 0.005547420213050789
34.6981177675884 -7.695102838878674 0.006481631024645249
34.56694503051359 -7.702148423241015 0.002732344904866687
34.59087630741138 -7.6966956237449615 0.004370857619705915
34.63280096360702 -7.664353145097643 0.004637535526563101
34.78888141848746 -7.760753636859825 0.002714140337850193
34.78895429547034 -7.763414052674973 0.005017473178771109
34.81613740897872 -7.7265880686888195 0.004902972581878844
34.810373488892964 -7.713054893834145 0.011158540514763577
34.852891967735296 -7.728839324977963 0.005678827929635212
34.83508879705684 -7.715788527943463 0.0050200519864376765
34.73215129781977 -7.712310740803927 0.005321478105149143
34.82092731241814 -7.68617229102272 0.004820974281081633
34.92831087061084 -7.653896740876141 0.003763856217169259
34.94525693175134 -7.627131094228071 0.004391425957236111
34.70799999077894 -7.644571658578322 0.0028202322829697464
34.7745746594518 -7.621051434424748 0.005469290414188614
34.75192790292667 -7.614942667472064 0.0037855175121977456
34.69756026372277 -7.631379757037687 0.003211636829980319
34.664196599046896 -7.636417445381243 0.005714342138460048
34.71716624704217 -7.613850375206109 0.003702325554066952
34.849621783762444 -7.545351792818892 0.0027118473199510057
34.77550067343283 -7.539560328233759 0.005206791169310191
34.791966189672024 -7.501665131399518 0.005002820313791881
35.17376364607676 -7.733488945515525 0.005154373963998514
35.140817279230525 -7.744342665043943 0.009014160252193985
35.12667734382472 -7.695649026454601 0.0028506642520396215
35.179877154244586 -7.674044385413117 0.0033135904861067824
35.2546457211924 -7.665636482853498 0.004613008656881456
35.31733127676461 -7.626581453101378 0.0041460201132110875
35.31745646412315 -7.627454429354608 0.004248848683607519
35.32126987134258 -7.630961847259584 0.003386365060871297
35.19827573774461 -7.6307668471415 0.0033694662807560545
35.234265975979405 -7.607088162994987 0.0040791287161614925
35.268172902901135 -7.597655232959133 0.0037900290136433975
35.09862169296582 -7.666772965639542 0.0033356212708495593
35.074263492343825 -7.67251942638291 0.0033961860957866796
35.06338360910476 -7.659563569276866 0.0029244051134532582
35.14647956768266 -7.636969637857697 0.0029743912485260733
35.02312816778438 -7.639724098128133 0.003246137222519694
35.01888847502389 -7.639553439836137 0.002989675893400432
34.990386759153125 -7.625951217697124 0.005104459350111426
35.018094341202136 -7.612470280490913 0.020352300887992437
35.09672790354717 -7.583932729112644 0.008406399390472729
35.056343873316656 -7.569251035348451 0.008619314939734606
35.13760643829301 -7.574110236813158 0.0032318845960456724
35.09211359162926 -7.548491978448317 0.0029348819320536954
35.366195915669095 -7.5928726284325245 0.005884074795301191
35.330788967794774 -7.58189978344978 0.0030597839316445752
35.401106933374194 -7.558674462792395 0.0033315453900780627
35.30023802029589 -7.574503271148796 0.003391494285339166
35.42021352042105 -7.543248995513981 0.05307961426194771
35.4197923141439 -7.496020975016302 0.0029142449972922404
35.476536835276185 -7.472021447431242 0.0035330556211359567
35.36109531677456 -7.494590590357936 0.003653125393449212
35.418023039629766 -7.456148513817696 0.0037532266778185362
35.25811785362973 -7.536084458295275 0.003196445835519618
35.221197424018854 -7.512887129617779 0.004152029204779017
35.28201809923834 -7.449712947332065 0.014884877150008285
35.326558760756356 -7.428290008984193 0.003346150378751589
35.39106517884175 -7.392662766261538 0.0046015509983684385
35.28951708948231 -7.435197585862805 0.0035857420120888124
35.32468581982955 -7.406902806021368 0.00328073252804236
35.2569611857293 -7.413904859268583 0.0035038240124749625
34.917032555559125 -7.550561430909062 0.0029192908402997622
34.93602034073153 -7.536139534723911 0.007356312069792619
34.96206415546506 -7.537667649177755 0.008789209563903451
35.05654565803295 -7.528900675410996 0.0031451046058922866
35.06229188330585 -7.508175619647186 0.003073120605598763
35.0767913421235 -7.493257586180121 0.0029152155684911123
35.074442395356094 -7.504280748497536 0.0038400090209759876
35.0096378851982 -7.502729932957107 0.008618466237135157
35.047998198168195 -7.441645254025343 0.004101537008853856
34.884785753011776 -7.539272180282124 0.007875573239562877
34.96590469835405 -7.476983860330155 0.004675050264509035
34.85006222837252 -7.485673448649893 0.005541258488816423
34.88928151242299 -7.484289963597922 0.004575214233338789
34.82804683380946 -7.467309662325197 0.0030803667338292714
34.88947308296956 -7.418960508390617 0.008211883785606364
35.01501970137425 -7.388607446009674 0.003228498988057341
34.95198110420028 -7.4135902510224 0.0035104618251217854
34.901662766116566 -7.3993421196210605 0.01085142253886964
35.17987223508821 -7.434106512662459 0.003323426011306124
35.19014361332233 -7.421016103092615 0.009684089167629261
35.184625305658784 -7.393100271791118 0.0028160142918962584
35.199283487573304 -7.379132739268805 0.005746213982826974
35.13346251971489 -7.423279056311735 0.003747086119433667
35.1039831819934 -7.385488747042793 0.004215138601698843
35.11149807106233 -7.371393829892397 0.012285166437702548
35.16453910604107 -7.376431805712754 0.0030488732477896444
35.14126824925523 -7.371924691022063 0.004742814998751259
35.06484871178267 -7.396092334126428 0.0028704746749654143
35.05135301691924 -7.330108951452091 0.005138854124219628
35.18618834382841 -7.287511277720792 0.023040073442850317
35.183853272619345 -7.27409489764481 0.002656903339115321
35.19705667851575 -7.269080785640471 0.00394028834991723
35.84131553898856 -7.741765931272496 0.0033357663212242564
35.924535071748906 -7.694683650409158 0.010560849037272778
35.79920494773119 -7.72315248593666 0.005008876682901995
35.81007779142691 -7.720136010829535 0.003086217571580678
35.8218454282744 -7.693892446485567 0.003957341638116741
35.85588625768434 -7.660057098152441 0.002725235230295158
35.844580372734434 -7.648151931083793 0.004776020196247569
35.983307495523015 -7.670340909018384 0.004452701476654153
35.87969264317999 -7.630990048432891 0.002942280812509704
35.95267979659797 -7.6216705391635955 0.007063895235703894
35.957054570441954 -7.570179802689452 0.005656153663188723
35.7453689819016 -7.6830832449484205 0.003890926299335327
35.78838755704337 -7.650114905884792 0.00690207611982911
35.72007563749829 -7.662188784178395 0.008595040741137544
35.744506783344676 -7.640624912493229 0.003755043129916147
35.776032239722525 -7.600622957889919 0.0032210327801482463
35.887948684762186 -7.58751544980752 0.0035217191963292094
35.88337759281499 -7.575657333667737 0.003465609932289333
35.79985610315749 -7.553897969970668 0.00340435318450715
35.85492174351139 -7.550395231369797 0.003308616106774386
36.02518089577788 -7.568451951558853 0.002732965092665567
36.031575470966374 -7.576031367296191 0.002751263329193557
36.09323105865867 -7.553050082753277 0.0061886274540959175
36.00858118004149 -7.566666154117257 0.005930254880635941
36.031327794255354 -7.507747059228396 0.003973875755377049
36.14880169653938 -7.523994094607642 0.00987940261577513
36.12930111198668 -7.487802951596498 0.005038008543188718
36.13938861728109 -7.493457232041254 0.003989997968957296
36.049987335759454 -7.489597174893952 0.003634344691311685
36.102352637430585 -7.46298741052179 0.00366949068530082
36.09827342730463 -7.45508124272893 0.004854175060319045
35.987615875498804 -7.520077251887555 0.006010671796269734
35.936315357408766 -7.503872805458545 0.0037571463274706156
35.99114941772409 -7.480945846239811 0.005435172092729644
35.92193154452899 -7.492013931406418 0.005952717938973709
36.03948741777197 -7.405699953301608 0.042724853734237095
36.01517643113628 -7.410884999366315 0.004506108136592307
35.955611019834436 -7.409552719145565 0.008920093047356874
36.013956737805835 -7.374443661472946 0.00997369308120726
35.655761897749656 -7.565328807393667 0.004479259615143893
35.688548952460614 -7.526372001458972 0.003048440477623081
35.79530783725745 -7.470769863032543 0.0041685679450232825
35.72928367112519 -7.516381029975465 0.0028857224265866105
35.814404336093766 -7.44402570900022 0.02308158528384332
35.6091055474261 -7.495098436748012 0.0044210626028275074
35.669682680763195 -7.478634901607044 0.007525426261184705
35.668582678626336 -7.483612736734069 0.006815554180958761
35.54434840041377 -7.481372272955796 0.02925134719135004
35.58892242041224 -7.471379631016673 0.0027409525960767045
35.58934970942916 -7.432891449158767 0.009523601716375054
35.63114016695469 -7.435884780846295 0.0048748704032219176
35.614213108832466 -7.415470820835987 0.005570766555563483
35.62562918229784 -7.384840534565465 0.009079354004975336
35.86725368976079 -7.400132495869161 0.005121332635734541
35.93014167825828 -7.350721070539071 0.0035839507630479775
35.86631896757534 -7.33211294624185 0.004034273380462757
35.90585263518322 -7.316316741224791 0.004214606956144632
35.74013404869459 -7.358844957852424 0.011092453571603673
35.82449320416404 -7.329945234162338 0.0035957397374781113
35.8423838277304 -7.319834742822985 0.007841066725642625
35.751515158799734 -7.2797424182907555 0.00397502390367946
35.88821553427459 -7.300065204130366 0.002704617225007539
35.9081117116925 -7.273578170678156 0.006917799085875188
35.91021244592957 -7.261191814330211 0.00834998094902789
35.80423391426958 -7.25975089736692 0.0026623146048970936
35.80289051617718 -7.2492552236598815 0.002963096835101109
36.20429278661368 -7.447110783732486 0.0044862008634318756
36.262945974002825 -7.435627151697418 0.002656741376726122
36.201787483820546 -7.406450624417417 0.0041339027878468425
36.17217242150922 -7.406491553782997 0.0036088250578144524
36.149787395314185 -7.413334493698819 0.004798558454591288
36.15653324649288 -7.379294838322304 0.0037260975842196443
36.35994591820076 -7.352741592613221 0.0028224441023809764
36.32492920151498 -7.345557372145996 0.003247917914121336
36.33419409363528 -7.324077972488419 0.003691891588731601
36.34119291972175 -7.299818738611229 0.0035046574401098834
36.243872574909815 -7.3531451689350815 0.003092128435642218
36.26923101604464 -7.33869998754516 0.005316385130124799
36.225463149631295 -7.331207335024466 0.0036705229987460683
36.306873538609096 -7.317626965050756 0.006225410081075762
36.18351192741598 -7.330682652087451 0.00672838555259903
36.17091956184126 -7.3305380538446 0.018461181821259005
36.13430581286716 -7.272350997704068 0.005423765754188524
36.15352262851544 -7.238942299260266 0.009169544650438222
36.22755650623808 -7.203460679614287 0.0047911732972092886
36.405010419061234 -7.252038002746428 0.0030709976535749665
36.33867821007743 -7.224510771163871 0.004033832118407502
36.390702660543056 -7.231499305391598 0.0033214626995030343
36.37754831582194 -7.213953869660276 0.005857009043723634
36.46325303042204 -7.222821650506106 0.008118874152276726
36.44403400675068 -7.1564842211571165 0.0032425080997200415
36.27934508681727 -7.212253521646476 0.008023959807608538
36.333823417385645 -7.205120960056254 0.003694727300501203
36.25969382489684 -7.205605699591896 0.00453555209536995
36.25542070670857 -7.152348086441849 0.0037328479451505165
36.41203972073835 -7.150020363457598 0.00706854333095975
36.398999009992245 -7.133654214766269 0.006163462949083793
36.454659950711175 -7.111533785650587 0.004228016364935737
36.424152971388665 -7.088121943957589 0.004553411547808967
36.361268685818814 -7.123455349925135 0.0032411295441178906
36.3051344875064 -7.102541282399667 0.007313635123174314
36.332810572637776 -7.086506310263641 0.003257784889677488
36.05238077476289 -7.307750031173987 0.0028971674660590143
36.0319362005346 -7.291351530439171 0.003572753469310218
36.03790405604276 -7.27144600542784 0.002788132633462543
36.06727105570022 -7.259457540367928 0.0031401525703363656
36.00460973135221 -7.218484487462476 0.0038408173484647022
35.997187855645834 -7.223207566963912 0.004428342516308919
36.112612728534394 -7.246750906921685 0.006576723667694654
36.12753845301363 -7.1982863017606435 0.01520664017444866
36.16011202828448 -7.202463319362833 0.003975923545678782
36.160988841543926 -7.167862243369033 0.003676673582380801
36.09378415816602 -7.186249658722062 0.0031583867177567707
36.13944777366216 -7.123138717753895 0.004616561119258665
36.115402977206486 -7.125871094519433 0.0035042315030811783
35.95598384795495 -7.214326227728965 0.00820953908064821
35.93221568286307 -7.206458091909529 0.005895592865381222
35.95987699205203 -7.194165257771317 0.0037940134365604516
35.950016072215895 -7.176626947302601 0.004105347220627781
35.96494975025483 -7.159605102003397 0.0058113688292755145
36.0617922255241 -7.147068488523375 0.005269055093685622
36.04385594847064 -7.133086752538144 0.002649748070715429
36.05492304933463 -7.124661676564701 0.003658888917059857
36.03286655526727 -7.095995288446743 0.012861957630735438
36.0495364009453 -7.0904485481261 0.0032528996788496307
36.2042266181045 -7.149078584767792 0.002728640397791855
36.23783526661563 -7.101835759218807 0.004984296561913227
36.25729715274569 -7.087484969633004 0.004628226872477225
36.144119384051706 -7.1165928285016395 0.004926064506698967
36.328923340387185 -7.0599316487088055 0.0029066762669258447
36.366518124090106 -7.04120691591673 0.01686462387035018
36.34649815529332 -7.007916220712451 0.003380239166841432
36.25105949044713 -7.023076614707274 0.00618326257809275
36.32177188561937 -7.009127033554213 0.0049663401852332485
36.324131865654685 -6.994178698682388 0.003281909602641714
36.11615342701702 -7.077367170946342 0.005220301056313644
36.09895922464106 -7.03616678517373 0.013400816014422645
36.09821730219743 -7.0212841508354344 0.013541515139517877
36.21586776654 -7.012028726293619 0.002785051334816131
35.52818758916368 -7.439672433717426 0.0031981297887846995
35.48269200134479 -7.439781299131826 0.006787936557881449
35.526393060052705 -7.354509268281992 0.0027692051436341
35.59577334596944 -7.383617652248701 0.007162140059422709
35.60456915516754 -7.364035128821239 0.004329354809685363
35.62032711083835 -7.356462119077561 0.0028465957041393583
35.566017357137454 -7.359316965281032 0.004448083995036408
35.65377151261419 -7.348481857029502 0.003981589015687146
35.652580567812976 -7.330475129178783 0.0036268800667342165
35.5570695850595 -7.358004237880075 0.002930633465620684
35.5346729965171 -7.334822214476565 0.01075853258604556
35.59900163045585 -7.29515860605371 0.0032404121702665862
35.40689946995684 -7.382856257495714 0.005267189696156559
35.45385841873698 -7.375531884201011 0.005119936145659834
35.40958026780462 -7.345565541311282 0.0036316581769624966
35.37823873571385 -7.352531941763528 0.0029700042420289707
35.418008199993196 -7.32103447849377 0.0037555811416349776
35.50208069585368 -7.298560468278074 0.004104831974768114
35.47841578585847 -7.29153714030502 0.005042233629281834
35.54975835883854 -7.26461180779433 0.003138581746403431
35.4558502127771 -7.25615133420009 0.0033365256631999168
35.49130335231832 -7.220152550442394 0.004585023380481713
35.67437330301619 -7.303945489844768 0.003460735672738963
35.70101309772702 -7.260145214778579 0.003599172564113054
35.71720329089669 -7.243207094363336 0.006781775274687942
35.66649706462694 -7.220205144013714 0.0058444247281687015
35.740275268951684 -7.21433544387364 0.0033305271983140915
35.75572418577091 -7.168723813906104 0.012529885276493864
35.61273300415468 -7.1975614030492405 0.005287649561656152
35.563793601709115 -7.194484084513157 0.004992607382924506
35.580695176335 -7.139884699871542 0.00918428960267707
35.74036590464958 -7.126158356551385 0.003890181727600438
35.654472612577216 -7.0844333528292225 0.006852010654788832
35.722935713466356 -7.064387065534599 0.0034069108520188374
35.32888277862772 -7.326469687672898 0.0042610222758240205
35.3086979736887 -7.293188213288896 0.003419931793218906
35.40081537250296 -7.2569765505078125 0.005777028560534677
35.298853287179426 -7.26841014930556 0.007294623637801218
35.31242638892206 -7.216182312301957 0.005467033682750187
35.32191782577019 -7.1943297422510515 0.004028151996039224
35.421591940240766 -7.2378724222199935 0.003426297778065965
35.42700475433666 -7.1909998355856395 0.003352598795264097
35.483137917857604 -7.192480442230295 0.004226646236662214
35.4341882196867 -7.180904864047193 0.004082993416103986
35.5721018748479 -5.091765780648806 0.004099267927064794
35.38552239607978 -7.153076698076874 0.0029707860068795785
35.23189212044242 -7.2339589652846685 0.003519122863081642
35.27619715127915 -7.19835322227067 0.0051492050868561815
35.26098172219809 -7.173609405503935 0.0036199862390434625
35.235632523659156 -7.178494813136405 0.005859450026157167
35.263266882011614 -7.156139353533385 0.002692578164890213
35.20255291065628 -7.142820103935621 0.003094923435676229
35.3937038433507 -7.090113251110492 0.004082007653138252
35.27074013332189 -7.109355241113789 0.0039140808710183585
35.33114026866556 -7.08808762371294 0.009454128036373605
35.4857726992657 -7.149784116273932 0.003606483998450802
35.46244015289469 -7.095529392291312 0.003531525606673114
35.64566353418764 -7.028858836164395 0.012860063990891785
35.622346086099014 -7.041934942367634 0.010006628912087954
35.613917555413266 -7.026114794835309 0.002739805351484378
35.55418250548137 -7.033315862160834 0.004382598286704867
35.549915769972344 -7.000656406251337 0.004405727374733376
35.45374879284475 -7.064647970451501 0.007305302173450166
35.44488354676397 -7.031759384257571 0.00395501818419047
35.47255158539696 -7.007454380057264 0.0038303148093174156
35.44016601872392 -6.977882643524731 0.0037798434204686982
35.440101642953465 -6.986545974046078 0.0045618513513474585
35.514787738244735 -7.002211242741092 0.007039622401227455
35.50245874375557 -6.973324875090676 0.0029036973258507845
35.90159786943336 -7.1010909373493245 0.003219596633551696
35.96671008092651 -7.052759839414558 0.002773131088799736
35.94152766380584 -7.036869831076269 0.005616217127420387
35.88888428330788 -7.027514561882411 0.003037878390578424
35.747280121105675 -7.066616626591944 0.00277907018281531
35.81528864837296 -7.020323095779557 0.0030305755115933052
35.81468137908857 -7.00731974694441 0.006238901149316699
35.797520060666244 -6.993858239047055 0.009232802266198574
35.921560575102426 -6.960342934112604 0.004763001185608124
35.87571847438824 -6.948779753029723 0.005184930801278081
35.91302807244788 -6.927872865722261 0.005476818825716097
35.81374276481241 -6.940412697454233 0.007803544379944936
35.88948868242909 -6.915161878418362 0.004655620315353423
36.05071953123136 -7.004611608832356 0.0054792582424919075
36.05785828857025 -7.00803258857285 0.007919663781756656
36.02199457738527 -6.969571740100978 0.009682574107201745
36.07940741939481 -6.966297408591504 0.005917725752581188
36.101534991746455 -6.959087029172251 0.004501985217269677
36.09123287235445 -6.937713239998689 0.009061532337091869
35.99107892971489 -6.9722943835686415 0.002985458129196898
36.026846276289206 -6.960547011110221 0.005324735807001493
35.989100237982655 -6.933581313838577 0.0037804510544338387
36.1098184660678 -6.9076038028841396 0.016965950072236172
36.15717027412689 -6.841542971217328 0.00881081281148519
36.151933465461795 -6.844048100279093 0.002784648703100388
36.090100558873445 -6.8432280878854845 0.0032410879009761406
36.10045127612547 -6.839022158288303 0.0031176818854650136
35.889594005134676 -6.875850283709515 0.006281212909685345
36.04337378382698 -6.840845353425516 0.004051905561412745
36.00444074636719 -6.835395722110855 0.006793604569752065
36.05273136580034 -6.788940674255708 0.03254462570655048
35.69584556212103 -6.975672896050021 0.005899141718688483
35.71545608498698 -6.980077116703511 0.002954790061661878
35.72567486404233 -6.889259350353953 0.0034525243051492277
35.706222310363245 -6.862714519585046 0.0027870674845706252
35.631376747441216 -6.915009196420633 0.0035070570412948517
35.56076650471088 -6.914460986352581 0.008833880490993025
35.628329489196226 -6.872571757422308 0.006685155438395634
35.70004377702491 -6.836121521424283 0.007922103273419584
35.727491626563236 -6.824784579561251 0.0036662335268400964
35.72165746437152 -6.8248043385141095 0.0037052986620444216
35.74301461389278 -6.7958662846322095 0.005419731412827045
35.71455630693906 -6.811408925468516 0.017764224768767472
35.86376458464513 -6.841141578367393 0.00307943339099163
35.83297942840049 -6.835515102965778 0.00327007866081347
35.91675602762178 -6.762075142496436 0.005822794252004001
35.96224807009731 -6.741504469759872 0.0026994124378580064
35.916570291410146 -6.713466206674035 0.0031872507325888446
35.94963043205028 -6.68751613092071 0.004017150518611638
35.804018477998085 -6.766714528507741 0.004129192735524642
35.735092972184574 -6.739828230323996 0.003505936651672054
35.73422605845707 -6.68797957072736 0.003567504007265588
35.87800031230958 -6.708912782220515 0.006575032057275092
35.85759969019927 -6.683275098874669 0.0035853582303366363
35.80135557269193 -6.678479894994887 0.008154498170307431
35.82221894070931 -6.6673008103484275 0.006365336240308902
35.78103300869883 -6.6477637127934965 0.002692939115697885
35.86324672231428 -6.620355847495268 0.014178104552641095
34.43622293166612 -7.693570293754017 0.005797190403500563
34.43363944440512 -7.699959180415456 0.016728109960789547
34.426537481728154 -7.686176804629168 0.0035821674610642877
34.407130560237164 -7.685343148263833 0.003146860090648058
34.52407789813599 -7.644636221248375 0.003098644543352755
34.3701649208684 -7.670139189684634 0.003219034561928061
34.41390075314811 -7.650737804247668 0.004576005361370903
34.382419075250894 -7.621999106449115 0.0041237288356612166
34.31334192661924 -7.636649549944631 0.003472987575317569
34.36395200861553 -7.624553024902878 0.005076672172403616
34.41798473828641 -7.5861664715505635 0.006821256562577519
34.371373224144754 -7.552215686196932 0.004638808129772688
34.46477606443344 -7.531932818140134 0.0029932635324813124
34.44678723816658 -7.539497728982221 0.00325689756605806
34.62314945874306 -7.590776712413851 0.003580887520859009
34.66615737226513 -7.570042112216285 0.009340166854468514
34.69283482189851 -7.553819565671323 0.007622428505869352
34.71284644179099 -7.528903252338237 0.005314380362116514
34.78425344537219 -7.472858490843457 0.0028691001925609124
34.671629070652365 -7.487328641163009 0.010599937257336493
34.671028548105625 -7.451917666208416 0.0034273746057733173
34.71520303974097 -7.458138846893001 0.04884229283514159
34.69064431241466 -7.448983607379334 0.0034946919501957336
34.72222520139341 -7.417221880503056 0.004939008568647961
34.561675332974275 -7.5364988880241315 0.002699874826857797
34.57710087395179 -7.516801765278956 0.0043530946943557145
34.51412152769029 -7.518904864583736 0.010718082845830836
34.51971580095738 -7.510717145204783 0.005917456780129441
34.5846055541663 -7.480887786693372 0.005034796882529496
34.53166880855025 -7.470298554805856 0.006045255761287837
34.650085790273316 -7.45454348782878 0.00273337648949818
34.64019392182345 -7.445967199800658 0.0033128735509609284
34.59735659994081 -7.418889075770858 0.02350625884133705
34.30029756453545 -7.565166179923516 0.003526305297842731
34.28588785768146 -7.53447865456596 0.004368646706348575
34.28681913119775 -7.529895947011331 0.0029443187498131105
34.28932320792291 -7.51707021162995 0.00821399680549747
34.34764203051749 -7.533577154110454 0.004281659033257568
34.317398574206905 -7.44901558326487 0.006388487650720165
34.37178219463231 -7.444537940060145 0.006392863987392374
34.20927828239235 -7.493556270973963 0.004332200714186812
34.15880718536478 -7.437098849607267 0.00421648985380987
34.29124672129877 -7.346395900850815 0.0027993879549749585
34.47347465381825 -7.411046476022647 0.005322002320987978
34.416695978827676 -7.412253426714704 0.004213869867458766
34.405836745810234 -7.389055604528898 0.004991346326658196
34.511043384723685 -7.370168158698094 0.006085281871152401
34.588221652052184 -7.353942200820301 0.007251375578716844
34.590779064498214 -7.346272317599378 0.00427752045118317
34.559180554768474 -7.316840736303553 0.005170713734063009
34.51327054063327 -7.298767754989573 0.0035486970837368486
34.530168838906846 -7.287204915483797 0.006011539009241695
34.50928196845168 -7.288907687604038 0.0041245628391358815
34.39333172508148 -7.377469936543896 0.0047237770256577626
34.38223298415454 -7.344991653164672 0.009795123579606158
34.34311574042094 -7.321713046740774 0.0034547733007596884
34.32433276239857 -7.315026167260149 0.005904209709200894
34.32342102767884 -7.314914659374838 0.0040832516348122535
34.492356902885945 -7.294534232063333 0.0037458459656306634
34.46948688733404 -7.293923134759169 0.02364505165520579
34.452282544364834 -7.281732332906293 0.004673207441871703
34.457661955723665 -7.270237137300184 0.002642472885036341
34.394529230608725 -7.233384981400544 0.003737877717784484
34.42565121829583 -7.223482871385983 0.007072192683469059
34.46174320824833 -7.2064269340835105 0.012532250570857016
34.80191811356838 -7.4737178982847885 0.003997209304019813
34.798025801350576 -7.474329599252289 0.006410261841567175
34.813321099859444 -7.451624583962049 0.002922895069083088
34.87198623217711 -7.41007303971148 0.0029834026394397984
34.82957882463109 -7.405829759054918 0.005380886352860988
34.79430945397113 -7.403407700740304 0.002957098524783174
34.783784063259155 -7.376543449059332 0.004153766501710968
34.86459434048659 -7.375750960321943 0.002921132856354768
34.871140989679304 -7.354629291547624 0.003502930893983254
34.87816161873949 -7.328820398147023 0.003376074250927329
34.6771679044951 -7.325059539420532 0.003561713190128148
34.72845037957759 -7.318422393896515 0.003869770633959163
34.69324870411375 -7.2923974783475645 0.0041050537182236915
34.792929566357884 -7.3159770622804 0.0039056118936182027
34.75794596199959 -7.234969732320192 0.0027611190009328443
34.81680520853821 -7.22163427836001 0.003652102766265178
34.97039347603441 -7.292922884866714 0.002889668838333579
34.93879434310969 -7.293620800849968 0.002860244667622921
34.54424927389238 -4.29440617646495 0.003541899381923845
35.122461791992684 -7.191491178197217 0.002823584990446601
35.037633305347974 -7.179778450635059 0.0026467151274365735
35.03196066713287 -7.156451776538105 0.005346919671662285
34.89080217224739 -7.235492229894999 0.013373507623815352
34.86676628970512 -7.219231303788234 0.004040218887833796
34.83446652311796 -7.197770702630905 0.005531678799963479
34.85614062921675 -7.17187140568145 0.021880337222620345
34.83125502052578 -7.161354242918376 0.0029322701517598532
34.9782698674472 -7.137645834153432 0.0050132142977970945
35.032440465987634 -7.1003020966036505 0.006142067778329682
35.04617500102932 -7.08987659977672 0.005521439204757963
34.903231020689425 -7.104676217671123 0.008477302383396484
34.63707878945107 -7.292276827969775 0.004947240800723984
34.62734836315483 -7.29162351359311 0.0038326142465108285
34.662642066872856 -7.283420805212339 0.0028091716999688455
34.680562032288606 -7.238588167144956 0.0032674364883058743
34.57759302411733 -7.256876360633191 0.003787399562026478
34.72007808719178 -7.226727947340935 0.002867654658624552
34.69677165712855 -7.234454407368304 0.00414166201217643
34.72211733308412 -7.184052354712447 0.005654365456004633
34.652400779823736 -7.189784841533781 0.0037973016205051125
34.5566825213572 -7.211642322520691 0.0028977075651465444
34.537672162110056 -7.195485337760992 0.009312098574548264
34.5602634250795 -7.185412255456554 0.0064000442927901885
34.59520716670661 -7.166780462725052 0.004442891522157087
34.558408126060854 -7.158907757416429 0.007872126233626488
34.54625833094926 -7.165530134388329 0.008392170518805064
34.653365031582375 -7.105470329208191 0.0031592128311228973
34.56730771541593 -7.115832692018218 0.002719597445775803
34.65166245882442 -7.0713742184604795 0.0032040809113798724
34.64732119232951 -7.049717749750231 0.0041046468196530295
34.79953510463632 -7.126444078656197 0.002933075718558828
34.798581421823364 -7.117623456446854 0.002844100898988733
34.7955942135932 -7.115555871529276 0.006362185677101676
34.83605307181284 -7.099477013585016 0.01124434946399144
34.859668765196794 -7.094982825236252 0.0026494548598836112
34.85265756791526 -7.074330004325522 0.002710027479513765
34.842506727256286 -7.067078267493168 0.02705518301807458
34.767140198195236 -7.068505271241889 0.00822115345216504
34.89734213796281 -7.0675304224494555 0.007346897140939111
34.91731017781687 -7.032718021735341 0.002983231695873184
34.870872196106234 -7.045148734981232 0.00573947977205115
34.74683164303802 -7.05892454842144 0.005081731380868018
34.74980888068866 -7.0228438633825325 0.006198793295140463
34.65618664020192 -7.04905584154829 0.0026716588702450587
34.71628529037098 -6.975068589538179 0.002875974225752207
34.82447301442523 -6.956574896206973 0.0028414696038760227
34.79404121645976 -6.9422875912094755 0.005808077391451597
34.82083945698873 -6.897455860081333 0.006288083420555263
34.06428731367922 -7.442055822998664 0.003566902388298526
34.09961362935172 -7.425954619749533 0.009714014437648237
34.17919504062115 -7.40958171033667 0.007399847329019888
34.17185471875189 -7.400060838799154 0.004081717229118069
34.13536292209466 -7.408129734621177 0.002931556438173958
34.14997338548093 -7.394965415182312 0.0026800550180141247
34.03545781319282 -7.400388820068019 0.003983256235026158
34.1070299237261 -7.3978153904313935 0.00309658556256955
34.10844529105724 -7.371685272038765 0.005436371782709195
34.10872636006534 -7.340189586627105 0.00386908877529674
34.18443888834719 -7.401510933136675 0.0058389371373882525
34.19981778184525 -7.380262907374545 0.0042232367153692925
34.11185487336964 -7.337630115953582 0.0030250653397796866
33.99624292561885 -7.388299791524827 0.00354404318001122
34.05054207380572 -7.366309097775152 0.006040048968840853
34.007708396573115 -7.336875003361624 0.0030553848412161514
34.00236607697938 -7.332593607138461 0.006047259279518112
33.98336391882283 -7.334610072403611 0.005122903434613166
33.94120178551643 -7.343347535795071 0.003952555479997952
34.03198121518416 -7.281374845695198 0.005815035690602688
34.09579928621685 -7.322234601537409 0.003014802693547881
34.08659638263929 -7.314390689519839 0.014579307118067129
34.117875662106854 -7.278856697253487 0.0030147361567482143
34.05332317996798 -7.223907668726726 0.002684596345269922
34.08594442140955 -7.19540028419037 0.009477727974492284
34.102666000511505 -7.197096227097579 0.0036006168505857837
34.414194025085855 -7.205463477332103 0.0040142775314946115
34.43803955275708 -7.179034661464117 0.003059944148527715
34.39898885324669 -7.152174899239332 0.0036332650786055714
34.31800071448015 -7.195347395938996 0.002887127607685209
34.28914289385451 -7.171216267034429 0.0034097398841832997
34.2442109726332 -7.20772253944872 0.0027625381205961088
34.22646510960836 -7.182710252498299 0.003359891821414837
34.18397029424829 -7.174854827025629 0.004107760265222957
34.20070715126079 -7.165862039801398 0.005890018171095449
34.17279064309071 -7.164253967404405 0.003830081449128207
34.28256474207838 -7.161290349372459 0.0035718086083054517
34.29526013086554 -7.146278645205261 0.004446913477970615
34.27467312867588 -7.137947386583776 0.0043356553765494694
34.315244931352325 -7.129673071398289 0.006458076045147778
34.21783091263832 -7.123794136696136 0.0029134742873958173
34.239912682774346 -7.089615087172426 0.004786010748415175
34.26081299394609 -7.087016316210577 0.004403425059447462
34.282666286221065 -7.045764101761003 0.0027348291456245747
34.288843000221235 -7.048975763082511 0.00538160600920191
33.94070558385764 -7.222997878862022 0.0032052484188174095
33.94520200341212 -7.209594437705364 0.004190831210804257
34.06322961909846 -7.187834985712141 0.0031521165310993884
33.83665305898874 -7.236983868205582 0.0026950084710563576
33.811607147491344 -7.189921789653257 0.0028276485815014953
33.76947769883022 -7.17019384294739 0.0031094865284616528
33.840869250197606 -7.172101296467774 0.0064800491453480815
33.83894020169584 -7.126318599627184 0.03255052211583011
33.926246163162425 -7.049154142034544 0.009874831633566993
34.11376565039367 -7.116824014306334 0.009687215690435362
34.12165022731617 -7.124911335617635 0.0027196027998804507
34.10606575412142 -7.080241661604594 0.0029693284172541854
34.22089962947198 -7.028824550874965 0.003344626447564687
34.21874924797349 -7.032045848587937 0.003556185891271652
34.04849027649277 -7.060128431216135 0.007598608858796331
33.99922685179199 -7.045491862974895 0.004119729104158402
33.97424538724853 -7.036369875919825 0.004078788767307148
34.00516139469602 -6.971966369136852 0.003112303345834374
34.10942064949995 -7.020653111174516 0.003950048877875058
34.09385762616677 -6.997236576338754 0.0038088815289076313
34.07604623778129 -6.9507039950517155 0.0034136089979851496
34.090157435617655 -6.921336535340841 0.003574878283252564
34.4164877866728 -7.139459542714437 0.0034311440354381213
34.457996505064266 -7.131454269376773 0.003442082256751942
34.48075441174034 -7.124343691422399 0.003780889410566088
34.50101546451451 -7.098492205689567 0.006995408487564896
34.40773065664587 -7.131305743270129 0.007119764022496516
34.39930752176473 -7.123298685749624 0.006085903399797962
34.43555483801684 -7.080475112473423 0.002663746147508301
34.44140440128949 -7.069320656161279 0.005228688622599456
34.55740091066146 -7.061001779509983 0.00657749489391027
34.587225468264826 -7.059835831082681 0.005740345726140545
34.599983949056536 -7.032069460176557 0.005788718351688538
34.5281357197897 -6.995267326226164 0.004307145814109329
34.32447932719819 -7.065478770235061 0.006858037011938095
34.315732641349776 -7.058020979785847 0.010530361358079185
34.491957402961646 -6.984738010358671 0.0035591705941534924
34.48504933059461 -6.931149114658415 0.0052764485727454825
34.494239067245104 -6.927704237457009 0.0057512413702872885
34.441459005912144 -6.929508035139797 0.018073906015569383
34.494509728490975 -6.916766498633582 0.005254423877002473
34.62737716507258 -7.014320901034106 0.01310972961658382
34.64810408769054 -6.9934242637652915 0.0032533464177937834
34.645438984309465 -6.996108116238512 0.004966737639189022
34.64258672888827 -6.9993754667981705 0.0026482080696511932
34.620768357538196 -6.968642088823657 0.005189805710989398
34.64587602749649 -6.947398117632599 0.004521189648773803
34.58657296362493 -6.988748849337853 0.002760809747379237
34.69858876889454 -6.905921705261188 0.002715759013490777
34.62203070920513 -6.952031752809526 0.011325508480686888
34.74635643311796 -6.913761811982273 0.0030703948193894284
34.7430912128494 -6.867174650018682 0.00316888026337065
34.720582399304014 -6.864509619520191 0.0047861021618223155
34.544991401610076 -6.934879952019507 0.005370777299336732
34.57626288864609 -6.8931856953366335 0.007919987380859979
34.49393948816042 -6.907193567327575 0.0053497400493721274
34.49102905845978 -6.900400981931224 0.003114349220679737
34.63324295129072 -6.851511205374579 0.006603829768368834
34.607755524518794 -6.853428536914009 0.005058138066284445
34.67522157071983 -6.8309114812046445 0.007649106357077854
34.6766270406674 -6.835536728227203 0.003598934267783603
34.57384046161463 -6.776895905441599 0.004437983003189808
34.306075457156695 -6.987151671041302 0.005230929713980824
34.28358736107502 -6.977047999113697 0.005329566550325651
34.30904296613099 -6.946066340080066 0.004860807078459252
34.32854889583958 -6.945342098863603 0.0036914307839988852
34.31553802682745 -6.928758868058353 0.004802226772489574
34.233676177260584 -6.968913289260188 0.0027514618441418434
34.38272839023947 -6.929787561782887 0.0030711726715890587
34.42013738087004 -6.903870926886889 0.007175240454837099
34.181958400458775 -6.948221983807323 0.005169065252857696
34.176284441927805 -6.89403299759428 0.0026448005078287106
34.14833159789183 -6.88520705246922 0.0028304050120900527
34.164827919319315 -6.8746130296537125 0.004898689914402557
34.168779968556144 -6.834786248455346 0.004101584182594321
34.33728868246559 -6.813290067878476 0.005253113744861761
34.3197009062807 -6.781165689398205 0.012233249535318857
34.27155525095722 -6.802335210260198 0.009471199281719016
34.25597041196286 -6.780392690520391 0.0031758311168171567
34.27108670503282 -6.772555155584143 0.008684988037898347
34.46413047219044 -6.861329608323479 0.00290804193301234
34.47451295438184 -6.8270451416444455 0.00565626736188818
34.515838152111094 -6.822105229057238 0.0035611536287744566
34.40531278557067 -6.801688029991948 0.00309372484188002
34.465087598756114 -6.794843636033719 0.002852434690778336
34.54561506049688 -6.795171604192681 0.003127133662553218
34.52851683949182 -6.748066929781289 0.0044248170571276535
34.58430753584692 -6.75019109195431 0.0030573700690325997
34.33342884248361 -6.728839198378421 0.008041679300941467
34.34104165488622 -6.7130741856567155 0.0032051702617872683
34.38720178394514 -6.690119535407351 0.0031648214223116535
34.340528842279426 -6.684546357163464 0.0027469747638013712
34.38807512534886 -6.660654462798056 0.010276949196329889
35.15599927074641 -7.1497199766174315 0.004323776876707067
35.16786089890681 -7.109271561849132 0.006956665069169148
35.11030744641818 -7.1230892807702375 0.0029327936994255964
35.081162737904606 -7.097769715829874 0.010575183564528965
35.090040293780596 -7.0969406395833055 0.0048849680167447115
35.25782504759903 -7.078540048302098 0.008824635269219066
35.245447914677605 -7.038187583569237 0.007149153214909352
35.2476681571194 -7.03385667071933 0.004764429166578171
35.26237334579191 -7.039086174333151 0.0028344260425446524
35.18585014936177 -7.015537195664825 0.003454200952661818
35.08866890565132 -7.066144265694449 0.002698608690520123
35.08678216628743 -7.030268495432817 0.00402613445792673
35.03260977106065 -7.056391509883173 0.0037099100903336016
35.097984976984606 -7.0010728644011575 0.003233371005899448
35.05710080115614 -6.986453993250307 0.0044224870473630285
35.129081254401044 -6.912855275211408 0.0047589160604427
35.162696032035115 -6.902354036513217 0.0028061207462798015
35.3587094307438 -6.956549278703323 0.003175697188980456
35.269267298101745 -6.956541879978544 0.0029841328920390212
35.289844186881524 -6.923836548736637 0.0032395328232526052
35.446259458447486 -6.921914697435533 0.003424122667087351
35.44371692928202 -6.925565430103653 0.003438212576825364
35.44694857634935 -6.929173756210041 0.0040862048940613705
35.450308289994915 -6.891836214243971 0.009819218962111152
35.43635306704446 -6.879309822979679 0.03283868230140144
35.292470383828444 -6.858743715931468 0.0039909364251944305
35.20269200392184 -6.852583297387729 0.0062022266765566
35.245579476190954 -6.868026960086115 0.004066364119520137
35.38268471304894 -6.814308452015894 0.0032153129124786487
35.01084233071909 -6.998066738931082 0.008903927182360187
35.05429590184247 -6.967155873469724 0.0029494079030041834
35.052752896634104 -6.9685095034865 0.004195027040954832
35.00836322597118 -6.912685372463087 0.005529693114594311
35.102297351037464 -6.860567921158584 0.003075592474746037
35.06562606749202 -6.8737402204832545 0.002678010463902648
34.927010352558646 -6.865542972331433 0.008560153542078931
34.87930452767027 -6.864562625781218 0.011407415215789033
35.040215295742776 -6.826790116538229 0.0069348755944025784
35.022180284565955 -6.817322476951684 0.0051962372228224205
34.94043677303268 -6.832426438895635 0.0031830583110452134
34.93745057389226 -6.834028842168811 0.007299904601806068
35.00527976456731 -6.781370927753318 0.0030717078643013153
34.97797421865689 -6.761187871111466 0.005137665967831909
35.156579108429064 -6.874362673067817 0.012515073502557789
35.13811775172368 -6.812949628565943 0.003047612173143754
35.292595324130964 -6.735496635416777 0.00717931633467598
35.04051712472287 -6.757702329369231 0.003916467929493165
35.14004958884042 -6.7223278371335 0.0034677110281625127
35.070012106917055 -6.721707877619988 0.006287433209149332
35.20234936225287 -6.676252432350679 0.002916136606210369
35.21001641835079 -6.683052706654236 0.005597715276250101
35.195211406653705 -6.631246360151678 0.0036666477478748457
35.14011475963332 -6.643127763168162 0.005451563493572005
35.07934539081956 -6.658364553485689 0.007650214981897551
35.1329489521227 -6.602507990413773 0.004869813447591024
35.53158109374619 -6.834257060579681 0.004675544551886019
35.52342726517625 -6.800812506484415 0.004100625089840823
35.5602855705479 -6.782956518723218 0.0053464266093093205
35.46839310668094 -6.820772453360401 0.0037274786071437352
35.506805287979944 -6.791496159114863 0.004522187441833669
35.51351286653015 -6.771885502084035 0.0037427835722841783
35.641602472658946 -6.7089437766154205 0.010544734263564575
35.602257380220315 -6.678795949583903 0.00887412669119162
35.43453316474473 -6.744996113447647 0.004562691385112871
35.405128953510484 -6.752387602708639 0.0055868858702367765
35.479971868799865 -6.722796977909885 0.002998719816451816
35.38284590714267 -6.75446231963683 0.004867271639308337
35.402221534334025 -6.718137124376304 0.007059238737487567
35.41347370959815 -6.71354189432664 0.00329390257412406
35.41948477163461 -6.676007639643159 0.00781553423169165
35.53888365816553 -6.632132081924529 0.002711399830817929
35.44723000981759 -6.646105378249723 0.03993982605562208
35.47593925948861 -6.643276434561863 0.004162049582111114
35.519121953652565 -6.604632121479996 0.013729280864340438
35.52228382405711 -6.602824077362119 0.004768572386990636
35.75821622826375 -6.645907908572114 0.004867290971951515
35.717061115660044 -6.644263278974194 0.011005330887109591
35.709356947092424 -6.632295695854287 0.005661501342271624
35.65158900734719 -6.607486177127821 0.0028189357967181887
35.83943783190077 -6.581536202747636 0.002713515518367927
35.83519560801105 -6.579286042876672 0.0033817827117291104
35.72908047915175 -6.610366506325762 0.023806555414940082
35.73322324116515 -6.547436632833804 0.004127896833219094
35.58951567243557 -6.583875795874525 0.003098694630704556
35.52868919675194 -6.583056335407746 0.0047794099636684715
35.57732936162574 -6.562458608697717 0.0027564055749078826
35.57990457984642 -6.565254321103612 0.0035118820366016185
35.57380221736977 -6.5417193461734175 0.0032998047595394773
35.5928945735848 -6.53506684836918 0.005080131446264482
35.71310959267425 -6.495248866928661 0.005425838584543396
35.716773674296086 -6.478550009029556 0.009540081714404482
35.629355146063965 -6.492798979914602 0.0028486687056567487
35.34855746029956 -6.667265525830466 0.0033655164265203818
35.32741291554285 -6.640337628701064 0.003926280649395093
35.338788642217146 -6.630045761181452 0.0035753104610999255
35.333572012450375 -6.602771471731257 0.009280311409431894
35.463546844871864 -6.595989194551148 0.0037959547751236144
35.35605176874861 -6.596819525070208 0.0028237934051535945
35.27650603688494 -6.556081848351125 0.005992974359677935
35.231569445252696 -6.586260182341951 0.007150319033457847
35.3339264517177 -6.563268488714324 0.003967390093976249
35.309472409064405 -6.555410178758299 0.013726079489467052
35.32836816649241 -6.511662603664089 0.004437332519924729
35.27871644569591 -6.119293118650659 0.002961352319849982
35.27206819942792 -6.50422028373782 0.005677559831501025
35.34323633671066 -6.458237940982771 0.01260997221421981
35.52510745019839 -6.531168574841809 0.004440202628859828
35.46017511276018 -6.52371363877577 0.006908883819685771
35.60571798324502 -6.434021410271084 0.0044539484337309835
35.62331658294932 -6.39699437489029 0.003319465579005749
35.441202724567624 -6.4727783982162945 0.016692695628771535
35.386438105230916 -6.422196295335895 0.004043195764414942
35.54089574207648 -6.361741306149442 0.004299342953110277
35.544888675996205 -6.3189823368485944 0.0076639682980176775
34.77152470314005 -6.842793026756488 0.010533733086788817
34.77733526964253 -6.846707031926063 0.032398693073708976
34.84273336419589 -6.829844893393346 0.004812910931365036
34.85236823469798 -6.787051481447413 0.012197950302932472
34.74982986356362 -6.784769251403061 0.00590657305153642
34.88961096840191 -6.748359777449033 0.0037100981983907992
34.85728967926536 -6.716427916991115 0.003918437008780097
34.88628773576971 -6.710834558933194 0.004900600834199061
34.906225556756965 -6.679017830433631 0.003213698274629951
34.76193935387776 -6.759484660496687 0.004001113577261123
34.77758880910431 -6.748503380743653 0.0031081931902846856
34.758970649093555 -6.727591178802288 0.005093851027337681
34.711603529303645 -6.730274250944207 0.0029762130361700384
34.83276576627842 -6.667669947041192 0.005561930907911058
34.773717274667526 -6.607575143913772 0.005218365143476179
34.99083227592649 -6.706747085034472 0.015582780729778015
35.02001843076944 -6.6943969631423235 0.005570249195927637
35.04664013837617 -6.662787822738178 0.004085790408881654
34.942770785418396 -6.650085701504942 0.0037058539936106636
34.952704270624245 -6.6304861850533285 0.003035165832420024
34.96623077201653 -6.5944258920937875 0.005609104996479238
35.06838776752375 -6.60901989470419 0.005484841597132516
35.12122479829276 -6.606688888938085 0.005560941861179112
35.08824483469674 -6.568164120494245 0.028445677379203334
35.01019186908235 -6.5918051264971576 0.0037169334439735376
35.03176058523792 -6.546699238157542 0.006409362567288431
34.86650545465639 -6.609466096438472 0.006852581739320283
34.96710681221314 -6.5865608663593065 0.004066273110726371
34.892894583655256 -6.573406744232884 0.0038261057963766896
35.02094252117874 -6.525507724233138 0.0039014369663161294
35.03894451994982 -6.4842618298829935 0.008204286627658356
34.9165543691441 -6.489157483620401 0.005622469582898871
34.66085729489907 -6.618526060619308 0.006525801728569044
34.60601833033363 -6.628013833295901 0.0030333878969057166
34.60978882691759 -6.605951357568497 0.038445074171309594
34.61339125347079 -6.600187248440049 0.0038623236162144605
34.699885947517714 -6.618507466515698 0.010540143765684828
34.72917900747672 -6.521210409418568 0.0029096975583509923
34.55579762828988 -6.635529495683687 0.005066682257607103
34.57468101311894 -6.5666102643449715 0.0050675585433822825
34.51565227846088 -6.566965885747512 0.003216977138679047
34.55136011163491 -6.569183474973692 0.003240400418701399
34.63895735393785 -6.544408804349104 0.016731234246518602
34.68693532639451 -6.517357284201866 0.022478958969963
34.60502023872896 -6.515511957479465 0.00643743044495198
34.623420757723245 -6.486622822453766 0.0029625786218548927
34.58927709588185 -6.466036179398376 0.003401818821072023
34.824072727547154 -6.526738852998105 0.002643543672991771
34.80562883122714 -6.527843164343177 0.006516941006198257
34.84558742106795 -6.52821337856164 0.014547014429326278
34.87730246105112 -6.515512192798456 0.006090319193814076
34.818088089715054 -6.515934926372325 0.007144555752851279
34.8528880179101 -6.487279442525128 0.005679469539059149
34.75368644247543 -6.519445891632781 0.003015371804570026
34.850730954720895 -6.432475937527441 0.005732457051592936
34.80745128045452 -6.429362839377954 0.0064924642903715045
34.68750703226704 -6.47421659571862 0.0032209118530911324
34.728994570303776 -6.449345105633602 0.00416689051587933
34.76733889242427 -6.42640139908277 0.009681843752160168
34.74095291885919 -6.4120198836142155 0.003941751346199895
34.69608030410279 -6.443492408389138 0.004463868060826122
34.80252375984916 -6.402031719565361 0.00492488659652587
34.8146358620151 -6.353192563000724 0.0026651784598686
34.79909212473967 -6.340171291427541 0.013454044804030552
34.83087965817589 -6.303877253450945 0.005526690439726007
34.78448991185242 -6.319807453400324 0.0034038385661466076
35.13924956104585 -6.543195426174518 0.0028994700669740196
35.16027112005535 -6.533695234949572 0.0035769890412886544
35.197692977179024 -6.50599119418689 0.0031416764358353963
35.10200945643255 -6.510117864568494 0.0027208464587671613
35.11566167138074 -6.465427260711053 0.0032024760064723926
35.302588057683465 -6.448865298092895 0.0035559703376318186
35.29907369542859 -6.423457036393454 0.0037382853141445325
35.197660758733136 -6.461791154110919 0.002653714452137927
35.243318765585464 -6.403960155778945 0.0028308795727244036
35.088920319026 -6.44791801864849 0.004334438842872336
35.07424628568077 -6.3619826267546 0.0030870980584778297
35.17255233310603 -6.399972241107009 0.004762058482228511
35.13407510914355 -6.395124515785876 0.003098385343541287
35.12821877808479 -6.379162429820581 0.04522256483909895
35.1287908096266 -6.3556402649399875 0.013072331561894447
35.12907477034719 -6.35527470357489 0.0028605923284763853
35.160875055883395 -6.33697901710524 0.004459348968635149
35.32381319443268 -6.409870338828224 0.0029186898620875007
35.377803468664254 -6.378483932357234 0.007169159696548134
35.347373499079154 -6.349370143590792 0.004265486527864867
35.27708652202479 -6.36598322906542 0.0032159505308144566
35.32693279209508 -6.303984181094851 0.007318567868736719
35.46015156177861 -6.29739720880852 0.005733540962548945
35.46422690407188 -6.247334427844563 0.0103775866813254
35.34833946282935 -6.288347368522103 0.0036312180591321413
35.44359893096076 -6.247843933432712 0.007221958768268729
35.21131948184485 -6.257944413611383 0.0060648072055870415
35.30023815974238 -6.2428786580740745 0.003692350027930416
35.32569378836682 -6.231417457018388 0.007462573036512241
35.32755708365606 -6.2343647700218865 0.0034976964369899046
35.31796549804466 -6.227595522813377 0.0074099816861366566
35.302501965012745 -6.223488871661341 0.0051482874768524495
35.30845180271768 -6.2098706369726555 0.008861230825694367
35.30665417690451 -6.166825314678841 0.005551543851132315
34.96192724213017 -6.382796951697848 0.0028351048479252237
34.93793483146803 -6.32023472001095 0.008726300505781302
34.93897082717452 -6.321423521047456 0.01117335518576466
34.983346091581055 -6.321927424554825 0.0496908227535561
34.99395241977986 -6.313522171291928 0.02401216622524705
34.96950080319688 -6.289854080428249 0.01058374565816262
34.96861409760164 -6.2899012558805225 0.008504170810360203
35.09350192180007 -6.319561100145062 0.031082222008303403
35.095198593004625 -6.3208135343099645 0.008958663302603384
35.09011707773213 -6.29560695885755 0.0028011506381900946
35.119080046486786 -6.251810350864401 0.007279449283481889
35.037832472673735 -6.289991621787502 0.0034287725718765817
34.994808136329745 -6.280084731725186 0.0032509898203583166
35.01391171804164 -6.267844443461558 0.0028629875840524336
35.04183490122798 -6.238444431220181 0.002713167833858083
34.898251800526644 -6.331851356330002 0.004230916941275248
34.89506288021742 -6.310671845141628 0.003620625448296488
34.93607681253995 -6.299859062236991 0.005363246272770415
34.93561795498434 -6.304184682573073 0.0029625415808561665
34.961265912066864 -6.267980175832201 0.004257199472007878
34.96560462136641 -6.271021556579815 0.0026983225612987405
34.901634740241306 -6.277761161792419 0.0027081508672419288
34.840831408678234 -6.254320948797804 0.0030033054529152196
34.86896259794984 -6.238462121192845 0.0027190098733680117
35.041967685794724 -6.202653470006514 0.0035172199642897754
34.91603267716791 -6.192024571835957 0.003232511656401303
34.975483578976984 -6.159480502967613 0.006294519881449256
35.088162109424935 -6.217324969527446 0.0041578347498457515
35.13088530704097 -6.187011194414672 0.02606001663588085
35.12816558469307 -6.15430634809019 0.0034128310521516253
35.276440016459446 -6.150959950756559 0.013771153196898612
35.27905470916027 -6.119182979119379 0.003750647372023226
35.20255998588311 -6.147684732089814 0.0027075934487617095
35.207679617804665 -6.097808902263814 0.005105520444496854
35.05030618019268 -6.169993941533395 0.010434186250328112
35.05389120089258 -6.157526025312165 0.0036434685459664426
35.05710022709308 -6.123910525808313 0.005112768685721146
35.05864938459597 -6.13040017243844 0.00597529353293383
35.042861938450116 -6.086991477660058 0.007609316083076378
35.10978230078125 -6.089003460160601 0.004478896684536723
35.099896206551726 -6.074999312317668 0.004414412720739045
35.09502869207799 -6.040048359888656 0.0056659097771251995
35.15582179360133 -6.036975034768507 0.003976246955754797
32.885466376120455 -7.883203318642565 0.011988723792198432
32.93400781144268 -7.878220123054047 0.004818161240276282
32.95918564508536 -7.810528172243179 0.002663675122500072
32.95492908246116 -7.790122622110002 0.0030106001200721306
32.95428184563727 -7.716184227333149 0.0030327784091574174
33.04359465893028 -7.691820863790752 0.004481231185406781
33.0548240788575 -7.688309950277883 0.003306915323924105
33.12579868214835 -7.658192200957419 0.0031127237877596747
33.16818448661813 -7.628081188289427 0.002701264241802229
32.95653404482711 -7.695614765607676 0.005145839361162735
32.95584973229969 -7.695694782941235 0.0037565115597756205
32.9859766100021 -7.654685756587135 0.007150716902355219
33.028922600443224 -7.626985895287691 0.0027227893273857476
33.060054326813905 -7.609370210753608 0.00586279973590969
33.076241683688075 -7.550433453752475 0.007018324503018177
33.081774631681604 -7.533910926775143 0.021286709046123186
33.05653536339969 -7.5476445261341665 0.003526524899749479
33.214245609292874 -7.589093632372915 0.0052095977297624135
33.24102102100402 -7.564053097921618 0.004947265235429387
33.194160121416274 -7.562675098370327 0.021084508182782066
33.17621859571621 -7.550807454704275 0.0077929616604368234
33.30446960011369 -7.549604546201712 0.0035363726622284724
33.33092050220319 -7.534729009988302 0.014441861130832435
33.30871150846815 -7.504860049107545 0.003304336971402303
33.24880161935391 -7.486826447999276 0.008435090366473063
33.338613083511234 -7.430993427201803 0.0029151493165539923
33.19991439063237 -7.464469917287027 0.0037621085266566923
33.167665511564756 -7.488475650580354 0.0027876918129134797
33.08766680653515 -7.459234071968053 0.003425717723840497
33.22446796068168 -7.447587390126717 0.002774965797295229
32.93195598652124 -7.560760527311766 0.004559025901720256
32.983311541242685 -7.452395264873814 0.002981205128160143
32.924416704862104 -7.433036138396502 0.0033693608446240726
32.91309102836138 -7.373734780492833 0.008224980549806919
32.9159743365584 -7.372471686214632 0.009608769150039468
33.11023168370455 -7.419696829371762 0.010583306276634378
33.04728745772484 -7.392280997203465 0.003965729515519883
33.04540062932999 -7.379646768938289 0.004480628991515037
33.157361742190176 -7.370864197907974 0.006740255347169767
33.154276178490676 -7.368904456710048 0.003986533836595615
32.95381533911467 -7.383395964216772 0.005512841733329635
32.92905427178347 -7.364213006301352 0.0069167213461592235
32.96659546822403 -7.359349738170935 0.002671065879315139
33.054942704950356 -7.295410155520576 0.0034413885120071134
33.09276786614228 -7.231098318190879 0.00381964850401967
33.00332883099298 -7.2891806130861 0.0066739764463093374
33.00297747433981 -7.287952323895741 0.005606755330435146
33.087218073151206 -7.215795020043469 0.005788367475961332
33.06710718863752 -7.2002755568238035 0.006772435298348988
33.40108265494523 -7.4680774534146686 0.0031022434738555487
33.4229645979244 -7.425716622170372 0.0027799912220557235
33.457680014112135 -7.383441409863561 0.0032840377040775906
33.382095785132556 -7.41027559479955 0.002807915405618076
33.378003046714134 -7.394369779812495 0.025510610540293566
33.42304459285175 -7.354358259011289 0.0038494627779883063
33.40845945359715 -7.35107115084086 0.0030005852123075557
33.388599553702804 -7.354109905990155 0.003124631593252809
33.47957077863487 -7.375149852330693 0.003174232029860508
33.478905417223345 -7.277111981102039 0.003689474853189189
33.31063994511188 -7.393157404479031 0.006399548939586061
33.341067749092296 -7.323010779975151 0.010820106852706379
33.28750425649448 -7.3413738688258 0.002757520721300456
33.292747173865045 -7.329895954102818 0.0027258439188538527
33.3766255269347 -7.245794413753751 0.005432050760550837
33.37582157014179 -7.228397206765902 0.003190413355248734
33.63410851365444 -7.276100275911592 0.006234800759192547
33.512715463708304 -7.275724257915964 0.0029873793497917234
33.51604098241589 -7.254208603887945 0.02543607688919445
33.561433399315035 -7.214209667095633 0.004608965737214174
33.57376055573567 -7.1935657408728435 0.006238128471501977
33.668044896780685 -7.219219425847273 0.002944476785235628
33.62928715418729 -7.216334926893359 0.0031237487087800364
33.62111108708352 -7.215003978314255 0.005813478553061284
33.45024973036138 -7.195172368905974 0.00786622699437093
33.44817886089292 -7.1668470720924615 0.0031439549879861135
33.59668685526261 -7.136501398268281 0.003691338349466939
33.57507184741619 -7.107655863552846 0.0037743655501704886
33.60923529876918 -7.124676843278801 0.0034337929894024555
33.53305191440445 -7.129819390510923 0.0040981528239685955
33.55255064968542 -7.074602587458711 0.0033181909126959734
33.55535578378965 -7.05641693331595 0.002997742048000081
33.20541440109968 -7.288343571803125 0.0069599174667221405
33.20695969970433 -7.27509340894838 0.0036612892849757
33.18906267108507 -7.24544069191976 0.006022998910573202
33.204990919890264 -7.208465283382699 0.005518430147638865
33.27424732298405 -7.221941209828323 0.004793631158709552
33.35903961147014 -7.1876780798328905 0.008775304082753583
33.266921931651574 -7.1960090065633 0.008004834081766813
33.237070801457044 -7.188133818717059 0.004670152847212409
33.2612506285465 -7.157629958506706 0.007762620942903005
33.181510009573415 -7.183093893137875 0.004531142594794199
33.14191224792358 -7.159926780174267 0.005807053800027114
33.252117900395625 -7.1064352244969236 0.00305186535861103
33.24108265356611 -7.0917066872492125 0.005395784355597627
33.15706233385288 -7.12352074476229 0.01161702247622529
33.15677202065067 -7.123370178092819 0.007926506491246854
33.22287620543676 -7.091526498426201 0.0033799273437785785
33.23596394532953 -7.07472365750596 0.01323141601841001
33.2445525555723 -7.062094422949943 0.0040509927843474965
33.39574585475936 -7.153525395040617 0.004568293197940342
33.429210374632845 -7.135871480356846 0.004491593189133866
33.396886661661576 -7.117258928158801 0.002824576682631275
33.35741343778121 -7.0825427003579255 0.0031136313016489644
33.395311399878146 -7.05427759202533 0.002706370990496812
33.47606794684697 -7.0734849350802635 0.00562986388128145
33.47039200276505 -7.057636098043438 0.003249039337886687
33.462919875673265 -7.051713651921618 0.003064435639912331
33.443198062709314 -6.994595971252029 0.0047868826356081634
33.51486167375915 -6.987768044904003 0.003978068018815164
33.31991727140956 -7.06049090206672 0.013138918829083813
33.23972003755581 -7.029590636416276 0.00298592042536555
33.23375402964668 -7.032671596547156 0.014150433007862588
32.9085646875543 -7.2663820614535295 0.007153923382673188
32.96299210299549 -7.252479331340712 0.004122202284249459
33.0092959684973 -7.202275835811745 0.002896858282884462
32.93248262649546 -7.191971812523432 0.005247788936606248
32.993602964629424 -7.149379988564202 0.0027285360717883666
32.899474974868625 -7.147841920268301 0.013455799573716686
32.884824243631854 -7.084757072132177 0.004932807692158758
33.06215908053156 -7.161092022285689 0.007442941484181543
33.02288458247573 -7.106362612723018 0.005715808561462563
33.048323474756195 -7.035444703682595 0.004029014539380959
33.04841544450191 -7.036349892677571 0.010616979031220336
33.15493324232063 -7.081748758765714 0.0034809552054453612
33.15955758809712 -7.0525081677352635 0.0035166535464533242
33.17237701898136 -7.0558482490416345 0.008197225636366602
33.081653484579725 -7.000689302506752 0.0034206179045011107
33.08472207066238 -7.0025287909488805 0.0029314251167884874
33.129576612221086 -6.997913966671317 0.004217544072890252
32.93941393972905 -7.070288406024128 0.0051087671615145476
33.076121993007696 -7.000669079461636 0.004318691328077765
33.10525128587398 -6.951290357069599 0.006269187220312464
33.019591571835505 -6.955839985878172 0.004280550791644674
33.010977958123256 -6.946985126096798 0.005187752992831623
33.012409896174645 -6.94060199478707 0.003934531209904923
33.25854122166685 -6.958121247731532 0.004101024932441165
33.33907268679356 -6.884227765661744 0.006362848014290661
33.138156978544586 -6.946681672016459 0.003926603954393168
33.143510077751145 -6.933999028086689 0.003081601768036272
33.213678565754776 -6.873023108721658 0.005406836408962287
33.15927818597511 -6.868280554395593 0.0032690307036626525
33.15403338998902 -6.8670659805374274 0.005433536134915118
33.14760632512632 -6.866469303578817 0.0061613824132844795
33.26496885647216 -6.815174898207898 0.003968196453365377
33.235071462603976 -6.803508358990318 0.003607101761970529
33.18507902988984 -6.824211320311077 0.002686388530703647
33.149933806780524 -6.794136341549092 0.003522575373652523
33.24345591972176 -6.78530369574598 0.0036513040143200553
32.926790045575096 -6.973387334475816 0.00425102980201177
32.90519236991936 -6.917579767544096 0.012855604400392306
32.95546400600918 -6.941784182093583 0.009621767194201701
32.977086753983684 -6.924120248037183 0.005606208681812489
32.93564176194098 -6.905216913686092 0.005645112738204168
32.93111154399939 -6.905007154901841 0.004439342673944832
33.00066352571305 -6.909554293085196 0.004391512715895213
32.99171073007136 -6.895864801087706 0.0044645737826335945
32.90900720396527 -6.887701137408477 0.0031582691243619543
32.912856012365864 -6.854867471041814 0.0029442149229203596
32.942356061009505 -6.816248451655399 0.008926300428721666
33.00269904606832 -6.7908425680241 0.006587190747215474
33.07767880671872 -6.766215971807576 0.009897430814678098
33.15753296695539 -6.7713735863962885 0.0065038812717035386
33.195061661537096 -6.741741205976738 0.003143963240712179
33.14771885172017 -6.732459027928832 0.004768452980510485
33.1055832777525 -6.685366382051766 0.0033950251404526737
32.95388486690586 -6.799079710823051 0.0039039746109207477
32.96132315812685 -6.740023734147677 0.004897028196223641
32.99422713023502 -6.702322970425329 0.0038424801674788495
32.923290731586555 -6.737918879867161 0.004769813403187001
32.90477872426635 -6.733535004647736 0.00380761447898371
32.99629899171007 -6.693744370094719 0.0029901604273939236
33.06545109494794 -6.699310761269013 0.002868485967111072
33.09662033816662 -6.660687529578599 0.0034692751043801312
33.0963291131605 -6.627511340075023 0.0026780783562434037
33.02112391135331 -6.6767526642039385 0.004297741594641711
33.00952080335061 -6.650584148763055 0.002930188432902471
32.91210093933731 -6.677818308740763 0.0031551674622918905
32.8792660817604 -6.606810158904418 0.007842110267813627
32.98232691832698 -6.627569875609645 0.007559935315850289
32.95706772786077 -6.597566352475664 0.0033404844128379326
33.01460741964925 -6.567800868543215 0.0034363727748403503
32.936846965085685 -6.5717264591543625 0.004580349994068564
32.894106002689405 -6.576825930928253 0.006692738933363015
32.935754130258374 -6.550559237401662 0.008514392657359655
32.9331993612591 -6.540923380025948 0.005881208952004387
32.9133202542449 -6.532049378054816 0.00498003625674292
33.75709113374527 -7.159348854723587 0.0030214425059650876
33.747781264256275 -7.152964031074994 0.008127181797333906
33.7838758197451 -7.089418483486341 0.004394641267641994
33.84400540050233 -7.079790012150344 0.004050145539639893
33.86008154108797 -7.055722973516798 0.006585635193545372
33.84041196801616 -7.0526495054651495 0.002946268649820889
33.8884937012532 -7.04462726158401 0.0029041077421573867
33.8782611065218 -7.0295241704796085 0.006151875597298603
33.85694793881204 -7.0231165499012445 0.005059301015798659
33.813049874303715 -7.049043661183772 0.00321992747331019
33.80556609264558 -6.98410737492602 0.00905255286357631
33.81825127228141 -6.987593254556943 0.00518259843568194
33.699918015445846 -7.048566359366699 0.0036875515447605633
33.68995968219117 -7.019830237382098 0.0031086037359927617
33.58348926943265 -7.032595002659206 0.0026536480023335953
33.64571682242911 -6.9797025158648385 0.008195489715217207
33.74838518378636 -7.016089618100753 0.002839640454243508
33.7653012171868 -6.998354794263157 0.004459168306298915
33.711798480345934 -6.979837852391666 0.0037113094684994405
33.720776153352446 -6.970437751677386 0.0036124559048480594
33.68761499354453 -6.965632103192668 0.002984492622082004
33.67529308675563 -6.960080941801487 0.006112321290780701
33.769561029943056 -6.923012806623832 0.0033097650040496765
33.92370281674821 -7.0174427991250905 0.0033302529725194965
33.94034409246715 -7.003803393614984 0.004102446296793847
33.93164548037745 -6.966505206240572 0.003498182594741466
33.9605769826447 -6.971035976842427 0.0203889431348724
33.93725526376679 -6.959990355245075 0.003267791656811513
33.897697270535986 -6.9662170106274095 0.004717837082182163
33.87331760316978 -6.9364694883586155 0.005050789158862698
34.0284965033558 -6.9146166538660445 0.003412562425579519
34.06567357510548 -6.879715976042677 0.0037026718524968993
33.83755683718637 -6.947067809293989 0.005343234807753409
33.854263530716764 -6.900240565887202 0.0034560434957322536
33.886118070151184 -6.889410770838365 0.008032739065350814
33.88352549238986 -6.857691246447424 0.002990741620635848
33.78796718694035 -6.902977109189147 0.004148727734274288
33.82608038853468 -6.815131484178638 0.0027854128488102917
33.92264946669338 -6.809366508837479 0.003906280895491253
33.984220356444936 -6.822302680112682 0.005245835945051735
33.95296207272379 -6.794167874405799 0.002744317686905745
33.891791142594705 -6.8060510485229475 0.0040642404097592545
33.58390776819254 -6.997653059742613 0.0033970408519488435
33.7197758021376 -6.904044806972893 0.004812831805557543
33.60712351860821 -6.879686579585645 0.0028233376825169657
33.657608793238445 -6.824030237233537 0.006551144209655099
33.47827631558388 -6.892996677535112 0.0029130817646479167
33.51742385599727 -6.880142339566134 0.009664275337724503
33.44031166484573 -6.887147209811191 0.005780203380124548
33.503372832592234 -6.826483638077914 0.0052154886499099695
33.584670401066155 -6.804093912837948 0.0056852025167003755
33.540403390453335 -6.831909123641701 0.025778597945597927
33.533973739629644 -6.783693604996331 0.002823595230398082
33.818077057208676 -6.800417657025459 0.006755402490336784
33.71398076859683 -6.831827159626678 0.003604720360901459
33.72396269006573 -6.824779737837549 0.006504294615263406
33.69051878519657 -6.791085998134955 0.0028780068920262526
33.760112985095915 -6.778402574044778 0.004018786267905172
33.755648355719316 -6.779420708527871 0.016217318070476206
33.75380334044393 -6.739583840443365 0.005189836362751086
33.75344345348033 -6.740580595987374 0.004942901539854019
33.85601920006724 -6.72959377117133 0.002965441183155071
33.82355323947073 -6.701174237729717 0.006744099508214825
33.78258064354758 -6.666435968550764 0.002985160247508414
33.77271686806286 -6.6712987428787835 0.004060146082584474
33.731510484798704 -6.650591809312823 0.03446970428478692
34.09580383109632 -6.828516508517474 0.0029331772277714128
34.09340794822572 -6.813741056170729 0.009545356204433132
34.12878597208209 -6.7993761055995785 0.004368245363471942
34.04933447180588 -6.817246803432721 0.0037759808197623435
34.141806295095094 -6.768342427852182 0.0030341412831977133
34.09837841823757 -6.760485548151347 0.005747576820208729
34.177923311206264 -6.767550946888074 0.006868286845138736
34.18807255862901 -6.743917098900962 0.0029090583646502973
34.20389850279961 -6.725507893425951 0.002957750215105875
33.9613759717936 -6.733509296378412 0.0066922077510302895
33.99613361068038 -6.707324056466902 0.0031675079575951676
34.125114283427166 -6.663696155017991 0.00321486395665277
34.15595157984913 -6.633986536334739 0.005835514595279251
34.11584085995187 -6.621878726119363 0.0041925570853196545
34.21868857810789 -6.671219188599146 0.006395111260386926
34.289675783113516 -6.633574175451482 0.003668163706963082
34.28330436712742 -6.632543661975283 0.00406295015742985
34.252708113606786 -6.604520036915835 0.00575993748163684
34.36798212350202 -6.625952041909438 0.003697470175801923
34.35430655040035 -6.583318713361736 0.00958019049119476
34.356074847784264 -6.575005827549692 0.003010165816730926
34.370562189961944 -6.570054355022017 0.0027988181372366207
34.398380141971515 -6.53657080203307 0.0051095884284565905
34.34856686081461 -6.5526638738816425 0.011531563361320793
34.33327711403284 -6.540749518479057 0.003127818720322311
34.16523183267837 -6.632921828802484 0.0027725994619058514
34.23903844646982 -6.578316170721033 0.053599938404742614
34.19221019221753 -6.579646328422339 0.008746109888085506
34.23920709014638 -6.55796327252854 0.003066023890897364
34.212757903760455 -6.526364193418209 0.006500527196687704
34.32229298522605 -6.485222493652203 0.003912178298235153
33.98083621370331 -6.681018644341032 0.004775156554811583
33.9936955696436 -6.644153485054741 0.005628300731506176
33.95671701000184 -6.628896554351102 0.008035740150005376
33.851235576900415 -6.658747195496467 0.003378798670447344
33.93155813817511 -6.605534156102447 0.004770831626797675
34.069823640175095 -6.594050708977111 0.0027617838750683714
34.06850741381222 -6.582997567780266 0.003808363372526348
34.08212885765531 -6.575820086266417 0.004837187641393948
34.01809336911601 -6.582966854083241 0.005249196004851809
33.960681870505915 -6.598656944601557 0.0033778060530236125
34.013899153058425 -6.565213634105474 0.005125958486100322
34.012454654031814 -6.54397944803377 0.0038163851265081367
33.99584909978002 -6.543490032284707 0.008090549784364742
33.841800257314254 -6.616603216417196 0.002745563639056071
33.85913557498038 -6.601908420327851 0.011718590669620834
33.86147707001938 -6.583429690350388 0.002878882963133404
33.89291535787474 -6.562126483432274 0.010572905721305152
33.95477347431056 -6.548652880746293 0.0028980092318347866
33.94919568554356 -6.529214010318991 0.0030938910034887575
33.86586907996672 -6.4933587397174035 0.007911010567023402
34.100763211496876 -6.567792822044567 0.004168283743647609
34.108188835010466 -6.572449069900004 0.003157653303195691
34.06629856950549 -6.492271718279454 0.002751094759530807
34.09175264730548 -6.461491352797185 0.008856372599677349
34.08600085976705 -6.458801281868482 0.007783626081088549
34.08187666111438 -6.45910522258491 0.006896778760404224
34.094431010205874 -6.452664216590608 0.00821778537631457
34.194962961420806 -6.489048088770898 0.004464991532457082
34.21831769231356 -6.469584360006709 0.008861172675231855
34.249041541235044 -6.426158154980143 0.0035606480203494648
34.246412909308056 -6.422578460797835 0.08333333333333333
34.039087704925414 -6.438365965104189 0.00551964440209399
34.05221888401367 -6.430575836270407 0.005689603074261326
34.056110913824426 -6.413496503078585 0.007454534338520873
34.063247415370924 -6.397687205955388 0.002797358255022138
33.95253212668859 -6.425676879377242 0.0030602485414396737
34.12039144884428 -6.3877874249576605 0.0052709280698019995
34.099276886403324 -6.362254203212786 0.007006784403799554
34.119760766131094 -6.3696816631512725 0.007247695595663517
34.048365543435445 -6.3330297236709905 0.004459044942617535
33.41872544113331 -6.821554881013734 0.0032027207948781594
33.45190052197705 -6.780385749589944 0.003109040000224374
33.43284325857411 -6.787914830446405 0.013773430267980105
33.325942752928384 -6.812981504376449 0.00306574719527081
33.362849636476575 -6.792128319078948 0.0030148453861645664
33.418128404104884 -6.760616834702879 0.0034288549970912657
33.539126115671884 -6.720121287879848 0.0027346363643511603
33.41720352168341 -6.718070541696886 0.002911137439162483
33.47824295893206 -6.704473438062516 0.004504545516293543
33.471193617912746 -6.715065864782581 0.00497591244054564
33.27938270824738 -6.722268542442262 0.012054352428413372
33.27134397890992 -6.7087349330683255 0.0027078333304017895
33.32044219645899 -6.675478830961927 0.004881844306354754
33.43444521989558 -6.66719694473985 0.004518788133544814
33.35726185103724 -6.670160327638034 0.0044835373254976125
33.355846156303144 -6.6281801809339065 0.006391023870104521
33.556217567186934 -6.683997562791237 0.003385565376635499
33.604442967747 -6.657214117287497 0.005505242128372835
33.59204423981859 -6.6419228484870185 0.0028323419816464997
33.62028504030271 -6.640429755572001 0.005373355441492386
33.57823071457452 -6.651038147771966 0.003003165005108416
33.575526308597695 -6.597768924012684 0.006311195154485608
33.631512798709416 -6.626292289607274 0.0038897512551970925
33.636735777065375 -6.587965973790006 0.003906690123711968
33.65183404468112 -6.584588240649877 0.004811173787504462
33.63730342108851 -6.566367610701439 0.006443470056064606
33.638164890746964 -6.574930827544699 0.004327631064911236
33.667614726808026 -6.568724701686849 0.004735791891657622
33.511366039221414 -6.603372094386825 0.0027448031257401003
33.48544966683681 -6.60861534703625 0.0027731355904894537
33.54730823811329 -6.598900263367703 0.0050037992722314255
33.54329079948076 -6.576125775273203 0.005150534844517881
33.545550263724415 -6.578513526424529 0.0034793343092622353
33.55076430760008 -6.573175142562543 0.005291313636718064
33.53042596886164 -6.558592839400183 0.01692938550661551
33.45231651128998 -6.6081095951920945 0.004841555332431133
33.44841191631544 -6.598691843493201 0.00734142040575132
33.49873511372902 -6.558817302764984 0.0032699170412056173
33.57769423364794 -6.56523635447956 0.005952214035698369
33.582298075419025 -6.56277880533857 0.0032567001533956165
33.6170922889204 -6.538229766447613 0.005984614281292279
33.618267191169366 -6.489995092401604 0.003711899931373974
33.53473911840898 -6.531884518653462 0.00512589262603119
33.52390687624444 -6.499017977066448 0.007430191971206095
33.598587689914005 -6.462623463924905 0.0026611818919209814
33.20404902595396 -6.686641321908833 0.009196958665617727
33.22469130918678 -6.686252432172795 0.0052391117812365
33.23169381159025 -6.668233060161735 0.004646185013243323
33.2764230393441 -6.673264562705294 0.005087120671160845
33.146102487507484 -6.650780928137438 0.009356178517210436
33.21950660432345 -6.583301245906264 0.0034630436018316083
33.29780261222403 -6.60616780824906 0.008664469247165605
33.337121838083654 -6.591657492871659 0.005593459393621016
33.27287842216306 -6.585084967850436 0.003795674739549052
33.2834626875705 -6.572543880401871 0.00546843475235716
33.247553216044174 -6.563536207473063 0.0030409408986376493
33.28977402819197 -6.535339865908145 0.007920996832409042
33.13327789976564 -6.608890560153535 0.0041332723196957615
33.150065109150376 -6.602985638727198 0.003250904147871601
33.18224598876805 -6.549358984261999 0.002689760209371854
33.084649246870725 -6.610802286646737 0.003325220732383473
33.1619206438315 -6.549174763399982 0.011948023953668462
33.103803980580054 -6.544241633898756 0.007932192580578054
33.27235750072045 -6.497918757403058 0.0031582077113701938
33.19147064223917 -6.512602281619007 0.005087844618712623
33.196244091378524 -6.489933016943944 0.004837979620591764
33.19597642557713 -6.485561512946321 0.0028742771320126054
33.23030023870508 -6.494952338847213 0.005119237866615375
33.38414558414788 -6.566235279685848 0.005425783113886561
33.427768022543546 -6.489386004680126 0.005342226343782766
33.48851532709954 -6.45287087878832 0.004692469620263919
33.52113904794356 -6.402662414845737 0.005718731277975153
33.44592971045316 -6.40767700625507 0.002790483793761345
33.52196043425307 -6.385929112843541 0.005218884248820781
33.47559525583833 -6.374448071602625 0.031806879357525956
33.34212855929349 -6.470578253684484 0.007910317396075646
33.35295557102094 -6.458921760235981 0.00300695701354908
33.286641769957654 -6.435109237061949 0.005419199442423039
33.30124576560331 -6.364869545481424 0.0034320267929594237
33.38847655161962 -6.411055980681865 0.003553915312336167
33.38212677295403 -6.37191299185563 0.0054843068348809304
33.35938422378276 -6.364295035307474 0.0031178564411187114
33.403683035311865 -6.312937528763078 0.004057663324811007
33.75933286241504 -6.547551550297059 0.007721258449762381
33.74244719395482 -6.507858723841472 0.002964311266293442
33.730082067186785 -6.502339379396512 0.0054093961752282
33.73947781926083 -6.470267667216291 0.002934535884730307
33.75310888152098 -6.4333381268147 0.0029066475546577473
33.83638081498032 -6.465897968103949 0.00352759362933207
33.82010666578286 -6.411915870999783 0.003497711416985221
33.739249252332606 -6.421753708456555 0.0027806166543451385
33.636219992335754 -6.447890157841949 0.003613287716132309
33.62631414034396 -6.428090778174321 0.003434526009502077
33.63396320118527 -6.382205565878812 0.0040524807879449894
33.769832144358226 -6.335410425537527 0.00405204565164244
33.91137644965147 -6.407776208870861 0.005052143580856123
33.967722138628915 -6.327155132036018 0.012248349623872638
33.87564151803738 -6.3745399038590875 0.0033492797957490653
33.88202172198698 -6.336724202511006 0.00559522118877888
34.04345285909286 -6.2805503990277725 0.002758181108932576
33.98123557288257 -6.301545842022849 0.00433574956921029
33.98781242863785 -6.232404552683043 0.01353693518828031
33.86276409699217 -6.293552178567561 0.004179052283935276
33.9207100503381 -6.219048524655204 0.005314287669066424
33.98021632338815 -6.189360718657109 0.009464693719429358
33.95031961536643 -6.1725927241591965 0.014735670085589642
33.89686719276083 -6.165353721255818 0.0028149895347301676
33.584962714194546 -6.380987541861848 0.0045129022278094615
33.62592710616672 -6.329272066229572 0.0031891504632110186
33.59572817058671 -6.3234619068203095 0.009046886037892905
33.607394488281145 -6.31187168387396 0.01467760799838381
33.68022269032958 -6.3213988665679715 0.016814110399446604
33.738049430937856 -6.273482360714406 0.005329352289345291
33.68429946369247 -6.2848546645033405 0.0048819970720585
33.675406185897295 -6.276605430958009 0.008755771810215427
33.59336577747743 -6.277240391692493 0.004476401211606491
33.637485046532554 -6.229509642193968 0.004878386605815732
33.479580337917234 -6.31266664745673 0.0030530527964299256
33.47543895903389 -6.316153440073258 0.0028841829463558347
33.52491174637241 -6.295385546999317 0.002911199779047495
33.43358380107183 -6.280402665678191 0.0027623534039389816
33.55899812021629 -6.218977348475361 0.002846518820554424
33.77916080702562 -6.218347408473049 0.004188817696285171
33.790223795496765 -6.20949496480414 0.003706374076478181
33.81495524922221 -6.215956661471382 0.0029901209760379104
33.77332145111267 -6.2205955394055135 0.004606977270949549
33.703680963700045 -6.189155392580365 0.0065107423543648854
33.84003864519681 -6.150524606544302 0.002995191638161831
33.79082672941169 -6.120546918686392 0.0028282707665787292
33.70360703267984 -6.154380234572854 0.00514154095600229
33.71776481748678 -6.105970725279193 0.03739568949840121
33.64233495323065 -6.11979342123594 0.006857854152120287
33.66674211637455 -6.120513873447682 0.0029738700328719096
33.64437302378311 -6.071214687984527 0.0029935564327193084
33.71140290792402 -6.087407952719243 0.0036929326275115587
33.76201130793047 -6.078950758019786 0.003373683053456732
33.78326850208594 -6.052530362731955 0.002984065073869121
33.777178967586785 -6.047399962914648 0.011612026134893911
33.783031669947405 -6.02717684327618 0.003563607174504636
33.80052580481488 -6.028862905165963 0.01174454292713573
33.70332899642044 -6.080316844896449 0.005812641919522097
33.72879635706896 -6.016515722335688 0.012272159598728787
34.522369373493 -6.51281920246113 0.002661495704703282
34.53409425638671 -6.500327061931003 0.02564683056258784
34.40065948229291 -6.503954690531172 0.004040115068270458
34.60146138766133 -6.424496137530276 0.0026902094233418276
34.55434883910273 -6.422550996640987 0.00380281159663359
34.57823858579056 -6.402216506470447 0.0033707983651622203
34.49875231222504 -6.434660909489783 0.0027614555668996786
34.493150893214555 -6.405329402949088 0.004225387902936791
34.3782315836886 -6.458905518074918 0.0029379915989849502
34.42648747780914 -6.446623310586071 0.007994765590925832
34.326143054556496 -6.45354742099273 0.005221184975518328
34.314643754264466 -6.4403239289139895 0.006521957202578315
34.306401344329956 -6.431680234857467 0.004992000608541983
34.32455244347574 -6.410940835395453 0.006513648812774113
34.48047562387701 -6.381299113604433 0.0035727405124877255
34.51341474981655 -6.361599634055577 0.01083892658283982
34.43112745085954 -6.348783127387815 0.0034510041346189663
34.47914863885211 -6.309293758201522 0.006032692232034893
34.44718696923105 -6.285008973831963 0.00287556589829707
34.686408677463426 -6.357962665889953 0.008086803671917017
34.645821893198516 -6.351549950363426 0.006978647138137489
34.57702901646583 -6.333842588741227 0.005924417206638275
34.62977748462917 -6.305413090380986 0.0029023395141689026
34.745367988375286 -6.315526402553581 0.003953709212182426
34.73207799552046 -6.313914394376535 0.006220246844867887
34.77346326675922 -6.263685866274929 0.0028685039986349123
34.76165030725194 -6.250376009419032 0.008244200581322211
34.70007185305101 -6.250799985789984 0.0044906095913106745
34.713538801489946 -6.236005662604911 0.005444921835352484
34.59486987901567 -6.273586314118286 0.003196812278530203
34.565203212488996 -6.2669197541490105 0.005502475653316517
34.5389185644391 -6.255828465669203 0.0030032263075900306
34.62478452129954 -6.22533892484057 0.0074093935784281945
34.67376695950243 -6.233387602735961 0.005133913766407979
34.63493337567197 -6.18702135363491 0.015012973728398746
34.6129428730373 -6.183639586595802 0.006186868561182863
34.5918898810128 -6.162516057847863 0.00944871761035655
34.626934859934316 -6.162332037452191 0.0029474363795480916
34.26642171325711 -6.393378114130309 0.0027040096340922165
34.29524400375603 -6.318917949414538 0.0026818352795077837
34.361199466053854 -6.336622586265877 0.0034866709602673646
34.361106983789384 -6.330149193935059 0.0035219743976344785
34.42394461051649 -6.292548935591782 0.011354684974562908
34.42473412405123 -6.282592112108992 0.0036327612770897717
34.44078395497223 -6.2702344699127535 0.003007409654746177
34.40189088818688 -6.268203753168929 0.010058590659219055
34.3253550037552 -6.268421257578284 0.003521562532810959
34.18072950478347 -6.325555096821357 0.004515742295345737
34.18367929239635 -6.307205852723389 0.004551322704913212
34.226236241499784 -6.266902221831093 0.004038590316510175
34.273129594636316 -6.226775837682933 0.003637531556435717
34.33692394110638 -6.219053708063134 0.004942102114453609
34.31323055913163 -6.222677449979222 0.0034314310726489537
34.34881400740218 -6.192634113751451 0.004719091299137842
34.19964584456124 -6.199663038088875 0.013491254800985926
34.27480208673972 -6.183396435366977 0.00475169054779889
34.27264554176632 -6.161661916669429 0.014798743220625162
34.45678781206032 -6.22530189328949 0.012145053706008099
34.50229874502454 -6.235682376364499 0.003662695624290356
34.51591374011126 -6.224230323324006 0.0032651599030279112
34.495826957673515 -6.198777699985485 0.006919031847519148
34.49107721591016 -6.174580428873456 0.015573893109523273
34.39780906413258 -6.196772881575374 0.00862575631150461
34.459163262227044 -6.158160925878052 0.005074717660282889
34.5604763933536 -6.165786605598057 0.00282120321193494
34.57186928375402 -6.1370814418803254 0.006662899453817269
34.566580290774716 -6.142441418055232 0.004474540719359548
34.51568054026327 -6.145981175661811 0.0050864923963070425
34.524254080697986 -6.133265194214029 0.003690407121015574
34.52656977784102 -6.110994357255143 0.003927620694245227
34.56135408937051 -6.099746655514991 0.004890979861378281
34.37463644315326 -6.157092148609709 0.004082821232365189
34.444437888421575 -6.135822216519146 0.002970367295942665
34.31386364461556 -6.1043755312420025 0.004702706875967703
34.34032341568359 -6.104327273888459 0.003150005482124347
34.526719656771164 -6.051892618367461 0.0026623637082993533
34.45087703372267 -5.992631388016557 0.0031803858285123932
34.451406062233026 -5.991547248778643 0.004430421588349696
34.85846400781558 -6.213513179366418 0.023242891940379314
34.86061880062338 -6.212545733591214 0.004067386282542533
34.83801422008759 -6.193825003620686 0.0035777914313626247
34.8113480700057 -6.155412499601307 0.0029550421478526465
34.89539630347954 -6.16291628355355 0.015170789053215096
34.864852377257414 -6.132384104613797 0.004354791279951654
34.72559444041207 -6.193856255210791 0.002747048958732401
34.69092518926579 -6.17140759322685 0.002682107432349874
34.71543745959502 -6.146871258367831 0.002975605375611458
34.67599156030039 -6.12798857448527 0.011139066575242605
34.70955929179616 -6.073942397824407 0.010785089901626316
34.80410404506953 -6.074861475091884 0.0057509307044049775
34.83696465555162 -6.069281624393001 0.0071632087842649845
34.87560809457227 -6.05460620782135 0.004855806136526822
34.86244868467511 -6.047961461982703 0.002882626266561815
34.75395964459198 -6.0696152180733405 0.0045485351964172855
34.765776712534226 -6.050079596681527 0.002824047288116547
34.74614218315131 -6.0501712160228305 0.005194743156486439
34.93339851820316 -6.072652015641645 0.005074187833013198
35.07816028054181 -5.93454874398563 0.006068002480069081
34.9221124676506 -6.012213883698425 0.00368273996353085
34.9126577461771 -6.008535522426508 0.004226245239864484
34.93347908882461 -5.9616488566519905 0.004758383047666897
34.87191474398979 -5.956452838713648 0.0026943862877457712
34.869119330100624 -5.933270205581979 0.0038016906055831725
34.96094633256693 -5.890019693905473 0.003011281490141044
34.95238844450934 -5.897373887162032 0.0028604180481886688
34.55250076806906 -6.055578078230669 0.005525221583029044
34.65760089829002 -6.025308406145429 0.00445085975071753
34.60011951469849 -6.017510785977414 0.0396297202497983
34.603466120587534 -6.003239545927888 0.01031615205064193
34.71516878531196 -6.0022148913322795 0.004865654357423908
34.7272928902459 -5.933138506658821 0.004363988421150832
34.569266187974904 -6.023246162261626 0.006822716954392158
34.52473388410615 -6.017201287636895 0.0034475673541255027
34.58363191869005 -5.9833057691659794 0.003831955346347532
34.622165223836056 -5.9827693873010155 0.010027636780326048
34.47647874675664 -5.990548127963224 0.0029097886104139615
34.587678017124375 -5.940621572731726 0.004705950011533471
34.71218727091092 -5.901027844880821 0.005131332294914166
34.67083878485287 -5.882928731240922 0.00454615950973356
34.621546266305465 -5.899549034019157 0.004680271905476197
34.62389763293883 -5.902940812265249 0.0036961015475260707
34.872411333758414 -5.901218445965379 0.0033118817699372056
34.78810735945835 -5.881569241759566 0.00740649466964562
34.78198101698648 -5.8532176114443555 0.0051580050097802714
34.927547401225354 -5.8657890067963026 0.005062593353400177
34.881350262069944 -5.862267145360957 0.004830638903391356
34.76350943507002 -5.864278838876543 0.0030161624900117427
34.733444131622534 -5.824217244452933 0.0032667477046263486
34.70311448535499 -5.813323781803813 0.01999900940418091
34.7733949595882 -5.787456742279476 0.011882117278357918
34.807652880929425 -5.760211540203154 0.003831196917551327
34.84518527975274 -5.784546367439819 0.004199910392903977
34.832305190404426 -5.749773634737879 0.006544837523749496
34.74201135602798 -5.741965410526281 0.013270322874247065
34.76232409950984 -5.741973672590865 0.004099038426314453
34.76144442552969 -5.730902707257016 0.003761182957765686
34.8304572298424 -5.730194207857046 0.004882468214056472
34.11154216415006 -6.257253002731067 0.006294762510121729
34.179660955883165 -6.207456201200023 0.004395656071074287
34.02448675760928 -6.2120231495591645 0.0033482165180827353
34.061874124660285 -6.177637312189873 0.003569826791685416
34.10221359332049 -6.194807150062119 0.0031108131749545296
34.0947274173452 -6.176893993183458 0.009463138462068234
34.064323877808896 -6.164055137206014 0.0036303485160371404
34.20797760621745 -6.117582869503763 0.018204293113621497
34.061846840832025 -6.111340667060709 0.004220841992503795
33.97862636740527 -6.106266218896966 0.00304882501877818
33.97475077824667 -6.096896303339412 0.014131643229724856
33.99796632711076 -6.107204516007258 0.011931498462517355
34.13029766767225 -6.053284626890239 0.003057808120173171
34.06019690562913 -6.060259062695786 0.003100072778487393
34.27225942243507 -6.07111779555191 0.0026961298805471684
34.335658885786316 -6.047592270085955 0.0217240425930168
34.259684673856086 -6.040421604145713 0.004889802402839049
34.26144323158911 -6.046299711238886 0.004888976273556423
34.25413844403974 -6.024032287322003 0.0035944585480740918
34.369891971857875 -5.986264886777476 0.006070227384639182
34.36283250828881 -5.983882244632919 0.006437682806900173
34.35779036532814 -5.991065677498699 0.0030195143967039263
34.44079115350646 -5.982262839056635 0.002939125999927013
34.421116811966215 -5.981820054779513 0.005977466896027541
34.22375631670346 -6.000939435324058 0.003582965196448522
34.269660505223335 -5.981334076781106 0.0029685822039617594
34.147203616756954 -5.967736159042002 0.006973580516712598
34.19416915905457 -5.966671689546224 0.0030109848797006313
34.20001597062088 -5.959571909839592 0.0033467345303178756
34.272129415211765 -5.9182668878513205 0.005085458617373558
33.94090785881024 -6.112855238117104 0.0031286893555223386
33.88719157609893 -6.044780978324793 0.01040107635604512
33.896436555787666 -6.022740067569763 0.010822056316621245
33.90952653666615 -5.997357760061918 0.007296815405273475
33.84317182373755 -6.037484110110596 0.004538995525466535
33.859902333418894 -5.998075703775859 0.004192580543923541
33.80848335998474 -6.020057469360271 0.003699092782264775
33.84571147444051 -6.000872585237292 0.00859368211028442
33.80101954958769 -5.951193341064955 0.0031954026028473445
33.85965260704656 -5.936127896824196 0.0058453085349103335
33.94665272099848 -5.890194961574175 0.005839662185131086
33.87777317561148 -5.874622117526906 0.004316813931889207
34.076639690889344 -5.930715412826434 0.0031279711558219784
34.10166680832011 -5.906417475967496 0.005236280639680013
34.05422695473687 -5.912728662678512 0.004683862254394264
34.08761389777855 -5.850509609134281 0.01465085801822607
34.165921408923346 -5.881842183527516 0.0034536105682471245
34.11798047093256 -5.82016430976061 0.0029693665686922085
34.153829427087345 -5.807804292146432 0.009744998118801215
34.17188753372558 -5.798610318669945 0.0028112173507773204
34.1725081852436 -5.799176003008335 0.0028523679937862336
34.01195214436994 -5.883742612171946 0.005055799348688167
33.99694817748929 -5.857929248292959 0.002781146168297528
34.05996943673669 -5.809853912233457 0.004402415608961615
33.961826779856786 -5.846355038791765 0.006401937642413466
34.02468585558031 -5.810864991803682 0.0062200154667983966
34.11018230959894 -5.766424224733787 0.0033361751230143013
34.111345914481625 -5.773322120653285 0.0036713620940608386
34.15745460549161 -5.781306590661161 0.0027141680859455565
34.15060653108954 -5.7385676922523565 0.002784735745875555
34.14343829808507 -5.735559563077673 0.005293487411498901
34.128035067649364 -5.705257361729713 0.002768501094973438
34.086956218995915 -5.724459640557746 0.005029439746716389
34.52035514023097 -5.893327390374215 0.00407361554840519
34.50930081385301 -5.895761775076282 0.0031506747656233286
34.491940641281374 -5.894701701270721 0.003984979344261817
34.47844480685712 -5.881531139571092 0.0036371721299158586
34.420103668602536 -5.868820502153323 0.003496784107105727
34.50476817435025 -5.84897048113037 0.006381980231580217
34.48771095647887 -5.818920974183112 0.002892649572543917
34.563349468438666 -5.777848035646366 0.011601390348544623
34.32805274004379 -5.8168751499286255 0.003253527557802743
34.44356056386975 -5.792450398751337 0.0032219528421678334
34.43877356259841 -5.795951504166861 0.002848428448553182
34.44873789066934 -5.766222619523852 0.0031147514352189024
34.48791623660995 -5.752099350108168 0.0028334729738118836
34.42570186724371 -5.769143023027771 0.0031180619145828163
34.644441480702035 -5.792573218179426 0.0031099740455611796
34.61068040767518 -5.7397772567036895 0.004994105753846136
34.599680543066256 -5.734651459207738 0.013909938652646526
34.7229167079282 -5.722415389856342 0.0035533663034505686
34.74637896365283 -5.682440553819066 0.0038327140576605496
34.71337731498936 -5.658438977632405 0.003036406864768537
34.73301701851727 -5.648754707394357 0.0036750317427596637
34.52986024305685 -5.708915170780678 0.0028001063380872523
34.607850264003446 -5.684959511103851 0.0034031009293538283
34.49772953659996 -5.705294924699434 0.002728004985165444
34.59049079269281 -5.619917626653855 0.00563318974005295
34.607349269901 -5.604087116518715 0.006681921352711964
34.61612167758307 -5.55446476942596 0.003466640924158156
34.27973362935375 -5.798243081686426 0.005179142728558957
34.288476347194894 -5.789296043548626 0.004314333364750869
34.24524396036156 -5.799986174373514 0.003727086992879464
34.33779488347665 -5.7641178046704695 0.00406387236608316
34.3490613528806 -5.674200301195881 0.004132883036503497
34.33446421202361 -5.663378061785044 0.0054043614770443405
34.38815613446909 -5.630054532337036 0.0028272304172229233
34.34679747994564 -5.654086345501354 0.004690428279351245
34.35274980772212 -5.64971055721466 0.003784477692260124
34.12166680408714 -5.69018107726254 0.0034851610330065303
34.18572577840375 -5.674591457374569 0.02247319171070827
34.18486105171964 -5.637763389696173 0.004151103478803613
34.285282639645 -5.655805444376368 0.003314745461218459
34.31676080699874 -5.615804372110623 0.0031794945479803817
34.354198615693754 -5.607695875265709 0.0028568013644908003
34.29899044405616 -5.617423921939989 0.0040351238551959
34.276652236691525 -5.569632998492762 0.005086272799518065
34.24811826128269 -5.5549801921546 0.004830003935504515
34.46177416580061 -5.650903177151235 0.00518311058172645
34.46905565231417 -5.606399034533062 0.002665555991869253
34.50237811921409 -5.5763978454767 0.0034026132952234265
34.41297135377425 -5.584565376084535 0.003150967397405511
34.4634424235342 -5.580930277087915 0.003503458194781392
34.43533379060723 -5.584440345689119 0.013217699059006167
34.45548271892878 -5.55214292656347 0.00354301254126905
34.60942775961907 -5.539187749559446 0.003056418569559396
34.57335863225802 -5.521234303248442 0.0032330941712659382
34.499454371281324 -5.5026813620550605 0.0031708839272224284
34.5345426268132 -5.462458873244526 0.008665979146247336
34.53816461367812 -5.466123655042611 0.0029097416770411445
34.3682013992871 -5.571574865878533 0.017618623888707878
34.37426109123857 -5.537817778619584 0.004051478463054653
34.31840911078623 -5.547762690449602 0.0026422430827589744
34.305051329510086 -5.534081111857825 0.007510454503564907
34.36320555954948 -5.470990163010999 0.0030673814695420967
34.44927044068206 -5.506641697863309 0.0029958231650821705
34.4911812507071 -5.493452109858899 0.00379990657928045
34.48233229385106 -5.475133537103493 0.008223617927266186
34.44143890218218 -5.438332363126005 0.0064394113630392566
34.44113812317803 -5.417806826362532 0.003320597370164818
33.09011990925949 -6.5404554241667165 0.008043751025492032
33.08516291977669 -6.480261179275101 0.0028217460099967226
32.968483273941594 -6.509965311041968 0.0041974388668093955
33.126763063302555 -6.474179382025052 0.004875787443698319
33.14448710865969 -6.370643443498098 0.004357386912062775
33.14351058871057 -6.365316035409876 0.00518220930296867
32.99124724123495 -6.444312698526544 0.0029542430983863738
32.92530713798035 -6.395153941778273 0.0028615545190921656
33.0313711378476 -6.402095642223999 0.005556726795776998
33.062435704998464 -6.342686053082443 0.0026824492835892974
33.00424225241209 -6.328993930820326 0.0029025871255718024
33.22159943709365 -6.393885414506287 0.004881850713650257
33.23038901315024 -6.392795912887522 0.0029971180873568284
33.24004261390136 -6.385248047269621 0.017111798187069267
33.15550725262584 -6.366407509500171 0.007024626692490261
33.22048851294452 -6.305257569883556 0.003395680569931039
33.334675903163266 -6.3205522650503445 0.004004571983138598
33.32527112935473 -6.305539470386675 0.013770858304011844
33.30377064707918 -6.280683829783231 0.012536536071713535
33.282808482707395 -6.261675131868232 0.0035672525297769327
33.34867122809234 -6.243991885766952 0.009523940523958203
33.15477537986204 -6.328565907325975 0.002884777716088147
33.19641120448168 -6.2945404280042165 0.005467422675375471
33.17398084636798 -6.27963115994669 0.00640230249271259
33.16643403331768 -6.244000906901048 0.004589734666566115
33.24875725484935 -6.234990842025152 0.002963157422030019
33.20876574246806 -6.2466203560529 0.0027589898300057034
33.27573334674712 -6.204385638228539 0.0033598929818805605
33.2453584952749 -6.199570558409073 0.00360383002805817
33.168548237224364 -6.23167465567545 0.0033659487538929586
33.20623267577874 -6.202372763336272 0.011548345396797112
33.18501253524259 -6.19128614532646 0.002916749550542133
33.241340816900504 -6.18671023992083 0.0063946350623080685
32.91805672144939 -6.339663175511122 0.009080092538937358
32.994127954898374 -6.309156293641474 0.0038617588421999373
32.9934544309838 -6.285831225984986 0.00677554563355095
32.88553658763673 -6.275771874736133 0.0027846724592563684
32.90580867114316 -6.199560667684298 0.0029834223207323577
32.88120127632255 -6.200914498626116 0.005573840920356081
33.0364865109135 -6.2569913997492534 0.004270340689701242
33.03654737302211 -6.216665711768439 0.011517180668642522
33.02691773035866 -6.199897811929083 0.003469206565433398
33.12485319938114 -6.142138368959783 0.017148790493722695
33.18519322854512 -6.111892877601443 0.004534975494467718
32.976416092255334 -6.16096743516075 0.002716268014522265
32.92307537188964 -6.1344983484855655 0.0359123402084847
32.97882926355565 -6.09960937638674 0.004340983994976524
32.92954644502492 -6.097839663236995 0.013223225057015469
33.0300675920033 -6.113354131162996 0.005237541710660364
33.09989061369273 -6.049713216828888 0.00885109973847559
33.0380711257571 -6.040855023906679 0.0043336150878634985
33.01654106214849 -6.017159144462554 0.011268034022491314
33.40765818080834 -6.268193258763816 0.0031882135602980476
33.340628157428654 -6.215354975076367 0.004065785658482614
33.44285773824149 -6.107676237111403 0.0061316897813806365
33.34382313506943 -6.1684529327640325 0.007331362851842925
33.40931579515062 -6.086193201851263 0.0026637865369262973
33.437926854169966 -6.059541199725348 0.010524247784175078
33.443286581965516 -6.0666450983481415 0.0034233004692212415
33.38020122440846 -6.042619263215787 0.0048342903367344595
33.37924426973063 -6.043808630935233 0.004173597798353327
33.375555135409364 -6.048941415564331 0.006379405736938785
33.34719402224323 -6.0304013823635225 0.012754196966107629
33.40252711370442 -6.036124865862636 0.0027584845421008467
33.385664760594906 -6.030194395147235 0.005272589914906983
33.58314349871183 -6.105995488598767 0.003193913680538405
33.60422497172485 -6.097040691324362 0.0029043793789804645
33.55316466985404 -6.080842408440711 0.0029279645862008755
33.63462121792165 -6.066388055474141 0.0037312940416224932
33.64672017276459 -6.056730260839336 0.0035960051465401184
33.53530204297213 -6.049131853949514 0.003699932402550779
33.68678562162605 -6.031906809945252 0.015512400170045692
33.636897104119356 -6.007455133367585 0.012299844179473652
33.6402172926669 -6.00524271454958 0.0027875091691654036
33.71555823976887 -6.004273230560431 0.004108082338668714
33.60846196590414 -6.003138799772915 0.008870874080740672
33.625284152638415 -5.97164719071368 0.005772701146744414
33.6174846319672 -5.948595404349251 0.005531410943949916
33.650443092961396 -5.942119153779104 0.023256669015222352
33.49010207396649 -6.040150093293998 0.0029856135261457015
33.54489876127971 -6.002977084672437 0.00470713441063815
33.50210288143253 -5.985648430821341 0.006075558187815929
33.493522260884895 -5.975870002504319 0.003520509492125142
33.49214108524951 -5.920099940044819 0.002892874375576522
33.552085193011315 -5.948078420891017 0.0036247004324069473
33.551674020057355 -5.938793195494753 0.0038526010140923685
33.566475857523194 -5.91174016824023 0.0038974296487037058
33.595167933076944 -5.916096167898978 0.011898002329424546
33.51513656819953 -5.91981473373949 0.0077221180163302245
33.279843006031804 -6.067046161431791 0.006154133380496888
33.169282534016425 -6.061289585906475 0.0028624133228700764
33.22276792511834 -6.028221998243916 0.009635395144071073
33.20492141954683 -6.020738815623235 0.019924040442926443
33.208051828041796 -6.011541447629404 0.006717209439568254
33.314018642943786 -6.031171546738508 0.00828561843686335
33.29628994338423 -6.006029618140842 0.0038759117009592725
33.31384788619956 -5.999307700353023 0.030191646202361817
33.30405360285091 -5.949488824501088 0.0052333062436821145
33.19084473714999 -5.973770652086091 0.0044451912890319375
33.08567393537901 -5.975832425863426 0.0031811307857780593
33.20422426523297 -5.954277706470838 0.005762573458596992
33.2508635791704 -5.8982530680825525 0.006805544523922953
33.198032772231855 -5.878719654293512 0.008584379912225845
33.378198849820784 -5.957278353741521 0.0037229863988403355
33.548501292827694 -5.843557535683926 0.0033951828588350955
33.52645210333044 -5.818641835607055 0.004126821406349048
33.531072012020736 -5.824301853789016 0.0063193660058568505
33.47341730264104 -5.812287683933273 0.018421856060620505
33.32075494534366 -5.889388620794986 0.003874965762436378
33.335017104834115 -5.870693072731571 0.00301615748963692
33.27085727844394 -5.799957660718743 0.007149668808733643
33.423421422435446 -5.806561646634519 0.0026701641432861196
33.417441767018744 -5.775789873394076 0.003579767160131719
33.358400203462466 -5.791679743866192 0.012015151455410347
33.35346931055249 -5.7760840234841115 0.012639593142683427
33.35925653811747 -5.7472813796342805 0.0030672137654036754
32.89601296889457 -6.012469807152295 0.007925864248541418
32.953245085536444 -5.9984585063464735 0.0044387548477013514
33.010850665591036 -6.00480276288455 0.004606787604579359
32.9542173158826 -5.9742806549510465 0.004324440585548558
32.880009529410145 -5.916151870685869 0.0031465252385893343
32.912131666038434 -5.915343847512831 0.00495143696551593
32.94058462320604 -5.911196235826624 0.007218622063979103
33.07048734897618 -5.958285522497363 0.0095074476903381
33.06022832091555 -5.935307298886126 0.006791506014193504
33.17328890790316 -5.848133232668343 0.005793055971756403
33.20059265442223 -5.827835557726363 0.008369677509910151
33.116549368175015 -5.822436555959664 0.0029682830330051498
32.993741651117766 -5.851962043960937 0.0027936851521237938
33.032319336151026 -5.836680086157848 0.01915066898315796
32.947814332769426 -5.822848955316282 0.011059560268140346
33.03602785763265 -5.801550047193694 0.0038832634006520945
33.06523793327313 -5.8059273552779995 0.002947824775363787
33.01879438460924 -5.780472134418866 0.004437183400415682
33.10237427897277 -5.740494198997614 0.009446265429820076
33.074681774184896 -5.735926423273066 0.0034384674273224974
33.09065673515392 -5.721860286289544 0.0028370189690789427
32.9692178719711 -5.762255223597634 0.004901751773213631
33.055795898967375 -5.718032679817391 0.0063509777263220666
33.202335574577646 -5.791528344549616 0.005190328787502624
33.15072641577092 -5.763771362938671 0.002975296659225893
33.189858833149444 -5.739714679953397 0.003165477235298468
33.253360503489624 -5.715574506593485 0.008635541480167071
33.232358947743435 -5.714550843065346 0.0026789738822173576
33.22689450663565 -5.697486386170861 0.006177627529156311
33.26539759911279 -5.685070861285413 0.007735970137638969
33.14579276895546 -5.731840550534575 0.003781539530002474
33.12058186029095 -5.696858976171566 0.0036594830473325626
33.17407886150418 -5.656450551753558 0.002947896657108281
33.24978870619784 -5.609382766863957 0.008180957746865324
33.16442769854033 -5.6208993997413765 0.0035962230027764227
32.93302045319144 -5.732457447579831 0.002792150699827638
32.988650380133095 -5.649984535394489 0.0037405873826998576
33.057005982039875 -5.653258343325368 0.002664969510013324
33.023037416681134 -5.6469781497822 0.003152515348045691
33.12959552287651 -5.606044427006174 0.004309243295603209
33.08446261093456 -5.600024625893097 0.002721243530877046
33.053860693921806 -5.60184628659135 0.0034937228444487157
33.09320201323376 -5.5804489671036235 0.0026670015286565703
33.00701055204345 -5.579855836017374 0.005024215680612644
33.02151065008622 -5.5667510302357135 0.008362212499973296
33.14626726498516 -5.593906161404005 0.0029569806638443355
33.137892613885505 -5.534540643068153 0.0036690761430995546
33.140556605172655 -5.529124599827228 0.0029213242554215106
33.13233077537495 -5.516672245736744 0.006065190759152505
32.933083248894974 -5.569373309909143 0.005006991159738351
32.93106269745107 -5.513301071469936 0.0125157370320711
32.96592612903516 -5.516186398535638 0.0026513108531943555
33.07411399070527 -5.486896330822735 0.007680895466781561
33.03005855304223 -5.484244181222578 0.006106447176592676
32.99229030367586 -5.452481339675043 0.0043737812615460845
33.06152505654319 -5.438713432336656 0.004688525308059102
33.75376261032307 -5.952872738579807 0.0051970280351953625
33.81693194004134 -5.871109148086612 0.0029273107635327624
33.82487060762029 -5.837381957174443 0.0026475260050701894
33.620989699159516 -5.868546626879918 0.002925077583535739
33.723522650765545 -5.82283611232802 0.004280000843624962
33.721073292141334 -5.814545142890814 0.012511466851658815
33.646076679854865 -5.808907328937945 0.009458710092074902
33.6586950640582 -5.7764982613428515 0.003232430824985903
33.80352101128424 -5.763643400039918 0.006208986343335047
33.775306050191865 -5.763496873442937 0.003979529235815091
33.71964930141099 -5.776215591262045 0.006679410648722137
33.74347708759204 -5.747340420146674 0.0069716811209838995
33.76047606870068 -5.723307419033628 0.004426677056217106
33.72748406511289 -5.705059938753335 0.004377080104007705
33.921439675975215 -5.804274869998262 0.011181506732263879
33.9807753715556 -5.7654482566009975 0.008019591920196668
33.92037937609291 -5.733748875016598 0.006184054731488944
33.92436960969662 -5.718520754211913 0.012304767572086955
33.9767908029502 -5.6962220827531995 0.008947271163108197
33.94267397221638 -5.6815320433296455 0.010281543673053855
33.76760053920181 -5.681786616599328 0.004561696629301312
33.850438561437876 -5.629386185986632 0.0030243698826916384
33.90737244814777 -5.662348378569178 0.0052776234359556175
33.91338381042922 -5.642985989099766 0.011633879055692757
33.92171862499004 -5.62418289141563 0.0028680731554794735
33.966785253224714 -5.591202442457087 0.004108833421231493
33.95187368740169 -5.562227571561874 0.003083993113556516
33.62937953726377 -5.763223300325397 0.003889844762006178
33.640700277953016 -5.7419247837018075 0.003983665684615084
33.544722146800076 -5.7350822666972645 0.002878047647477786
33.59281551698141 -5.720224144836681 0.004158593635969681
33.644420376680195 -5.6945334158413745 0.007608604409366815
33.67716916985017 -5.678644106011294 0.010639138550371461
33.70318741399231 -5.655023710813517 0.00266518370683793
33.53329717380233 -5.6775146360720585 0.0028538059205524898
33.49491715636855 -5.65617000038341 0.0037158377680453956
33.48954069056752 -5.6424242557123705 0.0044879848231823855
33.464593065722624 -5.660157871469066 0.005952584506332807
33.47987402275124 -5.632692469011902 0.008786760714104625
33.54690276730672 -5.628461819603094 0.005888966714504662
33.64115621332973 -5.590845571889376 0.0064066986931626355
33.7757138074399 -5.638592431282106 0.00859791781718532
33.784502470130285 -5.64074687058688 0.0028066551169867175
33.78048907900326 -5.62960590974143 0.00654977836909155
33.80930442432683 -5.613134951965964 0.003111976362767958
33.797056647640375 -5.603306516256889 0.012985380939172102
33.73504387181136 -5.6040107775396395 0.0037719916234318115
33.75835115430506 -5.596556154647965 0.00276623590861274
33.87302254122627 -5.543640019726682 0.003257349241740941
33.90721972511371 -5.534103917935154 0.002880242136553121
33.67587180645508 -5.56887623745136 0.003771736934679019
33.669252252548205 -5.540444634802523 0.008403223887308797
33.719607205586335 -5.524197706557657 0.003033355837606207
33.77347867974957 -5.483973522637536 0.0033835743545977746
33.71562425602809 -5.497965275895492 0.004089711282554819
33.75471419426171 -5.482818429012555 0.0035914915139976214
33.78832061966365 -5.47461261704258 0.0033749212197352854
33.811545818405456 -5.432522049140974 0.002886964075034811
33.68443357344904 -5.457587022042774 0.004616259927331109
33.77363854500795 -5.408556326584269 0.01200936292886608
34.051993142268635 -5.591999563384434 0.005354826323132468
34.17638750771933 -5.589601864861223 0.003624386462669607
34.24239379051485 -5.535839823728498 0.0029645504442278644
34.138386306648634 -5.539087006026109 0.009110788912776084
34.11246487023809 -5.5268842481162395 0.003094291537730476
34.19223992061067 -5.476313609627207 0.005228614580195764
33.982464535504164 -5.512121427739277 0.00333503571857795
34.03215845326345 -5.493865721008068 0.002996036325122056
34.03734973842587 -5.488190635242088 0.0052618157262834895
34.14281223871062 -5.491916549836073 0.002804301469867424
34.15468440150718 -5.4750576208353525 0.002881729149983796
34.11106822298142 -5.456307178426565 0.01338554750235852
34.071659413129574 -5.464813348930133 0.003665321797613397
34.13532068910546 -5.424747233887535 0.004120588200879579
34.26504788777312 -5.484135333879226 0.009441857347909869
34.237391168499144 -5.492032537222302 0.0034714389709331827
34.233588773404996 -5.458691304417703 0.0043356767905994706
34.1991949589765 -5.450988333402246 0.004374392060200388
34.25790215593495 -5.433563541873441 0.003183954879399897
34.38396053059849 -5.420067454038676 0.003572079159967765
34.3695755835943 -5.394709398114238 0.0032703425098459197
34.358631239871166 -5.3762084211517465 0.0030811572221348727
34.20192533107861 -5.424360433983864 0.012511293568425666
34.174675936375294 -5.425743591021688 0.0032971754658533197
34.22870250936229 -5.3871091893357965 0.0036553545669899255
34.148947853545906 -5.403371350197647 0.01055589312833219
34.15442319098331 -5.372913260218436 0.0029621239296037088
34.22068290029937 -5.332644534563162 0.0034228393774999354
34.162877071091536 -5.351317299973668 0.002709290284461635
34.355235317217065 -5.301326229206653 0.008952571632171736
34.22622841635409 -5.304865741107786 0.007864151829336414
34.26957019914136 -5.282986280492274 0.004745693540236411
33.91041882136056 -5.498726586738578 0.0138456315283185
33.919435866757446 -5.449271578957201 0.005115563260182128
33.9059269790681 -5.4558749459864355 0.025618655939042608
33.95903003183602 -5.4200656374521206 0.002923623032430262
34.041754073536126 -5.4224154730996785 0.0068395072558131145
33.98756226233186 -5.419414865611841 0.0033939550769730526
34.08982863638117 -5.389002968077274 0.0027573299593917286
33.97533256196362 -5.396884254757664 0.003189372091413362
33.98068306158022 -5.354641120312895 0.012115506630535346
34.02341338896034 -5.3696213023464 0.003062464969238424
34.01902429804966 -5.347933075869731 0.003496954524281483
34.03638386434683 -5.351134962764733 0.004140216192990128
34.04327727047383 -5.3464532376275695 0.00940485522615776
33.83988605120961 -5.434807049267532 0.006261103955705354
33.83302064531895 -5.417083547213189 0.004650815215420639
33.88344398427131 -5.344617997111417 0.003906728714539406
33.840402610714044 -5.3403672312959625 0.004439588314541807
33.80298124457769 -5.34572852344541 0.00989117326710906
33.82250361323203 -5.325065104799795 0.0028430742676847096
33.93205352256598 -5.363702249610298 0.004361131726778695
33.94244456069395 -5.32784400393469 0.00576633480261964
33.93976133798061 -5.302833528685372 0.006571515772765033
33.96873733052585 -5.2698095488710806 0.002949498262138125
33.93800324291115 -5.264736666783042 0.004770713811491379
34.16367875111307 -5.325046478813143 0.004756067116115876
34.165482535016096 -5.31031626538503 0.005170873931887102
34.16720832372273 -5.294605893219453 0.009568575425848385
34.044352679451706 -5.321018085965881 0.0028570046327944507
34.082555750799635 -5.29741084007167 0.0030739578602079084
34.20434320818823 -5.265855604252757 0.006729735410291459
34.1744102950371 -5.277626943242463 0.014002535571798745
34.16484782365236 -5.2705405415752935 0.002810666482010371
34.15996366666237 -5.264722944719476 0.02317796875697655
34.15988661736918 -5.265351479027934 0.01351363484620741
34.16473875657334 -5.212324464611428 0.002841450957169382
34.1814790286598 -5.214899649262896 0.003298817916377833
34.18967383363817 -5.203414201374088 0.0066217649331506145
34.02358556497895 -5.2909915704910455 0.008072932562697263
34.01716982985037 -5.27552888186516 0.002792076154659474
34.05480350672101 -5.211075224173074 0.006446561120600533
33.990415249159625 -5.236305459157187 0.004030999131818635
33.945187361581226 -5.241162889802233 0.005414972490261262
34.00768961008666 -5.175568929964939 0.009369288233019519
34.004061375259596 -5.175565191930751 0.013056005507658033
34.106574618091315 -5.1965069761490765 0.022097367507602182
34.147382987141775 -5.174367187725911 0.0028685927708664155
34.0492336720615 -5.172601964435693 0.0032341273688159524
33.327257171922305 -5.612412488478508 0.002748866506186407
33.348329039092455 -5.576093222382455 0.007535069972193888
33.40755893771848 -5.553367129287122 0.0027961063746147685
33.55476591739739 -5.5128912161698675 0.005376961905521705
33.42030264262167 -5.544366486317462 0.0027105943866574723
33.42236180797873 -5.514507678468457 0.004695526486072233
33.43377147444795 -5.521009881292607 0.007893477304571368
33.35992084094241 -5.442232194542189 0.006358452475422309
33.35172776371921 -5.448590454044994 0.00402004805514183
33.629536441772785 -5.477541385640904 0.0030379024184074097
33.579554510983044 -5.4156585585485235 0.020553023538410323
33.58101633171915 -5.414142448779348 0.00776644944545618
33.66725428813514 -5.434976023816017 0.004790401720213644
33.705273958823284 -5.381528635386883 0.0026979510114012034
33.69263149056614 -5.381372437479448 0.0032495091157375396
33.64840606726089 -5.388133030116246 0.004722670974582666
33.66498343836821 -5.371827142030708 0.00545048450846802
33.53343581287742 -5.369452478489596 0.008567493125289732
33.433493594717405 -5.403369114117736 0.002649697461160719
33.56032973872483 -5.339043253248105 0.004604924611297417
33.57471890704327 -5.3403498948451755 0.0032695034849851336
33.62764730616989 -5.31039789206975 0.0029876479405177322
33.49583799578809 -5.308598370044159 0.0032635620520957203
33.59151651434224 -5.270322791805648 0.04549926982364939
33.577974056455204 -5.2563429846117335 0.004677815295626135
33.21811195286138 -5.51348063129578 0.003174083588773223
33.236903923470855 -5.4978393699532395 0.005262902623851835
33.22381161470701 -5.413369274898787 0.003535170745111544
33.183895633908605 -5.392634657708056 0.0038701594621201583
33.07634194998255 -5.385291807240727 0.024150111689384322
33.14107587779433 -5.335304088622438 0.0028822104244808073
33.25026040214393 -5.316779662782138 0.0031016886055779307
33.21060174836974 -5.309873440863049 0.008731055715973048
33.18517692550468 -5.303226593057676 0.004784957884417029
33.45637068458455 -5.285708271192862 0.004320165303218697
33.3499731637983 -5.3187670176402495 0.015413859450942449
33.37789831611279 -5.3121392331035855 0.010087360216271287
33.42327078377446 -5.267563366358498 0.00412681057367577
33.508029959836065 -5.2628875962346005 0.006123166651785589
33.31384943387617 -5.286167064689403 0.0030585525708581376
33.319083914067626 -5.260284563024742 0.002870278973980757
33.360302798060815 -5.261286836454844 0.011002804581539637
33.34483157857994 -5.234060316729321 0.016258705313719448
33.29494290846932 -5.180599740628388 0.003218915822260117
33.38479877255123 -5.201498917900949 0.0031654688167679604
33.368119968245274 -5.1633166691526196 0.003837055576365404
33.33220159494128 -5.146199399564891 0.004606390157933208
33.40501989028716 -5.134349732554429 0.0027313146529208835
33.76468382783491 -5.3491203309951985 0.0031344978379504846
33.78762990264849 -5.279764427691421 0.0035523506213321573
33.72574775278417 -5.314108610682629 0.002860871258310273
33.776738732148395 -5.267956040754836 0.0027476498027541795
33.77384020949561 -5.262731530756521 0.007755071381282693
33.72350481206985 -5.260292220444192 0.005294713432481783
33.895194264512504 -5.221710936226487 0.0039900387608215225
33.88555011477911 -5.199980920203693 0.0033515498597690013
33.791567010354456 -5.259718586352372 0.004764848148531195
33.83247746107606 -5.196077178475894 0.004047520989828026
33.66215772787699 -5.3041929966626284 0.002929237967366035
33.730658482751444 -5.240731530776116 0.00699160532744659
33.62088458219987 -5.25785298750426 0.002860065666920263
33.60108342252831 -5.242644039274932 0.006483695860519985
33.60258888405269 -5.211476064933467 0.013090092625102802
33.650215513479395 -5.218386789491348 0.00664604801593244
33.74249727433148 -5.21272915399332 0.0034652709643395647
33.731561584894 -5.154433317271617 0.002868452975660326
33.7332377666977 -5.100328099252031 0.006656544499087105
33.958505352676475 -5.196340908162764 0.004760595202552781
33.97986107574413 -5.178238870913521 0.0034510746978687686
33.97820831724479 -5.157075121719085 0.004447915464606952
33.93088537499152 -5.1094379439003665 0.004003812301806372
34.00926200415731 -5.111253728592824 0.0028447838882131866
34.008209447144885 -5.0966089068682 0.00578614295900776
34.00797237759634 -5.096157068911684 0.002986910947376592
33.975483270283256 -5.080907388750443 0.037962440008398574
33.94599274632272 -5.080464674012034 0.00453992841086139
33.8634348959193 -5.103789051387655 0.005433895905786306
33.894234682714135 -5.067179774570813 0.02197685079165278
33.923906095570416 -5.063033866375969 0.005781721051729249
33.967207852786366 -5.042964497537728 0.0036559000140491383
33.57361222213724 -5.19343798277922 0.0026793903852790663
33.60034840319232 -5.178659376654426 0.003640405858591735
33.622224013633776 -5.174694599078167 0.002700240299803532
33.584588552350404 -5.1537202299707925 0.005391289643186601
33.686476268359215 -5.060719266759395 0.013443302296252409
33.601223533029426 -5.059392181661996 0.0033910721460349777
33.61379814596983 -5.052858197282052 0.005637709705602862
33.682598740326256 -5.039630998591728 0.00490990732238313
33.67051636401624 -5.025555345101819 0.0035588892198858365
33.46076023557279 -5.112954014349209 0.008281582919830815
33.48529364397367 -5.1015299312885265 0.003934089307780396
33.524816100633956 -5.106129625696504 0.0027138408452146946
33.467138789348034 -5.09061514858289 0.0033015790844495604
33.49658790583316 -5.04426883183243 0.02334989928232957
33.55372572045903 -4.983020328654266 0.004734174475876963
33.786188328955966 -5.0283020792744715 0.005565836373233426
33.80430223855046 -5.003577652469475 0.00488709250496231
33.77235043949348 -5.000658986765608 0.012671177645479394
33.70214176690442 -5.0237731094258224 0.006316369308505459
33.76529846295786 -4.9858823501528455 0.0040578130042752845
33.7495215243379 -4.959892154938191 0.002768660690421957
33.886543416992346 -4.959248276286769 0.0032475274421109855
33.86529903700958 -4.91677364494862 0.0028586350518594672
33.6433967170689 -4.95582385234851 0.005629005261702265
33.726311248121476 -4.939514589346972 0.00631781325420337
33.670940528037995 -4.906471138578598 0.004256522266726443
33.72461278938947 -4.900085540862137 0.01903798803840747
33.8153261618194 -4.872379450404207 0.005936112043563679
33.77442499851692 -4.850240284935579 0.003294324678089644
33.78103911995071 -4.830385135731912 0.00446099883286056
33.692326665021554 -4.864973074197816 0.002647980420895093
33.70749754955805 -4.852731055211894 0.006859044723318762
33.70780425811303 -4.826135077840829 0.003458806286235745
36.60019358736863 -7.107958588963928 0.003996233762119875
36.554316052598395 -7.074003412315561 0.0037085221272626324
36.67498558388433 -7.071169899675098 0.006392946126152374
36.6748775878503 -7.070778299876427 0.0035944182001355325
36.693255935789104 -7.039229487175414 0.006984120271431315
36.68999586685349 -7.00217564051465 0.004533044470292512
36.578300497022155 -7.0396454563532105 0.013887665887812891
36.666549743803174 -6.98624975115364 0.033875959861704254
36.62607428935909 -7.007464544794685 0.007284131284137039
36.475226305128054 -7.042154172468731 0.0027719237504632765
36.53055189736769 -7.050002141200716 0.002765221052324972
36.44296602294663 -7.003721869743115 0.0033328251864429915
36.48997226093569 -6.976136282645359 0.01943889010799785
36.54548732676531 -7.0024626801741165 0.004682805498390231
36.543096285711734 -7.00690359283562 0.004783526889763984
36.51993362315478 -6.975095734893904 0.011947532061001985
36.57149001204328 -6.927516993741484 0.007643812221767151
36.7532347939486 -6.992893265351936 0.005183091784839309
36.76001392415678 -6.929600811228241 0.004519603846816501
36.72047530031391 -6.932180967671201 0.015681234147325536
36.8564655769032 -6.907524285423647 0.003964355519089962
36.82631412425298 -6.900264719306961 0.0064440898864315714
36.89284994074336 -6.877695728436457 0.0031397957669886067
36.75968785033047 -6.880426323079467 0.0034537014634574096
36.79984350206403 -6.863108647299149 0.008158936716691498
36.78693765049218 -6.859203671600651 0.002942325425247937
36.78827199986505 -6.855333725543178 0.003822728501866096
36.72501863253314 -6.876197853498592 0.003101483246986023
36.760186903403685 -6.831797555032882 0.004382578154596669
36.35444050317843 -6.9998642654760825 0.005744505037475425
36.38081149272998 -6.968163861989569 0.0030922018069672094
36.416211085760786 -6.946354094487798 0.0030001246868602374
36.40280418192073 -6.944932890033047 0.003135374447390736
36.357903499369264 -6.940206416948796 0.002935612880796063
36.47743911425564 -6.902725351075063 0.003421828148955087
36.52515525620397 -6.867775508713603 0.0028936263437596738
36.40070223173106 -6.878877044140065 0.0091376570566342
36.41514396564549 -6.870350063646567 0.00850084092993874
36.44014519828652 -6.857829126327311 0.0037094859852273908
36.48567431443371 -6.830768572976166 0.003799098201476507
36.26800727933218 -6.920419888157084 0.003500735789950489
36.292910004129325 -6.905383760351448 0.005421847269997313
36.25130013430722 -6.885974262612395 0.004183497989569839
36.26990657844935 -6.862749381571991 0.010203596346397765
36.27186558222353 -6.86202111747025 0.022742627289465342
36.25111639059512 -6.847905896247259 0.0051191620147383885
36.32193708333699 -6.8596679482904115 0.002948711405443352
36.41351050446999 -6.85711460968481 0.0057255712650585875
36.40681210031385 -6.834280474864156 0.004627842760954229
36.39633307401681 -6.797872641777703 0.009830208958223504
36.38929684116599 -6.754027707179979 0.0038358158521554727
36.56190211414362 -6.875034463572211 0.0030452129613647867
36.56372865070438 -6.7584925872751445 0.005046985878962694
36.686151248510974 -6.767810235927171 0.004699349760182541
36.62812097852954 -6.75523024584813 0.006008715888000084
36.61513610524195 -6.73218656192379 0.008113260203297572
36.64600402134591 -6.711239529402311 0.0038627663959662872
36.64929936556724 -6.685532266672262 0.002795867846780073
36.46508466359033 -6.757773273297536 0.010292651178048971
36.487138895335335 -6.750235805890374 0.003158361736975474
36.422716914182935 -6.732501387961287 0.005636564091919741
36.492261796129085 -6.711629538194471 0.00436350401203754
36.49944258659243 -6.705549505489892 0.003669543789627031
36.54980894689921 -6.705548878179481 0.0042564830138835325
36.490954823614445 -6.662501898157802 0.007331765983279174
36.56674005775293 -6.643456895294157 0.01196940906474171
36.56957818089109 -6.613409790660008 0.002839178447755346
36.875061502403895 -6.843126270620576 0.007341739649362681
36.88959400306656 -6.786321751705493 0.004992082852411223
36.90493686856643 -6.744032822208839 0.003760767928895991
37.02662559222119 -6.758564105354018 0.003163326864621495
37.05132245926761 -6.734169772151582 0.0039567134987059
36.983885953878 -6.729573988564604 0.0029259997158655993
36.85619318991009 -6.776555581578878 0.002772688043349247
36.86909051541552 -6.759575575164091 0.0027108014833653227
36.84340359397055 -6.7266736797915385 0.01301045693817366
36.77907919225842 -6.736963552735973 0.002833089370198203
36.8043967615099 -6.7252482281310515 0.0035353419341178647
36.82487793732958 -6.667176655983615 0.003016947443284379
36.929837499314935 -6.707279445197608 0.0026513641492350603
36.92641641782157 -6.71061072784439 0.002738541298094291
36.9625041577352 -6.627305660548189 0.0026653742616708238
36.94123550234279 -6.615360099024947 0.012116875473424457
37.07888477780589 -6.700843417460288 0.005034937740036041
37.12559499925788 -6.677436330846438 0.002994880889719113
37.18461766341408 -6.644718199163843 0.006173656752819291
37.188132540123746 -6.64324159574811 0.005484648372024321
37.16577626114752 -6.640417057871493 0.002832196518675536
37.214758059617466 -6.5965106619498215 0.0049357267066632605
37.22667463704798 -6.5632621515620375 0.0031071173754900986
37.11248031850458 -6.570599679404091 0.002943143513109175
37.02320455322917 -6.609915254580868 0.002862950799408016
36.938285076790656 -6.566506282887617 0.003813522557268372
36.98403747246572 -6.541611136340033 0.0036474442672183305
36.99474470496738 -6.514133872236633 0.004938842589981809
36.99519214883551 -6.513836841843485 0.004497555068733012
37.113486876763126 -6.491900614634894 0.007088732850386466
37.09394127845066 -6.485935739108978 0.008256056751805067
37.08519273987618 -6.4372675747152215 0.0027515424325643433
36.76288242068622 -6.697487742137567 0.0033841829228651085
36.76164761633756 -6.6778964329260155 0.004273246392015762
36.71803072861356 -6.683187327346228 0.004060643517652318
36.75536537771257 -6.671594904400352 0.003050767840266405
36.79968701756496 -6.665750314843463 0.009939064628897829
36.72540052247958 -6.64985088747461 0.008954355956682257
36.86867584615096 -6.582635418026803 0.0027363231179356345
36.84293172450302 -6.57428305847955 0.009203774501256189
36.80071076884045 -6.593522028638501 0.0034151329840391843
36.791274871731545 -6.552723027297479 0.0035248560003484117
36.85356356282691 -6.547000577026839 0.009153749946705007
36.820696238827374 -6.544021876789145 0.006851744417389502
36.83821499147572 -6.518185247644652 0.003768606255011702
36.676369400458995 -6.590396780546138 0.003354758482020278
36.58528273409773 -6.596327293203291 0.0027795498646694277
36.59423253284999 -6.568859983076194 0.00265057562370301
36.789643244972865 -6.517110432499102 0.008604581245759054
36.72276745906609 -6.460490473051615 0.006661312907459469
36.91194994786346 -6.561337196953712 0.002689481985188212
36.95117420438316 -6.517218282308883 0.003717221150952327
36.902808694087796 -6.4874519561790995 0.0033598398329616154
36.96351520675437 -6.464092564066019 0.0037336841368769908
37.0459549575592 -6.45127693525734 0.004625591801948644
37.03224569279839 -6.452010824040913 0.004546352803969211
36.999330291241776 -6.390345986273421 0.0035973213034807988
36.83969512416833 -6.487724885835283 0.0035421911578379746
36.892587717828455 -6.434613186265285 0.006841798817044417
36.80478375278436 -6.416448196344154 0.012082341443837448
36.76463026413329 -6.423841796638368 0.0033506128105278876
36.907402501599535 -6.368220382548167 0.0031845590013971836
36.92110667737781 -6.364445811155697 0.003612185788315782
36.95985137249309 -6.36600101383706 0.002866533685173418
36.872700156338254 -6.327010853352988 0.007284870226706834
36.87164544987611 -6.327222841818931 0.003212618675188131
36.21044580720499 -6.845991001352757 0.0030139528197932063
36.22850862554477 -6.8056575750807795 0.002856441930751177
36.193386858858815 -6.8031074865116405 0.0027674880840477217
36.15515818863125 -6.801110299657194 0.009027016777117427
36.22400012233649 -6.768578621646105 0.004954205471444032
36.29514903777168 -6.800098896067773 0.0038612348260656
36.32950818373416 -6.761675364339552 0.0026750922589066214
36.27769020679709 -6.771551258119442 0.00462812472735015
36.34676575214275 -6.721990073240105 0.003898280761538508
36.289231817890595 -6.700643636772102 0.0029502629110549653
36.30181684996225 -6.6844072611389445 0.0033799562950641514
36.16455149894544 -6.7269638953939355 0.0031675194448101515
36.110777052030386 -6.728458822726789 0.02757381142224342
36.078017533642246 -6.699948604595981 0.0033291726230198645
36.201645309293006 -6.704428876769571 0.004860265843069916
36.196187174684255 -6.6102160861788954 0.011951421124355219
36.43259080514137 -6.675885414598776 0.0048430945155576895
36.44328610325142 -6.635355014932037 0.005340876794646782
36.31408885333787 -6.659930305018144 0.0030361607359882087
36.469567966969045 -6.585699003643689 0.015490531157617273
36.52634030189144 -6.603829833432033 0.0027524507360387153
36.52627757556048 -6.564571607380654 0.0034185318822600773
36.40749319593481 -6.580034698276924 0.004196954970148875
36.47166844430633 -6.572022008443251 0.00609904579954858
36.46597798506416 -6.523102854133347 0.008552031258981834
36.30904075854667 -6.596976287884121 0.0032804764518157754
36.297317458090575 -6.535072059051038 0.008110150054264475
36.383124009983746 -6.5540634146491294 0.005464151279226693
36.423679317328954 -6.49548631810513 0.013325920702447756
36.354852808474064 -6.527874643343421 0.004833081788571285
36.39907474695932 -6.481800860043192 0.009600882057568318
36.38344793134029 -6.438673957405301 0.003442611812651263
36.02612388866443 -6.670887132597464 0.002659815665893811
36.08800995598273 -6.681389438627924 0.004826734155475004
36.086283643449235 -6.637804819727485 0.0031598267737042505
36.03874453567162 -6.610443730899209 0.004482608596053319
35.9509897702447 -6.518718009908529 0.00338821050486351
36.02445062557772 -6.5425111196406736 0.004225721826228286
36.09185576488073 -6.525130224386094 0.011854872968009654
35.990458550308595 -6.479031926312539 0.004289737966293735
36.009907668053664 -6.460920595824072 0.003210470211256644
36.20585732873609 -6.564980863061713 0.006977070472280162
36.22787719371291 -6.469758400115574 0.0036249953984509543
36.33235305989794 -6.465250998726379 0.0034732907091232896
36.25214220546703 -6.396230633286685 0.003652576701841156
36.18114787261713 -6.43584055633385 0.0028187677538912986
36.08076605913232 -6.448410865432395 0.00332688485206784
36.057459964455965 -6.43532831277161 0.0177713765731831
36.05231214387231 -6.435311267295365 0.0070353271861694384
36.04478500042687 -6.432734669969381 0.00330207174161027
36.16492827783837 -6.324154832103175 0.002931863552704945
36.59615987022627 -6.480698536332555 0.0030011536089307365
36.51437082429595 -6.496177638707309 0.008587394599238298
36.58388998126919 -6.479471895385085 0.006935956162851022
36.591830371829595 -6.477367569347878 0.0028371254831254474
36.62592962333005 -6.475592206238186 0.008473511234890267
36.64970408242969 -6.433702405740837 0.0029285915477358787
36.67136675242985 -6.4155404863289585 0.0039094217031216405
36.69615398767023 -6.425269742069744 0.03407346653093527
36.578973255641465 -6.427896280223921 0.01870700036065877
36.672149531257695 -6.395503040330834 0.006535720700041128
36.48922654153712 -6.487353324544476 0.00351424507296291
36.48111099569569 -6.457609444722741 0.0029181640950430173
36.44635818987092 -6.420833075504882 0.004727515861238595
36.438225873064766 -6.3907691230681305 0.0028384070027351275
36.56075238978429 -6.35549659182321 0.0030788603773779814
36.51685684843527 -6.3325450334329005 0.0032960189854325675
36.76166445109007 -6.399447894389003 0.011800972263459473
36.6963812996632 -6.324259651566959 0.004189595984214259
36.74579395434085 -6.316100375863842 0.0027720835432172067
36.723735170267666 -6.324452375062208 0.007876174954558817
36.7498032882586 -6.304682864116388 0.003177728211566812
36.888835008668146 -6.266809532899993 0.006289494180470137
36.87459148307801 -6.252011445415592 0.003914301232950602
36.64045454123856 -6.338634138823385 0.002815301162250499
36.64934120885055 -6.300582006040782 0.007050501098905916
36.69717173977105 -6.310162967363745 0.004455760504429963
36.67567452337611 -6.286026458415751 0.002664692193502856
36.69647592873175 -6.2748314635861355 0.01287502970223705
36.595431601045625 -6.252432358774022 0.00890611830097906
36.65614025791391 -6.228990484136984 0.004080714438252497
36.65391857680895 -6.2168382936306905 0.005079813519931546
36.74106993363669 -6.182693473737482 0.003128740901092627
36.72553949674269 -6.154876964043071 0.0028678445347179804
36.74077121132986 -6.135414143168356 0.004249589102038561
36.34662100100844 -6.374919803897893 0.007532139322889867
36.41224648819231 -6.313250113458309 0.004505076702818508
36.466238810368814 -6.283041691008148 0.0029678430460697894
36.4745969959767 -6.218327690784486 0.0036844701263410782
36.476823468281815 -6.220938310957134 0.0033660651279117854
36.28798183103005 -6.290786594823286 0.00807713756550009
36.330574732079945 -6.297450879845401 0.008604618097609708
36.28267476352535 -6.276909195537164 0.004173761412901145
36.26770166452126 -6.266890408253238 0.005624223615410498
36.24692120052893 -6.2485839746770715 0.0029367173539789695
36.297380424757925 -6.209334804567778 0.003978413863611496
36.38227543939778 -6.240666429500763 0.00505623906379682
36.587364026056896 -6.178482634547591 0.0037410445036399776
36.652802459271534 -6.156174242580184 0.002758074796133672
36.71929930811001 -6.126705649893592 0.004708609067474637
36.62719506151108 -6.126187564077825 0.0041920158362103
36.64193818630675 -6.105472147149718 0.01399415773071486
36.55172480128964 -6.128785436717558 0.0038478908974486125
36.44156476696028 -6.118884422846515 0.005109431894041528
36.53388972589787 -6.096049817124655 0.0056188038278558745
36.63445160590214 -6.044066973177572 0.002886167285054863
36.61609873306056 -6.044552601660631 0.013151618263219925
36.50111322589963 -6.0328151704301956 0.009325278901773214
36.572344046509635 -6.014156599988303 0.0037101825169507958
37.23898294780567 -6.533701339194974 0.0038290370587108252
37.26496052655756 -6.524547904811397 0.003937074878328084
37.29202577580214 -6.514728523034743 0.016304961760875543
37.24539633129946 -6.485526955665124 0.003169570197069309
37.23105493116621 -6.474541532971844 0.002813211730206921
37.32528088965143 -6.468543850006783 0.010844208263076915
37.332003147719576 -6.465163259674143 0.0031657816294146752
37.36442658874834 -6.423594154884833 0.004299444821231887
37.38856166291152 -6.414736845065531 0.0030509738451574547
37.400931620687935 -6.400722128209766 0.005775437914927872
37.34474276810246 -6.381688455696548 0.004684297287224043
37.343922308177426 -6.363620859342558 0.0038969699742928366
37.16643965852798 -6.445826979907589 0.0073158300761036145
37.15243560989241 -6.440924078974121 0.004488132549671188
37.14709989085237 -6.420196048819081 0.0026994248380620305
37.153962590283946 -6.398182956171557 0.005374929096456798
37.30055847378944 -6.358770222195183 0.010505915287214068
37.22550531862825 -6.3507900314538075 0.004754912775527825
37.25145706919031 -6.31991159653076 0.004084486402600255
37.251160460309904 -6.320169921313036 0.0032798162979227967
37.41881043247755 -6.383098257915169 0.0037974879951280637
37.465647165765255 -6.374873180695993 0.005863591540636648
37.41274564282162 -6.367411960797279 0.0057126821335871025
37.400692434963545 -6.363211811200879 0.0032417807915582878
37.42693325552427 -6.355315950724665 0.0031100591191656917
37.430957210454785 -6.3627952598093085 0.003407912022310952
37.4571576760904 -6.329227083464242 0.004443901504791489
37.41458037782729 -6.323783991453108 0.0037558335719611105
37.43672874203224 -6.300195906762682 0.0030867807600067475
37.5374598446383 -6.2942591860547985 0.007054973221022709
37.49521626489981 -6.274581531011766 0.004240930688256627
37.50818126155899 -6.26548025352898 0.010849113673422282
37.48464392031902 -6.248714584902663 0.003701283017958168
37.54970360064736 -6.237758816851116 0.004324090199104769
37.49855975964009 -6.248876863458749 0.004055051270341263
37.35253317119541 -6.287846796257636 0.020220237605075773
37.33227309700577 -6.282063562685359 0.005075133954385894
37.33192951011227 -6.2815500125192365 0.005134619012902598
37.3911556982239 -6.24481120600359 0.0055813808070267696
37.48788707286059 -6.207597471248661 0.009947963763012492
37.505976932119616 -6.218118017260089 0.003212944691968389
37.35747616979169 -6.204220249178691 0.004686096736410089
37.43415683472634 -6.1941608296885695 0.005213278121913858
37.471675509907385 -6.165320897579998 0.0038081601545025745
37.427717807404626 -6.172828103309372 0.010055579400507325
37.43067034301224 -6.145802542209214 0.0050374642797867035
37.064622224971735 -6.391290116015142 0.007186224732225127
37.14424798437526 -6.379036395726154 0.002694083671001531
37.144197604945546 -6.347474323464951 0.01194927977486023
37.02388095421844 -6.371338537806561 0.0037652895988825666
37.07852163028414 -6.338359812371697 0.004844397927003892
37.18206169575705 -6.300655454448459 0.003675529346355136
37.25159271663339 -6.283018076719515 0.0040192271334630065
37.200997390246975 -6.284882701929185 0.002777355256024372
37.20691871277879 -6.275120078103437 0.008430510033834273
37.11214737039457 -6.294142908830143 0.0036625641879275686
37.10614033055601 -6.281008293295779 0.008787116708005173
37.07004984817911 -6.284173052332703 0.00455838318234371
37.02967320291562 -6.28807713511248 0.002837348813045347
37.02868618071454 -6.260729642851383 0.0049777075183632625
36.97374734428754 -6.283945357450141 0.003498590637627632
37.02381323494663 -6.242217543934812 0.010548861482192284
37.02859950904852 -6.241284702534996 0.0030189027958514698
37.01341383085333 -6.227112862967772 0.008783363564523477
37.08667290928734 -6.232668861693552 0.0046188137457156215
37.11457859933922 -6.212574258598383 0.003088012286429244
37.08908019949571 -6.178890694687297 0.005310723058803103
37.052616089250826 -6.170234080021788 0.0046848959480930135
37.22623398314866 -6.2157281690991955 0.0052132765013718895
37.24294070726462 -6.215385480211047 0.0027641874739636517
37.25333793502048 -6.201106788525686 0.002780741219843818
37.24624132257585 -6.190388989440319 0.00285031681332592
37.24157442751736 -6.195482905827088 0.003165120615348857
37.34720956414183 -6.193855968022911 0.008920680592618272
37.42096495795705 -6.14657515540065 0.004952746783655512
37.17417982537705 -6.170915251993289 0.004058941243705732
37.19914631329591 -6.118549698058164 0.010100380147651621
37.21295274522179 -6.098954287645375 0.004099261131052907
37.14718453522668 -6.086006052637602 0.0034452843755706517
37.17822493712855 -6.0886627892059435 0.013510715208605568
37.25703247170054 -6.083521345302457 0.0043454059492839285
37.32755687853031 -6.043550262342762 0.003154298719267676
37.29387050320878 -6.03154226910906 0.0033146963465510966
37.19119076886769 -6.05943853055935 0.00672664842771598
37.59925509192901 -6.209770219894116 0.004520558196560776
37.64003071522035 -6.168266219548596 0.006758979350391745
37.72188505748837 -6.180558822954356 0.003941542371822626
37.73799844868616 -6.175450434602584 0.003937772526503995
37.708160282329025 -6.1013144964918595 0.005321097842034892
37.71199188728064 -6.087051610095703 0.003243551699532141
37.59199568408249 -6.125082268054721 0.0033977179114021965
37.56460898634624 -6.1048009447249845 0.0035223850940387835
37.63463164580698 -6.077488160455514 0.003627112947421815
37.61026273268307 -6.060641147588484 0.0034926181745674077
37.67667555868048 -6.0765019218109275 0.00265124015975559
37.66397328414578 -6.047863333535745 0.007682598278581435
37.55322954084336 -6.0730555804536115 0.004133991312359973
37.574663501924 -6.056209189230889 0.011620436307197455
37.54036813630765 -6.056845033344069 0.007974529971096038
37.81624936608238 -6.104370162216498 0.0049135928780498625
37.7327319576188 -6.016394687721205 0.005901808378682396
37.68273301435471 -5.998916171031721 0.004951848106428799
37.68671328244781 -5.974922516139729 0.005604853424533748
37.7160256849385 -5.9678798126592385 0.0041390148980962665
37.70199069116495 -5.913136969234406 0.007437096721025302
37.81928484398931 -5.950047897911701 0.004599029598444198
37.76877949369325 -5.9308254136122684 0.0037407278206393843
37.79356738855054 -5.852787760462423 0.0029530522729072023
37.80340280261811 -5.841766672768686 0.003175739088810398
37.78109208883648 -5.851321217532671 0.004174381476544555
37.51537622134626 -6.063730788354302 0.002725978552837092
37.449897357169995 -6.028706050436181 0.00405087133879008
37.56320890195078 -5.951300446447452 0.003238620604730892
37.486454686275096 -5.975364033587081 0.0030748551339172805
37.50255580840231 -5.941249777629653 0.018644973464752704
37.27517589268541 -5.983189664361558 0.008274346232855318
37.355113899835594 -5.915772691574862 0.007164416981686856
37.473541571929104 -5.947781816232931 0.007780134941488198
37.50582745795836 -5.907102137336173 0.00521105827175199
37.47153264172635 -5.865283679390345 0.009840517536327153
37.461917305810175 -5.858533750255496 0.002887536579571435
37.53984958041503 -5.901324199553785 0.0027576152023794866
37.61872927025736 -5.877090810355721 0.015690699482345628
37.63180148199689 -5.857962709000271 0.003322682733383346
37.63087834535208 -5.850323433193142 0.017322443146268202
37.68414100585699 -5.885480109058086 0.0030020028804449194
37.72292199009717 -5.863128472260657 0.0033504152719553855
37.710090243934225 -5.866769660821073 0.0349344816855754
37.66880829421596 -5.861049568474297 0.005427724361940805
37.69637744422926 -5.854269404699683 0.0037967274710394043
37.76680119408515 -5.826866161694224 0.0034978726976112795
37.74254419746378 -5.807011101264334 0.013207141158269271
37.73192265934556 -5.814202050270294 0.002674011370304735
37.572036423754966 -5.833817927633472 0.01558124098653168
37.470492458488565 -5.810196428296259 0.00433933430382728
37.50082199206027 -5.796665744075118 0.006928802297781591
37.65686800053646 -5.7258204735865705 0.007973553078926127
37.62003452908934 -5.731802104234931 0.0034962358332077106
36.89987111023547 -6.26211903080893 0.008667175280803492
36.89605370854498 -6.23184932223536 0.0032206201783575358
36.97153349944923 -6.206775159970393 0.01668599982205549
36.928270234297095 -6.196090570800402 0.0035809263564242372
36.89157048726864 -6.191076651706153 0.0027455319665502845
36.83762707874554 -6.211483675618288 0.007528850173279231
36.88971926519091 -6.165265337670548 0.0033626941210670746
37.00325612049283 -6.167075925797368 0.008695281264797674
37.0032763561562 -6.161142900556493 0.0028009993279114135
37.031165605027375 -6.141424887264708 0.003861804591956753
36.97251905456638 -6.116718143556955 0.003543049987090216
36.994396596093026 -6.0669623426608625 0.003398481261175353
36.8590940307153 -6.114050466310865 0.0063090854515037865
36.87207814211741 -6.100754088637698 0.0038281606043462637
36.86123024440506 -6.1025286950798066 0.007295015426489851
36.81328170350607 -6.123139097845811 0.005576562379871684
36.78972867097731 -6.112420568724067 0.008945279082692175
36.83824164042468 -6.066084759168277 0.002886557975782103
36.98197078229053 -6.070027397112233 0.013694905178714146
36.97980490779077 -6.046368450356068 0.00701682878523526
36.97420739507736 -6.032495962787335 0.004086864459539368
36.84180448190786 -6.044255174806656 0.004606069902619123
37.12824746008116 -6.074105538259592 0.010379391887495946
37.133175135717536 -6.035934683533586 0.0038681330122810097
37.060916869300634 -6.068777503026998 0.007913455046225005
37.0706690592078 -6.05801554750459 0.002926744828358586
37.09186297740933 -6.001569763272005 0.002775635923063379
37.18651967376736 -6.040490771213258 0.004850760915352162
37.16684649928553 -6.039385854446646 0.003264842570646678
37.128064674516445 -6.00100233704289 0.00814146808235837
37.13919768779781 -5.967275233626713 0.004509894625381836
37.039724904270706 -6.010421782822155 0.0031017785948478597
36.97550645652927 -5.972443222167594 0.005184816369676057
37.0101934086804 -5.967254860250605 0.0056068200100647505
36.99160848739591 -5.937917474506429 0.0027568531599625346
37.0989357045456 -5.914275284364265 0.007296618325889794
37.16199816535847 -5.893955990531039 0.0030716532268762423
37.16321444469269 -5.894774091343894 0.0027471131930468734
37.04859801562326 -5.926713476166601 0.003103730611587256
37.064927019905355 -5.902422089273379 0.0038200486564928
37.04063938098589 -5.895428108340746 0.004372948519193633
36.755151038237514 -6.104415296632619 0.004713286013785093
36.7702741595557 -6.084106942205834 0.0031277435316282003
36.77089041341008 -6.098222261003498 0.04012831667753827
36.71575911429828 -6.078611099689521 0.005100746727616081
36.73553955302562 -6.080461135526778 0.00690011898311739
36.74773565345226 -6.076481194348356 0.005708826043669677
36.73900241539828 -6.057050907328019 0.0031571156758663844
36.80123203161136 -6.055139831747829 0.003331519039724478
36.77132498592552 -6.043606798578965 0.007880329728700404
36.69581692408798 -6.0885878063700325 0.022875893954006923
36.79857551605426 -5.965228617406537 0.0027879379243112693
36.56434013513341 -5.978433461848033 0.003906355505947579
36.66030934770489 -5.967354899677829 0.00338249563335788
36.6419313004543 -5.917560250803803 0.002879751741712733
36.77655407831726 -5.9165475343502365 0.002905515152194188
36.80680152228969 -5.913604982502792 0.0040691859810223895
36.701174990851776 -5.92937724418998 0.005479700530289221
36.75781369820412 -5.8686483311894975 0.012335231646097034
36.75422051096807 -5.8627026184201965 0.003095318009786016
36.73363197809017 -5.857746425003066 0.003912809773605622
36.94120106089481 -5.912977611804958 0.0030968242892519928
36.94445143607574 -5.8954035240376275 0.00380884008958921
36.996731755308495 -5.896150162266739 0.0028106211474257926
37.0120982653073 -5.769954229908702 0.0029694379501185877
36.83886224276115 -5.8920342769369505 0.003971066497615969
36.847197890581896 -5.88453871206665 0.005382823994025901
36.814038900608914 -5.869284627325685 0.011522223354206525
36.81432462129485 -5.871520756035415 0.00310729649111048
36.90076431822425 -5.825289649988147 0.004014697934952512
36.892394611332435 -5.822126942710084 0.004245087091809877
36.864431714143514 -5.819463145056954 0.0036562384341507696
36.81431926605337 -5.824171851028324 0.0031233032608418243
36.75598023000359 -5.833292179313567 0.004731614724447039
36.799174285648455 -5.777808931953675 0.007370522641107648
36.94061346040745 -5.778968665979735 0.010796915553535718
36.89479146325371 -5.786466821297457 0.0041880258112313475
36.92008649633277 -5.776573793985663 0.005516865163827193
36.984301120837166 -5.748575895760196 0.003576933570092503
36.89002703881814 -5.772411237324886 0.002725170566300942
37.275885162561835 -5.935984998940063 0.004441732650087756
37.296193645784 -5.906065000291076 0.006575718596953496
37.276459097628745 -5.884210071665677 0.0031659381020037497
37.28041952809699 -5.891393214039728 0.00292985548696465
37.432982153514736 -5.822874118865417 0.0032663528253546793
37.31988664938553 -5.841857239392118 0.004027121193614313
37.32315462029398 -5.795008167909253 0.004824391288940426
37.371894748559576 -5.774153164397313 0.014057654315992875
37.21710402394577 -5.853682874870617 0.004124451438989771
37.20277931165707 -5.79414032548441 0.0040616575090152655
37.265709205429594 -5.812818014951466 0.0030030482123036993
37.25378250071796 -5.7174791316400375 0.009803671027505892
37.42348198253214 -5.787465823621464 0.007932318059017953
37.43187970052667 -5.767302285456721 0.004574745563199108
37.48192765142608 -5.781117382534421 0.00354820611167745
37.42143421080861 -5.769561432694756 0.0029193235089922287
37.44033704192598 -5.7163398521103055 0.004187829960676269
37.49966939548579 -5.713741777218711 0.004742115249670229
37.562219514668094 -5.65693613379549 0.004219765961662228
37.49322866387967 -5.657371690487069 0.0027946579453585864
37.328557362301986 -5.703275789187607 0.005288905467413684
37.41763095294973 -5.671932049637501 0.002702571668147299
37.38241093477728 -5.676244322861113 0.0039020358450933897
37.511444858734194 -5.613979731645838 0.005288564063860837
37.409287800226835 -5.614182275412996 0.010438479667535807
37.10679285026207 -5.79704283807019 0.0028163761286201026
37.063267680875086 -5.786284990039692 0.002757628822398768
37.083173271961314 -5.784615674720047 0.008361171366572922
37.06082599129507 -5.749038737033754 0.003352940059495132
37.1136131181934 -5.73050912867267 0.003083061760004263
37.21905672636269 -5.648833102078126 0.002672422008040788
37.19483631844963 -5.657740095511433 0.03075850185649773
37.05157516043777 -5.676883843200219 0.0027786317547994765
36.96017467761605 -5.6912967003898665 0.0030583733073000327
36.987034166381825 -5.677144116631237 0.011614370998624153
36.98064402825716 -5.668744337121303 0.00439084887376378
37.01611008496036 -5.644142538274409 0.005017288100578345
37.10883817298289 -5.6535956656526976 0.005252759049220427
37.12870531653258 -5.637956977435063 0.016331503361231046
37.101437051774774 -5.633150974974564 0.0027694797539214236
37.085878631232646 -5.630864717297321 0.0034117206145122723
37.107536479741626 -5.622647185123932 0.0030311735638446926
37.048440247556286 -5.602473158870325 0.0057620494305472975
37.087274645107925 -5.570493783258984 0.009798157012560486
37.08112394426013 -5.549439580179252 0.0034467089320092143
37.2809559438076 -5.623537851400675 0.0033468635336050974
37.31986631329818 -5.5968752597929186 0.0027767945265964396
37.318034427725145 -5.590233145499484 0.008489773809422419
37.21362920256409 -5.60397465052114 0.0031842695188452684
37.2574789121337 -5.5539599622618345 0.0037352500016799967
37.33978520538104 -5.587396859492707 0.004646823260366864
37.32187513260753 -5.507125965840801 0.004357388417051157
37.36270699459922 -5.520311263966303 0.0031531851648173427
37.22472840419834 -5.545641175762073 0.004063679514399331
37.26522225618523 -5.456355126233125 0.005109600252558731
37.26767687190129 -5.452832430635539 0.003358086158245356
37.261957113952555 -5.453044946906014 0.003210148769668291
37.24548623098645 -5.448308529406203 0.0035068456767585305
37.22977243649889 -5.44734439763243 0.008414169755018859
37.26584522264287 -5.446397413138029 0.04333978840048756
37.259335915789734 -5.437705862581917 0.004048274283041881
35.887400621783485 -6.531968878188346 0.005094471941139426
36.009998012210644 -6.414847740660038 0.003345816392514849
36.00389682721083 -6.406909067343467 0.022046766533436325
35.980302946072385 -6.389760959690528 0.008297351044430827
35.76717400765956 -6.482823801208588 0.01233530449980328
35.72063630913561 -6.412260466982646 0.00337133803012622
35.842319412561785 -6.3830008775976115 0.00265892388087361
35.892324347111916 -6.379413879214706 0.00759013131558691
35.88970900387732 -6.331941667244788 0.003171638051418744
35.85640428438221 -6.2896995827078115 0.014484627955229788
36.038838119251345 -6.379802049382917 0.0029439608116243734
36.028521670572104 -6.373636468298495 0.007219834620509594
36.04811332872209 -6.33732380781692 0.006075860578161095
36.017023859344164 -6.321886709942873 0.0050381131222711146
36.13520407663513 -6.327609783623357 0.005804340340798397
36.12228238312072 -6.299456893243172 0.011904113790704452
35.93631415530726 -6.313661560504199 0.00412746856762958
35.93367997607486 -6.299933587947866 0.0033993466921701525
35.88767927474028 -6.288815133081423 0.0077909082450992075
35.99159189343652 -6.168474390519907 0.007010358045846431
35.9938724774812 -6.178933297175634 0.005654553528086502
36.03686848476641 -6.165433146671815 0.003956486649538056
36.05177723538622 -6.167575998943735 0.003541762983399361
36.010687219158164 -6.175634957326577 0.004336788070357747
35.7008675055717 -6.387224964385096 0.0027424011326722514
35.7283927121294 -6.325089362391334 0.006241414845602497
35.77433330194593 -6.350995292675647 0.00579393941467354
35.76169220444883 -6.340128854006187 0.002709483899236546
35.82559451700365 -6.2590724621195735 0.0032098569609571117
35.716033860704016 -6.279141090423958 0.0028933003502982775
35.637058743091686 -6.293453321420389 0.0027652092094387344
35.61975399488505 -6.246999570815632 0.00421892931939295
35.5870436697774 -6.240750700837302 0.01212853510630895
35.69716032386182 -6.262778400155145 0.004693261085355634
35.72273162109843 -6.225406363704804 0.002743669621043736
35.76958346784932 -6.203153032114371 0.008464579136374424
35.72256535086913 -6.202724478002898 0.0035655750704403
35.63159447804666 -6.228859927252044 0.003097447610933672
35.83559949814806 -6.2546454718638635 0.023438739275671236
35.91765113431967 -6.21327653163694 0.0033037427616118696
35.814862408775994 -6.222442559716125 0.0258456376378043
35.84245885633321 -6.192888721340327 0.06073551069618598
35.824582168554144 -6.1832283499937475 0.0032168235876962564
35.85570771201595 -6.19650155280733 0.003552306083746062
35.88148286527749 -6.165094793473009 0.0027445446124749967
35.942989715201676 -6.187146953436265 0.002673951431231088
35.9879575116016 -6.128167019483131 0.00633602547326745
35.99486276120083 -6.1140922743387645 0.002755122919479176
35.807324904395465 -6.156686238479684 0.004066361451023432
35.824201991681164 -6.147971985297327 0.00422404226108154
35.795368480371394 -6.145185926985951 0.0035123055068454184
35.815432410651674 -6.092191034194819 0.003426557426155064
35.69805933604254 -6.122792435158882 0.004363985557342186
35.72119450939063 -6.10305618413479 0.00469127351812674
35.76497269691378 -6.109651107141616 0.006616983468322602
35.841462870615146 -6.044802987296515 0.003822593699198351
35.81424363868363 -6.050815459313055 0.0054600474839722165
36.19195163177288 -6.234441174877462 0.005496867133397875
36.25034279707219 -6.1761818770305 0.005534611353084106
36.17578337594091 -6.208937337646139 0.0036566913094540445
36.18618217683193 -6.172690048574842 0.003984149896552447
36.18843315587009 -6.183589700337393 0.009189161400014578
36.35901881904296 -6.126550765570344 0.005508488849034261
36.3198247214409 -6.118011660508179 0.007424112591450349
36.26053388130638 -6.133765410417438 0.004411416818661211
36.256532929502455 -6.119433841541268 0.006978217387867586
36.331585130466934 -6.090855970180876 0.0029490814311213193
36.10887892539726 -6.189541968010596 0.008493692511460005
36.154531890810134 -6.095237829481347 0.007842430698064297
36.09832275568222 -6.077339152146683 0.0033523161524135737
36.257338032020385 -6.058593635015471 0.005072110770783866
36.26820072079624 -6.041901764316053 0.002884247597961699
36.18095306231536 -6.056569272741972 0.0031753854803757446
36.18730431643424 -6.023550591388696 0.0028445102602110257
36.39944751460428 -6.107675224406502 0.005143899082318294
36.37728704037738 -6.032664972378031 0.0032640350571400563
36.37789338453788 -6.028538499714056 0.003128072171390115
36.45982033617432 -5.975843236584888 0.006054673513383659
36.46358497656562 -5.976461845451661 0.004485575847192316
36.46271168198652 -5.924377027124845 0.0044863396988882
36.324333019322694 -6.018548264862045 0.004051048751267687
36.29889078106601 -6.004907150519776 0.003407429347834124
36.24908190449543 -5.996993646664967 0.0027572336786869894
36.27953876131603 -5.965670740282023 0.0028890958112535925
36.32194110223096 -5.932382964250623 0.003871841269564131
36.4224311444407 -5.936643246187661 0.003850886997301288
36.05919825159808 -6.104333966548832 0.016328980470370544
36.017763080106214 -6.069754417423725 0.005022552841813421
35.98049641595855 -6.068287160816799 0.0035559246493077905
36.049632256130344 -6.020594242146154 0.0068900736560915925
36.128551634220685 -6.043184487285024 0.0029717001734534594
36.06970570892457 -5.993634140189301 0.0032237129186031164
36.0667042545119 -5.974841244025162 0.0030636686999596673
36.07030017071738 -5.954289556171502 0.0032376318191898474
35.9347303750123 -6.0015435330903735 0.003339092803773118
35.86325570110066 -5.979558994847563 0.003344706849967354
35.941912831467974 -5.960105938371383 0.0030587077579914486
35.956060653786714 -5.9327506438425965 0.003810544209406339
35.963889211263115 -5.926781143986599 0.005496153704365756
36.01085235957437 -5.942208943367771 0.005679690225516139
36.06625800985952 -5.876825247381178 0.0029698946882759096
36.22206127725703 -5.915467575470144 0.0030631177688797214
36.20662095304486 -5.9201819505771835 0.002905489361603546
36.25537492639442 -5.940433084054144 0.002839330839803803
36.23167540777069 -5.902044794888775 0.005258234552131177
36.25647507422417 -5.882712140655818 0.0026649501806783626
36.1620210498993 -5.893403390100204 0.02339461231292477
36.314320798427154 -5.860817237176229 0.005776122958054903
36.26717804387822 -5.8584775229463215 0.005991401235182298
36.3698574387411 -5.830478339490644 0.0036040674037497254
36.372155608750944 -5.8204505210972535 0.003605375802330264
36.27267763557808 -5.844937012215105 0.007568005336226231
36.25934492332245 -5.838229528184396 0.0035760335497088997
36.270247246468806 -5.815919332979033 0.0037161547825773633
36.28970289472853 -5.805127788353632 0.004325888134757853
36.12754367779891 -5.873825300499543 0.003203241958945241
36.12675664094988 -5.848445432308009 0.004723107980626792
36.176383403198855 -5.851423527265959 0.003722900632035961
36.17531745659912 -5.853975575871932 0.012143901462036952
36.082018323604146 -5.856185186796419 0.002881396933325863
36.07407967212821 -5.845427279094352 0.0038665891649355666
36.07728718281603 -5.817968697014633 0.002726344922745569
36.109532589248424 -5.766484712337172 0.004440190973578525
36.15487718070739 -5.778673519197692 0.003698532332224525
36.1450167811997 -5.753162814788502 0.013400666052578468
36.197664510307035 -5.740842120191911 0.0029467597869931627
35.51476984412699 -6.226198347596092 0.007552933737555204
35.54919634459661 -6.230281623425675 0.017696502411705627
35.50291495162644 -6.172124703433996 0.007321253836505118
35.540688351210726 -6.162779652677133 0.0030603020247105097
35.485511850512694 -6.1565452588486576 0.0028436399346755863
35.60755044289456 -6.180664508123545 0.0037620131529147497
35.61806978797631 -6.1663384815663065 0.02377381583588546
35.56489549529882 -6.16821431623854 0.003824074808845503
35.64057676668341 -6.116766260469432 0.005601715906591089
35.53825824285115 -6.145667757091542 0.00669883066360231
35.61736618812586 -6.1011828608426475 0.006807806600729834
35.40363168485462 -6.157592034043257 0.0037660574834897814
35.4734278822375 -6.149220770554267 0.0031679941767264763
35.475450047273995 -6.101797934165443 0.0028180251167921606
35.39200854153728 -6.1412706789803355 0.002898258375745213
35.3872078251079 -6.123170247827329 0.011500318800828446
35.34402653333426 -6.125766097389846 0.004985278438642272
35.442411706937534 -6.0957442667011605 0.006010602457852456
35.535193757023286 -6.090193620334392 0.008242934988725735
35.54677315437922 -6.084748764939413 0.003014492929864289
35.561868198358226 -6.058778609910921 0.00403930483708192
35.52800322403338 -6.038111365172316 0.013681104167583964
35.56031626931497 -6.041527996060896 0.003515974766941508
35.47998219154271 -6.077159449688812 0.0034265246436109764
35.501127809403854 -6.048002741077083 0.004060579424064229
35.66829121952306 -6.112165334606597 0.0027351472030334193
35.73945302186255 -6.067763624483738 0.004045450994517682
35.618367728456754 -6.040289124629118 0.0044642032532100275
35.778217104890885 -6.041285597450812 0.0035978178290606644
35.793632320935586 -6.008283815470082 0.005654050649447385
35.76976749700136 -5.981158164544646 0.0036894553564588146
35.71461563108989 -5.953641111456622 0.0027494423926771273
35.541395159052755 -6.005473848135668 0.004178174071265592
35.57819183494103 -5.938781443338251 0.01865491908376178
35.66396123053033 -5.949145347690509 0.002984062084957884
35.658435752037775 -5.951548768872859 0.008223682971240891
35.720769755114254 -5.929157779243561 0.005262975334040863
35.64640995992505 -5.9343322368944325 0.007331853094994379
35.63333912686951 -5.908779846376304 0.006497943257718908
35.68155939593706 -5.896613944328036 0.00732350419417764
35.35678618146033 -6.0356557001654405 0.004323544811740887
35.2955178230315 -6.071867386401987 0.006859962073120282
35.28532024000793 -6.0611516780622265 0.007508114544139363
35.46584722972679 -6.008967978522301 0.0032574340715077663
35.231411310887026 -6.030371631532137 0.003808861401182372
35.17854955419769 -5.9781559510877935 0.003740216481351156
35.26471327075742 -5.958994887624952 0.003769554742323171
35.26764669060196 -5.93175791165189 0.0026814183963947257
35.21657318802489 -5.9499238654422335 0.0028614998640849225
35.25222517110404 -5.9216564763654285 0.007638033689640829
35.34925621930669 -5.938577429507313 0.00354322620803264
35.33106067412362 -5.929946631913229 0.010459681000558276
35.41740774111813 -5.904212438386869 0.002741376936045397
35.357423863204104 -5.916482259175992 0.0036396422233097446
35.378010532913116 -5.880971869565349 0.006861562042742353
35.32277586312231 -5.843824534411187 0.002725488347643546
35.55474495733431 -5.9017863358047515 0.003090584730814712
35.537261766806864 -5.9089673825733575 0.006650852780068406
35.489531570436704 -5.904984264022876 0.003809600408381978
35.48856161332325 -5.9060041084808725 0.005205486261579336
35.45070883803212 -5.892869026743557 0.007410321059342904
35.59704588626268 -5.87636072278319 0.006384009132545304
35.66166336290634 -5.831551147353823 0.0027126192202257928
35.55687469684007 -5.8222425186876245 0.005885526637302006
35.425948937690606 -5.892172784771292 0.013996370641147053
35.38024421902416 -5.862274869640433 0.0032574715368162968
35.38634910327568 -5.8331350370575885 0.00559055107623138
35.42565174958195 -5.765942981224372 0.005112239829695703
35.524608098485686 -5.7741716736243935 0.004333295387955845
35.508942576000116 -5.72469818687833 0.008220265308981478
35.84290939077188 -5.880013319286562 0.002951622753749743
35.84792422121907 -5.876179882440756 0.003680051612046119
35.8402757683006 -5.859985365154333 0.0056319948578976795
35.853766186820316 -5.83613329415779 0.004434195629999772
35.98010099861792 -5.866088779369993 0.013111664548209676
35.954054724670904 -5.854235977445811 0.004204980823939149
35.94512498629708 -5.7795424652391825 0.004171298503358698
35.826635463591394 -5.83709579374331 0.0040177009675084795
35.801424246018904 -5.806167852307954 0.004029654295964943
35.734948090158966 -5.817767879625288 0.0027190788051169087
35.86114205870674 -5.814382883582636 0.003842210500949297
35.91411147731948 -5.758985735630766 0.011490985049818186
35.86420953050573 -5.737618777300163 0.0026706383100062415
35.82979713448951 -5.717789690689431 0.0034956174979137926
35.86706485305002 -5.688269914263249 0.00447277106366304
35.86452347491279 -5.689929190587197 0.006513882789374603
35.99347498863503 -5.757888517407341 0.005590493921648653
36.14236726947279 -5.7356317949457 0.007668892581237642
36.06153264132918 -5.6968246589909075 0.005282837835920307
36.155545330221045 -5.645498140888566 0.005693494947896367
36.13450533115562 -5.627309032645271 0.004662928429749898
35.95549648998324 -5.719710563918347 0.010674468737044302
35.96271352975775 -5.675598421260656 0.00971065521974226
35.909285521692325 -5.6701097272707095 0.00359483262606479
35.93071334355713 -5.656848853210095 0.004704925485065224
36.04673167172266 -5.642227697506448 0.003099616361081882
36.03620228761009 -5.617362604392911 0.0067061248508280945
36.08842572710515 -5.591266159473671 0.004004295090053221
35.99832496148205 -5.631987351728789 0.004864787277352753
36.02536536307069 -5.606374727538768 0.008875298830245713
35.97650612861163 -5.599363113878222 0.0035148504358101774
35.693231895456314 -5.812561199698824 0.007210304727803288
35.70373275360307 -5.766931316684482 0.003342143011842365
35.70036969689725 -5.752057553937982 0.004935222640901233
35.634298042119035 -5.755786976173416 0.004388518107238096
35.68479045974842 -5.749113863001025 0.0037969164402986855
35.66496920547501 -5.735477717181383 0.005874839004768752
35.674826319236786 -5.708190691232142 0.004531853004527489
35.766071304246616 -5.73996623060982 0.003630704885642514
35.77917762244654 -5.697956915918783 0.0036972145170375468
35.778219366270655 -5.679357299736047 0.0027563175136544765
35.78174344621798 -5.624661428763034 0.00860563842160109
35.62010352150346 -5.641244352837113 0.008821316402665372
35.7068498505379 -5.650991506590614 0.00966326299887096
35.722225121508316 -5.585069420843269 0.003837027745753375
35.62698253683842 -5.606844849127677 0.006056588528176892
35.6809514542552 -5.561778372327753 0.010841308169155954
35.666242884995214 -5.547535470450406 0.015553100367977139
35.828581672293964 -5.6337483529876815 0.0028553365830223886
35.8945070697452 -5.605036528462937 0.0071248900965445675
35.89925396840566 -5.588468455701321 0.0029666536037087016
35.85625007818071 -5.5473679657490225 0.014855283338206272
35.94664297614535 -5.588505263643114 0.003045403549736981
35.9314418648103 -5.56696884353877 0.003709566702402966
36.022965809605616 -5.525314097300038 0.007643807205618291
36.01102415536037 -5.524940958005781 0.005264355563914535
35.89126546561697 -5.526739240442079 0.003386055011705099
35.950051299049676 -5.5164369401133655 0.004587957166213705
35.96628116814928 -5.506142694613747 0.006532888104071685
35.951789238685606 -5.4748457995068 0.004683140147038896
35.72788843492533 -5.561818301879706 0.007710563615186798
35.73170835328818 -5.516217812630508 0.00448642399394004
35.81847829687655 -5.483099601639843 0.018188236163057432
35.87921277920083 -5.4323113398720855 0.005644404437427492
35.87517663202641 -5.393855008128006 0.003042935869551642
36.56752191200344 -5.910516176399931 0.00813696962167622
36.51945835643274 -5.877741718418172 0.003564771726437937
36.548858391268375 -5.857582778713444 0.0038544364054299523
36.6670867401528 -5.8773950477698 0.004872842783567505
36.618904828614234 -5.871642980248206 0.0026713694166527724
36.702518797874 -5.850485182960598 0.004608631613636098
36.70044869266508 -5.8369982208172555 0.00471957622417766
36.660715407916655 -5.826368790414078 0.0030564849706389654
36.637141978223056 -5.770313926017244 0.003226779874809204
36.5233980268495 -5.841775779002485 0.0200030347588699
36.4929873600075 -5.839479582444176 0.0030285288114683343
36.40993285833636 -5.847237527772248 0.006887852044434441
36.44638722039371 -5.84096100103444 0.00403181702700142
36.55962185746755 -5.821028141044706 0.003238343208789019
36.51453112186238 -5.729641991740579 0.003916314401041023
36.7171476428213 -5.799719581262258 0.007083014561170877
36.68158567295767 -5.750705732648432 0.00734263913393449
36.72969314222544 -5.715722545092051 0.002927140102032272
36.73784654428718 -5.688536442698341 0.003941447486137457
36.81683913007112 -5.7167887361567695 0.002903698328752484
36.86861962867523 -5.710778165626737 0.002800871049512272
36.77557900589004 -5.70028119185668 0.010902544666790508
36.775051957320905 -5.700355316732955 0.003282655551076339
36.75848810533396 -5.666515028372409 0.002773785155547973
36.82811188878108 -5.627757537133121 0.004251420375431395
36.679472433367835 -5.679540548209502 0.0032118124306487732
36.60642722729157 -5.673582302378126 0.00920248301655016
36.60510112711815 -5.670390367687433 0.015733904130839044
36.66552225640918 -5.618918283831836 0.006249620981122711
36.80304945963736 -5.616442104751036 0.002775608505217205
36.76811875107403 -5.608823360353298 0.004813538830789535
36.77315167374408 -5.5605054169807 0.004341967962069231
36.39317404873693 -5.818983163090465 0.00264823514368603
36.39864209186128 -5.762549948476537 0.0026692135732249355
36.33831342121862 -5.76994347937674 0.020105693357518797
36.37752704890085 -5.748731796942016 0.017993477270618383
36.332943574657186 -5.725141299695157 0.005653853220779376
36.41252903361823 -5.7278558521239775 0.0030579190157824783
36.48407352339927 -5.721166266830329 0.005308426879945475
36.50192640833041 -5.699039153433395 0.0027694587100241465
36.51714883368799 -5.682428779765471 0.0026944306781156663
36.548618314627355 -5.680427634602306 0.0027641192125745697
36.317122674278465 -5.7277252508478265 0.0029308409749795226
36.3100645101306 -5.664811368155834 0.011737040133758574
36.37405354733028 -5.666033990858332 0.0056424638407099595
36.387770217104055 -5.632675252669306 0.003170778353193299
36.32494505205154 -5.59955953472918 0.01498591378062884
36.70241499520501 -5.50160599047283 0.0027875440217137166
36.6390312822112 -5.52405896616699 0.009938334835756247
36.60412854190635 -5.502420752796111 0.004375171583092064
36.45898835410256 -5.546099726928818 0.002857286962911281
36.528623031962525 -5.517206026876994 0.0038088061491499776
36.43830205042913 -5.531970030223285 0.008775679920250959
36.41500574237122 -5.512943520374211 0.003686934647484861
36.50055403567466 -5.478579073662804 0.005582257805136204
36.53711428564248 -5.4985671557664 0.0049921535452894465
36.56119351754795 -5.421255748486251 0.005666060854591503
36.58767442326442 -5.420854343615896 0.027464575644283878
36.90265780754043 -5.6432833784124465 0.0032275218762913447
36.91543861778346 -5.636117583805415 0.002683836868582552
36.98021238748114 -5.618547718721184 0.0030580036159944075
36.98384781282745 -5.576448740550505 0.0034066358670834284
36.925396874061136 -5.504916505788743 0.007851078859510467
36.947164402199974 -5.476395500483857 0.006770320833470405
36.95191815088136 -5.439079637680575 0.01032384795004773
37.080254953156384 -5.484892442847092 0.0027909111749440576
37.14303403597598 -5.4420866194726205 0.003082528634803801
37.083415884697544 -5.433816698123327 0.0034878507261079344
37.061447087537054 -5.429407702374634 0.010489940132325572
37.06116248664332 -5.428127769775573 0.0038772320104367985
37.16162053816499 -5.423672452254836 0.0034956888526435637
37.2229254330065 -5.351628765774608 0.018668595880179405
37.12244029280869 -5.399029781708304 0.0028356474803992353
37.16832334517718 -5.372651135134633 0.004453848596630007
37.11061619843585 -5.389422358312481 0.0038449983220867974
37.17800652678568 -5.361054911179519 0.005513137633450046
37.20369944303239 -5.340065878083075 0.005962887141595123
37.00948196269524 -5.4138248558587225 0.00536330629085449
36.99013539490182 -5.385109834215089 0.0026680682490439517
37.00138844647387 -5.351704230642738 0.005190486007573692
36.98431398808882 -5.348481677821161 0.0043983673597599296
36.99025987194371 -5.334014338977422 0.011229555466713533
37.10584174550711 -5.356657374939476 0.01404008847708538
37.06811339303154 -5.358766360993397 0.004597424116101062
37.095988535594216 -5.313813915217358 0.004434982899572985
37.09191779933539 -5.282052210216011 0.030357531135721445
37.11188054176714 -5.267670812854896 0.0029595472951141114
36.76539570625399 -5.489201079746806 0.008721334917292545
36.71729720593441 -5.4952278693876355 0.008606953756991284
36.79359892722286 -5.469979573839751 0.006229016117633564
36.83372639818189 -5.439223899125058 0.009471302326224333
36.847765289744885 -5.414500836185302 0.004583691440431617
36.78886366647666 -5.408333635961773 0.0038612525632957316
36.75117910493088 -5.376082076378446 0.0041030909110516345
36.729506953884545 -5.380447458381418 0.0030438650890495553
36.70542448976091 -5.385942311859994 0.0029307232495741293
36.67006398242782 -5.395951907737763 0.006607961737798781
36.65551696940701 -5.356203880162608 0.004768018036808887
36.654887892122986 -5.309577050152929 0.005308533405370893
36.70263917321167 -5.342140445637938 0.005254712803289037
36.70282171544837 -5.342737779919096 0.0037023352724880874
36.78011875575877 -5.310528544440375 0.004502339755407667
36.722084953625426 -5.2958873297798625 0.008893474816463163
36.66650901438421 -5.308257966654869 0.004522975493181194
36.665235341518866 -5.294797192845853 0.004142104053893283
36.92596946204967 -5.359478428139459 0.0032812587934377547
36.94875595410936 -5.336323253552461 0.0034990481565728613
36.89532843728608 -5.347644518804824 0.003232592601487795
36.92109629276372 -5.323090868820268 0.01448244289122674
36.896490547635224 -5.3209110512936295 0.0030702532490003587
36.94287616792525 -5.268802535259943 0.009872776251149348
37.05261335573491 -5.249187327186134 0.0033878857770356543
36.997295754985586 -5.197066329206025 0.002924093023500832
37.00952355131042 -5.1861640176444395 0.003187303242965553
37.02217859307366 -5.191082199128922 0.0030706729950548627
37.021042844256456 -5.187408439256467 0.0026709013008463186
36.88364914826323 -5.242532641259828 0.006001741410855586
36.86848730034192 -5.197995100976504 0.003631100795355871
36.79127958985979 -5.2392774645869205 0.005058616247985309
36.924866107512216 -5.2195564467767985 0.002654352546606196
36.97266589393086 -5.137094831435074 0.009889915810616443
36.89485866576609 -5.12545319838526 0.0029114510625380253
36.206772474798846 -5.626087009875996 0.0033517596206101004
36.23699362336067 -5.585031912167016 0.003608127241284184
36.254809112911026 -5.541311772316675 0.0028963773635166962
36.15759297746394 -5.536030297338714 0.004405752026088431
36.26661303307673 -5.47809834205487 0.011450790779163033
36.15017235957533 -5.475926798583693 0.002875294076335335
36.18039851802331 -5.446240142840065 0.006232494868715871
36.1438418458339 -5.456547799833816 0.0032834319482464317
36.15331748478338 -5.4588711682178515 0.006418148843537403
36.156491937112925 -5.440658899578997 0.008191557509772938
36.38965605273913 -5.517242865653249 0.005054305860232781
36.42852533436664 -5.419682443765966 0.003691520670832457
36.38207006369874 -5.402251093875574 0.005727214047285553
36.485356053956714 -5.4349867759712955 0.005301858156265152
36.50051545362321 -5.407998904341854 0.0028736371836886408
36.46890813458148 -5.403036527419895 0.0030205916993930877
36.36398376309549 -5.381516857182997 0.00760354865997488
36.26721529416544 -5.405127485245197 0.004982131538484537
36.26051026031524 -5.386078066414379 0.0035557349016631335
36.31013741559075 -5.3554563824477395 0.011866554266145345
36.28779941159687 -5.31890302107421 0.003118640177515543
36.369999695510415 -5.318999120312622 0.005432456965214878
36.323466035799306 -5.3069156551180665 0.0038859312216739314
36.399038981452776 -5.266733305046179 0.0028956781869823073
36.08385684914541 -5.477844162597411 0.0038289272925727067
36.10573681652528 -5.4459556863094996 0.005043798284620512
36.008813003416 -5.47641134463167 0.002867072826620046
35.960198608682546 -5.446643095138075 0.0038573258225036173
36.030008812297766 -5.434337719179689 0.004055776547798388
36.03132810640473 -5.4317995489386925 0.005433647047651663
36.04863085210658 -5.417401263892907 0.00542677155103341
36.01450200052008 -5.398340310632871 0.005219898635951323
35.91939150445261 -5.418298101645008 0.0027773653283201106
35.99953329851937 -5.362614961405698 0.0029382964446024295
35.91730311038277 -5.398098811553247 0.005749907850312847
35.96493749018088 -5.354896578562319 0.0046613959512468465
35.93925302985827 -5.3355845744982995 0.003686911471275236
36.05850502306676 -5.335398188753732 0.003733091369152104
36.079956713350136 -5.338850733151843 0.0034598044236035432
36.07300926121752 -5.322006471370737 0.0030499882034699614
36.0382767470374 -5.291786225218677 0.0031961721623439145
36.0164571468824 -5.267586926813414 0.003130226361806438
36.2627592304167 -5.331663539933739 0.005458729445402549
36.18075263839844 -5.318412064686231 0.003103216420305457
36.154848977837226 -5.281655555900843 0.008133389666375468
36.16084879787785 -5.2793301015520955 0.0033858922209443554
36.194828349967096 -5.26867145252642 0.003060973393245747
36.22034428064804 -5.249356460442405 0.005591735234370458
36.2850759373411 -5.277321630754982 0.0028566507973924304
36.26398738952676 -5.2746394190941865 0.005334162717494629
36.35297536704956 -5.246449282613846 0.004938634314264508
36.30326669781828 -5.23185332382067 0.004128905799558295
36.25924283985039 -5.2355608726254 0.004100402311001185
36.27941559000485 -5.214109126185025 0.003515029867569945
36.27706443721504 -5.21245652974439 0.017369259538403195
36.31099538386087 -5.174480441502658 0.0039345702116457175
36.16963501320205 -5.251666616704448 0.00998741484898614
36.176472346708515 -5.2552565175449475 0.004403567112783919
36.17997690991736 -5.224462806962098 0.003674226960788072
36.21340894556596 -5.135720940945536 0.0027603551322186127
36.24010063751595 -5.110670220439477 0.003660273980468717
36.54533031379806 -5.300608185100606 0.004259395910794118
36.54469357633335 -5.300612556394117 0.008882505183843472
36.64309044281907 -5.230416089785382 0.0050646665181854214
36.600900765151785 -5.2228826730986695 0.009070885388297447
36.61407017949369 -5.20645258231831 0.004289969698390447
36.45937632188606 -5.25200810013717 0.0033496129707942645
36.54944774309051 -5.206282970085823 0.0029295640638232878
36.587289869755466 -5.155291097996737 0.004438142419855638
36.58254506733796 -5.138359139152368 0.002795463554781562
36.52089732138657 -5.184615001016566 0.0031427994944789733
36.53029581007702 -5.170331770816081 0.0026853552021352117
36.52356614315963 -5.15778029541054 0.0037341551171114116
36.52187216979843 -5.147604985860865 0.0035517059236915486
36.54126976532791 -5.10247025619854 0.023823569883238065
36.54850576450839 -5.106374956439515 0.004028619073936456
36.755180255665806 -5.174725104297908 0.0208192672259637
36.755155527333045 -5.174526119085641 0.019017938104507935
36.65241418748062 -5.153760912438538 0.004875276701930484
36.69889919240852 -5.14633999180005 0.003635019957415026
36.853598551603206 -5.123454368766387 0.003730274140709812
36.87476003059787 -5.068272339340766 0.004275921461128954
36.78497523097497 -5.086252088899682 0.0034256353740417782
36.83550832943848 -5.062479445149293 0.004085550797202099
36.810107288189435 -5.058741055351567 0.003696754197053801
36.83130682766804 -5.05126729337036 0.008034292607598153
36.64692321863646 -5.0886003137773015 0.0037001908052546515
36.64598330885326 -5.089383677271291 0.003672459115591813
36.60134027432452 -5.101515407419607 0.009293755858163093
36.78109214823648 -4.991215738813401 0.006783334516875049
36.78107069920683 -4.96838131134119 0.003891681229023095
36.679639182707994 -4.989517699232825 0.004008562779429032
36.3709694221554 -5.213370904844007 0.00499161595971243
36.38923698793503 -5.19664784788912 0.005609112358285753
36.38265586808597 -5.188361825148222 0.005344303082939077
36.40491009188953 -5.149518548975592 0.00506183978107977
36.31021314966602 -5.1585575322441395 0.006794560337057662
36.47059535626526 -5.101138738037412 0.01244561206213134
36.409495606655305 -5.073582034847091 0.0026546542763454073
36.411402787265835 -5.074605623531336 0.004569027580241672
36.26291818548635 -5.110474068808017 0.004133876944757754
36.26862832889539 -5.124141050414884 0.008938395963126875
36.34655827951265 -5.1095020320776445 0.003988125575313805
36.378211692533846 -5.080444302339616 0.006424138635421717
36.351867031671325 -5.082362851165143 0.0034509792232757046
36.26812276570724 -5.043239579467015 0.003049264899825614
36.37523193835624 -5.0650346696955495 0.0048425488966845455
36.39937231234848 -5.038592009068869 0.006131483933643449
36.391651794828775 -5.027471363211255 0.005153243268345129
36.33417651531234 -5.011932981893089 0.0034725047990921015
36.32568016260672 -4.991636569570058 0.003797307915909611
36.37797397594892 -4.965850876762232 0.005648077530787523
36.54818907960116 -4.980856091927579 0.006813208579287763
36.54163706099241 -4.958651896789751 0.0026505311319239768
36.66770212170475 -4.982798831776224 0.004393396499029616
36.670813354786134 -4.902762460399581 0.0035831186512644353
36.64344730074525 -4.861703112807986 0.0029644128326479094
36.44113246050174 -4.951449994291829 0.008812136375490666
36.47010579198677 -4.91067285598863 0.005318113839711718
36.57572882122419 -4.903776724408921 0.0026435672297257917
36.540386174633014 -4.905385426596711 0.005913818882366925
36.58372994950473 -4.842862113238825 0.004399432255466153
36.604598289478794 -4.844351660353742 0.0028259650707492335
36.53094363795651 -4.852220130791673 0.0039030436620513895
37.98420663524291 -5.964599310936538 0.002893860817925928
37.96612523579078 -5.930508964991633 0.0067095562721975754
37.97195141601168 -5.887950441040906 0.006866565539192236
38.05201292219464 -5.8862414720312755 0.0032016934285572034
38.03569412929965 -5.876823549899494 0.02692204201076613
38.02175622423612 -5.864547835680211 0.010163870538372042
38.10935019547906 -5.80555198817818 0.003639075195136878
38.09979940176076 -5.804629656729876 0.004356980734700841
38.01786367465042 -5.806229206493539 0.003289413872266992
37.94145000960634 -5.827827032289876 0.004461954061174818
37.92958865402633 -5.809180699903318 0.0032434993827347557
37.84610007140913 -5.7994842875880375 0.0031954499499100976
37.89556925036189 -5.8122966988654 0.0034722052117213344
37.86468313947485 -5.806444511183067 0.0037153372738445603
37.89827819160807 -5.789389187888881 0.0033969189486460242
37.938692398213256 -5.782953866042995 0.009146817618289642
38.03573240960341 -5.761141125513579 0.01953675452020041
37.97464342959211 -5.749559084392865 0.002696693880470121
38.00550188996265 -5.735839402683578 0.004226871786707522
37.99422458410229 -5.735429429172081 0.002771366893487578
37.91220927603718 -5.775995366274134 0.007530638401899518
37.914169441931854 -5.747785237505594 0.003987189157165351
37.92024703841598 -5.740748145050355 0.004278248872987224
37.96637755773067 -5.731303139354027 0.0043218062141613415
38.20046351409116 -5.780882530125444 0.0027444894433797124
38.10901394143538 -5.749819667459269 0.005454027829396745
38.14688215879249 -5.683936465811022 0.0030013325248189546
38.22328613549491 -5.724604168187456 0.005502102220143618
38.24524915886701 -5.680487721949 0.0031320198411018876
38.183232665019354 -5.70938645536244 0.004072646819269718
38.10616909940462 -5.697069246239235 0.0038723475993743934
38.12064519293951 -5.686612627931842 0.0030605701950440966
38.12001822665306 -5.673043646763285 0.006531498322078682
38.007124552656755 -5.669771358485527 0.0038402506790055934
38.08864557803951 -5.63977608338716 0.0044820799039020105
38.05544098154226 -5.630546318987192 0.0062067493812941275
38.052035373144165 -5.609536987720412 0.004562726054995642
38.125466459600666 -5.645050695849441 0.0029949667457524797
38.09412220624265 -5.574723973564223 0.004118753534397405
37.862772778610974 -5.740677009206893 0.005304224957066674
37.8221537625743 -5.72348004243915 0.004327438699904606
37.76362517514692 -5.720804707493513 0.0032657730034584037
37.78590036099322 -5.691258291700264 0.009962037211123825
37.91155508978607 -5.7170952515753735 0.010601107039695289
37.83449200425729 -5.674148519120755 0.004657069665361179
37.89676038693684 -5.634137298269005 0.0031036722958477842
37.659829028209366 -5.654352983602474 0.003219997537856124
37.827871116461914 -5.6186013647880335 0.002791794771818531
37.951882501852175 -5.658400449533071 0.004206346689415377
37.99191918328575 -5.643949152188551 0.003791323865104204
38.11466076255847 -5.55041660643947 0.005886874124004404
38.12068410858435 -5.522395087312773 0.003633289046993885
38.06021676520699 -5.531801952092965 0.004023229894297993
38.07418404642875 -5.52158893507908 0.008057856142244
38.111299776246106 -5.519386556805262 0.004185398647344103
38.01748640188173 -5.545540516447894 0.002987668578529846
37.915841893075026 -5.561072210725726 0.005495540016869523
37.938574103848545 -5.514987247173872 0.01173599267081717
37.83498788888335 -5.500844814953999 0.0038598855684811835
37.888126464292185 -5.476011507170194 0.0030409528721242816
38.00060919521492 -5.48853124879732 0.0027035465369524172
38.03469099828231 -5.4626500173353065 0.005237125842021202
37.92066728537448 -5.463115776714995 0.0029233264740222927
37.94063915124266 -5.43000621530719 0.00714734251093782
38.34990300546074 -5.588760413531977 0.0029795932010694562
38.340713744149035 -5.574937029642085 0.011117575555556891
38.32032347109923 -5.563782487627014 0.006272973525132117
38.43262392122741 -5.570194825038046 0.003387712835601362
38.43919700712378 -5.570015126070028 0.0033148710561135414
38.24679621361571 -5.588638768951487 0.0033730819654492136
38.25574147627879 -5.5504519601145335 0.0028096622059476085
38.221402865829035 -5.563555961464737 0.00288827848133355
38.260295001075605 -5.518750371917385 0.013545547845055163
38.19084985100971 -5.495460014546336 0.002775682514849711
38.26300417058856 -5.453317692692041 0.006526827122817596
38.31816723452718 -5.432946101397475 0.004783448247039613
38.333735536246934 -5.415618585895448 0.012955393979452261
38.34043404831862 -5.411456987841811 0.0027677406328631437
38.33083150710371 -5.4013101993913235 0.009553112884348198
38.51371229299864 -5.505787114205441 0.004923683119129803
38.48898191642824 -5.475048052052648 0.004989771574453398
38.56724129277324 -5.468318345683974 0.007155396177306148
38.55439527542114 -5.43144039322802 0.01030006842058817
38.57700517657086 -5.3862635878545175 0.009145037267086065
38.57456081081385 -5.385156116982176 0.003371597938443643
38.57096427508253 -5.349137729475061 0.0051947603808419375
38.40013029415826 -5.4127417844499774 0.0027427036824194573
38.39004447932299 -5.412718349675722 0.005410657824995627
38.42180370291633 -5.403404530206045 0.0036637937259801864
38.363989239547486 -5.399217231762316 0.004351986451092246
38.33439542522691 -5.373275575493754 0.009409720196412891
38.54017239406918 -5.282593082399024 0.002918632200494522
38.43622340151946 -5.294272458460107 0.0038852093445825666
38.16160046136324 -5.50530804549077 0.0037274590383274834
38.11979442087404 -5.480137182219767 0.006609831669965533
38.197156493143275 -5.478444823216186 0.008088354260949662
38.18837212813725 -5.4628987197890915 0.003853970487281972
38.20921837764723 -5.461086657484099 0.0029370452974958167
38.20819352511763 -5.452249764549083 0.006667525258793821
38.18080912934645 -5.460354240520471 0.019892570670617837
38.17937921995607 -5.4105457389751415 0.0050278894440406756
38.130219355654845 -5.408661271302471 0.004844173054712054
38.21724558141376 -5.423694397766669 0.00834995066727969
38.27337860441161 -5.393212026266523 0.00632157477852524
38.232859542065555 -5.376966784250717 0.005594502337172529
38.224840594011354 -5.311930193136914 0.0038583080993111938
38.13654988747922 -5.374933290483729 0.0049582345766644295
38.079077580431736 -5.379686997227739 0.00355562719828177
38.0042865460206 -5.408191504945765 0.0029598680761657513
38.0571909108502 -5.307985314306663 0.006949114452681222
38.17097701582908 -5.305767671051803 0.006775208654490941
38.11495906513784 -5.325839358170721 0.0027879471683551946
38.10077239557638 -5.288851057516166 0.006602848833883178
38.14633286208139 -5.255075518962477 0.004153380739517691
38.32817438589628 -5.33702726125202 0.008832960933027937
38.301296649229265 -5.324676567084755 0.017215806378290517
38.37093104779202 -5.307806980495117 0.0052665841116782495
38.32313329467146 -5.266417710222687 0.0027926040891746028
38.304146313208506 -5.261736153535305 0.0028895450820076497
38.407914871164074 -5.247200791627439 0.0050367673326668925
38.45477089028256 -5.242563036542754 0.003930825227361474
38.48416951407528 -5.22254241420194 0.0027250583727347357
38.32699954900823 -5.2292060594414185 0.0036555015266598
38.21944203312445 -5.288397743340524 0.012884460535313317
38.28448725531006 -5.243201675960225 0.005979956015387189
38.21429428288408 -5.228973120782136 0.0044909585802320965
38.21082984852523 -5.192456741508041 0.004656454456708989
38.35236671695477 -5.185581983108972 0.0033036927830220686
37.60097847005014 -5.64693945568745 0.005356292245755226
37.66336681609872 -5.636108691863553 0.010461755587506198
37.56173884779827 -5.59599013935064 0.0031587133405613296
37.60484504903429 -5.578174578940511 0.002749362720398033
37.644450744349406 -5.580050105985084 0.004636064714462409
37.60271619023838 -5.542824133329982 0.0033301618756581652
37.77047365616705 -5.526484622610211 0.00352290133045482
37.739577966458675 -5.523646107160194 0.00911467283608068
37.66010131064776 -5.506329452690924 0.00488048564386008
37.71150231539222 -5.46953443482563 0.003363831821357957
37.55478317165537 -5.542831226780654 0.006288561892262225
37.56516579463142 -5.519909945222736 0.005793059773373878
37.491832071479095 -5.536958104678682 0.006705709566612458
37.502981116652805 -5.539460765215926 0.004395910833393573
37.45975788127111 -5.535073994155673 0.0030619304351448846
37.459457888850835 -5.536380544738034 0.005114587873665739
37.6560776315016 -5.474293703842608 0.006394576092193539
37.59663383155296 -5.46914593782754 0.004106907956561049
37.54759245745315 -5.46875994143672 0.0026541174027237885
37.53811672414642 -5.460578029861939 0.0029548746663298504
37.64486347976949 -5.409215708967305 0.005440045719296803
37.87193023349579 -5.46185588659354 0.003243528173673016
37.74749878849836 -5.4760209265963775 0.004134762126855588
37.78882317503714 -5.4221218153097475 0.006024568470830091
37.80019519322356 -5.3766564409677935 0.01770706798024163
37.83541990128337 -5.352140861409008 0.013303374121572524
37.70294130412453 -5.374630181265605 0.0031928986233205484
37.77699376886608 -5.339708587155669 0.003298007467175193
37.77929237406289 -5.330736294148806 0.002777960042217169
37.86221361196019 -5.299228109881282 0.006312879064011544
37.83263445009468 -5.290609114341201 0.0039800706805949975
37.808486061543256 -5.264775070880928 0.003932456928907957
37.442906079706 -5.526727364759734 0.003895491576826241
37.48043222751969 -5.489929010118777 0.003539515549838658
37.4256766632325 -5.48795516738257 0.006012273653318232
37.55838213252965 -5.391989114265454 0.012755461304976104
37.571796024502575 -5.367214127263383 0.004782602093477487
37.47372254213746 -5.382873396515827 0.006499324103985213
37.479084631077 -5.368673382343595 0.003918137652516122
37.48395015662991 -5.37139143247172 0.008635527163649202
37.557893857911814 -5.348269652129129 0.0032299009530148788
37.34928112529663 -5.446525178481288 0.012490334942122918
37.4097838636226 -5.388044117741468 0.002651696037347132
37.30689474224425 -5.407607011415555 0.0033637475900021104
37.34222108228088 -5.343518743199474 0.013683722699102164
37.35551184069459 -5.336373599619182 0.008563833787187579
37.47961025341559 -5.342995758318555 0.011431827027487346
37.51998962446583 -5.310495232191188 0.004326354022976782
37.39508507832647 -5.325399912979085 0.0045551876213524
37.42587560080252 -5.28896355562735 0.0051512457546881284
37.64875547923771 -5.300582027283405 0.009708822799023123
37.56050865464291 -5.324313804071402 0.005891925673847337
37.60178229572699 -5.276865822484535 0.0035566521705079
37.683422826799195 -5.255497412186102 0.009802992821542364
37.65535266250128 -5.258023607259558 0.0043339077177687495
37.68126381575501 -5.248759615175091 0.0026512698287930944
37.74367662679837 -5.196218553907877 0.003930858897447279
37.54657243748757 -5.237040903379784 0.007773956382847706
37.503732686766185 -5.216143923743166 0.012065542662726721
37.52614445908331 -5.197025345685489 0.0033132805771468364
37.62683207539889 -5.217358398114193 0.0034976111488842355
37.59919902176296 -5.184244029203286 0.004380782682011075
37.62544773521209 -5.120026739805573 0.0027915685675216893
38.039380846542734 -5.289757081323528 0.004763683779173631
38.06293668963976 -5.2819809588824365 0.003572840589736835
38.03558322788783 -5.259607637726317 0.0027283833125428263
38.13564496972289 -5.230549568927172 0.005693892580698519
38.01503414058634 -5.24119272034708 0.0033240850692019494
37.858375111214706 -5.2744033962655665 0.0028350544190317408
37.859890402625574 -5.26423642906509 0.00957554958709342
37.971034691048274 -5.141937044963004 0.0029431813281102647
37.953173353499075 -5.1374164368892385 0.004462847682942349
37.96452397625218 -5.12619604975907 0.0031129728976346588
37.95345029225333 -5.10048557330288 0.0032192965162351713
38.14907114330114 -5.1871152720606 0.0031064183974888636
38.18380540260683 -5.156334536480811 0.003100213689389966
38.193826239164 -5.130974636540896 0.01189867629411714
38.11550080176709 -5.157235272860285 0.0051599081935806744
38.27493316335458 -5.105996884043161 0.0036070019708610884
38.27446029391811 -5.10718775600974 0.008548975247091025
38.30293065612424 -5.086567541269796 0.00391297735533489
38.26357043662965 -5.084481327311171 0.003774385365241602
38.19496796431753 -5.071907751453431 0.00769633883753989
38.08239816061924 -5.118568273159465 0.003564716567826289
38.077999934266366 -5.1153700340751405 0.0048425871983944135
38.072794695866975 -5.086870514795836 0.0027456468048299796
38.01392606402365 -5.086319832227453 0.0033068826580780887
38.04201873755453 -5.072481221347157 0.002789418613744672
38.000434553332376 -5.061901376013286 0.00671778483461415
38.075116844513474 -5.020726036115771 0.0029988521845338806
38.12902900099397 -5.02167370380508 0.003893262123176165
38.221425834622394 -4.996612695564343 0.006326399082023515
38.07068774687937 -5.010084725917771 0.011704641320273717
38.07607375331587 -4.996184972299426 0.004947340078145122
38.07771628680806 -4.9999355828988215 0.014444154315841614
37.782703912821155 -5.1920637824737135 0.0028932108134594784
37.85457368454008 -5.149705231218951 0.005572357607611015
37.76655110683089 -5.165665381378962 0.0041984262586072935
37.81871842136343 -5.104690528698464 0.005821889116400402
37.76395536583617 -5.1196627900893965 0.007471476582759157
37.87415292681562 -5.0890508133280505 0.005735363717614015
37.84490458399529 -5.0855362794346135 0.005983585410898969
37.85669614294515 -5.073189819930006 0.003853474146742345
37.88332144908194 -5.071253563647915 0.0069607038171261015
37.89477661887388 -5.063508578630716 0.004504312461250084
37.71631193773335 -5.096210645586457 0.003644167030157624
37.65456699233572 -5.108369678945152 0.007338787365683475
37.66024392268376 -5.105963195567317 0.013016535123977142
37.67483759712045 -5.081139560423325 0.0036831256460361254
37.829624325998005 -5.022777265747554 0.00266824490991719
37.86404861167182 -5.0175341708743 0.011755898686298104
37.75536374135082 -5.0139248693238665 0.009267668045962378
37.737064823647366 -4.984672177246032 0.0029685938925412218
37.81500257341687 -4.9591265786338665 0.008415949379617572
38.026230034386174 -5.0241870880506925 0.0027867260645229783
37.95467545696863 -5.007232332143389 0.0036265838200145793
37.97970944084488 -4.9600051874519115 0.0029695552819384626
38.08776813776531 -4.9478314851066925 0.003002876143081349
38.07063965430006 -4.903929840491499 0.003263040766322548
37.915070126685904 -4.945879792090423 0.004769775677070442
37.914743884325155 -4.946000317639469 0.0027179300142960326
37.88610510858025 -4.901874997134337 0.002874622725634232
37.89302524765003 -4.866133709705135 0.005599253106444211
37.96374826167563 -4.87254245524275 0.0026949640711674046
38.02016490607524 -4.873516930894417 0.0034856685633589362
37.95819489291017 -4.849982419945979 0.007399876465387887
37.89985084670973 -4.841988049492727 0.003933129306523715
38.66073043203607 -5.31908546206871 0.0053003390298466116
38.72659531116493 -5.292311811649534 0.003778328547271968
38.62801956431482 -5.291444935204618 0.007445756419717827
38.67447590064289 -5.2543513464712985 0.002893410876154851
38.73819067515543 -5.203779802429751 0.002852358634658055
38.72858572191342 -5.183116050286558 0.021866295085855938
38.75303174678789 -5.18512248145299 0.0028284208147366413
38.61675960932106 -5.266428367539233 0.002795820819604494
38.533809524372046 -5.242622721379264 0.0077766966697161415
38.61207200367625 -5.194855638470627 0.007181158701541742
38.60842652926276 -5.189877603348995 0.0030716916321104504
38.57650944732535 -5.165566699970907 0.009193950995933918
38.63590970001736 -5.155281724277837 0.016808096763358964
38.70032434029298 -5.108506666912305 0.013457116265967396
38.82142873525755 -5.181890167523956 0.005923262227361891
38.8696220657651 -5.170377043613527 0.0033084602385931835
38.85584754990453 -5.1189306484497665 0.01215533520020416
38.8340925870256 -5.126111019263971 0.0033647460705494687
38.741421805952 -5.1163983562647015 0.005018491404206491
38.7562807157463 -5.088370424115729 0.0034729291588238577
38.80381441282088 -5.074349625556728 0.003042830561893742
38.72626541275088 -5.037978474421824 0.004944849175984097
38.7416424512793 -5.032166470412104 0.004900817154219963
38.50552058074448 -5.210451315850932 0.0033650197661499862
38.53325084277997 -5.193862194172568 0.004646299753244946
38.474066744744974 -5.178359592683771 0.010957281386564356
38.50214676087894 -5.16133429159213 0.0034010355743590713
38.543905261824875 -5.164125669889973 0.00553209417438286
38.50502093696867 -5.13341402140857 0.006019974333411223
38.48078522198504 -5.131634948895701 0.006154820613179064
38.62154321372917 -5.062753488723692 0.00927335689984381
38.54142808994808 -5.100356523682112 0.006840890511852407
38.530749957920705 -5.104832766103491 0.0029315178612739296
38.55072842931825 -5.0828971646658845 0.00394182282206381
38.54953431847241 -5.063599263269997 0.005576173133414456
38.401519391348344 -5.141172161457453 0.002870650559473287
38.42969850052245 -5.1111765369360675 0.0029079853857238635
38.475831072303265 -5.083716182862556 0.0029013608038335826
38.48314537656081 -5.086809641131542 0.00322804172447489
38.369834463431594 -5.092443361662216 0.006681697033080736
38.40389494211572 -5.069759725637379 0.0029510336698542476
38.49234701489409 -5.07033318410492 0.0033285323300795712
38.527454460382174 -5.041431440530219 0.003989523518551051
38.50645061494596 -5.041666488315684 0.0036901214893998733
38.46966833966895 -4.999252648031135 0.002855445757263255
38.4956149310166 -4.991859055712541 0.006711576420907909
38.67210590575446 -5.062067147461738 0.022008442360970864
38.66073900734419 -5.05671113489304 0.0027255350390196584
38.65902550173757 -5.02124921308439 0.0027022725187281276
38.745052570182175 -4.944493951155215 0.002681630395726809
38.67636201887411 -4.932877370572694 0.0046214128716563
38.62921981046555 -4.963354517815848 0.006221216062323997
38.60137095446112 -4.917756172210202 0.005108965672258677
38.615914843029955 -4.908677852679637 0.0037838520293320107
38.56685744556231 -4.911473592181479 0.006346870535817135
38.703447796980065 -4.891221982397212 0.004392305453925692
38.72531044658682 -4.876199781479359 0.006059569760272909
38.73572066073323 -4.860457922758598 0.0028041573501444593
38.63555379097469 -4.851503093689566 0.013054887228184476
38.65271023143957 -4.849066926353356 0.0046791374155775245
38.68722563700632 -4.830416466852618 0.00296161764990939
38.648067478769185 -4.805416676022487 0.002837582549228779
38.83033150732359 -4.816906249422651 0.004808382242451645
38.86254914636457 -4.790891694071657 0.0042190238905628836
38.802941755025294 -4.816932184695435 0.003192804005502166
38.72826836428697 -4.800136591382294 0.006947466472599565
38.79676787278418 -4.7477606645354475 0.0036884493121041913
38.78288539466613 -4.7351534321647994 0.0035111372361898634
38.75126152472524 -4.721313665213639 0.003773843356254422
38.87468748084846 -4.736147482589794 0.007286463850311096
38.82796390751845 -4.753065144364955 0.003712950459322975
38.79712927766531 -4.695650600262942 0.004161005066690086
38.3243309362862 -5.047237048339166 0.005152489727684715
38.29706464221648 -5.045790069048925 0.0028443173118002205
38.31682451180078 -5.011410703011013 0.0037352844477663706
38.36034763790421 -5.03052802927161 0.0064612421809539375
38.382623098167855 -5.004314737479785 0.003236683915451254
38.25125362399285 -5.015411354519064 0.01229706913326619
38.30282617013589 -4.974570165024891 0.016206275020687447
38.40863408342556 -4.993347926404181 0.004020160523223156
38.382835226829656 -4.983217164949611 0.003854036511114249
38.338272786383165 -4.941605154868615 0.0040503923079507
38.37811259684084 -4.914632848960542 0.006036969957352555
38.20823665008177 -4.919693822882071 0.005324686703295453
38.197129003824614 -4.916062863709734 0.007838977621133001
38.19528626572654 -4.916694009654416 0.002774540857879356
38.25010942802955 -4.909428846746744 0.0027788696759557317
38.3314191315952 -4.917012475379953 0.0029744549429452784
38.34702421232125 -4.813836576626814 0.003191578969012264
38.32333237782717 -4.7902569126661465 0.011688806509805551
38.544370790572664 -4.8613847099080285 0.003779895641296105
38.53571667509532 -4.852704326128062 0.0030108707985422216
38.50674813372026 -4.790688311353293 0.0046999425529230445
38.54178809058231 -4.810125741680452 0.0033976910376670747
38.34324111620704 -4.767212971555708 0.003101102239441601
38.36339792472663 -4.776354525856993 0.0026989652294771137
38.419624940352854 -4.749047154470055 0.0035224917904847094
38.42680184604198 -4.724776503446786 0.002945501170241595
38.493679080689105 -4.75073489338409 0.006499891386420731
38.52352521485634 -4.689014410705462 0.005583151524852151
38.53232158194032 -4.692271451190171 0.0032891203111058416
38.53674030346071 -4.679866591009319 0.003028698375537357
38.51909667209885 -4.655571358081839 0.004258192391466864
38.1610099420801 -4.911638512971051 0.003018297261025321
38.16061952312971 -4.807613568822674 0.005562050012604844
38.3151259112797 -4.7799166556752395 0.0036056668296283955
38.29498749492686 -4.779146164381095 0.003401226112155067
38.27750394977683 -4.765390457283682 0.0032021227388874174
38.21088825539587 -4.77801425856239 0.0031576418517609097
38.24753958933622 -4.731538019749208 0.004038116782622806
38.06793484276978 -4.83132056675422 0.006870201020727023
38.0946266028592 -4.815910175111476 0.0061522404332814175
38.0502768421504 -4.817385882140752 0.002665555991869253
37.97760096262473 -4.783565546552902 0.005350566604973759
38.076131673853986 -4.748866090899766 0.004898981953255399
38.042632176704565 -4.743463911074908 0.0046330025540312235
38.207238333482046 -4.704218404460792 0.006624594422527161
38.18229625772464 -4.673513670013056 0.0036693988001555173
38.10646548143771 -4.715178323630254 0.0030788248599994254
38.122350910030086 -4.701028729890052 0.004042223658641711
38.36301110063352 -4.726717741938196 0.003275481641394122
38.28142396696866 -4.719673193794728 0.0028674535047100934
38.400654628055385 -4.694694999305968 0.004366731908378513
38.38222666212724 -4.676021200152122 0.0043149345202117785
38.42478091636918 -4.648213021165532 0.0026589878913203134
38.467918162278195 -4.644572238665592 0.0028728828689237335
38.35506303195816 -4.639227681483058 0.0062540300638547755
38.39727503369562 -4.637460542457997 0.0036938378287934043
38.414847021105466 -4.607752838527512 0.002750656184726791
38.29776178838278 -4.616464427125502 0.004984040407057055
38.172875578635264 -4.622371042928045 0.010678038186007552
38.37262969735544 -4.580274177848282 0.0061280897134562565
38.3530664395549 -4.550525569241482 0.00708056272773915
38.248836263732535 -4.569034302327944 0.008877646639070308
38.28529405588981 -4.5430616694002035 0.005683146607247993
38.32041949708307 -4.550433510908368 0.005557072650964505
38.68312550152854 -4.711605243942864 0.0029053457613724995
38.758971303919935 -4.6888968731945155 0.008344108057120112
38.76728164849625 -4.690786055089292 0.005206520163215905
38.75510446665811 -4.674053710789714 0.00909709980919791
38.761926799109624 -4.653106768702497 0.0028895822083489027
38.79526971646717 -4.623389368847324 0.0033008330540904574
38.69222681671156 -4.6280466320693305 0.004223183766550647
38.74699662451449 -4.600965730103402 0.01387421018922416
38.593942338841494 -4.696513667299957 0.00420219773769221
38.58837729773432 -4.695804459918878 0.0033012267428212897
38.590264574669305 -4.644555056156158 0.003519555229465287
38.617369679150514 -4.607735479499301 0.011249539620542722
38.514293157255906 -4.6159584572682455 0.003990168856579772
38.58626965214957 -4.616398920002856 0.007717388518781342
38.652529069904595 -4.587574079531051 0.004207656175196858
38.691091595658456 -4.558873820013328 0.0026672580811852296
38.59733238562098 -4.54732558587277 0.013260447932808273
38.62764329333993 -4.523603094193963 0.0029518609079009126
38.62606419885613 -4.530576920705153 0.0028058832054707853
38.66082422716108 -4.530644013871399 0.004565520840980246
38.798444976317434 -4.573481752966179 0.007381202660614152
38.815483750228374 -4.535724570672687 0.007470135329846398
38.77668648666141 -4.49524416595658 0.004662690401202391
38.8436566716901 -4.481200574439868 0.0027445418634732058
38.70253639746189 -4.485172154570949 0.0027161078743519547
38.84261104294054 -4.426644917847705 0.0055908235339800294
38.85674914273881 -4.382910516918615 0.005414453516528031
38.844563254903555 -4.341128565921043 0.002959520002728975
38.5361995376016 -4.5536928697658965 0.005412695173232883
38.554728449507735 -4.479223727486279 0.008462602454546185
38.56398327031706 -4.479032460942199 0.020501974528397793
38.413945818319746 -4.533284454014179 0.002994319679465231
38.4166374512573 -4.519170827154768 0.0038084236165874573
38.40139847505873 -4.485426098416222 0.006616584445127521
38.35109242623878 -4.48315264794332 0.013003044972774054
38.37756176585154 -4.467871548035505 0.0054426121847904185
38.49679139431867 -4.461544038951309 0.003339275488607025
38.53195086933028 -4.386867940744909 0.0030475630167487457
38.474067602753465 -4.3768146334784355 0.004083260942836866
38.47035985049898 -4.360139698188082 0.005373589103277368
38.692970716968134 -4.448887844303286 0.008352195274988676
38.706566707457505 -4.439537573024435 0.017101993601660197
38.66968653057775 -4.422488854753987 0.005855386871121567
38.71903111685231 -4.391322400384859 0.00333168911248715
38.6356136168323 -4.425450938492965 0.003654461320717188
38.60884009374723 -4.421662259822386 0.010050105936722386
38.59597262232073 -4.405669204058894 0.005149513661068499
38.624957945554875 -4.3836543692512 0.004371326992212326
38.64742308575209 -4.357646779358013 0.0034952571244529465
38.73111476821396 -4.368765386054636 0.004142148975983471
38.585257461396175 -4.3674978791882 0.003914048561323919
38.628581182922694 -4.351040360041516 0.0032576217399023126
38.53360178797386 -4.316231151671367 0.005081927085850367
38.58065096158141 -4.327007344219053 0.0031897817916440863
38.5986007378595 -4.305578354402376 0.0057568724147205284
38.66319773794548 -4.304950171244915 0.00750997695983363
38.676015232997024 -4.292720487141752 0.005133824221043606
38.61647990708061 -4.245274407707875 0.023002083339264914
38.656279286117005 -4.229986773354676 0.01352933030012967
37.255990837450845 -5.3551266985472274 0.005279833528936157
37.30300109081811 -5.342883273856489 0.005550580423492814
37.23914398482234 -5.355723593945738 0.003922551277602686
37.35016739928776 -5.305589678204114 0.005228258107786983
37.24057605953509 -5.2543771145751474 0.002861932487530521
37.38898628911985 -5.24932573395727 0.004228867370360845
37.303554634821 -5.250178494542352 0.004582859570109138
37.32525773892678 -5.242637357014609 0.005221105809782077
37.29059985743311 -5.236688474446531 0.012487924506591568
37.18985992230415 -5.223386944532442 0.004667072684734985
37.222181995604146 -5.220514061504437 0.012430011190144143
37.15329765672208 -5.196456649141307 0.005154351888850333
37.159251341374606 -5.193170447935429 0.008395272833652856
37.222812983893135 -5.190452249989294 0.008132205405150226
37.43806678816662 -5.198510374156847 0.0029841023839785575
37.4719132803959 -5.1834423692749665 0.0041088725897039284
37.50832882666756 -5.1576226375018575 0.003054789081139286
37.47662166907095 -5.150842890626383 0.009415843567116805
37.52464089302751 -5.126179389892444 0.003132662581449038
37.51569210340581 -5.095679001781513 0.010094220553619446
37.58273330525425 -5.056529697152499 0.011728171273794694
37.56524441606995 -5.049607033056942 0.0031272974060134653
37.493704452772086 -5.109785853127445 0.007080693565323418
37.50395390556037 -5.092890734593866 0.003227036106298742
37.50354635351472 -5.053397607455232 0.004067512156850834
37.53614740990138 -5.015627200204466 0.003915563753863162
37.369042000693504 -5.0833402764589 0.006349124447031027
37.29585014246554 -5.065833598612984 0.002693797928520343
37.350428007952466 -5.021795809962226 0.004266789076922651
37.491181714521595 -5.028872467478507 0.0034459552207995385
37.47127753663648 -5.025031092116297 0.005650072162102047
37.4992494052667 -5.015525085635291 0.0043232528815497105
37.50916980182605 -4.9982380394806984 0.008409949919414057
37.46957089074266 -4.981736630047001 0.004736389281338573
37.43020935477288 -4.984943024244983 0.00860685179273288
37.06836203603907 -5.2035044218359 0.0038982846661540426
37.13426734186893 -5.1496407612299215 0.0030727198402000972
37.033327818547285 -5.18008381381402 0.0027706649746882792
37.067389859545955 -5.103377526404755 0.003024568150540899
37.22485497165351 -5.0585051573448565 0.002878222107213702
37.151736090227125 -5.072405901134759 0.006592196125033458
37.11062948866085 -5.089007937633318 0.002791468295265558
37.11988668028257 -5.069808275775666 0.0029864555119410927
37.05666074829031 -5.061498811455592 0.003150579222715831
37.0293536274291 -5.050572172780561 0.0032864096308032067
37.071455209028045 -4.9975232427223775 0.007341214768488669
37.06502141776556 -4.981027766437782 0.00294718881028834
37.304868396030294 -4.9742422189207725 0.002677505025312916
37.247464657894845 -4.99358349098531 0.0048579627413625846
37.24274639332477 -4.957901578119702 0.004088283598928929
37.373413730322554 -4.984373041558023 0.004820164441780331
37.36232939242844 -4.98999942951424 0.006157643259364809
37.380139774524714 -4.971342434022076 0.004426942484702134
37.37932991966896 -4.976830184825017 0.005893101817163951
37.364655228816254 -4.940692068841793 0.019278896624865267
37.36111639949085 -4.947349249945342 0.003309801013544083
37.278495990118635 -4.931350709543027 0.0033392226658286667
37.30396776633124 -4.921621111313774 0.003365743684994665
37.36327083196179 -4.874846723019879 0.0028435209977760527
37.18242150530898 -4.881072914451194 0.0031606887425894635
37.317787422929214 -4.842121281221638 0.008268970634289354
37.206962412382715 -4.87372985641617 0.005326312883638633
37.25580632372462 -4.822645090675816 0.0032894442068990273
37.59141896858904 -5.034822837200954 0.002750309250908011
37.61018013082871 -5.031130190014097 0.04732141213846694
37.68618398380197 -4.995824826466763 0.007550662691894947
37.5995195799229 -4.962183712891426 0.003073869739754158
37.743580600121966 -4.957930993446128 0.0029147691521777914
37.71994193481254 -4.938514285135956 0.005591271158171033
37.66905536504706 -4.956181084245928 0.003384428157607301
37.64929524930407 -4.946076442819169 0.004679495075895979
37.64458846695149 -4.947504157982931 0.0031870103187675277
37.63715929555246 -4.942507954497964 0.0058913687209373004
37.71172998407781 -4.88738212896672 0.003701462250874381
37.524980898599125 -4.959418833659547 0.007011581873579553
37.52902997434214 -4.936260116846008 0.006873105094428093
37.535178326148504 -4.889812415531046 0.008326561318187055
37.528170179314394 -4.865161418766124 0.0048422506889296375
37.6239972777577 -4.870648071816087 0.003244422612463212
37.606344527656375 -4.851047710501297 0.003694027673662325
37.75853497676588 -4.860713399969651 0.006816752947762389
37.78821942278444 -4.834227565614284 0.0026743865510845915
37.782721829308976 -4.827850329409643 0.003015376699494865
37.86195329594223 -4.829206960870725 0.008311060612273904
37.828183417441 -4.791947819265872 0.00674984421649111
37.82686176032643 -4.794725236988489 0.0064643265887690034
37.84018096843634 -4.790897843674854 0.021155187292863385
37.89635289136401 -4.757755288588571 0.003129347949186026
37.70763008031174 -4.808946035974091 0.0027524145160241543
37.70814104451064 -4.782810443789272 0.0033930083984072554
37.71998892847884 -4.732755049462508 0.004518890831017489
37.68272460681785 -4.750861275998651 0.003641484071527998
37.68724492887148 -4.7543177622424055 0.003179484005676139
37.78568336884573 -4.771171985490584 0.003760739482584936
37.80697456746397 -4.737263759877348 0.007659450866438216
37.74086887249879 -4.714570464579524 0.009576877551148473
37.76553170641 -4.706341380566649 0.0029475917317331388
37.71820450776446 -4.714889890487508 0.0037051192433607692
37.75037264262205 -4.67045975427916 0.002707434661611884
37.453121752582895 -4.811500627798836 0.003722413714634887
37.571536815957 -4.750384637074807 0.0036384831214648183
37.48647717684151 -4.802830504200401 0.0035605600904307488
37.540499932780925 -4.766492624897311 0.008358348973302112
37.42756760260884 -4.7740326945910505 0.003235903595845314
37.418299786018906 -4.7431167892095765 0.0033729352924644035
37.506376353862514 -4.719110489491752 0.00310924886608057
37.473983126386095 -4.700629012790273 0.0037437700412491465
37.401190622089665 -4.722460831636582 0.0048427004327319285
37.42604297356869 -4.717240996270667 0.0034621814458086065
37.422797836608645 -4.710927150000633 0.003692391475169933
37.38046160737371 -4.7051339235166685 0.003108259749974888
37.36785238962446 -4.708501414634485 0.0034277189827121757
37.695589425782664 -4.705651635747778 0.0033005200064422737
37.64147177846684 -4.702656826859746 0.012255133304206252
37.579220034407165 -4.717413443475548 0.002732470044804976
37.63046812769247 -4.648712479010274 0.010790661762368084
37.77504889390826 -4.617058261792644 0.002943771793077664
37.66222453764984 -4.649783151291507 0.006470738953705427
37.66277402595175 -4.6492120572453794 0.0057164693544682855
37.69341922267429 -4.618676164584247 0.0040164307612585316
37.47047675055485 -4.647217393405254 0.007723509580850052
37.60935978231915 -4.614718634047634 0.006536086628009756
37.594054826226554 -4.589143919074185 0.003918337671932835
37.58460367383495 -4.565374089879292 0.004233434498945743
37.59260473702293 -4.55638621215671 0.0040855481161144
36.907653584663194 -5.0652411756758955 0.002968941084842441
36.94167477532902 -5.051675318203169 0.004417362444932024
36.953214349614505 -5.020981888293849 0.0027419115729354617
36.94357431681243 -5.026659381991838 0.028194384889034776
36.94398508877243 -5.001244007756343 0.005898597733576512
36.94273155810108 -4.9976477417340055 0.0027647083208957772
36.9227996023358 -4.94851034318144 0.0028365376969564904
36.995153008366536 -4.957770665199996 0.015626985155931455
37.01029008052399 -4.9527293825025325 0.00758667429383898
37.06207969685265 -4.930522534257115 0.004196287348138105
36.972737423720574 -4.892657218294971 0.02196262375213831
36.82391833671076 -4.941370919132838 0.007881401634410671
36.86394785865833 -4.942260285376907 0.011710630405959108
36.88085634867301 -4.937884256929236 0.003068806424046936
36.79562726153315 -4.948232858137581 0.007544124633854532
36.78376046239122 -4.928901931054179 0.007638046088642767
36.831696588436216 -4.8802032533579 0.004395459164189674
36.891012287615 -4.878011230825263 0.006369852040432523
36.87301622342828 -4.855785924571427 0.002872779775106027
37.084267836918166 -4.913049036734601 0.003822688232206898
37.091321404499176 -4.9016487642089235 0.004038837775746273
37.07626647780434 -4.800258351741574 0.004416146169455267
37.15220995408541 -4.809046459667684 0.005595141955981544
37.23686685976114 -4.781492149498055 0.009444174645197125
37.20874494654981 -4.7530628981903265 0.003323145713107246
37.21361458352493 -4.7493168893304185 0.0047811074008122815
37.0319994757178 -4.76096384350553 0.004490847676368345
36.97531851091917 -4.76706924761353 0.006613867339506214
37.01200309566059 -4.76141464054689 0.003915797182956833
36.99937233950309 -4.71562477457538 0.004680971906063082
37.086222184024905 -4.768400718553512 0.002738873220009976
37.08710027399513 -4.715408476613867 0.0054827644051821025
37.08659166287235 -4.704096347876556 0.005197851462284731
37.05891498460039 -4.70850912828979 0.002711226586752776
37.03275554733979 -4.686876460725616 0.021288356877980568
37.07385034525095 -4.691229361535452 0.0030244844753270464
36.740053162882205 -4.922388190462353 0.002999932994808475
36.6933057789006 -4.876266702816764 0.003968412049332374
36.722886194058184 -4.847258713374885 0.003922427315250336
36.67720180541187 -4.867107688022647 0.006768338640068589
36.65192384350038 -4.856045176331086 0.011393250721112977
36.67365471121449 -4.852712762070385 0.021776441910827494
36.70098661700239 -4.814892543072653 0.003988962463848189
36.82158304620624 -4.753794784119337 0.004675516937590053
36.701771501017554 -4.810194669117465 0.002853335893409908
36.702888165271126 -4.801396932311738 0.002954377380737518
36.70705122357742 -4.779712719670382 0.004944093492230706
36.66397572615506 -4.77634051629416 0.009863291639707018
36.70017886928595 -4.765066050994576 0.0037733747989097477
36.80999478980601 -4.713897468259489 0.002817428248132794
36.68976774107979 -4.717422548133077 0.008552541094354545
36.72809503870996 -4.683876429126165 0.006398741558470105
36.75494471846565 -4.6707008309405245 0.0031014403987074655
36.70807028231146 -4.666378663765593 0.010664972737534743
36.933586985723885 -4.75702141944916 0.0028517658211015596
36.92567669870499 -4.73881405488547 0.004768690149413325
36.93811350408018 -4.713955649382202 0.009727032895805126
36.95238687829781 -4.686225308243765 0.013715129247125004
36.89125780245002 -4.664897270289751 0.017240173599029303
37.01602149555064 -4.682365272468838 0.002664963343019797
37.03880360687571 -4.64940374699617 0.0026474990297265504
37.06732081209092 -4.615103145246447 0.004193975553144494
37.034380151276295 -4.628106057301435 0.0034963924568686467
37.00059343835274 -4.617398071388226 0.004338225218511588
37.013172363473096 -4.61132067411986 0.0037883890235174827
37.015271079680126 -4.5831741180389125 0.007954646958026173
36.806979060321225 -4.653184082271047 0.021922943829312973
36.874737054807504 -4.658993743320807 0.003555757130475232
36.78987159364931 -4.645296282878649 0.004025212888596416
36.74063225211249 -4.630836363564067 0.0078022130406460895
36.834284057447704 -4.592753493946645 0.0029822020170748114
36.91923907465799 -4.608118431520614 0.010364578486528329
36.93051502495213 -4.593095658942573 0.002713960638302976
36.89552659138496 -4.601929977500948 0.005772252355231927
36.92429648670627 -4.577991267874356 0.004095010028033011
36.93296360833591 -4.569917669213139 0.0058306823835509005
36.93138677945969 -4.549297479213272 0.007287505568462634
36.92271821837947 -4.53390378041245 0.004087075774482989
36.92814020538261 -4.5237833905369245 0.00341666768109257
37.314102131856544 -4.6957349340927665 0.0029179333962710895
37.296182066901736 -4.6879506637456565 0.0033865189849212347
37.24361141927341 -4.722552436866218 0.007437432455367555
37.28057341269043 -4.681884366260614 0.002922398320507533
37.27937261437946 -4.675490945796569 0.004681289446615445
37.26121247575509 -4.660723451628177 0.0031347518302355546
37.348850072625495 -4.678571419246128 0.0034676813252067693
37.35629786850916 -4.668360760505611 0.0072238954121245135
37.35232161030269 -4.666234938828619 0.00442139610804033
37.34663151579318 -4.6413941929124185 0.005125999029413135
37.38901616088389 -4.644134638765259 0.003900432258550211
37.310733896763175 -4.625424626911634 0.0032110793642596562
37.343950772595896 -4.566247133842739 0.004781302592711129
37.17386891072174 -4.652051276543654 0.002915122433598613
37.18197607576688 -4.639834361394791 0.0035277912573487744
37.22868853737224 -4.5885113958542885 0.003770004335258645
37.35141034389969 -4.556716309455918 0.009871231670926165
37.277048635863565 -4.556282891868863 0.0035940228143046854
37.28281822108749 -4.532204517007534 0.019927899972988404
37.29762430682788 -4.512909225889741 0.003581103348043958
37.27184707843782 -4.4949809350034355 0.010471349847895812
37.43729897095149 -4.576833917020996 0.00306110755775363
37.427696199898165 -4.5630959172337775 0.011161334260567424
37.41971358242526 -4.560783205065632 0.0034447862947123175
37.417444137372144 -4.551911111213169 0.0031404276294041203
37.41503613988951 -4.546620705734979 0.004943331435966935
37.4667539530452 -4.512878969029581 0.004134444816046035
37.414680746752296 -4.530388633532935 0.002722841333004297
37.42217580760595 -4.520528470356319 0.0026536260971765655
37.409997981959215 -4.511927559060595 0.0028399687393025246
37.524467201528005 -4.540235678180197 0.007177471961468437
37.56228236064143 -4.449094513451895 0.003279618628810813
37.35908077146534 -4.520778046155271 0.002810561834972863
37.340252669271536 -4.509315816430167 0.0033437099274783986
37.356642443162045 -4.476722688838063 0.004401458684796753
37.503374925602785 -4.426889903029315 0.007697898042228529
37.45615429503771 -4.417762323097045 0.0029149266083143637
37.40847875594837 -4.36420378574914 0.0028148421435271118
37.10450519019067 -4.585379641144193 0.0044966885100925875
37.15090952208082 -4.560125622575259 0.014499129360069024
37.123568250675504 -4.550093837548699 0.006330270008525198
37.12356174497119 -4.558575470608407 0.0071924195794608224
37.02776510690867 -4.55454916527759 0.0073392588401162235
37.04428405604202 -4.531283365600467 0.009490823777105027
37.08609837373509 -4.532166189587809 0.0035813132509117935
37.08245447918564 -4.511855586736022 0.004326185920896721
37.18060708134711 -4.5291652277209975 0.005245250207443225
37.24859223492019 -4.480088883874321 0.003916124764512718
37.18854923409524 -4.479380870837508 0.0034110441813396774
37.219939743480495 -4.464044268058146 0.0053895194629920845
37.1422381457004 -4.508118140072933 0.0041166810912309825
37.11616455597863 -4.494597213154449 0.0030297430619138973
36.98584631107312 -4.504299407581688 0.003494101403333715
37.064912322868125 -4.498406624927202 0.004530181473000091
37.00389214379853 -4.480240004736585 0.003259274656171774
36.956787800394785 -4.475390705069931 0.007129024046618482
37.031073930472374 -4.425263591032245 0.007573890458599395
37.0494935949758 -4.4094371994918875 0.008342294353157715
37.01852499036963 -4.417114180109976 0.0028444568149414364
37.11009403130004 -4.372948117887608 0.006025642057507017
37.078875779529135 -4.36659487027378 0.004647245703959578
37.25827081821343 -4.415527294472013 0.0034692179485563053
37.24986367056733 -4.3987055661423184 0.002935113970817275
37.22804583018006 -4.38906375562745 0.012450581762057017
37.2619736082277 -4.338059603961762 0.003403848676701669
37.37383734166699 -4.356065844957048 0.0033723787154481223
37.39618940760045 -4.332119641042991 0.005336173105042089
37.35865687025838 -4.333142202922156 0.004653924511897874
37.35441564245104 -4.299979515769672 0.0035391821883261026
37.3785820714159 -4.294438992495152 0.0036492444367528317
37.33918525833507 -4.272792041234279 0.002748177499990431
37.163828202221474 -4.317508308742804 0.0027205122112650957
37.18423096136595 -4.292479832919608 0.0056815688595872795
37.30204823918921 -4.275220013893512 0.005142977444164338
37.33144063008249 -4.240149730944558 0.002781924918474206
37.29092630806732 -4.242448875418926 0.0028424356706378178
37.265389479162 -4.2377307551069885 0.0041748435927025035
37.96687255085502 -4.775915326836837 0.0034550487107037225
37.97683990026843 -4.717471476518348 0.003898996044647164
37.96031586527755 -4.698226750403797 0.003586714220077296
37.93941938594262 -4.656394182748497 0.004776234151427805
37.971180755755974 -4.66387782343563 0.003317360350531783
38.0656989089056 -4.65185558709718 0.009699533885995574
38.11462970524194 -4.62642153199352 0.006331761088770019
38.004039991474535 -4.644739886758218 0.002839863099365605
38.03655157629921 -4.616094461469587 0.0038829845686004457
38.011231949767904 -4.613661828366337 0.0030645517506294874
38.06063924104651 -4.6161272130948525 0.0028412890303886893
37.874783542742875 -4.610235213232604 0.007560597783266635
37.99736656836446 -4.601953925699449 0.0040858697180805245
37.98829804501387 -4.540389238995467 0.005521635633118596
37.99434703653724 -4.535809079020995 0.010474054385826487
37.951833581547305 -4.541230996782417 0.009368522941404334
37.90359317713388 -4.559267748505055 0.003098208774748941
38.169732287076435 -4.5810574634393575 0.0026676103859779253
38.145814816609025 -4.584708582431023 0.006011715290716452
38.16592452199125 -4.572431938315016 0.0042485170414730536
38.16604830098182 -4.490579129702386 0.0028369975099712284
38.1842465065687 -4.464187255195622 0.00332601374480695
38.25707864431365 -4.43844374291443 0.017751210523494883
38.02174099556333 -4.454635757395141 0.005716795139515001
38.10998811240183 -4.418638249060898 0.003751984362117585
38.13730645773171 -4.402159105311987 0.005450021237362657
38.0848425057024 -4.415188655814311 0.01665747766480374
38.06699002748069 -4.405939128181971 0.0036368977785943266
38.16244918384236 -4.372113624508833 0.004037745805174953
38.1237783049669 -4.367093594717194 0.0070611780841570975
37.83165688804111 -4.567325541879642 0.003422203527508495
37.84183517336316 -4.558488123927461 0.003632518373104396
37.756917505855405 -4.546397447115126 0.0034317554701891574
37.80502942557828 -4.519151860194851 0.0034664125998249626
37.898821957197086 -4.5072021497370285 0.002830621262652208
37.93261843988561 -4.4565771253321715 0.008911089069482854
37.82529453466907 -4.503004350060287 0.004909934794774955
37.911374983982114 -4.436001934996979 0.01278951776835938
37.72123071644489 -4.519470312312919 0.003384215183427156
37.65128866987422 -4.495047985983541 0.005096811648307661
37.85250706735597 -4.414981898048483 0.0035878308068972185
37.851288685885045 -4.416470645078798 0.004709418869859971
37.83769812262457 -4.404095137387222 0.011566721385978215
37.75679356656549 -4.40168517714474 0.004732288079988842
37.97211649641078 -4.463566168094296 0.0028193852582762873
37.9824860728139 -4.449808717575091 0.005413417401027991
38.00193314339224 -4.431017070954923 0.009681170964675792
37.99781537122774 -4.420762909486983 0.0033080669440519518
38.01297806078343 -4.404624317535888 0.002803769387217052
37.92382281179064 -4.424431816660441 0.0026487410948903525
37.97007840731017 -4.402545309605379 0.003211763842769034
37.992809027625434 -4.364711590957847 0.007064832906531526
37.9514599065102 -4.378736344642342 0.0030818839394881332
38.03117615854289 -4.290067600669416 0.004374876167008198
37.90728849869992 -4.322963366887098 0.004197599356541005
37.85876286209837 -4.307678969004431 0.0051915992332137685
37.88132878813599 -4.272019259850769 0.014549530344311203
37.97342108298386 -4.315912171364031 0.002804933340177248
37.95754357529419 -4.319292511987278 0.0030421961656300605
37.97768549578397 -4.304141091048379 0.005538125391682442
37.945496382329345 -4.298181544312657 0.0030110781653186164
38.01808980416299 -4.247561039993019 0.0029933345578982695
38.004691881151565 -4.246158371680667 0.005313962063127281
37.89714717312663 -4.259858856609703 0.008056951133855843
37.90424369231681 -4.250608574462969 0.0030029463594092687
37.90984801868087 -4.241224647661424 0.003963398399042126
37.926545636721805 -4.229505652281405 0.0032143302438541045
38.311181412586805 -4.4534959866555734 0.0027281281360391945
38.36109747762672 -4.4318683471433165 0.00413864265608385
38.38817977906258 -4.396502958145524 0.0035191135040368656
38.30075099112227 -4.396940501211271 0.005929469638381535
38.417246071988885 -4.351312371441223 0.0035024047612672612
38.39182787641614 -4.34992710127839 0.0038128819522239934
38.45878089268452 -4.302313430802042 0.005268286255910015
38.3631731107212 -4.346512188403988 0.00904019856292269
38.37595908201314 -4.292218553001426 0.0036814749489831183
38.21475101799377 -4.381925783080339 0.008244306222245803
38.231347795736355 -4.353420645591663 0.0031715012332925287
38.26036016930995 -4.354757338006248 0.004251556203544502
38.31825622162677 -4.331985804298269 0.002674616469994445
38.254423652258346 -4.3445078608339385 0.004906967986527308
38.27714142207426 -4.301420353021331 0.004781771944595834
38.16857019874072 -4.338366459353259 0.003097684264269239
38.23209177563343 -4.27715320089174 0.0037304424083752577
38.34140931834595 -4.266049248415608 0.005809812673638211
38.30689307753138 -4.2665471511653505 0.0036303210562137495
38.31030255940381 -4.248301868114558 0.004351917758919256
38.26465460664659 -4.24644878866387 0.0030869068865082777
38.32832319594335 -4.214343042262825 0.004112911926005934
38.56758686134308 -4.255923627192782 0.0038976260532185077
38.55622799597879 -4.255560024292502 0.024796975481946072
38.50873394892857 -4.256239575774695 0.0033320787706390504
38.441185589987064 -4.275974320769822 0.02725869323055686
38.592951244849026 -4.234341699037179 0.008063322861347713
38.552869135771076 -4.2150841410499815 0.007565522803259016
38.59954660270365 -4.156565408398144 0.005757158744714758
38.60446228333555 -4.199513634145378 0.003367645469059539
38.562402064030486 -4.1871163549810495 0.003662462862440289
38.530405260236606 -4.16109805904675 0.002757562532588348
38.60915760479208 -4.137586599647186 0.00361322344545763
38.562493355983825 -4.144906211335429 0.0074140833586304935
38.42574206264276 -4.225851998686219 0.006492395896991166
38.40201311029566 -4.214214730668851 0.005438458259143683
38.437513350043474 -4.200970798038923 0.0059642838576981355
38.43148944562787 -4.171334148212796 0.0028870049573290002
38.4116748565936 -4.136188082500988 0.003973942598055792
38.56357095640517 -4.094353076364789 0.0028300711857291625
38.43394507768754 -4.126101967367924 0.004160939388985648
38.20129771973435 -4.267840172609179 0.0037078234740419314
38.1232156941741 -4.257121308867502 0.003975746676900712
38.097227439169274 -4.250162279886427 0.004623581151477216
38.15441229848284 -4.236713091645918 0.0055662929552574136
38.16538031183091 -4.230185331647318 0.0027786610259686166
38.16374736731202 -4.213226718806662 0.004608381235808163
38.14102737714761 -4.1880164337741235 0.0028286266554653034
38.20561956451027 -4.189921941738257 0.003203326375369624
38.06884652599735 -4.235056764449285 0.004298818949561162
38.049616700053605 -4.230213896153135 0.004896442677683722
38.05935847374601 -4.202770748089046 0.014042599656103737
38.08650465448765 -4.200906307126565 0.01403572335372309
38.0412398730956 -4.175251697403334 0.02364556567361585
38.05847165376267 -4.155452596884637 0.011170882522388507
38.14860528468432 -4.076867388136342 0.007041294430018595
38.144601527718386 -4.053830916610142 0.004353595089792056
38.278373291182014 -4.115511866421324 0.004809160037570093
38.27513062839414 -4.105762096999405 0.010232541380600283
38.32264944600782 -4.078163720030555 0.008827655666164612
38.44275198956743 -4.062442573964366 0.003536232812421403
38.40017776662753 -4.0696085890207305 0.008628552772709248
38.38176948793052 -4.067044879833136 0.00823170493204767
38.378086778899224 -4.067794232619752 0.007596987111572038
38.3687894908206 -4.056381022123759 0.009029571569432909
38.390363290766714 -4.012658598508797 0.007722446346406701
38.42599379416651 -3.984014318999734 0.004759969606029787
38.288739136024 -4.05138284109634 0.003294327977767656
38.19270740770631 -4.00918001908279 0.004931464142193499
38.18790148831473 -4.0017513721002596 0.003646246662557896
38.24801286251088 -4.011481640402015 0.0031783668294119325
38.221433010477774 -3.9703948323727225 0.003688253766690392
38.29140796043792 -4.002424396750043 0.0049815358444702945
38.36266222138344 -3.990479614776246 0.006966851035867947
38.338785300807814 -3.935420842135487 0.003000166239022908
38.309664652503166 -3.928581192553384 0.005561445486613375
38.29670461890583 -3.90258000498849 0.0035828140993781543
37.55635147039425 -4.408616713156597 0.0031306191652966608
37.55736964779325 -4.382950063153331 0.003121397474228779
37.65063229395936 -4.311929339302727 0.00293616988250745
37.708343200698394 -4.289344471126957 0.004796891270985343
37.57353422905674 -4.311453393483668 0.008368514339180975
37.654402361367616 -4.2719375259723416 0.0030094302329874505
37.65009320385064 -4.242657394375522 0.007196275056388276
37.57432342705056 -4.228434637441558 0.0026532904851211234
37.59825506969191 -4.209915943543623 0.005150820015165746
37.82651071052109 -4.259206486036864 0.01624176975581718
37.85442466385914 -4.21215512554119 0.0038906956966469858
37.92405428339159 -4.199755205729486 0.004367655486550381
37.9232527344466 -4.173198084523647 0.003675137097082435
37.85169067686677 -4.205043765746508 0.0030602818362514203
37.84110372493194 -4.186975692025691 0.007573481338339897
37.878963401457746 -4.140424935951118 0.007821661007685013
37.69738745266784 -4.237476816383389 0.0031865904086416847
37.688593734710906 -4.223879177589017 0.003128897596195788
37.69124358728569 -4.209247704220511 0.0032999362849470354
37.68666693376521 -4.130958684049804 0.0034375241236630936
37.69625019882539 -4.117502804920643 0.0036826477466196505
37.79762355238688 -4.116184294986515 0.005574426577630885
37.83458588111933 -4.1307760155677995 0.0036763200653234986
37.803738418489544 -4.0871306760614985 0.003021005595103747
37.435157203985064 -4.247328479921749 0.004287470793447493
37.42948984901211 -4.219262764139156 0.002695707144228915
37.443140303066656 -4.208783810518566 0.0073914942708348365
37.483681854354266 -4.208417303187071 0.026640702216072364
37.503507061653394 -4.171292056999647 0.0028789986061454023
37.520888175385736 -4.12609462512718 0.016011992743567793
37.37181565567502 -4.212562875422033 0.01274553323055221
37.31961481756188 -4.221862909221103 0.003366945678310237
37.41763481099156 -4.197093682317856 0.003740920075420372
37.29768175894681 -4.17038759124233 0.0032906688461791012
37.47618760830908 -4.150065193590081 0.012879194876809778
37.38531702905852 -4.110398005945342 0.015468300826592481
37.435311336735694 -4.048911361256623 0.0034576808895698135
37.443506304141415 -4.037234286095308 0.004466293299689755
37.607170885252856 -4.140379481554724 0.004312165341009154
37.59011292471206 -4.135069307583115 0.0037645654284590648
37.67557733795913 -4.117721114838567 0.011001115887120667
37.697067463597 -4.104926972990083 0.004045303168245535
37.6028302483267 -4.10559278559837 0.002898121839426975
37.6387999936646 -4.072422931477977 0.0055797191492227656
37.74516682247705 -4.065497596376099 0.011595190005048616
37.755189557343186 -4.0386234258722 0.00894124653223948
37.74567554875081 -4.024929018715806 0.004971877212812706
37.728147990244814 -3.984197828507627 0.0043996685456271925
37.70581142939137 -3.973073974070454 0.004350169254414996
37.54269151064441 -4.090011488944021 0.0032897551814127985
37.55955983458477 -4.019411685916376 0.007027183908584115
37.59201105771045 -3.97859579557275 0.002972952323695808
37.975805237123026 -4.1629396226414945 0.0073075741294001606
38.00959570540456 -4.097300255065283 0.004798041550797289
37.93682368951318 -4.127758912921238 0.003866487269719902
38.07462978266565 -4.038758337344538 0.005369677025602763
37.99214088512248 -4.051414037666762 0.0031411818877342857
38.022049493829414 -4.042069562254223 0.00477278696172711
37.85667779279195 -4.075206286283125 0.00553545175054489
37.93140752809616 -4.062059287098476 0.004889810509459776
37.89672065334279 -4.034447797855545 0.006241721179271708
37.92166832775775 -4.028885374350227 0.004510438282332161
37.86339285288063 -4.021722274400903 0.00665344260140902
37.82078944606313 -4.030285100609843 0.00546165369606656
37.87228915299962 -4.014555943421166 0.0028084667052053203
37.902864653574234 -3.979609700429365 0.03582846364234423
37.999134918467206 -3.9757677597797985 0.00427361937504939
37.939211912679184 -3.981728129818359 0.003722238481100434
37.95183667223003 -3.948367922139882 0.00790240556430268
38.20557836112962 -3.963820649539034 0.004640370044888749
38.19639655655678 -3.945929072262372 0.0032939775476704862
38.13144474170353 -3.8972589959413018 0.008326445995700628
38.225041664222054 -3.888762075033167 0.013274195960034216
38.28445522619857 -3.8953492561895264 0.0028278953879922073
38.27783993635243 -3.888137390306736 0.006471205620587905
38.301090196506905 -3.87148797898508 0.002902617702534202
38.17886143926204 -3.904770429187529 0.005449225993788503
38.21770377274428 -3.861982814345843 0.003315673624809061
38.24275639835125 -3.847972807119565 0.008151254249306425
38.04084811585261 -3.9342450807781097 0.005240508015870343
38.08544043646331 -3.9248687219578313 0.0033937359941536294
38.12241866515779 -3.897342933811089 0.006273771104346973
38.044886126989475 -3.8743492341339296 0.003122476184310209
37.99677128243615 -3.8901364871114255 0.003822319223445924
38.04889948484524 -3.872792200162261 0.005949089595580224
38.03930352359425 -3.822394605925134 0.004461698399290229
38.141250896385216 -3.8703724780899833 0.0064893577156002556
38.16088375960733 -3.794781297068908 0.008238524159605744
37.7882009094985 -4.008071029175524 0.01199411917199905
37.73263734550977 -3.943487915820628 0.004439512259571022
37.74209383731817 -3.932394831564276 0.0030840652266445837
37.77645586973132 -3.9338510872153822 0.004972707560697693
37.76599626329271 -3.9160013052651417 0.003943992901507929
37.88962437882176 -3.939657681104963 0.01306263418134529
37.8520739234928 -3.9302039842660768 0.008972548811547122
37.9468204553708 -3.8779505342825487 0.0028656037683598883
37.880332862842586 -3.840240141572392 0.008911312211408428
37.72989133757417 -3.908513891368405 0.0028352392967180406
37.68594690080919 -3.836992546527096 0.0026689999743657747
37.823918653341025 -3.84288824817041 0.00427545952710458
37.790218079555544 -3.8387038473550574 0.0035236929263193334
37.83607236151375 -3.836600731595216 0.005424771623468018
37.836509640113405 -3.837184164943958 0.003175208800591459
37.843606486361566 -3.7887941100024825 0.006794085839158739
37.735351061400245 -3.8088508996043697 0.005424742956702727
37.72013572054172 -3.8060939555671975 0.0032307819258424355
37.76435728971333 -3.78331258992824 0.003539610050764591
37.78761752110901 -3.790124439615867 0.003347011269283652
37.79648541537339 -3.785579976680712 0.01444128103318443
37.81821210506817 -3.781468411097931 0.004057887846077928
37.77865714027243 -3.772592756614466 0.0035654469961164674
37.759500407458226 -3.769584039947531 0.0039025667463166557
37.96704298141438 -3.87724007976709 0.0027973536173940814
38.007186003016486 -3.82417503020868 0.019998278613223144
37.93862208649049 -3.801519015956053 0.0029719135673626058
38.020843908501185 -3.751354504953415 0.009367535435475246
38.065492620808286 -3.72469671695803 0.004486642641612552
37.87333728128522 -3.7528022151585785 0.0033079284679699552
37.91587910063029 -3.7420217414069574 0.006481191139729521
37.85002734094734 -3.696660586332688 0.0032292817604285123
37.96871542091849 -3.707557556909603 0.006703845620945865
37.91588593597187 -3.6780000230948326 0.0032622680640841135
37.93626077246255 -3.64388932569272 0.009320635932803207
35.1407131825406 -5.92592396567637 0.005876580837326538
35.18663190250692 -5.9193475474543495 0.0049826025347487314
35.18656080808858 -5.918615767002777 0.0035719486313451833
35.21383601579299 -5.868205609903141 0.004058639143636728
35.23511594151565 -5.851237259697072 0.002879056479112923
35.313875083373865 -5.815978533342701 0.0034196141825903674
35.17332507724516 -5.834711294033776 0.0031945818112107207
35.15754409293215 -5.830071949622276 0.002716338659320824
35.067494689416776 -5.900757388533736 0.005492876120783809
35.07174249389291 -5.829043510771636 0.004179805225818085
35.025691914048025 -5.833311239867243 0.003154602147407435
35.05430001355561 -5.80141072338153 0.004300004247944883
35.06035934392425 -5.780012604549891 0.0059864893553541335
35.173110146386904 -5.781665294699864 0.0049199996810852095
35.204293279169924 -5.787477112935477 0.005158762742407547
35.21453317533835 -5.770275056732467 0.0050827658065437
35.208698314136996 -5.759102900909895 0.003514870102443785
35.18489111206549 -5.745700030776363 0.004200379252236228
35.211201019451366 -5.739425307509825 0.0031076527139716125
35.1036040278439 -5.729660918112054 0.0026858850360166994
35.17259937561245 -5.702944419584427 0.005215677616622683
35.37089202797421 -5.764319731308348 0.003454560553255901
35.349464147736555 -5.754432497066637 0.008690367845125687
35.29126344729846 -5.733560123962599 0.003322910427794211
35.46860414067357 -5.698965128420691 0.018328314761933372
35.41017700597661 -5.634351031117751 0.004620516384618713
35.249679890516084 -5.677884204873961 0.00939488556714379
35.280468498263026 -5.654160496144546 0.003138021462484584
35.2271807888482 -5.660437318066414 0.006498373506206956
35.400929548410645 -5.618505740611422 0.0058667906290147485
35.41240342691799 -5.601735974019473 0.003863173600694254
35.38825214178508 -5.6113842700380845 0.0033152095105313615
35.40292108127309 -5.5990865399837935 0.010080521253507606
35.28069204515217 -5.599026622748518 0.013894854538226361
35.33470661041944 -5.599534975404229 0.0028526282883696644
35.01553815471385 -5.773582328453211 0.003809563961190877
35.047954373479186 -5.7475316933303935 0.002980948853871549
34.945386478101994 -5.760315914924612 0.003957460279643695
35.00348497594871 -5.668655072871874 0.002814217274999512
34.87093676697337 -5.705780435185223 0.004949237326020625
34.86417119426333 -5.706271050624171 0.01856759286151636
34.920282411431295 -5.656589272283896 0.003965512558685882
34.86576861658474 -5.696005476009905 0.0034665759094579204
35.007479209291546 -5.639074083350105 0.004004938806057435
34.93763773730317 -5.57749028940223 0.0035516123265118067
34.94185137154816 -5.5800297715457 0.003162842454229346
35.13615791453477 -5.614872495961687 0.003507978957630465
35.23904050667991 -5.577367511458037 0.0035772363865790796
35.260647405914874 -5.545644193703743 0.004996414207446284
35.19463685175188 -5.497769283947214 0.0190803885611779
35.20249492896793 -5.490332171615402 0.006925908897789756
35.08951121286087 -5.581386941357984 0.0030069679185135236
35.06121176891575 -5.5711558967946715 0.0028385669024947866
35.01522910612153 -5.544830015063535 0.002972569446669246
35.032608104468316 -5.532071999783058 0.005187957977246166
35.013486284972345 -5.5232504092340475 0.0033927244580501904
35.01397408652114 -5.5243802528731285 0.0030883459249384476
35.07635924550023 -5.513090117605496 0.01047494797366756
35.19637043411369 -5.492555302105598 0.002869645565328584
35.17154014202413 -5.493171008385697 0.004604449876112546
35.14818543890118 -5.496362394365128 0.007056711534270597
35.209799954776315 -5.466340767519484 0.00312592874850711
35.17744034661015 -5.463389784707634 0.003653322735667695
35.148063507108674 -5.461182743173892 0.0075112436456268895
35.1042214120169 -5.458247407483125 0.00449535273089076
35.109991173783854 -5.433696144418183 0.003966736657449272
35.13719204778038 -5.418069472170327 0.003308293522618118
35.49966257005463 -5.648361460900981 0.005068181153631074
35.53093997046758 -5.605259904709383 0.005839139012291894
35.462527508931 -5.579534026435018 0.004841802491964426
35.43431731387458 -5.513404284014773 0.004772162894735515
35.51255990881728 -5.480189225187552 0.003986025655195602
35.546072274094826 -5.447346791960935 0.0036244879865909812
35.45500051895146 -5.445339611553958 0.005434296805301281
35.49240455144488 -5.410584789487995 0.0035992365848558825
35.67472595089504 -5.51828168620838 0.00917662700442652
35.67801173582592 -5.493963861052628 0.003104645690414443
35.76097042975344 -5.446302141229937 0.0026728842050509536
35.62972451832241 -5.4307525926262645 0.0032482827410772754
35.82510107109545 -5.3559019967374 0.005752474664834792
35.66447282021721 -5.364850612353419 0.0031125299538584854
35.65625467495543 -5.364889994248297 0.0066936141586107275
35.559101538636014 -5.356542808097606 0.004668930020383244
35.57281434069397 -5.349109246521209 0.0029050328960001904
35.68984204433373 -5.333680139997457 0.0034749476762166295
35.75892568483864 -5.3073923607883655 0.0047434665199502235
35.69551884432817 -5.297207364956704 0.00805495557670824
35.64314897335081 -5.2839186970322825 0.018858756785751
35.64359474156511 -5.284501201539593 0.005659998611087666
35.701781001562196 -5.269259490196673 0.005314952892250502
35.66717366871136 -5.278529379649261 0.0052050456121812225
35.375827205634536 -5.472716576431286 0.0033329185433423397
35.35988626815905 -5.462729384410851 0.006636984824343346
35.36673418281013 -5.41950266310419 0.004409937907787652
35.36283666422325 -5.407468452721807 0.00276596802068556
35.447704879936666 -5.336097062744635 0.003294999701726482
35.27254889905735 -5.362053408948505 0.004957850817229025
35.322429978541706 -5.356415993698324 0.003551433357907266
35.30223995453119 -5.331293716433192 0.003353029579073662
35.37771700220587 -5.318675017604447 0.003720141204594106
35.347027770700045 -5.314855768870182 0.007676795462953478
35.372701922269634 -5.3061717768258845 0.004968890996115308
35.37107513466606 -5.270603858336329 0.005977789799418781
35.49029156830102 -5.354274884866722 0.010296869286176544
35.48250371371331 -5.309721913523421 0.002674957458853977
35.48025770912593 -5.311558699336728 0.004226241152724959
35.52775985430923 -5.275410797856739 0.010898742068502332
35.60401351027835 -5.187716358998575 0.0030294597002477057
35.454614335613776 -5.23149961493703 0.0028382386814512473
35.36630608688447 -5.2529309464243745 0.0029885662636104557
35.376503406344156 -5.227526742502709 0.006088501811900747
35.42687508606508 -5.207128865889525 0.00671241006013202
35.50868587551775 -5.194945403121569 0.004292135161054586
35.53380481906942 -5.1725659698582795 0.002989257410936585
34.86548395443118 -5.610010013836444 0.002714793993345796
34.87288836546852 -5.6181290337887795 0.0028594891276833953
34.87485667817754 -5.590135683647795 0.0028550789010300154
34.820975593141256 -5.607877593410284 0.0034242037978433905
34.77025273829883 -5.6040856629039295 0.004860467624155898
34.90195230589845 -5.572408730458898 0.008801522116658904
34.96002847659297 -5.517292374821732 0.007627398808153272
34.84179452191198 -5.528385168275067 0.0037301119358040375
34.84128108853766 -5.522046501819443 0.006645704393905527
34.88570633213458 -5.475952053510236 0.00912820804283629
34.744547062799434 -5.561558689875963 0.006565161358080944
34.76797640912176 -5.508635258274707 0.005365140500589349
34.69602820091125 -5.512825922503371 0.015701505100821907
34.70059156813809 -5.510041464730308 0.0034771872589075955
34.72591210812833 -5.4976141308380875 0.0058477022266346206
34.82604596089485 -5.503679497488796 0.0034166046656574503
34.81838426664725 -5.404336555447298 0.0036647411489970773
34.987095168604775 -5.492824188010245 0.004863037792151996
34.994339388614215 -5.482871335536381 0.003266987701721327
34.94983420551444 -5.459172627939531 0.007725552703487114
34.96960374715388 -5.43849678844381 0.006458371821583732
35.069932583437854 -5.392824890154405 0.0030711858248609492
35.11673864086963 -5.401243599783954 0.003071111997547991
35.021975795278586 -5.383134948243828 0.004407790044031319
35.0174284176848 -5.38204711181913 0.003132010537968272
34.88122223237326 -5.432043534641972 0.003007245229470081
34.87633420740041 -5.400631934850211 0.006991140249560035
34.832272384776935 -5.3817268308776285 0.003053137262013307
34.93326082597366 -5.2959920145858455 0.002857982594930394
34.95519468437109 -5.287348980535294 0.0027061249761568657
34.62733528670436 -5.506038465877745 0.004016368475292314
34.6344621472619 -5.477107451652038 0.003179243189433131
34.65415774262529 -5.40510583916679 0.003496445471401038
34.629130094482385 -5.387863000747405 0.004730752903802068
34.67129694844269 -5.390788997062714 0.003020616529449968
34.602389960047525 -5.364157251521477 0.0049490824562589365
34.57001420900138 -5.354448275652815 0.0028684274149773834
34.67574787866654 -5.276087175526911 0.0052536606217949
34.59851939468727 -5.323363507978595 0.007676302570277714
34.65818170581558 -5.262699055590115 0.0030077653343598422
34.592260377227255 -5.267852868251728 0.003489834161799861
34.76292495251968 -5.326990085583886 0.0043468390470842635
34.87301437255278 -5.262383026291348 0.004719165949899026
34.95432453965542 -5.208596723163604 0.01717857338990216
34.93333715627348 -5.2006818808735105 0.0034841625600139873
34.892872645187644 -5.207267168099576 0.004723237181647291
34.913399320899366 -5.206889199343612 0.002740503901041061
34.93086369715514 -5.190897819441396 0.007457921359692157
34.932545421035876 -5.192871066448867 0.006436355516115021
34.72246528612757 -5.298938916081245 0.0034509848253324407
34.73224228181814 -5.23711358816608 0.0035277540946385263
34.73638607923772 -5.1857833750880085 0.0063731824951407815
34.727036079100394 -5.1746298896438745 0.007589178708286111
34.841335133872846 -5.197458869407967 0.0037543419367172485
34.851013815445114 -5.147122846704762 0.01844051835062665
34.81458913343494 -5.090362351788222 0.0033253400626930885
35.15304213163008 -5.346112160625078 0.006894595945170758
35.178353729372105 -5.3473551486221655 0.010841311913611783
35.12981109129815 -5.343588360254968 0.007790158869841927
35.19679512529605 -5.270751497658044 0.005158518110702581
35.122049575885 -5.3249539470545 0.0037199317732153556
35.10655100408907 -5.302985903683665 0.0056368424912331535
35.17793162147444 -5.268874573193079 0.0031663875526555794
35.149540210876616 -5.246680161775472 0.002699550241822331
35.165378477567636 -5.237359256626186 0.0029609230755671275
35.27420135212277 -5.2702894614971845 0.01062230261245667
35.31476190667044 -5.216877518772531 0.004030108185316272
35.21237219959536 -5.2075188442444995 0.009240581666916603
35.26616558389605 -5.210731491504718 0.0052263571515101
35.24553687867831 -5.169614565715614 0.004596645796335075
35.09447378828859 -5.258808408798733 0.008712772908002731
35.07093188224672 -5.249579158864865 0.0031331961528613794
35.08761983988545 -5.1562061872757825 0.0030301872019801233
35.363857588853435 -5.16697712169432 0.005017945956307798
35.38750398211106 -5.160266350083325 0.013726179047046058
35.3634787113142 -5.163422998836145 0.023503014884222524
35.37523932973208 -5.1539623941445925 0.0028986001451400374
35.33625550575089 -5.132282008916369 0.003320535094420853
35.425966455001024 -5.10763898066752 0.008990536108380348
35.43507458856191 -5.089485137976997 0.003484565356963132
35.41571592074296 -5.082286854693625 0.01347379311425858
35.387695147947795 -5.080746226935616 0.0034654798230856054
35.43397438970775 -5.021899393755921 0.003053734703916524
35.2429948849359 -5.146151578693519 0.004361173300347223
35.24567544915406 -5.128202512701479 0.003294585135253792
35.287658721505366 -5.099730062671676 0.0037513739182438934
35.22645739853812 -5.085971680501287 0.0028124316043205296
35.17042465450394 -5.0680806677743675 0.004379491468172667
35.229104419778054 -5.04671204469478 0.004016959884120217
35.31515549510823 -5.059193949940873 0.00787233885729914
35.32822141720957 -5.0083761407192595 0.002989518323178741
35.39086614875513 -5.020360449584981 0.007577398970302625
35.354002731234175 -5.000483751723812 0.0036885586182271207
35.37438597300566 -4.986773591023497 0.003139043901448053
35.35332956281443 -4.949193593622452 0.004693983132044068
35.002873835062054 -5.176154434166551 0.008098679075449606
35.07531692772091 -5.128563259759534 0.0033132096271791672
35.09063119654651 -5.1310716510687895 0.003298713665547201
35.032537072007756 -5.092616987716169 0.0030613434435767246
34.863162244872726 -5.0985358649503025 0.005079007037810222
34.88212663882956 -5.065501377026831 0.008361904045274713
34.88269115088096 -5.065705169043686 0.005039546996830095
34.987525685695545 -5.049317051254479 0.011712933284879146
35.02144127206692 -5.023730823972246 0.004619761599848404
35.011274085083514 -5.02001101816865 0.003813719738827037
34.93134951147807 -5.0275440946209375 0.025903788716675015
34.911232142779276 -4.999400899337932 0.034455106338836056
35.18719699918768 -5.049979573724898 0.003214268850914855
35.19221349004142 -5.015417641180031 0.004014298606081506
35.169571770426074 -5.010127707006759 0.0030007048112601366
35.16957841849863 -5.008377923866197 0.005372477676646405
35.09568406888874 -5.024308202312892 0.004105453992649487
35.10366286424905 -4.988046469777764 0.0032856174364980905
35.136046363140906 -4.973702863995023 0.004259854785083371
35.126710909639286 -4.969175049659153 0.004918544609189321
35.25472843988851 -4.9904307270805335 0.0026798555460934305
35.21813665353416 -4.9561103796325945 0.00802771368488876
35.2595384489005 -4.903733696094248 0.013385137892723015
35.25693937572181 -4.879597538524031 0.00943238273355028
35.24596847903334 -4.865880946370087 0.0031891956247662276
35.06034459979877 -4.981718544292646 0.005146391956494978
35.03738918744101 -4.958725619256319 0.0028148505045630214
35.08885028805189 -4.949892390396815 0.0027196789795990535
35.06534041206406 -4.858995624139845 0.004461260464027537
35.18722498531461 -4.886574951534574 0.010956061706583505
35.13821266447326 -4.893330313820999 0.004003588145214553
35.170660507096855 -4.868985411207832 0.006422949680421887
35.21881853870657 -4.873505311486955 0.0029400012808370587
35.21806999424369 -4.869542152171248 0.007661022972331055
35.17999857130197 -4.855277811423914 0.008850047254765247
35.20538062190258 -4.83579444156417 0.004696992801738385
35.115259075606225 -4.85192801516705 0.004584813398475144
35.165134721525185 -4.799776854509534 0.007522724887991511
35.883812590054575 -5.3468061851213555 0.005483004529030995
35.88935869202785 -5.3183429371812885 0.005407899655701252
35.923155441805 -5.285803127708578 0.008122522622862368
35.78749868881456 -5.299383979787083 0.00873327065337463
35.8671514696845 -5.283672419560085 0.0038635719076544426
35.841232626063764 -5.261573658722521 0.005797335570518814
35.85522765982673 -5.237291659659251 0.004212845667990701
35.8601697157717 -5.239444424609186 0.003240677990863532
35.944845392854 -5.300087698483256 0.0077687164351871625
35.98552919628111 -5.245048817918061 0.0032150757120765904
35.95609006515217 -5.229662668084696 0.004825230336754536
35.993255893058894 -5.216458433476393 0.0070657196970083805
35.907900770429535 -5.249417165104094 0.006171719217680573
35.951734836893294 -5.209104727726952 0.008080277754196273
35.775065920116845 -5.25249386663324 0.0037118498037600938
35.88615922347405 -5.193436671622301 0.002882797220244222
35.89220007974484 -5.136754465875788 0.004954122311615221
35.87949853049135 -5.101266244009275 0.003995041265843474
36.009058801450486 -5.177325074356547 0.005444457344649533
36.04953621763802 -5.156265731972097 0.004688651943664362
36.07017921773009 -5.126821222101341 0.004229483057673429
35.94950206936548 -5.1543974579709735 0.003057249267511772
35.99685895914637 -5.145753589502809 0.003094742040400428
36.05354622969079 -5.124940268669731 0.004298125177452162
36.03888121658964 -5.1014209021204735 0.0028896906958483077
36.1369203416691 -5.139608748489028 0.002711846383312283
36.1930432245614 -5.080546320206185 0.002890517909704052
36.11712615779499 -5.0810045967609 0.0039742606308821185
36.08943512451145 -5.069988888083885 0.0033694596472597644
36.01784235903978 -5.094192741951976 0.0029729866197268956
36.019241956270456 -5.067405441046573 0.0030053222356784637
35.99063971937705 -5.076883269282711 0.0036814603263435495
35.934527528111275 -5.059276655707786 0.005219699240223353
36.03641449007614 -5.039505235330071 0.0028951021683568143
36.08314913983244 -5.036784377721364 0.012980262330259855
36.072566867245115 -4.97355284482549 0.0028466285425182264
36.03203373770592 -4.969306311550837 0.005136185371846778
35.708903258570004 -5.206130828679707 0.0031511511087432996
35.6745036158897 -5.176745359519286 0.0076381468642561625
35.67823811603436 -5.149853184206867 0.0029074212787556673
35.77560564794585 -5.129056610851143 0.0031000279153421237
35.792408123861065 -5.064237536135221 0.003078660570869846
35.80894636929843 -5.066341508390269 0.003989011098325219
35.70779953194791 -5.082365224340091 0.0027493563581105704
35.708634288449005 -5.089799587425092 0.0042099201113402155
35.730203446935604 -5.058820370165368 0.005175870057181945
35.73144528544968 -5.057419511208987 0.003097185409026518
35.77315197752644 -5.0347124424720295 0.0034795531492645706
35.58126273975556 -5.117004503994487 0.00337795515455233
35.624445899829674 -5.069986218065038 0.012231702359540908
35.57213230826767 -5.092089538249775 0.004796565723279146
35.588664574488575 -5.016931665944086 0.006368664553912844
35.694640219288594 -5.0528198218009726 0.0038919453613149163
35.66748128434998 -5.049907064142127 0.0074019779089198245
35.63880221875698 -5.012999506230421 0.00576154097186282
35.68809212530772 -4.9650301453105845 0.01256832708849783
35.64980311558207 -4.961288526250944 0.0032729914410289398
35.6681508650074 -4.9585752146926 0.004130251091238556
35.69109216818947 -4.951197601698922 0.005126463441410582
35.902559732248136 -5.008331427016535 0.003263669588213098
35.81424894609095 -5.014905577487837 0.0031350461232475865
35.99439974313777 -4.955908097170429 0.008071658971325847
35.993818055882066 -4.942077175148558 0.003616998258144493
35.9853967760019 -4.922870884008966 0.008530461153872397
35.82018592872016 -4.930022735707057 0.0028630129973758367
35.79590269797102 -4.928422969581452 0.008840389083487422
35.82175670466723 -4.906195375144857 0.003047789858545973
35.75613706200756 -4.942608469027496 0.0030814728782442074
35.75799901148442 -4.871655615194966 0.008799011789888601
35.88812822684539 -4.889732119330336 0.0036977771940016843
35.904921594260074 -4.859263352004099 0.003668912924414227
35.8684763564198 -4.827860532285847 0.0027367665912802685
35.887025519831894 -4.817711594633969 0.006639647903662102
36.20659836099109 -5.069377593315913 0.00595057124958158
36.27351958586622 -5.01224695739509 0.005952847262522996
36.19572075987373 -4.988109396752171 0.0030347770394635295
36.19599845833534 -4.956184573690602 0.0029843766585212236
36.31894746488836 -4.983457983306829 0.004789002178662031
36.351576100083776 -4.9475419979810304 0.0035689449539664606
36.24734048046334 -4.953909257472571 0.0034917083752769
36.138197201457565 -4.950511034537243 0.0028132905320370923
36.106979053538254 -4.952004278251211 0.014402328240582577
36.16812409947104 -4.912470596554804 0.0029870546586330264
36.192647439938966 -4.886154184359863 0.015202083009170123
36.140326985647555 -4.848450082591138 0.0036890944944049844
36.16262862338618 -4.834929606027091 0.00489424177467873
36.37210924866372 -4.916029991178521 0.003153053281007942
36.419311327107806 -4.884087772688303 0.012232427758662087
36.40298822029491 -4.878990715881155 0.003334988491810628
36.46200984987396 -4.837077829975489 0.0030039861058141835
36.46205253283398 -4.836659067457056 0.002948964908255628
36.507976897832606 -4.8099018129317965 0.0028240901081226758
36.50417779644834 -4.755583079794728 0.0031026746661385915
36.51011975673202 -4.751521693004291 0.002740771973292333
36.43390851140361 -4.7496380019146835 0.004724634474998625
36.42800770476605 -4.756013571038243 0.015114999933960933
36.33089861993762 -4.821414871244888 0.005200336356629956
36.36968840810162 -4.7770840216192685 0.004469024541867471
36.34515993430438 -4.756716446620548 0.00583120681272359
36.268757957834254 -4.802151671089087 0.00795102940537199
36.30361450984849 -4.758427185219554 0.0034295247754174887
36.2929347047853 -4.747803122569669 0.016529270222177695
36.27914944655148 -4.7470195182410455 0.0292393443935509
36.38348812561946 -4.681865455847423 0.00575893967904952
36.050835453279184 -4.88805188723868 0.005267854118251978
36.03156773263563 -4.867490835687888 0.0029145531168704455
36.08788249310225 -4.861773591669406 0.005207237182177701
35.98923249424739 -4.858323560569738 0.0026918580819318026
35.998598048750075 -4.813898989502187 0.0057240418404308074
36.04048522331653 -4.803766712673331 0.004247343148300706
36.06704906337423 -4.790092790311346 0.003847862988246731
36.07865042968485 -4.770593767811903 0.0028756293635365322
35.95583235327887 -4.813351116780659 0.003179922858646564
35.937431587251965 -4.82546795893627 0.014071329721666376
35.93881782706877 -4.803282584746249 0.0033274153029035644
35.993338441535215 -4.768718225349022 0.003780794735963351
35.99511115424118 -4.763424262652823 0.0035470282273745695
35.97650752014353 -4.759516984487276 0.007668629830566177
35.90700712955645 -4.809372482845073 0.0026818344458621316
35.93373102739874 -4.7769461872968595 0.003019136472191317
35.90314298616936 -4.7630460502080245 0.006074651736508758
35.951551297720606 -4.741367725906456 0.0031147781150995973
35.93343371841211 -4.741922252969392 0.0047411874878851585
35.94651988023576 -4.732192545269589 0.0064107265824713015
36.09013441074772 -4.703159220176085 0.008169437971195969
35.99059648324304 -4.7013519840854086 0.004951040735968153
36.251164584652834 -4.677188946208144 0.0033037775645010986
36.19402730172503 -4.695361914385152 0.010721553563713317
36.12905524966405 -4.706825355512483 0.0029906676612161905
36.213816520829894 -4.646808854681159 0.003423581292686417
36.346672092190026 -4.632442061087117 0.00310878605113195
36.34311010885503 -4.620716898421414 0.006709894389177985
36.260695885240594 -4.6305331863834756 0.009823712628063844
36.22477911510365 -4.629937493989969 0.006881312005210089
36.225704873649015 -4.6270962814178125 0.005115747016189799
36.30081911592274 -4.568885287000514 0.002805504306024947
36.15800002248045 -4.663845363790868 0.004160143147262916
36.125918896455126 -4.638203185710446 0.006949469202295137
36.17300990999035 -4.630639381366872 0.01027109129821992
36.18195330497826 -4.631564596534648 0.013641667177161096
36.15760120537573 -4.6063704738937385 0.005301093320478252
36.158407410633785 -4.53959253081902 0.0030394878355423103
36.24575864369233 -4.512882168944952 0.003325692795505839
35.555751743287516 -5.037585694175485 0.004224914646904033
35.573251715743154 -5.022535513460032 0.0036301847632693248
35.525128712190146 -4.971640092932711 0.002790191488848054
35.60484593292056 -4.9570846229387175 0.006289873260744459
35.60435924703429 -4.9423971087499545 0.0057271064391313355
35.56524360381905 -4.937847917487766 0.00719092947802707
35.516775624313745 -4.926270198831446 0.009017750694954653
35.52255373909186 -4.922433269094398 0.006015730467428367
35.590166779025935 -4.922188153775341 0.0026443902036638227
35.58646215565172 -4.881867601609087 0.008355106490997695
35.44812321036566 -4.969783538174158 0.003168627664577098
35.378763620481884 -4.939289862833975 0.005232799439632055
35.50978045007967 -4.9199761103514685 0.00907584373257136
35.56428720101056 -4.851424083163678 0.006124685526012113
35.505094723733336 -4.844304345137107 0.0033059569553615556
35.75331170788456 -4.865846024727704 0.003196663775170461
35.725664459106554 -4.843062244143294 0.003804515515894212
35.6631054646945 -4.847088061485107 0.006319105841514432
35.62461578868494 -4.865343902081216 0.004167536907585474
35.67718164707037 -4.835008887122771 0.00325175333714877
35.69839003999998 -4.825562344637462 0.0047634718669174085
35.81860346306503 -4.7957613481934285 0.0050211054196533855
35.71573440750992 -4.780238289770991 0.002756632547908202
35.73775131561774 -4.755724510424487 0.004702113572164355
35.735431308995445 -4.7534862992364335 0.006015918715402029
35.76088718992848 -4.745361377468876 0.003147628178703696
35.582094568235796 -4.799699341206925 0.004215040041312193
35.651560168085986 -4.78753452365368 0.003207609969420531
35.66272464661126 -4.77102193320717 0.002890190469610048
35.63957551191248 -4.775014713056856 0.007022280929400335
35.573965785033465 -4.768285040752755 0.0027044185403670372
35.69067631259172 -4.755595961323065 0.007605712671523834
35.718695058684695 -4.750023561126688 0.008599730364618656
35.67553282963242 -4.728833535354078 0.003296933251126575
35.69315452401769 -4.7127445016094365 0.0026780139787227295
35.629289309037866 -4.719486346463667 0.004881664231067975
35.650044491434365 -4.685472070585038 0.0037931975346004233
35.35455744563473 -4.890940065626676 0.006184183100221097
35.33344935852345 -4.860920143134293 0.004100330650450833
35.25198810303228 -4.86047521115084 0.0027256580783921367
35.34719387588401 -4.82929598556025 0.0028928801707301163
35.368234523447576 -4.812259306187672 0.006615087522768892
35.40717287833847 -4.811227576209847 0.0039265560807911345
35.45489068828965 -4.788990033624203 0.012341355841423237
35.48843521880818 -4.769227439114236 0.004094416602911664
35.48754287435772 -4.778162480959253 0.016379709292241453
35.44095100982752 -4.790174964249579 0.01093627820543138
35.47306269269105 -4.753321709681655 0.005197806939672925
35.365952231805274 -4.792314833013736 0.020116748880923217
35.376381268243215 -4.770955248549731 0.0049820592667833225
35.24070543767339 -4.8044225948807755 0.004843550694761601
35.25435943531523 -4.753351248916584 0.005631881841627012
35.23785642433066 -4.711667727446151 0.0028014624753673815
35.38849702066335 -4.731134541626583 0.003920356707327359
35.308209617760724 -4.7129624242115735 0.0036050682380361406
35.28681718183713 -4.671841908603846 0.002710922921298188
35.3310678182376 -4.636139033280328 0.019959221582063796
35.53245264742215 -4.754303756441703 0.006819077394979968
35.49701613388486 -4.7380796142778365 0.0029976275367806855
35.515986457971024 -4.731997739816199 0.0033880073561701695
35.55900116527971 -4.72761545175034 0.004248301487967242
35.577280876631036 -4.695902632051562 0.0039818526487454976
35.46027030788953 -4.726223220141264 0.0053985363457742545
35.529353903953016 -4.679076753616799 0.0028034784986609713
35.56521377683713 -4.658752774594201 0.003242735563982617
35.59148862382938 -4.633757701322903 0.007938117985679827
35.61282702080686 -4.591987335701748 0.008615639121454074
35.592578832692546 -4.5691952721392965 0.009145727127844444
35.47052361683218 -4.652946036501851 0.009306652745820397
35.45768245210048 -4.647022273250759 0.00933323163931595
35.36849853506082 -4.634197594397711 0.0034402494145455063
35.39642539453978 -4.578651615946266 0.002642284880097666
35.55334051104805 -4.565460552623907 0.003406010909000587
35.442667482173974 -4.548233323377991 0.003993137680538091
35.49739086635866 -4.510791666788141 0.02417599438436199
35.84954174424614 -4.71123571004203 0.004867300554246593
35.83365333345615 -4.7033307809869065 0.003562276284430212
35.87946413098365 -4.671622548273506 0.014206466109070007
35.909849551627296 -4.6676588372633425 0.003918196926488425
35.89315385253362 -4.609197667392878 0.004099775677650295
35.93898305697309 -4.5689309723486815 0.0056645175882938026
35.943976923217456 -4.57398855103084 0.0027604742135586783
35.754755613366754 -4.66951138034642 0.010509425106533568
35.772731743632896 -4.658640847535763 0.0033706828752757194
35.72690114463463 -4.664449594383934 0.0028303592613761314
35.77610742496559 -4.613187875397011 0.0031048880411720116
35.79658487926146 -4.605648821091974 0.01270061158935556
35.879029336221926 -4.612331289170254 0.0029459571773524664
35.8691565994121 -4.618875179650142 0.004091829363917844
35.89959647869922 -4.540751656613012 0.00324267362850854
35.798519052054175 -4.572910859852943 0.0039022878760187453
35.786242908584676 -4.561417943400721 0.0030550004223296612
35.81705808395271 -4.523616838472182 0.002797621742892906
35.81261301040293 -4.532493255676977 0.002736606187786952
35.87593053702268 -4.513328094951098 0.0029257626376552035
36.03759550844508 -4.519871827678727 0.005994160736788558
36.1170222432978 -4.537457092950635 0.0039949689629671875
36.132205455533104 -4.506621276283797 0.004794951233823369
36.11502034117303 -4.503245726041131 0.002805350047558039
36.087969322340115 -4.50278667761683 0.0034908999709321337
36.10066083737044 -4.487598935877591 0.003032498743677054
36.13230574746043 -4.413917617053726 0.002956102267828666
35.90106440270254 -4.496288563585884 0.003436516509148555
35.88154278196603 -4.498173197829952 0.004295296020348704
36.09086927713647 -4.4158586418800105 0.0032016259738980135
36.06239071245988 -4.40958882683024 0.008064568676026044
36.026767337911124 -4.372745743177315 0.015563395702444315
35.688309537887285 -4.624784996646593 0.009086842479448147
35.69017720758156 -4.61733818792183 0.010101720885515987
35.71843367744676 -4.570981554788451 0.002807534389341161
35.74165271551262 -4.5319030114258405 0.007349225438321969
35.83363694381753 -4.482891795412311 0.003396626938217503
35.74468274951784 -4.474047097319968 0.005519140749533933
35.60471273129515 -4.531801900092311 0.005639973775390209
35.62373548821358 -4.525980697916997 0.004272597476182461
35.63924454150531 -4.5019670735607 0.003010103332945565
35.61135412794156 -4.488448945864251 0.004414733983376598
35.6876756731536 -4.468954093952555 0.003079496250311219
35.694546362756164 -4.469462710820925 0.0030156120818541896
35.74935115081316 -4.4020784574520215 0.0049348943525027895
35.64122269184916 -4.429040032318407 0.002773747696771117
35.67834032007346 -4.3761634158826705 0.009297047281144522
35.8493278437228 -4.454851248144603 0.0026482900243355654
35.85709589673691 -4.408596512063201 0.006726313880539003
35.80486299621097 -4.426673935124493 0.0037336681462579206
35.85895133463463 -4.371223022300631 0.003105515023859583
35.87727683780273 -4.366408032251567 0.0028378273803500473
35.94561895902654 -4.372314648769802 0.002655717709257083
35.92874986491085 -4.352398904160574 0.009412190847393687
35.9151337030002 -4.338131637412891 0.00285397881224526
35.95335454024343 -4.306947943368869 0.003056943061265594
35.75880722488109 -4.393724425935649 0.0029196706868490226
35.81800763890362 -4.3356760308068685 0.016655990505996424
35.83094503687888 -4.313377718456973 0.009738147416229229
35.80839717645555 -4.3156426677643385 0.005850565281267825
35.79728187408462 -4.297155277775057 0.005279591726452999
35.86754514914121 -4.271766987149368 0.00800310711517324
35.87050002531993 -4.193422498614645 0.0036502855532122335
34.39850813142569 -5.32475059480591 0.0029679828670935693
34.40901589068727 -5.277759243374872 0.0032313395754743216
34.51225873334755 -5.2747997920535585 0.02052249387003088
34.54427256807919 -5.201763220182994 0.005174334308531612
34.38677674553464 -5.266180359349875 0.003847912427542659
34.44308310138659 -5.2217852997950525 0.0026796375786745266
34.43559514585698 -5.225799112326429 0.0028942030683726198
34.354111535235866 -5.222293575722013 0.007072371976164893
34.357512046049195 -5.167724589275442 0.0027659689760172346
34.504738898951956 -5.148996199713672 0.006116701746823208
34.487025664504486 -5.132510647119527 0.011227617521992465
34.43372389321539 -5.096489865577772 0.005805516244674891
34.6436356823933 -5.21629721331436 0.003698012200196464
34.65277329999617 -5.19572787290735 0.003445565812384231
34.65408859092345 -5.183586174431767 0.010131261137378885
34.70053116813978 -5.166611801140162 0.004537143493119411
34.563794811669865 -5.144321334626605 0.002814780019863697
34.60420998820184 -5.106812808513834 0.004630035326304562
34.706311798250866 -5.132488145069978 0.002964944986643439
34.70125936000747 -5.128473767647769 0.0029949706765695556
34.695888455945 -5.088948531280098 0.002929507098033918
34.70136112079099 -5.082534675792909 0.004969431111767464
34.71271310061299 -5.025452908046005 0.002974536206676371
34.54261798738431 -5.119279403974368 0.0031397646435128387
34.60297551522 -5.101187947845869 0.004307805630970518
34.509765774600815 -5.064165914411648 0.003916665293410608
34.600416674958666 -5.042780241825467 0.003898993485983505
34.57583244367507 -5.002778873796253 0.017274523817111483
34.6096866492519 -4.952255631369754 0.0033415838985950005
34.247835563215695 -5.191330822770658 0.00453381499611979
34.28279497325561 -5.1803702667260785 0.002657112482494224
34.340122943377835 -5.15990902593867 0.005051869107901403
34.238395188770845 -5.1445318804504145 0.002681373386898026
34.23850186320464 -5.133798179298812 0.007417051074538898
34.3995923576831 -5.056922460392312 0.004235539240146394
34.32198011610438 -5.069847573898082 0.012148158219905303
34.24710266900989 -5.076293640414931 0.0039732397767698125
34.24970358116836 -5.074191514866605 0.007956227166397479
34.12866733877744 -5.07450599199523 0.002655672213927676
34.20983648190385 -5.060234179847721 0.0069534189947246935
34.187823673125855 -5.040733188527405 0.007111614628719152
34.251116408251754 -5.020237384595998 0.005125863945297834
34.242852341395746 -5.0153954673339465 0.0027531108603709394
34.429778755598534 -5.046085656164747 0.0031266825483089195
34.43725911421917 -5.055115434436788 0.004174255034328648
34.417193334730676 -5.047107147270024 0.0043286689670721835
34.44446523643048 -5.018610094417421 0.003237310900670874
34.438974784289584 -4.9476334196761105 0.0027596805938426257
34.55234467449357 -4.971480761988819 0.02088271467277965
34.575915517332206 -4.928263164374823 0.003557753500387426
34.57546742013927 -4.929862430817583 0.004379179878967888
34.356408861218554 -4.989361092443663 0.0065603711429575474
34.381758013841335 -4.955227473129231 0.003339309512454739
34.39406256025118 -4.929999953258544 0.0027313209734580205
34.34393274434543 -4.883946453012718 0.00937934216715247
34.429878963631175 -4.892693144430954 0.002985050134699825
34.47838002122861 -4.864959461921777 0.00434174481800767
34.40552785678934 -4.872588682068625 0.009963999673106162
34.75139288687665 -4.999699481545871 0.002902262127407376
34.89216249829235 -4.933165482860383 0.003364887854875485
34.94331185954166 -4.948924163047218 0.0028782476557664255
34.84987997810318 -4.951087784181604 0.006149203413845413
34.85273558203429 -4.919412395850434 0.0026719792711316307
34.85084779575473 -4.911178952733333 0.004222452178108511
34.910638358437836 -4.871626825638752 0.0032526221832851125
34.729173827997045 -4.968899445700709 0.002761879456135271
34.764833376039604 -4.963653068457268 0.0028753471079046994
34.67363210938704 -4.951402226061604 0.012626173552754368
34.65726215995645 -4.944748357114564 0.0027834830730633303
34.67642342051351 -4.91833309199689 0.0028590456163007866
34.67741638758138 -4.889738308284242 0.010187339149516333
34.77834754096225 -4.890219101996772 0.0029528781728952046
34.742556135030114 -4.837447108567966 0.008525320496544225
35.03072626026293 -4.8526238601543215 0.004462838896896999
34.97043453809234 -4.797431026606933 0.00470804461398309
35.06179364136469 -4.834139086727099 0.006392297435336868
35.081580309650164 -4.744901156024288 0.0031710133806738764
34.91588012797591 -4.782720605940515 0.00800258000430842
34.91729784366293 -4.761640261179709 0.003154364196263759
34.92632412346323 -4.765961071878328 0.0032020846936073985
34.92614645015605 -4.746141626215614 0.004237325382865745
34.981048745049215 -4.778456756529637 0.004026009725050206
34.94964492749272 -4.734493049247973 0.012701812268335099
34.63052892008466 -4.917951555281424 0.028815301570937365
34.62449699814368 -4.920667374551152 0.0062483613826037265
34.642419899481744 -4.915725073089596 0.004146005220597828
34.6299503238424 -4.89317511026934 0.0037674855876578153
34.62718189832809 -4.8695632444095205 0.04405224370117352
34.647359407356134 -4.861808018233368 0.0074510950688672795
34.66680844467092 -4.857082475804011 0.003680873561390806
34.55607207252555 -4.86626358231382 0.006862678593266036
34.61250821657232 -4.816789345672766 0.00306202318397455
34.7428241605574 -4.830360361447122 0.005765210442761944
34.7956927037818 -4.78742272458336 0.0034974268080447
34.7336013896792 -4.740573341642423 0.008339110230915004
34.73400531618138 -4.74232224131474 0.003721744323258516
34.69416959130724 -4.747008337552767 0.005160496342918617
34.73181315214523 -4.72849705654864 0.0029000708939626767
34.54078670782679 -4.8464598299627175 0.005400466166693001
34.55654524458592 -4.805265998916172 0.003596432673920396
34.607319078535795 -4.78013449937121 0.002981695189231534
34.48078087294062 -4.7751436078103255 0.003931119171510976
34.558297656690605 -4.73556350405984 0.013086173820094213
34.67575347604028 -4.725102290918992 0.005489148494233513
34.59534337412097 -4.72085466536094 0.004946636293783838
34.5792393962266 -4.711134153287391 0.0027684937321939274
34.62923536628859 -4.660414088487808 0.0029954630004706056
34.7843215796443 -4.755045337364454 0.002779801689981378
34.772499717022555 -4.7360545505996905 0.0033017889109200815
34.75173788550501 -4.7140893660142735 0.0027449840141861117
34.83613139070047 -4.678216559735721 0.003786096112518844
34.796779206113314 -4.652658026090259 0.006622981998433985
34.80366724610975 -4.640850724559325 0.002646587881787115
34.90892806150573 -4.685186571665976 0.004541679930940446
34.73743592688235 -4.663673036744236 0.002915667893979101
34.69531312692233 -4.67212204303146 0.0063428139782537776
34.78288920160017 -4.639234240115389 0.014567714436499691
34.67642239659637 -4.650779784477865 0.011658921672577843
34.70453636238732 -4.634868316228386 0.003171745625939551
34.727815514219486 -4.612861143371037 0.01088665448225984
34.79480534585189 -4.581224064521179 0.005476874628973516
34.757880991878125 -4.587538133881781 0.0033120802396604363
34.7692449591428 -4.560681564746412 0.0029654304287900298
34.79351897454074 -4.492481313298652 0.004451654437807208
34.795468715706704 -4.502868794076191 0.004944116203753835
34.06898531492246 -5.012549615522742 0.008239772568645361
34.05127772027974 -4.9999650486364615 0.004447396854960592
34.07418645534879 -4.955001481938021 0.004051108916569266
34.20376100429492 -4.970091587486416 0.00712712932954904
34.16100745859554 -4.977567235954862 0.004988724715111478
34.14696684262609 -4.965934727194117 0.003382592601373856
34.15772603955385 -4.924363364994058 0.0071154924080974015
33.9987825575706 -4.980060699152697 0.007010886875940478
34.01439065014514 -4.929730126342469 0.004923768999163862
34.02275532265386 -4.912189769236387 0.003873297982361199
33.99166867931592 -4.899558118737395 0.003805902993584965
34.108266659947006 -4.870346875395873 0.005161504372889546
34.085806495680536 -4.872065876876454 0.015229503309523152
34.08314594500849 -4.811488409560961 0.004648289779438009
34.10112295299246 -4.813332092991153 0.003230145606401377
34.27016827476402 -4.902587563946926 0.0027774010133189723
34.301403157471924 -4.903033045409192 0.004894309391594726
34.303174053388226 -4.8727069395489355 0.004404607253147384
34.32825735900246 -4.861758112226504 0.00295975204713846
34.30007750630309 -4.799691824401216 0.0030013996987753853
34.36398981682607 -4.830792864137636 0.004114371231176892
34.42004881996554 -4.79386220311812 0.0027041869001659174
34.4200899792666 -4.755519089842113 0.0038623554989297396
34.331723466894864 -4.788612981028244 0.0031693353860188117
34.310521797326444 -4.768071423009825 0.0027338645253225102
34.252493072983626 -4.778222500850536 0.0028766582122371747
34.352737238307704 -4.7540611870207785 0.008226294812412733
34.17824908910973 -4.840505813782742 0.02621196269028951
34.23791425978338 -4.767991815650176 0.005239042838783682
34.20796953490088 -4.734211512521567 0.004500117200308759
34.266657141994536 -4.731283066460129 0.00665272382031242
33.93264327835803 -4.893729086711967 0.0042172051151869875
33.946750091143784 -4.868928291034392 0.00632062747460314
33.856619006897326 -4.847637719573075 0.0027096151047397016
33.93157081249219 -4.81830828497446 0.003284384921388808
34.02028995458729 -4.8429404367493785 0.0037057917882408046
34.01095853257915 -4.797408967540224 0.00334297319744943
34.01016974150239 -4.78142866971539 0.0051382109416792865
34.00641718808585 -4.765517222327192 0.007854870956047286
33.81456182078772 -4.811017607679897 0.0032892232363012186
33.88722054844153 -4.795237392820238 0.004241879230022882
33.88582575847424 -4.795649311642389 0.004828826813106651
33.89835323416386 -4.7842053788608405 0.0034401734881219963
33.81300154798846 -4.7867667411045804 0.004461504389589828
33.79912541525653 -4.777020144860169 0.0030102520069759686
33.95684175177644 -4.733930604107548 0.0043249093054102345
33.990666050337865 -4.715745052116966 0.00991360440270114
33.96805035924176 -4.683156217353649 0.008771928631919947
33.8833870344706 -4.730002258866943 0.0036295988998103555
33.89169618174425 -4.728809723272947 0.005340751911711327
34.11973894900711 -4.70045995801498 0.01199272443227134
34.080492479943764 -4.665123694063429 0.0032518455462644535
34.13392355405421 -4.655025615034901 0.011181105096094159
34.1337311799284 -4.654647616125287 0.006236990314299164
34.152907947139774 -4.633101601891976 0.009318035798639459
34.15158097641806 -4.629451521952933 0.0038881231730115715
34.18304241548491 -4.614915162788064 0.020056890782858872
34.21215747767509 -4.601707889312924 0.003365875629819658
34.19165722100159 -4.592419757083933 0.004819135855668943
34.1904351943544 -4.5773400341298025 0.008214957190873035
34.06470777160368 -4.643326119041337 0.005491550157482784
34.058973076214315 -4.621928434055717 0.0031003127377405106
34.03134382826253 -4.596907160845853 0.004186394195888618
34.13568053520373 -4.601299409537722 0.0028300050116512308
34.12636318284188 -4.556384011859502 0.004160291146736986
34.45136005187421 -4.773692428463794 0.0034585807475645295
34.542485948115925 -4.6550203210132945 0.005367524984130062
34.559371185317374 -4.57941075544448 0.004397063673197895
34.550834866251904 -4.577371831768084 0.00418708367176351
34.53386074604353 -4.567816308751093 0.003739472464158113
34.38041520892593 -4.634190721110041 0.004755769470475519
34.30350977305999 -4.612082838009577 0.0042220849731573855
34.44929506942456 -4.590742359970302 0.01424896253638285
34.427420837326906 -4.589920227441773 0.0033886156684074004
34.49128242481911 -4.565294895515814 0.003812198793898478
34.44776334497902 -4.549245753139754 0.0042221615323171265
34.451309557225244 -4.531551343929624 0.006466339233903386
34.64139214665091 -4.600900220580722 0.019057745131369583
34.659881930240054 -4.583103031662022 0.004956789425871432
34.607492814183594 -4.603375383194916 0.004114321068294858
34.65350991343402 -4.5632666994414315 0.01994917176211973
34.649813264224775 -4.55362872949483 0.00794631916590048
34.66001992333336 -4.541210593597252 0.0035447332549655946
34.59029319220128 -4.585445007788012 0.007004785963276491
34.59167566882999 -4.537426332100601 0.00378752684438384
34.576890983221396 -4.538726528165009 0.0028716018510939376
34.58077319276482 -4.528743768477602 0.0047914304619936475
34.640681237689826 -4.53975618140672 0.0028659776192336427
34.60652214303338 -4.52943767659655 0.007431675182487405
34.7571714672383 -4.512898413734103 0.002815767647057619
34.76721136142849 -4.507093255099973 0.002772537408699299
34.760436391309725 -4.473743322145907 0.00443411231626237
34.67871873096256 -4.4683331903444 0.004791481102245726
34.54878366401687 -4.53096075645563 0.003406871550287801
34.57345293792391 -4.511305682920582 0.003538243883755683
34.56527598982264 -4.435774085415238 0.003953552858335322
34.52987538301528 -4.442879842728292 0.002665526991538663
34.69764384468274 -4.39406932758682 0.013148850411067965
34.58237303170321 -4.398511860165986 0.003410189199633436
34.633726171877925 -4.374893280715375 0.004442737919323512
34.234996807771175 -4.566480107131332 0.006602372445596133
34.36479887874996 -4.524479172041174 0.0040181496245721695
34.36404489649727 -4.526081928441254 0.0034866400110901185
34.41603493209657 -4.496358584997543 0.002878095063692836
34.37010282011359 -4.4787063517744405 0.006610996764563866
34.17936323072975 -4.543449639173754 0.006409751086117109
34.17632372617005 -4.538106071418824 0.003456215389226308
34.231382739766126 -4.504767002280935 0.0032478045030206316
34.18248883721686 -4.447276718184817 0.002835053537758081
34.23879600665137 -4.4415772882583395 0.0026923085761555
34.24376698248641 -4.385965767940543 0.014211689311942884
34.28966847635052 -4.357631810009322 0.007096264581301014
34.51132522308267 -4.4265082823412785 0.003883424620044499
34.50271378746182 -4.412116249662448 0.006578220769668322
34.50546559437911 -4.380321593079742 0.0027238029105601446
34.498498583606924 -4.380865629141479 0.0027618448290792244
34.462768181057235 -4.356174800400522 0.031960229859243086
34.60754136341474 -4.334676622050746 0.03348107691794953
34.56108703975911 -4.312092692923731 0.00499729646333967
34.54409891775868 -4.294111617523548 0.004418455288536789
34.41227924010619 -4.3642903915081 0.003304096512970429
34.38649798742715 -4.321295240537343 0.0031178667790827106
34.34577443942004 -4.345908622452477 0.0031948638448958183
34.31758438180149 -4.302886689444842 0.003567771891566041
34.42966612959051 -4.307005073926462 0.008679705693485933
35.1298416220105 -4.722477189269816 0.0032993460572688666
35.30580923782139 -4.611124579169773 0.004878341618257559
35.039561505904906 -4.663905657729188 0.003526215901981579
35.11068072553953 -4.602811619753348 0.0034785263668937684
34.9994247694257 -4.62473501802796 0.0037376486983447263
35.062086708287126 -4.6092765062778 0.004765844900953266
35.033506683094885 -4.587234862115094 0.0038946807554176128
35.232618842150316 -4.552217936233471 0.009866153990228626
35.19419344152658 -4.53619803146156 0.003566102440306563
35.18409894347068 -4.5372394229199084 0.002702260105442864
35.14566300462162 -4.551872856705464 0.014108509164733005
35.16839981982753 -4.5128400768038945 0.003660582588077457
35.34604169233309 -4.544312742876051 0.009024620737835791
35.284927845296224 -4.540411202170284 0.007274938136991273
35.33551151854105 -4.548663995700681 0.0046778445391665304
35.40215170623938 -4.534737403897087 0.00479180299479223
35.42960724623283 -4.510939343449688 0.0047446620000023525
35.43285276551396 -4.503531274178564 0.008949086885634444
35.445926573522534 -4.467585633621751 0.003507459093013115
35.45609572567254 -4.460520635634093 0.007045059650261087
35.34813950874424 -4.4779642726418505 0.002658620012989165
35.35879163450285 -4.4655219294047805 0.0031889666292365874
35.439108158996746 -4.43958927511566 0.002880384496007128
35.22332767763292 -4.517868985622812 0.003055058773221897
35.21985934907069 -4.507137744124511 0.007726720711660616
35.21790506597083 -4.5137567796976805 0.006996457165927496
35.2356201571772 -4.4652734350031515 0.013812629399810197
35.25146559083683 -4.450123761838002 0.0037393567414530085
35.22025079011199 -4.454373892405647 0.0027358112092055187
35.348673195843126 -4.454908955388551 0.004905007825747879
35.34458169607378 -4.413127286798498 0.003851391917095381
35.286563660011375 -4.4059371182216935 0.0039141053400439255
35.347932281907234 -4.381474913538051 0.0038369834822434123
34.97459623479859 -4.620825433209301 0.006266938958918403
34.95150963954969 -4.5926355527766685 0.004304583083390341
34.9419492002069 -4.564567987710563 0.018737359511068127
35.094778709472465 -4.532780639356109 0.003356885124849783
35.06389276366201 -4.508320053015614 0.0028829215837190936
35.07159283233807 -4.502184466739052 0.014737407750212515
35.107114702219164 -4.487261539537035 0.004277903706747811
35.03307774652749 -4.500000564599409 0.0033543385981258268
35.067958031349896 -4.4804796224484855 0.002901839543878987
35.08314694226521 -4.452939226083216 0.009909073039979436
35.08407851308088 -4.452632966287407 0.015594796058054295
35.093065794352526 -4.437018458532342 0.008972702523688876
35.054974078128026 -4.425509641386023 0.009413855757755735
34.901494617994146 -4.538059351914495 0.005478513038977273
34.8621771528486 -4.499512885690069 0.0037327422256871984
34.81183413048555 -4.4750001370870205 0.002812217617565926
34.85275016956162 -4.473173654216488 0.0034721926195436285
34.93811231932387 -4.429736926945654 0.0033015714442807824
34.96887776737645 -4.398084779467406 0.0033576194703089698
34.918869480276044 -4.408813434926944 0.004050860705481446
35.00156792000864 -4.359106183611948 0.003022543463367654
35.166643749598585 -4.391030123403527 0.0032978901428453787
35.14433673056938 -4.372000400030918 0.010601030148628364
35.25258623616397 -4.340662436113875 0.006200578279149635
35.045888835810594 -4.332840013692781 0.008511330693269904
35.00276860914362 -4.33158140533148 0.0034130840212949955
35.01412023467426 -4.316809077780339 0.0067785927786027985
35.073693480571634 -4.282868085588997 0.0028981619788353923
35.166225318754506 -4.286514155578924 0.004150496477524232
35.12436271844064 -4.2969078712294255 0.00882880733508006
35.19784024964325 -4.2502177939650565 0.003693925350148471
35.115544549451336 -4.276313598239656 0.004197716791939619
35.5558785167746 -4.379900396969661 0.016474632464307425
35.490621369003435 -4.398139655272769 0.004483605307750092
35.51216518438414 -4.389911702473498 0.0029833996511920715
35.51930246667631 -4.376998021689134 0.003049847573993291
35.6204555896058 -4.3469731269352065 0.004820701211509098
35.63643995931083 -4.298600128256771 0.00605700545253006
35.517277759663465 -4.33361387229546 0.005051800884579472
35.60985563858236 -4.283374035476086 0.003816659176140811
35.5716000188645 -4.298386927902816 0.00281722974165666
35.43318071223397 -4.380555011079211 0.0037020194368589856
35.40830867915264 -4.388840023963185 0.006537061934006658
35.376660656437366 -4.343919007256182 0.003112196819964475
35.36960669123489 -4.309854805566304 0.003016121758033111
35.53744473889252 -4.3032767576948 0.006299099661524113
35.463989294054215 -4.24606984384166 0.0030173200914800627
35.699246040430815 -4.26757315791324 0.007026704814717771
35.65458284027824 -4.226327431217428 0.0028717967495795766
35.81529648352688 -4.191790028608428 0.00355017016233603
35.84811996555621 -4.180833257580814 0.018707906238488694
35.85137534013659 -4.186150546765665 0.003784400442712341
35.809222246083074 -4.184649128809798 0.0034680262784363342
35.7390000985345 -4.208829706493357 0.0035174645129849077
35.80887445485136 -4.149091523612283 0.0071110290793282354
35.670133042565666 -4.191767936798248 0.005054678754525022
35.64134199697757 -4.170767378135315 0.0029757955131580875
35.554413448085754 -4.183175009841782 0.004386270839727326
35.602888374044475 -4.1260180862141445 0.00566164506697267
35.66501129770943 -4.127244625561004 0.0028436755872504
35.66871860220451 -4.124971967971365 0.0030734901075051536
35.70766586120913 -4.099246247046308 0.004648145771690338
35.64949170274482 -4.1052220034630755 0.010226607775254018
35.402341987487084 -4.2564307078338 0.0038758657840793436
35.4186329677793 -4.239763281461847 0.01178157994703096
35.41484971879514 -4.132683867254608 0.0034709439422108395
35.43525000050701 -4.131578817370501 0.008808961555402263
35.24261630462731 -4.237731993458069 0.0028165839139445816
35.24571082497654 -4.2258452835002505 0.006704452984762654
35.28118811771551 -4.2047760011829505 0.003705883304733278
35.26077196930686 -4.181986233443124 0.003868914120134099
35.27023362744724 -4.168047409891499 0.003670984870487136
35.30404913686667 -4.165522069545164 0.0036940725846282573
35.33479731658664 -4.114285930163019 0.0049288414674345605
35.535462491334265 -4.1369843803615245 0.003124626520972185
35.55586761604397 -4.086353628501563 0.007420726315284828
35.48514737345567 -4.106122833871009 0.002702233412406047
35.51897137176113 -4.076388398158687 0.00482927063979065
35.51348919035127 -4.0639553022364545 0.00392968604508622
35.622751331284256 -4.071030590098954 0.012628032316157497
35.59711550926439 -4.06611423415578 0.008820348800077225
35.40927675101046 -4.089169333955846 0.009498536143264298
35.43133393640947 -4.027140728257686 0.0030149844016788218
35.37395340607719 -4.015879423542581 0.0032828653087538916
35.39748360453613 -3.978219720023022 0.0062308711381043585
35.47139104652788 -3.989305428848707 0.008383423479328576
35.54028422897191 -3.981088672806135 0.006192771055778011
35.53479169515306 -3.937195934274022 0.003088675545687529
35.485163851005964 -3.968443895435642 0.004629872055197693
35.43253254657515 -3.946769132715987 0.006823910381724306
35.50874000631116 -3.909830830726206 0.002959280208547836
34.79684879697414 -4.436225505668592 0.0029038848744928365
34.79424956577352 -4.417060957893978 0.003140513536069012
34.81105586114016 -4.402433969121454 0.016897174129793198
34.76865615209893 -4.425287132106733 0.0030083112971327265
34.71794042319036 -4.405935230392634 0.004521765902456432
34.799552327068625 -4.39326471588289 0.003809936738989682
34.83210266682057 -4.37559402063746 0.005710345683116078
34.77741629009543 -4.3698265591833865 0.003740745004300368
34.916697968110356 -4.37927721839775 0.00490407089211498
34.904906153211655 -4.3436157425728 0.00785965891882754
34.9200373064354 -4.345554381949467 0.07096683790047077
34.85532090019961 -4.330724820981719 0.0040939851650023925
34.90259956418673 -4.291233681702667 0.004065993215273113
34.917564644422534 -4.278605316680026 0.004429139149117608
34.70673373306675 -4.351801795666178 0.007399298871077394
34.65637078543198 -4.3100046605459745 0.002781158079438854
34.87336478444216 -4.2567237213394415 0.006576461539524266
34.798898858598456 -4.260395735365278 0.00292157742189455
34.80397881558772 -4.2499059665316 0.005101843878295609
34.826625593909995 -4.219495715951358 0.011249232285382167
34.8239575804912 -4.217249545621061 0.0034022491137268166
35.001442985863356 -4.285044564487587 0.002999774883988472
35.03953342711655 -4.241382410996457 0.005404822546991732
34.92864540305151 -4.236829279550373 0.0042183789834790274
35.06894055851305 -4.2229538590627795 0.0050005995747672135
35.12577963025057 -4.182449270770582 0.017146808186093255
35.1039982606397 -4.184608005046507 0.0037040393315635593
35.033821390702826 -4.168676579126648 0.0027382373159949157
34.90182245741791 -4.242097517559633 0.01071440823485434
34.91240198797359 -4.203351101697292 0.006960059536908703
34.97639549049683 -4.150430808426289 0.004397806680088242
34.99773768441615 -4.148779704756297 0.0033248548434248407
35.0229475609695 -4.098022431979686 0.006896079183985988
34.97292504149585 -4.100723679037184 0.0032884508079405257
34.950327291616325 -4.103595248998378 0.006073335314905003
34.62761790931122 -4.321141557311748 0.0033220579163368695
34.66388733837099 -4.286941121646629 0.0028157509195622142
34.65079887928836 -4.277235797588432 0.009852900671257452
34.66474698426728 -4.262233975790444 0.009087366307559963
34.67207815035897 -4.2461554464060045 0.0036901250580654637
34.605036882316305 -4.262179472245754 0.008693173543502781
34.65610422962547 -4.226613173828862 0.005452984140914709
34.6818043160099 -4.224469162565208 0.004370651709559348
34.750086333999505 -4.185543541368289 0.005513065085039739
34.56256476168487 -4.223048730638773 0.0026781339478476386
34.59123600138163 -4.176343318759032 0.004183878312173432
34.56066012299705 -4.151956359516007 0.0026995004525688852
34.54673235423529 -4.126184468850117 0.01486718804694708
34.624626866731134 -4.153658699397225 0.003297772822689292
34.56669937389579 -4.097443174693926 0.037419408493400606
34.591792542660166 -4.079480137832367 0.0036289544714730383
34.629116882344896 -4.076933063321035 0.00576214057974291
34.59776263725495 -4.0677617843461125 0.0043793414185648895
34.82884076820674 -4.127186616156925 0.036821302088055105
34.78815495919086 -4.103677157488705 0.0026417183907647365
34.75967022602573 -4.080033296582726 0.003327134668247294
34.82503084256425 -4.0839258350873875 0.005943807143866547
34.82471495978788 -4.084574684600276 0.007102428732763985
34.895946975101886 -4.093368742931269 0.0075169831133002785
34.94204018815689 -4.055467613530094 0.002773026019521851
34.938846310382544 -4.06364615903875 0.004871785288392304
34.88492558355881 -4.031417523660143 0.009694915197658189
34.9061961120335 -4.000340249890951 0.004846292354929504
34.68844613713865 -4.076000107650551 0.002881768067023484
34.71723865957365 -4.0680798396140485 0.017703994443619964
34.76179271701148 -4.042215251017393 0.005852436761378214
34.64004823533597 -4.038346549450227 0.0050950038863980356
34.667527963647764 -4.019779935740566 0.005845733932206879
34.68296734106736 -4.015541143579516 0.020848466906889636
34.733581436004485 -4.009614898020164 0.0028632110708135946
34.83683180217745 -3.954648492563385 0.0032422741563240595
34.76855930072998 -3.953000159614165 0.0030926326716791634
34.79340207337778 -3.937929773735292 0.011225217369793174
34.83029601433361 -3.9166186222141057 0.002915210836159958
35.11993226492942 -4.143826434736996 0.0033769283774425303
35.190746592111836 -4.118163619977754 0.002850894260269623
35.22983836807566 -4.0998454273344755 0.028895330093960517
35.13656034809032 -4.089376828199732 0.006716348991124384
35.134973356511274 -4.05195409087666 0.012598725237526738
35.131102327203095 -4.061528477254884 0.0054428326911640235
35.23389716201995 -4.079355301107266 0.003273022641630639
35.30200872502661 -4.05333132113566 0.005876656342618677
35.2664866417046 -4.014193976180995 0.0033372104866615723
35.28265980019776 -4.014258789245632 0.006060469983963565
35.22481182662025 -4.020460547806621 0.004714476981356916
35.075952862035955 -4.0424025177481635 0.009221483842014115
35.13261754769333 -4.049350474766811 0.004861458688972838
35.19857393352885 -3.960457509160743 0.0037570770324051473
35.22697761239444 -3.95450969389664 0.004977320532647373
35.21544412948222 -3.9501548716120545 0.00298199179820123
35.13488191775707 -3.972486920444979 0.006687793958188765
35.42374504742269 -3.9404470988507567 0.0037339054334435975
35.440074638827696 -3.9034999521870657 0.004557718042745824
35.387128994993 -3.9233531686057 0.004798115958973675
35.46187254630976 -3.889826554025977 0.011011393801174255
35.40683246490232 -3.8530906884877183 0.004491924723010699
35.25711291991277 -3.9093996281596 0.0038695857905456654
35.27648691659732 -3.8819339679314986 0.004014153165955184
35.20248248266415 -3.916946371128866 0.004061236115696153
35.21477899540617 -3.8646158721629895 0.00576888424321403
35.38630080261724 -3.819164971395838 0.0040774239036604045
35.385510883720166 -3.833903869686879 0.0027038805677921185
34.98848781136895 -4.017777144750938 0.003348171301857107
34.974045944908255 -4.016502528169139 0.004688838826496144
34.99377747830148 -3.9752769476557783 0.003687724126366176
34.96448856859127 -3.9546527955810418 0.005634884059033228
34.90983910167941 -3.960141870772059 0.004300919357835926
34.9299026571624 -3.926955300095644 0.0028916045178375457
34.96028971460869 -3.906840569416057 0.0031038635412652025
34.998573939012566 -3.9036552976057233 0.00516419644776477
34.9904703260602 -3.8914215759950888 0.002782131987809537
35.12472459095469 -3.9086976182954025 0.003124244720592264
34.98721010506007 -3.886024973749801 0.006158655474600992
35.01741869668154 -3.8622837866828954 0.003702263280052791
35.05583768960115 -3.8255092563184063 0.003942621397692518
34.83765155574274 -3.8590279675375863 0.003272109581829723
34.86839579523434 -3.846762224109668 0.007044379825358208
34.86921030526807 -3.833117248735579 0.007858100604235375
35.140666484986234 -3.8316753092396225 0.003230648916573079
35.18564505053822 -3.7856171528840856 0.004791605719262694
35.11181558264205 -3.798958480139438 0.00353231670037356
35.220648416583295 -3.7747475633686824 0.0035209246388245028
35.219990643643136 -3.782683781752296 0.0034057057659390385
35.28141475189272 -3.741800136166676 0.002785652312729758
35.21969910978835 -3.715090797415363 0.0030652574004130374
35.22540123529799 -3.6967528280353585 0.002946193958550313
35.11641303521137 -3.757083356887604 0.006359801262924256
34.995907598606955 -3.725521376955072 0.007040202070718798
35.03529480265607 -3.6992922459537105 0.004309853715230702
35.032100082200834 -3.701219265964036 0.004770600612672106
35.07553263984861 -3.671284903879649 0.011141290150255435
35.15127375730715 -3.6350718717910895 0.002792064196758225
36.55884798152062 -4.774592351726298 0.007889838246553656
36.597446069816435 -4.682530674842998 0.004607547908304398
36.5319312391635 -4.720248588391251 0.003977238635963746
36.51028768220469 -4.696691482228351 0.0029514564854231044
36.51977920561076 -4.682703438882788 0.005412335123614254
36.54616592661709 -4.671804075134646 0.0030665399690113625
36.538058683139575 -4.655562952833522 0.0030869149894859034
36.55045666897486 -4.641440124712385 0.003476020344400212
36.61629465081288 -4.669587325497156 0.002941863172531319
36.662441534565566 -4.653409733540672 0.0029025957472400676
36.68648035584718 -4.6337373916998725 0.0046717006289336525
36.61932152220569 -4.62977289553883 0.0033139845518003292
36.59120289315494 -4.638850996898975 0.004731493138417115
36.60784960385896 -4.610868899255607 0.006485086222397991
36.637321147951 -4.586706088931045 0.005960650523298197
36.63442968889466 -4.588557738393178 0.007708092888782759
36.503073661846265 -4.674946718324998 0.0027976457063506274
36.53376111435221 -4.649734131224971 0.0045810817260508
36.49873350156301 -4.641227768366058 0.0034890388446011233
36.422331426058086 -4.632403009731678 0.003158586462026563
36.45494140739111 -4.581147837086415 0.0030633255599384593
36.49072488744245 -4.570630928480111 0.0052951947758941445
36.5696679549696 -4.60338591588302 0.003014047134276561
36.579332955281984 -4.553972863384045 0.0029980136413742414
36.52868284904044 -4.5535581276153385 0.020005842002677774
36.73355437101479 -4.59094543714981 0.012215975544311005
36.71521622113457 -4.577594580576568 0.004115534101437552
36.782308598843315 -4.56689606920672 0.005109154308726215
36.78748839125475 -4.553497518002366 0.003098687460029747
36.86525979257141 -4.512379493727648 0.0038879490014638906
36.783573436785225 -4.487141037638105 0.0038103245560864845
36.833208923039535 -4.4712194745155225 0.0026910416196633427
36.809613266499625 -4.448551370931328 0.021500577599292817
36.809130071616785 -4.445898835486996 0.0027397574693634407
36.60137288224711 -4.498933318911293 0.0034309383125568356
36.6521799648162 -4.468908337503851 0.005795023542174061
36.73636059506852 -4.46653130801598 0.0049872048768361855
36.76680781012384 -4.455287861277801 0.003301135413798456
36.7032959628527 -4.450775128442037 0.0026526351467244724
36.703315532817655 -4.407628117162531 0.008260947737291264
36.69592200737586 -4.3884993295661205 0.004135132591617043
36.378907500135824 -4.573829268072619 0.003286590454925494
36.43644573006105 -4.536844496774855 0.0028484265793103634
36.33666546627644 -4.572542140012575 0.0030804682335628013
36.34972600785661 -4.560138003964775 0.005387998294941581
36.37196743199829 -4.531107379846026 0.003290739313452382
36.37243221640613 -4.527988665561701 0.0032274241144983214
36.52054142444725 -4.507575475087238 0.007196398338509647
36.52228757324677 -4.513932243871357 0.002674472918465689
36.54472533422405 -4.492950064939449 0.004893843529998119
36.42439815057304 -4.502026045367073 0.011073273573467327
36.44796028344031 -4.487959677229295 0.003540502004599885
36.47026954816192 -4.477647731508434 0.004498689970954975
36.29266813547871 -4.53425311616902 0.0042022322808609736
36.3191996729348 -4.529198511045034 0.002969209043340434
36.33018915798415 -4.496814604794123 0.0035826783525713234
36.31624365114082 -4.4900410793367325 0.0032667477046263486
36.309941332430874 -4.453135921899395 0.010789503111924796
36.30422028445585 -4.442657210690685 0.0045792049297082495
36.296835823357746 -4.414712663439664 0.003181587667877429
36.38256449070755 -4.4729805162614875 0.004247147310938611
36.429357668751216 -4.406364421347574 0.0034344773738728355
36.39655533082443 -4.386158959113096 0.006529583795147594
36.4089072150827 -4.382663856494291 0.005758951016744284
36.57839514554758 -4.4175956702841495 0.004142215930831008
36.60513495754427 -4.373496548046989 0.008400069022246406
36.51051467402514 -4.424555527590979 0.006779758349567241
36.68968104801185 -4.344743736884819 0.005030640925876003
36.59950654057857 -4.343280389025135 0.006140851915043607
36.61307243114792 -4.300013423418711 0.008021335742247924
36.49673621417384 -4.3845038394093185 0.0028512840169185043
36.49826147498391 -4.35465643929856 0.0035969255983087224
36.46193676561685 -4.331615374399619 0.0035619653843479674
36.574977081425715 -4.2849634292899035 0.003943108383554133
36.56991428485918 -4.263807511490175 0.0036092671985899216
36.627617068546755 -4.271627790309347 0.0027943818036498726
36.592018793309904 -4.254835073652774 0.004015894911587609
36.535546820989694 -4.212148753930112 0.007515933513011403
36.9714232747372 -4.420400245184519 0.0030783067144206505
36.95464234654087 -4.427340652850938 0.00270971421496309
36.84840796919595 -4.407050713483261 0.003235123464363609
36.89655103680882 -4.351629012897241 0.0030102392186413555
37.03863870164413 -4.356918454501521 0.003155217373522204
37.03291143937185 -4.356763863120905 0.0027951753622443335
37.06091747079285 -4.32051152881802 0.0037844889334424916
36.95315806687665 -4.30542927881874 0.006122277203400156
36.978607461441264 -4.2784797501232505 0.004064263150393176
37.00364576176083 -4.290969249912879 0.004349372554157381
36.808288515849426 -4.3824344404908695 0.003579392177294806
36.83963038335109 -4.347579552812305 0.003213651656141517
36.88457815894646 -4.331670467419089 0.003256102701491846
36.85763751025013 -4.321214938391937 0.013304688765282539
36.7625298689683 -4.351528851453605 0.009381603941759496
36.95138986568464 -4.294092408476603 0.01199711010367895
36.90990768443847 -4.271312695903166 0.007154550271785599
36.94462093246521 -4.272270815148648 0.004760397567645159
36.91910040495864 -4.249834807424781 0.002961130888712676
37.07082006952738 -4.311184995070688 0.00390813295126378
37.144607830559934 -4.25193728393948 0.0029944508190716613
37.11750388300977 -4.248881582906066 0.005591521634797855
37.12230242391995 -4.232256125443266 0.017266286767180065
37.03175817603305 -4.236258027293124 0.0027598596984013558
37.23507543168717 -4.192975335288952 0.004541305982399064
37.12185279743026 -4.181324816210844 0.0034489746286074344
36.99568002971789 -4.157675334084165 0.002906143028006837
36.99238564879787 -4.163578105780795 0.0036536139737092578
37.00573961996066 -4.145637491813171 0.002767555568340887
36.9728425431603 -4.145246088532349 0.0073533539262054
37.08789710456391 -4.116250146482112 0.0028970366845535046
37.140172495857165 -4.126125060304967 0.005524824852570442
37.13419024772841 -4.108438389054817 0.004768214341208318
37.09413841741594 -4.075019135299025 0.004095294749878415
36.71266841943016 -4.203588068204853 0.002761303635046298
36.83544100864541 -4.232608774855317 0.0027437536771047944
36.83425748176678 -4.232939519442521 0.007096250610825914
36.86477603084441 -4.155955614656173 0.002877134863676558
36.7739297081706 -4.209948365423928 0.0052434328986653905
36.7783442317682 -4.211823556863101 0.0031607470379428604
36.81433972524851 -4.146087649415844 0.006166401372172888
36.622635890021165 -4.209304238500121 0.004023712244476747
36.70347102271692 -4.20280063505347 0.003247831313002531
36.61922529957872 -4.183986167052343 0.005522081150908977
36.59510612123634 -4.174402140653688 0.016421879067595273
36.745326712696055 -4.139388979574364 0.003926928642326288
36.782321318827925 -4.136110519293721 0.0033198372960225745
36.88164212702466 -4.152505710996535 0.00859904486017089
36.92073812540145 -4.121551481520084 0.004882080707404682
36.95930089477955 -4.099435237530515 0.013856329895872283
36.9692009441435 -4.01188410360094 0.0052869251222586915
37.02264347588648 -4.008467311139952 0.002694882440575938
36.82708072149391 -4.069678180159522 0.006943723672165323
36.817531689574274 -4.042822043620165 0.013926382992024434
36.78946898134024 -4.0142239780313655 0.0033819052399148733
36.95528944514612 -3.966095303885029 0.005580910072615303
36.915809213470766 -3.9292604729693226 0.01154324184135876
36.21313261180836 -4.44187139220524 0.0035466053480134427
36.178687491335495 -4.421259779937927 0.01625136462943156
36.22004009332657 -4.353842934834066 0.004067731884285917
36.2810380114286 -4.3838913070018055 0.005130331752239078
36.30194195093659 -4.338911116787655 0.0029821548427111815
36.35950637191532 -4.326171047386181 0.010538050358462421
36.29718646281169 -4.285820793685672 0.005032424286794133
36.12296352283194 -4.285215016348959 0.0032916889502937175
36.10707521452378 -4.271602750410304 0.008121243732609081
36.20510498363696 -4.308552093978092 0.0037454524216652893
36.175960296839065 -4.297000298611341 0.0056216474289228205
36.2002264621952 -4.275937530395359 0.010863052279250988
36.20097522458071 -4.272143017064726 0.007349048772500564
36.187236860018054 -4.265616278623336 0.002719669116506605
36.15194823376251 -4.248815898206061 0.0035562925061062727
36.17262469529001 -4.2349502331128965 0.003654145908993978
36.16907883496524 -4.227785062288243 0.004371257843788476
36.390102021141246 -4.326945005229567 0.004317163728727957
36.43870811920451 -4.277669234902016 0.004470100677603715
36.43267433122978 -4.251514029845921 0.00280849629066723
36.403191561726665 -4.225828025913415 0.005883507001588315
36.50287341385885 -4.140329957998786 0.0028508191313968375
36.31037049775619 -4.246606190400996 0.006855116811976554
36.35855664147597 -4.2004259681577185 0.008926800510997458
36.31004054257825 -4.176815421970961 0.003371896648149682
36.394886125870386 -4.132974886181442 0.0028908788355863383
36.379549724166935 -4.076076301012137 0.002736613371242598
36.05906140175411 -4.299485742507567 0.003371039369907051
36.02775036524111 -4.2966904379725195 0.009340163628489726
36.047663371317896 -4.2699265202023255 0.005550527320005899
36.02623342881309 -4.2607042922215825 0.0034633345038389755
35.961552962655524 -4.247513478155657 0.006344544014823437
36.01292550408264 -4.205939965365668 0.0026816551254429436
36.168889166665046 -4.183594407669108 0.004052316609126099
36.014521099362064 -4.1915126304858825 0.02222496435534817
35.99911988329765 -4.168702947244304 0.003021838670830233
35.88748580031334 -4.19102243849893 0.003673808203751765
35.90578862900925 -4.16083338911489 0.00893177110013486
35.97457186195534 -4.155266174843785 0.006989187791317258
36.06987383888856 -4.149010567052464 0.016219695420823955
36.06564929394772 -4.111066532211123 0.00376013995195233
36.18217052877698 -4.148197682660041 0.003671057395841786
36.21484371855446 -4.105747466765267 0.012388364773755349
36.19626210836024 -4.085495457030308 0.00530419179770973
36.24351616341443 -4.065555394498485 0.002763390877824135
36.088866616711115 -4.044031596148998 0.007552254725838808
36.08359291505489 -4.028818655048013 0.013660048446705859
36.09172713182856 -4.0328197161753865 0.0055000184913358416
36.08258379071462 -4.009819616507255 0.0028148717961503297
36.18259367181372 -3.9973821033110575 0.0041610901474458594
36.220068901462014 -3.985201999983286 0.005831815685017298
36.27519257624683 -3.967176248204477 0.0035691224628487945
36.49539340115185 -4.1046895133183225 0.010783779140382017
36.69600672007699 -4.0656170897185016 0.004667344789792998
36.67852938692585 -4.024144080965463 0.0035235129306385045
36.645313652012426 -4.033923919758022 0.004860675793123115
36.63893332396989 -4.0354445447960225 0.0036186260443608694
36.6454667206653 -4.004208114506058 0.003147727763425862
36.65433673260186 -4.002371082654219 0.0030867706317284724
36.64523512259794 -3.9818328565261942 0.002698604309811497
36.44591054762594 -4.075139485782765 0.004023811612183397
36.45991803095127 -4.044554337301836 0.0030686961934950703
36.507282592946474 -4.034685222892987 0.005185993219584781
36.44851964252896 -4.036427258762492 0.006120537168139554
36.49600535039691 -4.011558632389058 0.0032304893573088934
36.58169850811058 -3.989997567107424 0.0031614780044569527
36.527832638249286 -3.9994246658522665 0.00916843023378845
36.56592598464174 -3.957372741947808 0.0030022115029321576
36.60293644546799 -3.9185260641081183 0.0034979511056357406
36.760979579859054 -3.982016575052644 0.008463686912260045
36.74191582992504 -3.9744870447964527 0.002903730822954983
36.68162198707504 -3.932136081484062 0.004366524835263268
36.74135672059528 -3.900914153209699 0.00515330769993946
36.75704959868804 -3.881322126643302 0.003209658187006436
36.65211804187776 -3.90893494829505 0.00288991536874516
36.680157436408834 -3.8963528634504225 0.0033425371251499052
36.6216933577811 -3.879795779046027 0.007675260679705874
36.600552355585485 -3.877626463510964 0.03012955550159741
36.68872642379949 -3.8425907935689008 0.0032411914500997613
36.6339918763388 -3.8316925925870375 0.01613714437772048
36.72053932998173 -3.839533851515837 0.009195183799206969
36.70432186029537 -3.7853339615039823 0.0027469286538948636
36.7010549889486 -3.767151874010373 0.0038592093170569924
36.37826669540687 -4.0041577492681375 0.0064401217778129426
36.41540548078672 -3.9826487127054873 0.00869655863818238
36.35920326551413 -3.9897434050034257 0.00409849962434236
36.456942645410706 -3.9663049594607536 0.0033624216598292975
36.49441435304597 -3.924285960366943 0.0036349014409575507
36.43457210422553 -3.921554590123887 0.004316245162509735
36.47656046075795 -3.906096000172198 0.004445466425937033
36.516481884389435 -3.905692059682613 0.0028597350587648766
36.430561033284455 -3.905460479142158 0.002644182061665328
36.47144875307859 -3.8590874592755497 0.0037612598632929648
36.49323218657995 -3.848793005834552 0.0029568881350645333
36.47781913042291 -3.8426960740162306 0.0026542817720649923
36.32169205682595 -3.8769893140542617 0.015192276977136149
36.286790480048786 -3.8759578510238697 0.04734022171796367
36.2684458359284 -3.879546521209386 0.003997838625193083
36.23158732050283 -3.894165636858508 0.011941890361777651
36.23451954572778 -3.893086572163736 0.0675451555434909
36.2198939947926 -3.8860943957701006 0.008397388376239441
36.228018487076106 -3.873770230850035 0.0032589933524869077
36.38246094228758 -3.838368262778068 0.00585102965969561
36.427924002972944 -3.8417543443640647 0.003132219973341688
36.42150738452397 -3.826442093403936 0.0030911986823690197
36.59685967785813 -3.77118611449334 0.0036482324723776257
36.62438371959406 -3.7711356448411664 0.005801350828620589
36.70218979427115 -3.7569683191803898 0.003924085212426353
36.63167875739485 -3.711325718127426 0.003235051059464411
36.63418722953168 -3.694334416671288 0.003941921392809856
36.66886184816072 -3.678359264404226 0.0035250417869137915
36.46598400197207 -3.760917795366212 0.003629640770928069
36.51130140906238 -3.756229286022611 0.004603301966750712
36.52848246415601 -3.695185876275896 0.013084389523006232
36.49138943760986 -3.668993472708084 0.003826011310999379
36.48704125819534 -3.6650164820181144 0.0032956444715890685
36.55950804014168 -3.639486645942155 0.0034295914643106907
36.567394182017765 -3.5912179691031154 0.003728382360646093
37.225797443169704 -4.09095115852009 0.002695967389251659
37.2730602497378 -4.085503594835491 0.003783832033873114
37.38441215829371 -4.059987961533692 0.004189139180110305
37.35058970965751 -4.057162205754064 0.0031276847647119434
37.3932737720323 -4.005937900226272 0.005646732630283299
37.30597847766398 -4.0490884926075354 0.006971396268287692
37.31700833025567 -4.023194076141272 0.005629643186435222
37.356536813100114 -4.01621933008609 0.004493485913964231
37.32735867339273 -3.980178219256342 0.0032977663303365126
37.33028185440614 -3.981395660766291 0.009246997061439258
37.121695480140005 -4.034947064446616 0.0033341921879732157
37.1871413574229 -4.016778723517322 0.003325105655621314
37.19190664563559 -3.9840471046112103 0.002959319150782595
37.15269278185137 -4.00359319211332 0.003501826820149864
37.44473915392261 -3.971581770397337 0.005098163268439368
37.49178060974248 -3.9344550700481697 0.0069244854909744765
37.44003885515955 -3.9130400738548934 0.016106514378010296
37.536742341335064 -3.950584977445495 0.008923008046427995
37.519750823581646 -3.921424244713104 0.0030112924107885426
37.51629453710349 -3.908938457006501 0.0035939293432579655
37.60713087969854 -3.888300652092695 0.0044326009950877605
37.51811776594656 -3.882045918422653 0.004306599737751069
37.522735047100895 -3.831459107263619 0.006110779311435817
37.525511248748195 -3.8216338132339063 0.0030954495100300686
37.34201224038917 -3.925792353888234 0.0033717189330657363
37.40766386604642 -3.884822619503833 0.006859896442523408
37.31957873618514 -3.872975490341386 0.006664525969676754
37.34541573268602 -3.8605939316299738 0.003918820440148561
37.41971730191332 -3.853169725313615 0.004742985365278848
37.442813309372504 -3.747687277683701 0.0046340770410679384
37.1027857233577 -3.990662807853743 0.004037080780931496
37.05404065807348 -4.000703881990847 0.003409966831140659
37.12553224629018 -3.954512725681213 0.003345178444349693
37.084334280444466 -3.9599026972574167 0.00756532604398064
37.06811352396131 -3.935417585281329 0.005140516584425634
37.06967004874971 -3.9256839941139496 0.002904531458546196
37.17210957135659 -3.950220015273127 0.005197329243227613
37.17466895586597 -3.884016161898032 0.002947060656574899
37.15107925976886 -3.8718882834726194 0.007926112269607585
37.21632511560457 -3.8437344273926377 0.0070745900610007855
36.94796040131586 -3.902998450688714 0.004101139807644757
36.94289612008958 -3.8942222474431034 0.00605402945491651
36.96451333929835 -3.867152190850668 0.0028598480558789602
37.11462919865138 -3.807895460906485 0.013833168263062018
37.10587575363038 -3.799234385800335 0.003005991405950972
37.06870316370396 -3.814492665090699 0.003366370091104443
37.06577087698271 -3.815222257965466 0.00688087232587847
37.07118210111322 -3.8197434037942393 0.0036874021503799617
37.06370252268372 -3.767539941553293 0.003618446073437651
37.0731911110753 -3.7584965286575103 0.004058092336617942
37.300142980658954 -3.8403634273734446 0.002828263342527591
37.30663414018369 -3.80641951803976 0.0033187910453056223
37.329782305918194 -3.7903638864334095 0.004998062005211057
37.225085698464305 -3.831912378986889 0.0034954621162573874
37.25060890636039 -3.816516816409532 0.0028795554082434523
37.28039738634884 -3.7929215622109074 0.007609679566931057
37.27586411092662 -3.768841313850953 0.005757005039412677
37.23933630753286 -3.773546954284503 0.009452362631809326
37.250625793683376 -3.748743491679525 0.0036079430571819824
37.35924779599421 -3.734803958809878 0.0030436785917026554
37.30556209153893 -3.7627386482476233 0.003921078614235974
37.32678690626675 -3.7545918680171058 0.004409555921173197
37.38527788475368 -3.7042362208297 0.004015810302980118
37.19419577571461 -3.789276695510765 0.005820387838721927
37.25017706775124 -3.745206941414742 0.006080589351475002
37.20358968797607 -3.713611093105292 0.003196488009105116
37.143318556960274 -3.730702278827 0.002671961644392908
37.24155488695712 -3.6883959077652575 0.003140099752208201
37.31118397708293 -3.6768797338795474 0.004957401680035834
37.264615709554754 -3.650759725460096 0.007209801196408434
37.29949996237735 -3.627857808038323 0.005096155246227715
37.63216066362802 -3.857353378083599 0.006796731435006075
37.63360293466549 -3.8255638421988545 0.005563503103098304
37.56693813209123 -3.836819574003335 0.0026904690446861177
37.55509422488919 -3.8031751509048703 0.004484284722325791
37.60451367053772 -3.791521584885007 0.00280973896745126
37.68372062753857 -3.7740061300779657 0.0067633644376999995
37.72953538985997 -3.7512828791274138 0.006900541778706629
37.73491863421507 -3.744665682711532 0.0049216952025219075
37.75359173031821 -3.7136485187928745 0.003098595634049061
37.75666311606146 -3.719703010018232 0.005041859911695654
37.68979425145145 -3.7163340676536465 0.003120892644341805
37.70669214980909 -3.69942891101922 0.007775052220579641
37.70050505176938 -3.7041888538441103 0.004542776543142963
37.56976712261765 -3.7682735750438305 0.0031672126957669007
37.50912256041832 -3.770207194862953 0.002932246959413282
37.498335952108775 -3.7647218949982495 0.0032601754640726385
37.52399335171216 -3.755770332237214 0.003914998902221237
37.48563554030265 -3.7422730752608833 0.009942257331413459
37.47177583757326 -3.710542304367793 0.004416127255988417
37.531120788625394 -3.718212105278784 0.0030608111138545548
37.5443249164512 -3.716619141601859 0.002898607853936163
37.668751673323534 -3.6604999859754574 0.002974816485982404
37.682769009832946 -3.647759992648824 0.007446521788984941
37.570427868845506 -3.624321283573132 0.00471815256067722
37.59946730302611 -3.607904638800706 0.004272831086335966
37.84932175512749 -3.675962010003016 0.015368997134257673
37.84205979505653 -3.656971895315176 0.004932710239684253
37.71704669164547 -3.656982448765232 0.005746980514275069
37.82040796287385 -3.607588499094801 0.00378189571955996
37.87022725528881 -3.542319637026058 0.010251892760496378
37.88344363915066 -3.543618202747515 0.0035365647967895352
37.745766142573366 -3.6156626661563527 0.0026531891316610864
37.76525739213388 -3.589698345138318 0.007122703228870238
37.66559491590108 -3.5933322347176953 0.01703387279127082
37.644968370569366 -3.5653223506395997 0.0029092011435786044
37.73120853459022 -3.5471970844147394 0.002754470589530914
37.82133438162547 -3.554428356398218 0.005728800710971175
37.80939247537912 -3.544561106440195 0.0031087481484588135
37.850078201630865 -3.5281045751909517 0.006717658614706793
37.74559784928459 -3.541158658054344 0.0031228146249885477
37.456421693691766 -3.7033154924976217 0.004537663478015926
37.41069507907416 -3.6948928548742335 0.005398532803057468
37.48079692803608 -3.681257049101144 0.005128672585841759
37.45998130728647 -3.671400121264037 0.0031832543382097817
37.46062674197921 -3.603875449294153 0.002994903646500278
37.53966747869272 -3.584369046831174 0.0029810549028335656
37.3379255395529 -3.6366716407363553 0.002733333345620603
37.27981406663439 -3.5845037168210463 0.010021508394979157
37.46968779132288 -3.515126053560382 0.004222292196489521
37.42949650588687 -3.476182112964283 0.005507605368868667
37.57273348605174 -3.5242721736000875 0.0036187381557730093
37.715886661737585 -3.4788963509586055 0.004118738597470216
37.74345558018479 -3.4377147062499223 0.0026840667656033413
37.71963820103765 -3.429398685051437 0.0055275151249904
37.71686294127466 -3.431940524711387 0.004911411577219467
37.7544538386466 -3.414049496099648 0.0099087595464502
37.746116646612215 -3.4140893798634857 0.005391499318088219
37.7266571522375 -3.4006245870747502 0.003066725854659794
37.51694393583286 -3.4686018671820453 0.0047041630857258855
37.5475882622024 -3.405124938736716 0.01270005098966819
37.54178757324065 -3.386891255374834 0.004059861140188978
37.52372904931594 -3.393936724285102 0.004469700203194603
37.594245597051206 -3.40126397282823 0.003529993938281226
37.58301847101527 -3.4025590850851897 0.004296490289855578
37.60978888950301 -3.3773968945848156 0.0037443705829282377
36.93452356703462 -3.815710709553066 0.004250689474432901
36.84624978273803 -3.815351599325481 0.0026973316889348947
36.841570904157855 -3.8132136137464174 0.010059375839658113
36.98807125791774 -3.7532200790077774 0.006894988872364588
37.050165998394235 -3.710591821784316 0.006829262159850498
36.986246650237945 -3.7148460386133086 0.002919322500693784
36.83020069478066 -3.8033035186362905 0.002672222181278993
36.84437023270157 -3.7489367606532 0.0032520811911815176
36.8164740927378 -3.755023072832368 0.002982559660103586
36.83268142952436 -3.729397539758362 0.004396300444850753
36.79992040229632 -3.71660789149784 0.0035284721962341257
36.94121914164522 -3.659523737593816 0.005622325104999726
36.86247439996195 -3.681246533918709 0.00392690409313586
36.90067241408956 -3.666892050437458 0.004210434587394973
36.87517601431033 -3.61688115685952 0.008267829454931711
37.13954064969529 -3.677238038878933 0.0026730884205994135
37.15509760851075 -3.650512042312098 0.012332139807692431
37.06647086497945 -3.662435547748484 0.004081830153672586
37.08967416392418 -3.587943012156615 0.0032891582544564766
37.17475696759638 -3.6366087743285713 0.004820842573033596
37.12529554916984 -3.589676032089088 0.004490572522525301
37.1889372699636 -3.538771271697853 0.005145473248337509
37.14519300359566 -3.5540061524879043 0.005417420098303547
37.18909963732976 -3.530149649913734 0.013135997575450092
37.01220661416689 -3.640926630267864 0.005150852215713152
36.986747566385695 -3.536720494616793 0.009287978140672863
37.07749797726002 -3.5022788226232824 0.0029039393360738184
37.06535352964881 -3.4970861535872046 0.00529328337650611
37.09755857623397 -3.4858842337123233 0.006353890331608494
37.04880541443647 -3.4697068869339036 0.0030512411980746557
36.774886411693224 -3.698563320347628 0.003421108000740915
36.746040303445135 -3.678118274604419 0.0029174845484404564
36.77794615750307 -3.688179407739106 0.0028643165979148903
36.78518880553993 -3.6374190628730183 0.007969745526423001
36.727657438708626 -3.6017044242170515 0.007659877329784082
36.86074365294302 -3.585628233603156 0.008894658420217914
36.866171729571946 -3.5603447611258905 0.007918826533860968
36.794182122271145 -3.5883245806289445 0.0028117868765436147
36.760162097591035 -3.589901588191359 0.007349249806354759
36.82673382123737 -3.565939912016494 0.0045516839582247165
36.81950426584326 -3.520409906622991 0.010756994699237308
36.5845707436236 -3.5916856212371497 0.005497924537944449
36.7441670008304 -3.561482856464783 0.0058304846271929325
36.76900859321177 -3.5214611005074237 0.004837821882749142
36.760126845054536 -3.5105621938698697 0.027818326630784984
36.75761772867344 -3.4745125981032805 0.0033120410023396675
36.72436260072906 -3.4536845998304617 0.003623790771091395
36.90777132418253 -3.5669819938623695 0.002995499521941496
36.87895426888351 -3.5500298092540294 0.0035815067138307774
36.96686723264822 -3.537932661633888 0.002752030099892046
36.8729283497896 -3.5299124291561 0.003603985496789023
36.85612947941724 -3.5084394628880675 0.003269121257389864
37.035643994804374 -3.4300065702507143 0.003386197810906559
37.03368927048545 -3.43322010172297 0.003222741485110781
36.96256840823878 -3.4109308558425027 0.007703095278405732
36.81069725112294 -3.47826303141111 0.0049154398340003356
36.813559223601494 -3.4660390301558617 0.0028658228071837847
36.89143005201574 -3.4449188775667796 0.006402091540367773
36.88730965812883 -3.419526924905881 0.005229198460102138
36.80355180204979 -3.429295451801147 0.002671559491026334
36.761719527406065 -3.437030400576709 0.0214471112283511
36.76793282107682 -3.4202269293363403 0.006162784968452907
36.78741212339994 -3.406036260024344 0.003058832631775961
36.83925574801618 -3.39936154699624 0.006611068462374696
36.849448825365315 -3.3862673930629468 0.0038913274676976146
36.95735714335261 -3.32957072607012 0.0027544196922177403
36.92492929225797 -3.338860448070368 0.0028954845679365366
36.87913143516911 -3.3238052866511727 0.002916742800905589
37.2745153367604 -3.5686882450296715 0.006411218593595453
37.30347564151043 -3.488008279448981 0.010579200659193204
37.24145174712147 -3.4979239621765275 0.005562817722763255
37.2921062063434 -3.4856669804911884 0.006670945684776985
37.261438615672965 -3.4610529408721997 0.0026540632263259327
37.36384906834311 -3.497685556302917 0.002948928037468606
37.372746366074146 -3.4658672434229176 0.00435199081015075
37.33590785231881 -3.4777218625948487 0.003940372728318381
37.38554571327754 -3.413223578034493 0.003880623011200036
37.337608730018 -3.438143944966964 0.006735272937892338
37.31272009919024 -3.411939806450522 0.003420999885240215
37.38525758516933 -3.3930419497114945 0.004585431020066056
37.2233049831443 -3.424120890405636 0.005129253808799925
37.157330838986056 -3.4430337835926914 0.003074797360716783
37.141446273106 -3.437295676597804 0.0375745991443331
37.127526265879126 -3.433969704656635 0.002946097900626259
37.16171935108122 -3.3755489760159625 0.005594231439105584
37.26290476571624 -3.4268046339525804 0.003093109427108073
37.30311560618467 -3.36445473346075 0.006603555612043692
37.22151829888457 -3.378075345334784 0.004417513797256254
37.22730369862462 -3.332055077954749 0.00645876955740639
37.25270396386807 -3.34733403742246 0.002978028225323588
37.44505083260197 -3.4291446685688634 0.0027799280432618026
37.43832684473837 -3.399581726319382 0.0045815902892905064
37.43838824928227 -3.37001307990055 0.005302775115854903
37.49743786289538 -3.367990178345266 0.004461608713058499
37.44045855678793 -3.3360078362161008 0.002911239094080742
37.41982315749192 -3.3285472635642024 0.0026940082082217366
37.42909107298479 -3.321615992686381 0.004279800691911782
37.538101927145654 -3.343810573368389 0.0026619481051138897
37.5501673142511 -3.3244576111501147 0.0030336126358215727
37.55930040340053 -3.3005063072970913 0.01283770079914584
37.56497963421189 -3.3097214072544876 0.0055378117012445435
37.55981002803615 -3.275994349697656 0.0058923157960771395
37.54822721699893 -3.2790788732738982 0.00357927547452956
37.48620967314316 -3.3186592603144733 0.022750374449016626
37.480881740195265 -3.3153597825154755 0.017298227903237057
37.49040649285119 -3.283518035061612 0.0036488165545541817
37.520800198137856 -3.271338595599361 0.003283834336402162
37.52519106881648 -3.2484483399117 0.0035840262728605724
37.375013749068366 -3.2383738385275835 0.00582303981516425
37.44896119336778 -3.275000268643411 0.004126495155802676
37.42386067128449 -3.260917766922961 0.005388397669329684
37.43326521542883 -3.252554639854587 0.0027012536058099407
37.04035723804166 -3.369042279845888 0.0028989783007695386
37.00419787296894 -3.359530164399969 0.005638252025757268
37.04990901232895 -3.3402280646279103 0.0035094421642493895
37.161356779829426 -3.3064031382663184 0.0028390746022617357
37.17158552600227 -3.2742403516667995 0.003992203946341097
37.17591428991034 -3.2765103961884128 0.008893659427391785
37.16379182552225 -3.2528400851426573 0.002952997808179791
37.16833494465089 -3.233309972011085 0.0035911992741662524
36.95967674719386 -3.306657810667075 0.004376010492177523
37.08111792593347 -3.245314205792473 0.004571392480833421
37.12146057744727 -3.164180585481093 0.005914473355020887
37.28885485028077 -3.221741365623364 0.002680907036669029
37.27496003779917 -3.2091980228524033 0.003399027588738289
37.20522254033282 -3.2247108305933567 0.00307048793066436
37.23996844736662 -3.1993906038025526 0.009135427274447981
37.18802005105357 -3.20101578704515 0.0035095831364485015
37.21196868083827 -3.199917218337477 0.005426712509629105
37.29093843484023 -3.1756561571930706 0.002962972901847015
37.28128036850604 -3.1615039640551106 0.005100489696881858
37.31417792711598 -3.1318699563633983 0.009965381508507896
37.28372232520615 -3.1273566895072595 0.004150996809892219
37.358710910749544 -3.107870158125095 0.0033394634891167805
37.20719691876295 -3.1362058742191956 0.010670696669626323
37.12347211099587 -3.141785516320313 0.0038086506584463133
37.16518973907932 -3.111264828919914 0.0029862912008703636
37.174863410265345 -3.1155784444541825 0.006129141525954752
37.16371573829915 -3.0758520823176045 0.004790139647274291
37.2454484454646 -3.0401218919252586 0.003815400871931543
37.28738320580759 -3.0349936876270216 0.005879587793730307
37.229750702667246 -3.0253140808115804 0.006176364094876271
37.27805572932778 -3.001479960487537 0.0029708026293108858
35.84952744895378 -4.157721041338244 0.011874284212728507
35.8882678096188 -4.138253573074321 0.006343743792354444
35.83892137878931 -4.138814514540993 0.005083159410514191
35.90243816679445 -4.120277806159728 0.0028562886203193586
35.81315264196164 -4.105167258470334 0.002796991519674361
35.87571210187629 -4.086974519330104 0.00340929298298885
35.84472001162216 -4.084497809663061 0.0051530651067212925
35.842947708116284 -4.084979297884457 0.0026485605110848584
35.8391767095041 -4.080625655436509 0.002646105829843313
35.94703403950607 -4.077183549301375 0.004069554505924812
35.933078143118315 -4.061349901990767 0.005641350579416195
35.99096426645418 -4.043365924743786 0.008350841861809255
35.98087283632883 -4.034170470919683 0.007955110739033714
35.91567544348272 -4.003429083540847 0.0034013303133561016
35.94103595530772 -3.99672557818891 0.005171132723472042
35.75331306922547 -4.0678372306968535 0.005440083297931123
35.80013474865342 -3.9864163634185816 0.0033160821403515686
35.854227556194076 -4.022950952417247 0.0026544977686717704
35.81872273112512 -3.917786449903151 0.002981274837754179
36.04373086382776 -3.9738974015988417 0.0028401334355848784
36.076635056867474 -3.9483559090538622 0.004635347094229333
36.0251576404524 -3.893704822356984 0.002684827141923028
36.16545197577417 -3.90189386734297 0.005080412543402695
36.172340777408834 -3.891616896182074 0.009868477939647428
36.168274193606685 -3.877237964679888 0.0027383265965962417
36.067597857760035 -3.8964022591761256 0.0069053187368843935
36.09868901455773 -3.853723379728733 0.015580563461601669
36.00436109390151 -3.8783432819639647 0.0028755583500988803
35.95312411984512 -3.850686448338154 0.0029079222107464497
36.05703805794767 -3.827430351016434 0.0084778748182212
36.0771841360079 -3.8308363488578303 0.006841109070632343
35.997769021264254 -3.780044376792245 0.009285668700958396
36.03853992596235 -3.738861142852418 0.0030669207554165803
35.678820055559484 -4.026964616363773 0.004232215950260225
35.69173404212651 -3.991376570513657 0.00862471930364394
35.68469349013128 -3.9685588170071577 0.002752019264013623
35.69532743977639 -3.951966580772058 0.005117555421323579
35.70747043542523 -3.954086498927071 0.003556136638262696
35.73806566812658 -3.921170076666386 0.007927339622722568
35.73746955272836 -3.9217677923817815 0.02402166724012484
35.814296456176294 -3.9026584556106543 0.005491678566537395
35.8384687319566 -3.865112572089547 0.0030027880897705358
35.74863218863876 -3.845944722216343 0.004469385283218451
35.751794765892605 -3.835674685722192 0.01323133330222618
35.622235484888925 -3.917072203380378 0.003993840021208661
35.576445254404454 -3.9017807706208623 0.004988397691989308
35.64863278559457 -3.8725102961047977 0.0049040758041550715
35.55364507447411 -3.910050555397008 0.007674262135145015
35.55227454702893 -3.8966189176257022 0.01160988063444365
35.55268970471037 -3.8968268911006945 0.018644395828511958
35.54027521886836 -3.858665080442496 0.004146555566832709
35.66463867531893 -3.8618026216943577 0.0031283946867742577
35.73543630716299 -3.796158088074169 0.005226963165362336
35.730978767557104 -3.794564102278038 0.004713043786805622
35.63413960000093 -3.794925815667836 0.003301210437954038
35.70256442791993 -3.7580655886275034 0.0032302286120338207
35.66669269193079 -3.774521397194327 0.003045220954897925
35.814058959991726 -3.779733429790391 0.007836047584983716
35.88103675687563 -3.7748189271998527 0.008015865650542449
35.908600753832864 -3.767362657626371 0.003915417969171298
35.90822325063887 -3.7676783365185593 0.004777034960039661
35.95415229113489 -3.734645571532933 0.003006878706680323
35.899485610243445 -3.708387837537294 0.002875161501691024
35.94992586204451 -3.720806691690872 0.00921108944588276
35.734615329488236 -3.7467342709849984 0.00725620894044231
35.70945054227152 -3.743470052068593 0.005460923335332687
35.70844263698686 -3.742839189134562 0.0034190082175210674
35.74973874007115 -3.710010356386193 0.007728125917759307
35.7575042210731 -3.685803719718987 0.021316578317707478
35.87519345469929 -3.697568783517089 0.0026785538358524417
35.9280056620635 -3.650534841974318 0.0049762501606926655
35.804236778833236 -3.675650091621604 0.004072383926294573
35.86572837607942 -3.6215314883330385 0.0058138080595042775
35.861071899246255 -3.61266025390451 0.004386727473727892
36.31881709451195 -3.69883476883535 0.00672481396626828
36.10952454564566 -3.791515027250571 0.0037761313248535354
36.1311499849048 -3.763043174099277 0.005241992794194474
36.094425281714045 -3.726363290608109 0.015271135815570804
36.08562628923942 -3.698028077176432 0.0035115339340238863
36.125664502656456 -3.67439057406546 0.009185787292662399
36.27493122305011 -3.676695325173544 0.003266661616876219
36.268509316255 -3.669098820207691 0.0028978621979300887
36.1582055849564 -3.6770853660036393 0.006376546405374607
36.16053876196041 -3.681868297643634 0.0062676387886106575
36.36223879694632 -3.6936785377011794 0.004851098183781293
36.367460614139965 -3.6929251112605743 0.0026567667945329005
36.3188048593078 -3.6672342333759183 0.00670490570689
36.39947383367055 -3.579373251746293 0.004310058100839105
36.296752863003256 -3.625020774547832 0.0034513463560102344
36.37983810414685 -3.5738552644800388 0.0028345857180395798
36.40663895175708 -3.5635775315162967 0.003207363810322401
36.35439263884217 -3.52824919581946 0.002869113471349783
36.354232064628576 -3.5077585648308136 0.007268633805627218
36.38244741429513 -3.4757228295937765 0.0033670344088897242
36.38597539310572 -3.4791809325883274 0.014225369622008188
36.019322399236 -3.688783843810628 0.004802157110519433
36.02847918669962 -3.676753527039775 0.003107897338975273
36.07640530652301 -3.624268603261264 0.0031717331374678586
35.972497511326935 -3.6608486311595967 0.002955369177529335
36.110578193471824 -3.6003502565740484 0.004832040766206516
36.16688820964114 -3.597383064162178 0.005435685918133715
36.188087625958566 -3.5955830322275535 0.004909255661271899
36.15082214894957 -3.5758393786807083 0.002736316785823058
36.16970130680702 -3.5708276221165405 0.0029424708532436363
36.05728744786208 -3.5805378457207677 0.005644322558675815
36.08973180403418 -3.559632832439128 0.004129630736372831
35.963687374440816 -3.6126348351105504 0.013707352289349517
35.9677057243437 -3.5831813696306183 0.004239352404160698
35.916784536550026 -3.5524795647362697 0.003187363019981927
36.03485122737926 -3.5431139455733915 0.0035298742132303723
35.98709883013 -3.518225544244041 0.0035719380214777234
36.00012619523728 -3.514649363746124 0.005036661215878566
36.255047673907406 -3.5446469408738923 0.0040033019178426785
36.240476367171105 -3.5135867822506306 0.003911012370429531
36.15417173410285 -3.497706262308036 0.00285422141055111
36.19547954469911 -3.4840269945332945 0.0038391667852226813
36.27912529201084 -3.480606346045221 0.003733963338964248
36.32558522685751 -3.4540233373904825 0.0060520914195932906
36.34423438372225 -3.437790381341127 0.003006025148701485
36.27047167021361 -3.419538175760948 0.014988322861958102
36.27056615270284 -3.4158797006067285 0.004074144183948819
36.099713783443725 -3.473221377541305 0.0053214360157241925
36.10091595043782 -3.438503334003762 0.010024245277454415
36.09737298759786 -3.3982231180466576 0.0033941731188599452
36.19754210841489 -3.383737522907756 0.002794831983668282
36.1975792374154 -3.3831307465500045 0.003999324370731627
36.22647571292085 -3.364218408494148 0.0065553942313673706
36.17309601442659 -3.3588124350178616 0.003918570048311868
36.21972989637935 -3.332311591133105 0.010914675153699049
36.18678054113838 -3.308745317078056 0.003365099612755327
35.50958668915705 -3.846864701422921 0.003950047513576744
35.55387084420884 -3.818999834570097 0.0028715621787222937
35.55172732888527 -3.7934717443597386 0.0036032898605872225
35.56066925701802 -3.794374362521621 0.008351108661841434
35.430273653792014 -3.812655014748654 0.005182026560291938
35.51965824676548 -3.755220367838876 0.0035296823202445532
35.58074521717066 -3.7939086187316193 0.004490840231172097
35.576437655378214 -3.759389610322579 0.004143423592912832
35.61808292171573 -3.7367463623328354 0.002876453545633463
35.618551006162186 -3.737015067050611 0.004314272270347341
35.56171078804561 -3.724759240726057 0.005991851130214055
35.52597099995017 -3.7260429982016254 0.0028064239283450243
35.534841597226034 -3.7172319357613537 0.013159656238329804
35.611907170504345 -3.674497185113237 0.0033004612990643204
35.428995281712794 -3.744629724720108 0.0067748113215485815
35.48233888847437 -3.74327887433166 0.003187324159289446
35.508880273833356 -3.638933787992121 0.004015414746713963
35.66350730295954 -3.6450939486575966 0.00288977443461508
35.68494843426549 -3.613665486516276 0.004272541252272342
35.773885058943115 -3.602906321871371 0.005742934851404521
35.84348723251336 -3.583483365554286 0.0029314010199024076
35.80326372985321 -3.587491374420085 0.0027612936209993303
35.80162281391198 -3.5658232102830514 0.015767232062140393
35.73323866757812 -3.593954260272689 0.002687995854591376
35.69258782505159 -3.587557685197145 0.002939711793012694
35.78216398771333 -3.571535494624225 0.004159596456990513
35.78897561538642 -3.5281623471750927 0.003651177778817782
35.75280773850811 -3.529114612851996 0.005590070493903653
35.601231245285355 -3.640733356621923 0.004581207041931027
35.61005426117819 -3.6289270414823984 0.00475656372643806
35.62127165064589 -3.606477574730059 0.009120736511916184
35.627188589492434 -3.585745809446595 0.002827386855375707
35.560593438832136 -3.541852086113728 0.0029597071701706777
35.56181523868777 -3.5460229646463413 0.003377179735166075
35.62218173470149 -3.496528171906422 0.003203327481759549
35.332051283352 -3.708920452701057 0.0036552317263698064
35.36330235722448 -3.697188899011431 0.009609113974485717
35.32323678746464 -3.672926139378673 0.0027577587398098847
35.331988933508605 -3.675399350372762 0.006456925411848541
35.27033461195705 -3.652378262920689 0.0028482379888533985
35.333316482766286 -3.598137555273192 0.0028943002332937114
35.49309589838048 -3.5918407565793076 0.0036660837298991673
35.45613697947126 -3.5708712496057697 0.0031584418070775733
35.38421643278426 -3.56581680515919 0.004147388743557862
35.373878133748704 -3.562684715520939 0.00746224596128861
35.44266339300576 -3.541924996318252 0.00646203602192634
35.38476186777984 -3.5434018230993307 0.00339631031887727
35.26373356327464 -3.6203269734867543 0.008364237377411654
35.24757969122224 -3.5992877135455967 0.005687002440402571
35.253800106376 -3.609853135251969 0.012879305195526988
35.28683387993596 -3.5478542716058534 0.0026874558580485316
35.36733607399344 -3.5308575872332426 0.004458397223789953
35.355401979970814 -3.460226931263358 0.0037492788728286873
35.31897563291217 -3.4577491648832472 0.003127776480474258
35.50314767608573 -3.5565817776502575 0.008921338738557183
35.508173197368336 -3.512344567570042 0.003015041988260034
35.58247933743836 -3.512493968029878 0.0032298041231406892
35.48747260832441 -3.47504391757918 0.007339534387853442
35.50336994785615 -3.439997660908298 0.01434333476185454
35.584932249257285 -3.442356720052705 0.0031203941470222775
35.52319953451311 -3.437395365485125 0.0031140097614807257
35.42398435222063 -3.4773869855653072 0.003169458536498367
35.396222466492304 -3.467811005309909 0.003438216020625095
35.44356802040734 -3.389310472307512 0.004644835305862197
35.51684042950764 -3.418898848209004 0.004047655616021697
35.54273189526554 -3.334240199896276 0.003266393664940397
35.51716635764424 -3.332846459774961 0.004810357785746233
35.50124585730406 -3.318778541354145 0.0036297805537559655
35.93354986332338 -3.5145547577693166 0.012459151725151722
35.89588668410079 -3.502692401715499 0.004196917716188078
35.775931223229854 -3.5054741054070053 0.0042424982770588975
35.95271294944684 -3.488654329687086 0.007420907267272685
35.946201383065485 -3.4888377169659894 0.011131213932838948
35.922758983564044 -3.4777774299513267 0.0058541525411112995
35.94485726332317 -3.438090614296056 0.00513487102414061
35.74995500941284 -3.4890735925943477 0.012654806666347015
35.83821634206418 -3.419839970702287 0.003896890428529133
35.70759027044533 -3.4254014433886684 0.004869827912588716
35.9140874092231 -3.3767498258142656 0.047236779979728104
35.88901779648823 -3.3556637346309888 0.003123227101968876
35.89395658648525 -3.3613136417238634 0.003028932914713746
35.903578312147495 -3.348255216321061 0.004120866446019108
35.81772389310337 -3.336407838558233 0.006702072702001522
35.85139103058887 -3.341211417156459 0.005777378748926427
35.89437266467973 -3.3251926085098966 0.0032764042425214154
36.039910654644515 -3.3865527688027024 0.004827727846318291
36.08088782076885 -3.392886963424638 0.0026849359171722503
36.08274569738231 -3.37278801936788 0.004630672794382942
35.993157559753605 -3.378117139314901 0.0032746606385769075
35.97859817299613 -3.3778800295020495 0.002650459543838916
36.14662707265607 -3.333144484775308 0.010192118505024066
36.15913905507793 -3.2994652480595765 0.002929475327186749
36.19375878412397 -3.2886627666078545 0.009607908304518263
36.18173340393359 -3.2637648367962155 0.003697958683885594
36.10009771437444 -3.269881195128656 0.0027072268870754245
36.07081978162427 -3.2884331876162287 0.002802663222602861
36.13343850901225 -3.250591415724128 0.005498661746503464
36.11779325123599 -3.2503507152346343 0.0055511964227247254
36.1086864662281 -3.2354720977821483 0.006589237093984098
35.869268732927516 -3.2784963828447635 0.004528464261110884
35.895576947862786 -3.2728400477748454 0.00317512512514219
35.96628022301939 -3.240893441383278 0.00491637910950054
35.937634476842014 -3.2231737696060088 0.0028736589199396035
36.03352818144841 -3.2691825343567413 0.003894117571335792
36.05541228788027 -3.237806568270779 0.031324514323064004
36.05345659216064 -3.2373656270388835 0.0044741472646783
35.96695318347587 -3.1948904090670545 0.003060956266285019
35.98722076797935 -3.1820352547583184 0.003382333013720736
36.04402001134486 -3.1460107372015687 0.0033608371535469718
35.73906114469241 -3.340115957767559 0.0026866318228696393
35.662600789830165 -3.365709524120295 0.007830415000111645
35.624658952515816 -3.368439406638771 0.003886695384557136
35.71139526067693 -3.3153870867227373 0.008315704718519881
35.664665474611205 -3.323779931101972 0.004419759516683408
35.6893733772779 -3.315399653743422 0.005394495990195839
35.78186793277973 -3.3355412310371526 0.002800800044236696
35.83539853561212 -3.2648833922904927 0.004554850159701741
35.72014208365429 -3.303833508725541 0.0027097864675710713
35.754057743575515 -3.286904551419691 0.003239559453063011
35.739086357872125 -3.279874455284952 0.008442039300656302
35.701945705056296 -3.298469526108281 0.009124727101296293
35.72608773178323 -3.285133186849478 0.006024852300304336
35.721541438027764 -3.2572423765565635 0.005078262598482955
35.779130176683985 -3.26805037999815 0.021453463048709227
35.62812991008722 -3.3170164525821044 0.014006917949265028
35.62483184254027 -3.284898156813349 0.003713467818612577
35.7038325573027 -3.2392712897613993 0.0029747850457129917
35.74155272479825 -3.228895648033286 0.00708694430308073
35.7041089600655 -3.200415818189111 0.002898263180659499
35.62697751880289 -3.2347674934938064 0.005817585565147274
35.64745538789762 -3.1958511777290943 0.0036133175431056343
35.70052919533627 -3.194687084637408 0.017425601561537992
35.69719255609393 -3.1786145915877153 0.0035864377289668383
35.92711968117842 -3.2185480489548657 0.003985346850156044
35.93301460278534 -3.215221690209923 0.011998532704790016
35.88288160359289 -3.203913740333847 0.0042689611217281345
35.7952955911659 -3.2278741691058848 0.003467118214885465
35.83623355184833 -3.1969891890701447 0.0038539743475152276
35.80552542516206 -3.2049695298170753 0.006835718968589897
35.86975340536136 -3.169429492215377 0.002806538599408314
35.952685272916746 -3.1884376257128557 0.006664071600820651
35.884515856808505 -3.1247951300295624 0.0029360713119750393
35.96723226643935 -3.1026290161225787 0.0037692096090360663
35.92798285292823 -3.0979888011787367 0.004450392136989766
35.956161127225236 -3.0873028946307537 0.004174337502477509
35.78148017654569 -3.168092187753925 0.006126279469297142
35.84327142536915 -3.138162056234499 0.0057051266461610505
35.85755515509161 -3.131045636907861 0.004591257381863548
35.84778851028368 -3.0806991545842988 0.004110757090997572
35.894792143862354 -3.056937952499106 0.003202700773072356
36.5072052140304 -3.5311296169125517 0.003455728141150061
36.50600927644482 -3.4853929073727596 0.0030192975848868154
36.57581196660274 -3.4949747720843183 0.010994461292354204
36.59468607433771 -3.4135349172034473 0.002833676441806315
36.59931374010721 -3.4190364286790453 0.003553208354835664
36.60657788723563 -3.408347211492335 0.0030465533282634794
36.59743893137517 -3.405352255838303 0.007500955769986493
36.65858093176198 -3.423501488501961 0.004109606216055476
36.45352157664291 -3.475813940462379 0.0033804985937957695
36.53290820119355 -3.4305753961798473 0.003929245908542451
36.43244701022855 -3.4220587485393983 0.0048100613942101845
36.45233652144488 -3.4135123327875636 0.0029210760545114248
36.64467789108805 -3.361766884043499 0.00910948656396878
36.57470110723517 -3.356986764499099 0.0028711148114934333
36.51079156974388 -3.341960330335179 0.013590261069125777
36.56327617301689 -3.3300779279161974 0.009794972017189534
36.73016401277961 -3.3821619866987023 0.00523745198588104
36.785471982371035 -3.33213823924324 0.004693997074766084
36.68278247304873 -3.3434989572428138 0.003620045878794784
36.77263414669213 -3.323636813409577 0.0031567184575270564
36.90091665785499 -3.2809076562541826 0.004609586612373897
36.88829397281487 -3.2637486612761992 0.004368321555430588
36.86459723837751 -3.2609472861677062 0.011589691466881229
36.81430768210511 -3.2633779009381496 0.02837120194891231
36.80773110117874 -3.226520432621613 0.005120651144860956
36.638543929372545 -3.31086478977677 0.003978771694162684
36.64717461503172 -3.274338573927118 0.0027791864239091464
36.75803281844189 -3.238634026497806 0.01018433964792106
36.80645442250032 -3.200381541986755 0.003896418167408468
36.779506758666706 -3.198744793494741 0.012044279067496564
36.675703342726706 -3.215360063386673 0.005742671840099322
36.76274209752355 -3.164409714837811 0.0034711610555867426
36.71846351794515 -3.173771194985372 0.004060402856370267
36.447371057835625 -3.367944022293969 0.0048545348661482865
36.38918643936933 -3.3047310391224367 0.005440025990617692
36.37681294635969 -3.3096225174377367 0.006191414709293987
36.48796065629098 -3.3447009726462844 0.004800604076895644
36.51662929525105 -3.260919072960691 0.004192990801097957
36.44910572659815 -3.256311091005364 0.0027564754547044984
36.281120866796634 -3.330775281881444 0.0026619655738529795
36.34562668192128 -3.287695661275782 0.0036777927692405936
36.311292172282606 -3.2829753701752113 0.003629687406394228
36.350065392546526 -3.2610406695098617 0.004618071361256691
36.24260149846508 -3.280911461285748 0.00484536981658362
36.29641202573326 -3.2641588042352025 0.002987554452108493
36.3223690858526 -3.237822089027964 0.0028150990136661578
36.30464878947687 -3.217582424293363 0.04650096521863796
36.43897362827558 -3.2247584717348885 0.008982286528212702
36.36140958850475 -3.1978985045061057 0.004527321847611578
36.35918430412643 -3.192163767718554 0.010263904431523327
36.35733805536923 -3.172178471766268 0.005878840326706373
36.54308013510951 -3.2155758778250902 0.0050847016415346705
36.631154875969614 -3.1850627712415616 0.0037850412303208417
36.70461728212515 -3.1133563545773795 0.00581761630786841
36.614246816935385 -3.10432831484287 0.00484201454416365
36.64781072897831 -3.1302513854771177 0.0036183352208029444
36.646571549442854 -3.108720770419783 0.009828072230269285
36.63544879833587 -3.0820892675845717 0.0027637049068851144
36.465529803141955 -3.1960863685394405 0.004759964838329925
36.5092563222439 -3.1783837444436047 0.004635884578459284
36.42644367762234 -3.1249025171911 0.0035967253396283995
36.57949876640889 -3.108561655062776 0.011035328978585427
36.52196501812106 -3.100344258515567 0.003281769047755612
36.93732102797772 -3.234089790348145 0.0052551698183823745
36.890859451275915 -3.2628731749141537 0.00448107919771475
36.97354440585102 -3.23331363455332 0.0034669995446458247
36.87894501177064 -3.223544969249595 0.004115050266557241
36.872075574131266 -3.220054715083492 0.0029355868230451563
36.89515751248613 -3.173483487790856 0.004459275501482397
37.029081149430446 -3.1642885053183276 0.003501826820149864
37.03922290137481 -3.156012576092099 0.003632044531243733
36.974868420525624 -3.1017899361527306 0.004140263811598404
36.995140623198445 -3.083746327071474 0.0034156751460181164
36.79631306493706 -3.1783525541145914 0.0035642411064346945
36.874742516561675 -3.1085697196879294 0.003594534279273901
36.824164609410786 -3.1331217419809323 0.00554881275304211
36.82267961241931 -3.090267885560276 0.011850859372269991
36.941748293780606 -3.0865086970056943 0.0028848242467987982
36.9812528478724 -3.049292659887356 0.0028243999141133137
36.96571141760891 -3.049009535435135 0.010118711638243938
36.86716734334963 -3.0402341192410653 0.004583437826667901
37.08089572872376 -3.095422597186073 0.003448433850936905
37.17118658372083 -3.055229612638334 0.003300276520133525
37.14554042112109 -3.036212778112966 0.003205653847478943
37.03805990287224 -3.072335161634357 0.004453640315029272
37.089813668967665 -3.0524415183860008 0.007236577118066598
37.07806671830889 -3.007176801206617 0.0029204411193957404
37.20396002648981 -3.0108351249752223 0.004133439778419513
37.18949307591348 -2.938836412797817 0.005686564043161129
37.16251871793223 -2.9368490512905017 0.0070707858576943275
37.00216840762425 -3.0465053971596747 0.0027579903013390406
37.00715395985915 -3.026143419449624 0.005760588255038553
36.995226562031874 -3.0271644620485025 0.005696059203622926
37.0565410465031 -3.0110812595245076 0.007964811823345385
36.965884789055295 -2.975697542540556 0.002707672845828829
36.99447335557362 -2.962374725263637 0.0072214686399797055
37.09170539119226 -2.9294838646676045 0.0053840314689420615
37.14181716770166 -2.897448682261425 0.002800588780330002
37.04517159387169 -2.917617176875119 0.006612754269982484
37.01682645070977 -2.8982792084297166 0.004640469415028797
37.08735296233328 -2.891548593349328 0.0038367787370223705
36.78537460327032 -3.091726348541359 0.0028788791846782753
36.81965262658914 -3.0591455740230455 0.0033515013573372976
36.770415790735335 -2.9693337895719254 0.0032148173212547424
36.85151830876479 -2.9629485763865335 0.0035299416342717297
36.83119513805272 -2.9246145241166683 0.004547086643176499
36.69782203770632 -2.9667259554912246 0.003615425897855691
36.613843433066414 -3.0067120970602503 0.0028212189974060223
36.64835138098417 -2.93603654622553 0.003026472517843989
36.64284208557471 -2.926792189647555 0.00362632579819247
36.71656434629658 -2.9430837926845177 0.004236772647287444
36.70461237770398 -2.910349497324121 0.0038195491650443157
36.72038094002123 -2.8674418152051846 0.0026969576672865726
36.88766392680401 -2.945062915737732 0.0027299250559857245
36.97114858847395 -2.910759790301998 0.0036578309443444754
36.954214398373274 -2.879008967809966 0.010185577547690285
36.85042772517149 -2.9141628394291916 0.004000340044455022
36.88170758150926 -2.888253750024256 0.0029246526881046794
36.88140493577555 -2.8900624427134094 0.013197325995637828
36.97730892767729 -2.856506892280991 0.011622101249701425
36.82628478367787 -2.8798747922391885 0.00523255997191264
36.85919287151147 -2.866441356721964 0.0031495302912109427
36.86886453067616 -2.8732681192666907 0.0052736440660294676
36.879758568865185 -2.817052317985687 0.0027014146429480425
36.83460158968863 -2.8022772409465566 0.004220138503739637
36.88565658863447 -2.749232569330002 0.005571997906970364
36.93033958031286 -2.7039356531146512 0.00661297855909122
36.19749936308467 -3.243981305670574 0.002972736904380432
36.2248030459113 -3.2215047209625483 0.004692281134128691
36.26708874610076 -3.2340302127250515 0.004097784256883933
36.20620899921058 -3.1812828751241 0.009067270971256983
36.22582155909562 -3.156158007227363 0.0029893774876243377
36.30596091476859 -3.167850307900943 0.0039372913672241355
36.35988195494894 -3.132452823588822 0.016288659303542383
36.28489732952923 -3.1325142196861675 0.00493720630142395
36.29952787723769 -3.1152604734438123 0.006708599254818667
36.34010198854592 -3.097566568380524 0.0037891565149250914
36.32374394302577 -3.0913254658666753 0.003919353489672116
36.15037224963837 -3.1850989488247876 0.0046673817057415684
36.095281293446334 -3.1692534959813075 0.004556920947681531
36.13891793260801 -3.141160229418262 0.0029815508090142565
36.146953734963034 -3.1270247552740913 0.0031248159276757747
36.08684631180171 -3.1606549529661927 0.005609413619445254
36.14130714016261 -3.083058636375416 0.0032025752248229598
36.097370318060776 -3.104509007476575 0.05808474908341931
36.269890326502775 -3.073071954470328 0.004508042477894414
36.25367854539372 -3.0609264911963345 0.0033305600977241593
36.17916605015837 -3.0737998334725116 0.0034496676388275755
36.183761272312665 -3.0618134385578424 0.007096998682674779
36.15843390968168 -3.050771269130934 0.004147873801970716
36.398208516746834 -3.116106944242722 0.0027939308276539038
36.46019709220203 -3.0709390940034647 0.004531366395493839
36.45018958262089 -3.0454988872902335 0.0037068673457979874
36.36993983368493 -3.0256369966118553 0.004384287593998462
36.4958279827001 -2.99041824055908 0.0030918218328310045
36.280976257325385 -3.0421665623388674 0.004464198935944816
36.27373548735128 -3.006160105547034 0.003995912590794975
36.21492848811401 -2.9832307407942893 0.0036714697525361993
36.41433982370995 -2.9542613182275614 0.0059416363740119
36.43130120445648 -2.905497466665137 0.00478944548799702
36.348800012471706 -2.9150497842655945 0.0037455313341362264
36.334027884785336 -2.9078600542893924 0.0031204002901802806
36.312505293810936 -2.904166589039016 0.0029419281009862084
36.36826479572719 -2.890032124554075 0.015121503510340854
36.40217698760481 -2.8749560690889857 0.003973208351031683
36.02483186440816 -3.109907009254218 0.0027142709251107315
36.06756117759434 -3.071835580118166 0.0027490901048334874
36.09736922676099 -3.073056636364294 0.0038046420593868683
36.080537582481774 -3.047734949713385 0.0036046491461002765
36.09005760004788 -3.0394907329467102 0.002746102696642327
36.03055693259201 -3.059911174605702 0.0026805556607290503
35.986274247273734 -3.0320940767795705 0.003569053060755505
36.058195308424494 -3.034501221738538 0.008275521181668768
36.1199167229916 -3.053000249899056 0.003938105890939779
36.111841223312126 -3.0089038059854714 0.027192224529767533
36.08226202846591 -2.9845402980837843 0.006283998238322504
36.15231371284564 -2.9498175204071937 0.004924687073787356
36.13191368353404 -2.924988489328986 0.004337853788512913
35.9048437648847 -3.0136883441306086 0.004475812806827162
35.92811711235934 -2.9897362614148104 0.00482986881122968
35.90310533256981 -2.9796860763229267 0.002711773139166151
35.933542885091256 -2.9602432539597605 0.007033681839532692
36.046927837837345 -2.961984925052457 0.003851721693654118
36.07226460613944 -2.9461194115514373 0.0033590763452228042
36.04036010723104 -2.9342488245046043 0.0027913239673895973
36.072765770067605 -2.9309648103492916 0.003986284350121259
36.08720356527667 -2.9096319673268662 0.0029035834987586316
36.07441101886394 -2.9033258776056257 0.0029103100539225944
35.98834024287354 -2.8923019294528696 0.0045598668326281835
36.00830186716433 -2.886374978502434 0.0035879182949797887
36.211615763027545 -2.981623881012592 0.006626700453183709
36.17448540903292 -2.944164046989359 0.008916876253059224
36.182505160484105 -2.9479631736038607 0.004118272023591191
36.268207749035184 -2.9178291154594898 0.0031547039140445844
36.13365350055122 -2.906919602405172 0.005669184089562989
36.145461536094096 -2.8990752460511597 0.0036441538143492194
36.245264407987875 -2.8784260079525854 0.0038356782033482427
36.30132303240399 -2.9074947965594875 0.002772333734555238
36.310945680480515 -2.857061346741886 0.0043533699949438835
36.27552047784841 -2.8208316560882096 0.006947892169343079
36.29034120501888 -2.8125335335149355 0.0042127248992981136
36.13080367080576 -2.8740467551688753 0.007713139562584146
36.15834927038251 -2.849859750626428 0.0027684007907388757
36.15812135162501 -2.852760304331913 0.0030220974166497642
36.18973271422601 -2.8431936507522355 0.005191392311883759
36.04092856949689 -2.838071555005666 0.0033602349885938163
36.18693015945186 -2.787770658690281 0.005342002902048751
36.24330255706757 -2.780060181111596 0.07503819557364962
36.166892872486414 -2.726299074300835 0.00871845418334045
36.54900314202827 -2.935834378393846 0.003963436318011422
36.62005231393293 -2.907509256340441 0.004489371597408565
36.61296329282985 -2.892186781981938 0.0032164294107743536
36.60277764040452 -2.8861635717538574 0.006187512433223423
36.53207725520694 -2.9214599238488135 0.006553252692550439
36.55038610511453 -2.886436747088493 0.02097097268710803
36.56589281534161 -2.88179681055375 0.010513631828601317
36.683088622391864 -2.8779432364481505 0.0028069009636208205
36.6977936736408 -2.8509248973382597 0.0031735860219118334
36.66426890146066 -2.838489540719829 0.002762825715430041
36.58468700807417 -2.85038539728521 0.003252674647230883
36.60842874988678 -2.826025898341512 0.0076663340588058295
36.65434735652289 -2.8236530362189103 0.01036380671068854
36.47004280247896 -2.8945841448158824 0.004908532881552841
36.48904806034868 -2.8823510043551517 0.003188148481818058
36.48620278860216 -2.8692145233710566 0.006240409719756194
36.4367326308085 -2.870204979128245 0.0059271714465425444
36.553552279710445 -2.829231199543485 0.003328539917674857
36.453669186717896 -2.8328393275646424 0.011817936160193608
36.48679651217219 -2.789671721451893 0.003213888751480218
36.551520302045034 -2.8114006968522185 0.013117690793393517
36.54811859688518 -2.8085148107516296 0.004950244952483417
36.56479207233587 -2.7854898076812225 0.008609811923060477
36.59982620840704 -2.779315600946456 0.003429059410699273
36.76676081448767 -2.7148208658669355 0.003107791929965098
36.75354652733807 -2.7172708099047913 0.006259272794919927
36.7284960301231 -2.7088776408518345 0.003233788591962194
36.82768262223804 -2.7570316936837096 0.005240627115707038
36.86965927482034 -2.722103288241656 0.03496504601465946
36.86317013864907 -2.6669741789322754 0.0037150080110957286
36.76934272626867 -2.7071575483594255 0.006190837571540556
36.78389786023217 -2.689127611937991 0.005159656735640519
36.74907629191861 -2.681273043302486 0.004707224317497326
36.781182685730585 -2.6581041211584684 0.0028280676867309053
36.82629751076807 -2.6673972728031456 0.0031582223282084335
36.84571696427767 -2.6634030881085526 0.0038614916904494167
36.843070479091445 -2.6630291079125037 0.00333022881780592
36.690252597192774 -2.6654884876358325 0.0035507279978660125
36.670267769522304 -2.638324986427461 0.0036739787463110876
36.63180715441457 -2.643667879224444 0.0029033894514050055
36.75455688224392 -2.62092708207403 0.0058164377522386445
36.767975090881066 -2.610265251183471 0.003960614878513453
36.71517254904217 -2.590640694411116 0.0031412605458387617
36.41584337521699 -2.751194112888006 0.006392438516675913
36.40885006722965 -2.714730926366342 0.011050682712534128
36.50297536688638 -2.7116192583331147 0.004830656422080597
36.51883745355349 -2.715783903402771 0.0030519579079707005
36.43871269807078 -2.716556685401972 0.0038626684704325585
36.4382184154766 -2.680246314003751 0.007126155085655008
36.34674732339079 -2.6695161504975125 0.008043165399472906
36.347238647567366 -2.6700488992770905 0.004964696329714247
36.262020364346334 -2.644982599472672 0.003697124363867281
36.38421929901395 -2.668588736748522 0.0051752563822705855
36.325954940454814 -2.593244972055002 0.002648905954686724
36.41519896561475 -2.5771215182054337 0.004541234145139699
36.56208005949364 -2.68459861196804 0.021238992771792007
36.59754498301879 -2.562753930584821 0.0036560024207073173
36.61842841221394 -2.5108566911163117 0.010353273924294321
36.44517073675764 -2.5542913691943916 0.005191865876239256
36.45167755107794 -2.5447957364470986 0.0029111834901099937
36.45403897371577 -2.5516847686545456 0.0038765947620420208
36.5683893917158 -2.5046447408350856 0.011693543070507814
36.58869115817184 -2.4937499073432816 0.004923190145696562
36.54898160064935 -2.51143650980442 0.0028679361591346345
36.571368810396166 -2.4532102943349163 0.003274122539805376
36.577200872790776 -2.4453276815997116 0.0056757777949600526
36.57280430599284 -2.417829786950413 0.0035993101790390033
32.89691450021504 -5.4440665565123965 0.003604988674055502
32.944510822273614 -5.4039977310641865 0.0040083753213567075
32.980366490566055 -5.357432651725044 0.009801840012932547
32.92718372643609 -5.345748376120684 0.0035293835292552413
32.88069394195544 -5.304716919384216 0.004184228464953757
33.37908683547804 -4.834714866994645 0.007058936410301006
33.02446203161493 -5.339779656322817 0.004011056500846012
33.087170611720104 -5.312369487704117 0.00745616250223832
33.107147175199586 -5.281284574263934 0.0038182421681205365
33.09825608053562 -5.279418889091368 0.003891141594600679
33.07938026900966 -5.279885427758839 0.0027238756329125324
33.080412704177846 -5.271474562566678 0.003618716658109331
33.06061492468385 -5.267564659483246 0.0036951836669072997
33.04434204966423 -5.267631873095765 0.003853528715784295
33.13992564309915 -5.260524455514467 0.0026417975897655615
33.20271829698661 -5.2339872234928535 0.005191181992155484
33.16189617129765 -5.2218329684728015 0.002955523927030845
33.105609037053966 -5.223015658845965 0.004211112750659568
32.95443043441051 -5.2986618253022675 0.00271846721427445
32.94903366597698 -5.238743635336928 0.003809422254667498
33.012629450270815 -5.222446586371872 0.007610005481896203
32.91086146567257 -5.2346663349509965 0.006231447918660639
32.99735396676894 -5.187691854154093 0.00273591212806531
32.93565696064701 -5.189915278269665 0.00805814530995516
33.07319191673318 -5.195193711162405 0.0027081196263255666
33.00602560062952 -5.145191214198284 0.0027492124034221954
32.996126631949416 -5.139059865515798 0.0036402344855971315
33.05996743346779 -5.1321778083180485 0.0030799447052900107
33.264776607145215 -5.1818069640618605 0.0066847172100850906
33.17856592212863 -5.174150298511414 0.0034564088990065712
33.167669851552134 -5.138051727548688 0.007073946967126971
33.31550160831304 -5.116160624988331 0.0035159169631827163
33.30187639796592 -5.121786455051357 0.003469374560154864
33.34015903891581 -5.086854288035816 0.0064160900346723745
33.28646599201619 -5.088486506071184 0.002979616767896916
33.1272229031284 -5.117531114376718 0.004046009373859262
33.18012374290454 -5.069752854517894 0.003136105720219385
33.1317924315895 -5.069524904738331 0.006815403761442374
33.20642847932119 -5.032789293541642 0.003980613436411986
33.24681720765958 -5.00840205365844 0.006227725610906972
33.164722244331934 -4.987727881204215 0.0026480885264620934
33.18862411500389 -4.976385408054806 0.00273456071015155
32.923968045047886 -5.18208259639583 0.005340451245426115
32.90426098057155 -5.167231241822235 0.006940332617033802
32.944687905961715 -5.096007531464815 0.02362598558316785
32.98367719768117 -5.067327937955602 0.0042457401880303955
32.91093207434068 -5.109206120442164 0.005288875874580099
32.947923027221314 -5.030091105221153 0.003028353294936431
32.91910721898564 -5.010567328723662 0.004793807986624128
33.040754919359586 -5.037780370236705 0.008152583199750117
33.078011478758036 -4.969656735008505 0.0029700160387883235
33.07826339280556 -4.972125772163846 0.0030001305932422884
33.04185391251591 -4.939760834322029 0.0027607961116492626
33.10219052135541 -4.958686848971859 0.00372727610061347
33.20040035505715 -4.912517660762728 0.003389747621065064
33.109602781729706 -4.931443700260776 0.005489197408277339
33.13231767265079 -4.8613609427833735 0.004151344210788146
32.98708940442365 -4.977395267567826 0.004638951848223761
32.97943686006968 -4.964417044700312 0.005032677887484694
32.971811599211755 -4.945198768104466 0.003091245553094977
33.009416147947725 -4.918446362841373 0.0035853699945751255
32.88870988719541 -4.944106143580278 0.007109527846850235
32.91331391478809 -4.92090170099048 0.012036014426439935
32.94225083536485 -4.899790487706038 0.009872496640347605
33.02187114318689 -4.8983521852692204 0.007200078138494013
33.01722240562447 -4.901215388540464 0.0080864467237828
33.00709585824241 -4.874955999550621 0.003980686854355319
33.039854802785435 -4.829808741547607 0.004284218178218958
33.044122177456124 -4.800163953392602 0.007875970116037976
33.44032758270899 -5.041450588653222 0.010367115084176976
33.36487294645169 -5.038501192920887 0.003775846491861787
33.37669752233611 -5.037365421596134 0.006429865073222892
33.43630260317133 -5.033818387816388 0.0031640605041283313
33.35627180727551 -5.029330080378779 0.013305328443176641
33.392954714021 -4.968715460301666 0.015842357873005686
33.372686571829675 -4.961966250795135 0.0065878157564720945
33.379125877573045 -4.948360043504045 0.003844079046953386
33.5127522606076 -4.964950831020011 0.003508240191121359
33.484630115224995 -4.941773922121554 0.005099869811068892
33.550521977356986 -4.920979208753552 0.003646060532573266
33.391039919142216 -4.93494028486689 0.005800378306597453
33.249628254310856 -4.936431627160256 0.002925821450662525
33.44860103003849 -4.847638764885643 0.00343452944960925
33.31947898485722 -4.853806728416466 0.0037363008147570115
33.37945371393199 -4.834472518446895 0.007372314514336175
33.50021904493386 -4.8661798627837385 0.02746726257006092
33.676110617901315 -4.806543479374346 0.00476408229188285
33.74335428746294 -4.777954746669895 0.0038708594245270445
33.49927949143755 -4.837434592452691 0.0039022878760187453
33.42730301009451 -4.798904506362873 0.007352876975033324
33.44433996474232 -4.747854287466799 0.0065221786373316415
33.452671579358835 -4.737584238394463 0.005009262661825256
33.63263016719134 -4.70237999835935 0.009744978933742375
33.568293038560476 -4.685075902965304 0.006517898372238239
33.595909098070415 -4.679472149858888 0.008668385951427292
33.21205614902174 -4.904205593658865 0.006374755020023152
33.167446877186535 -4.8582768053534675 0.003179214859309596
33.205723530847486 -4.809713511589168 0.0036044531881579524
33.225240882779744 -4.8056884114811185 0.004235006337954682
33.34611925902267 -4.819922047355543 0.0038545507636636024
33.08778474478109 -4.772388169295187 0.00728753426249301
33.153079541602686 -4.74572507107687 0.0029712714817431967
33.16387032028602 -4.719805087217283 0.004766337758151175
33.22132840951424 -4.673002304123855 0.006292923678847925
33.22367126940649 -4.643994158960931 0.00454300562575597
33.397163201582295 -4.734827187638926 0.0032581132393028514
33.35398154919185 -4.6683894889726485 0.0038489924093406415
33.501021884394284 -4.652470819109361 0.0048913907126476395
33.53572618277058 -4.643019950782608 0.0038265419129715184
33.51119286421149 -4.6446282494344295 0.007588343898989604
33.47982428591683 -4.633439875743311 0.003965995933928984
33.5195740492986 -4.599406153105088 0.004829170395774708
33.34816369848333 -4.66139637076719 0.0032107452196021733
33.30299416082378 -4.56415188150868 0.002714597186353834
33.47429279870496 -4.5621087825161615 0.003223993181366973
33.42284074258531 -4.567354153424163 0.002761824797096262
33.344138390098294 -4.553372125014706 0.004968650391520903
33.34316097008829 -4.562556393355071 0.004900161791464923
32.8901836625796 -4.882737000877617 0.013301016726968597
32.92357840292355 -4.861137494366378 0.003399550520782705
32.92187356343588 -4.846814837564007 0.004648491911550578
32.89903084095563 -4.826449702950599 0.0035531954688947987
32.99096175653935 -4.7723638775732375 0.0027992966835246225
32.948841254815186 -4.724802464520861 0.009269979092030867
32.9572768549954 -4.713461550974802 0.0027683597712743185
32.90333598412512 -4.712536036949507 0.010887479107202055
32.89386621126303 -4.6909503341841425 0.004157281614308887
33.07835794736612 -4.749777009481805 0.003024667707212904
33.02586836200428 -4.753388792014523 0.00347273124576932
33.02032490471368 -4.729092947573391 0.003655560488944095
32.99053079043329 -4.7124331701737825 0.005071855183038567
33.07120675142528 -4.651482428737473 0.00312930158155829
33.021852550992406 -4.6690180004707935 0.004282590059613076
33.04286328299407 -4.654671718653472 0.006678310768026694
33.141044373007034 -4.697754912854439 0.006468358537712978
33.182837571105715 -4.628455337117981 0.00412502756120199
32.898711264221085 -4.613341216229151 0.011405536393287629
33.033486855024 -4.60898516579104 0.006584570312952534
33.034612179655866 -4.5023972678356765 0.003524753858433464
33.03299507539793 -4.494547305355686 0.01675960715733397
33.21842221972035 -4.576108165146218 0.0038711844501047228
33.29793798198568 -4.521657333061288 0.004469956477981155
33.16354865253972 -4.522622263600464 0.002923732797970438
33.15700754063066 -4.497401883038342 0.006118368208178798
33.16576255605865 -4.459012654540173 0.006115698539243173
33.09440315043561 -4.491882946640401 0.005380569117576261
33.0675952027105 -4.484165279443532 0.0062043475763570366
33.157947024339876 -4.448915330665337 0.010879549428163274
33.26799450985558 -4.436548408656652 0.0035620980087651033
33.25823536584008 -4.4147998023853825 0.003191652605660944
33.1690872355702 -4.420739200097374 0.004423919285085899
33.25262391768861 -4.360951416872604 0.007110488029358445
32.92177845605535 -4.5686588959337735 0.003028996730924364
32.90328057772375 -4.544897792157694 0.0037800214964547095
32.984181453481874 -4.518664963663394 0.01428699275890522
32.94378474835712 -4.506433857687477 0.009221863500361364
32.96985831460583 -4.500162010651882 0.003458518034180898
32.971432613463456 -4.485523123758422 0.004001435166615116
32.95085128951357 -4.483148796775986 0.0033730296564012463
32.97548240949962 -4.424243089080024 0.004713386945367428
32.904265973265126 -4.43181404955768 0.005678182470343009
33.0448240465845 -4.4652484700299535 0.002754544986921857
33.05699964585854 -4.451138214269579 0.006722147607083522
33.0137582950376 -4.448005334003214 0.003191143797881359
33.00461473666218 -4.403106049480075 0.00505918114416114
33.04923114530968 -4.371173322725487 0.003829769927498295
33.040936976404836 -4.338041221789923 0.004223558069134018
33.188026333419735 -4.347776785616677 0.0038486615371768314
33.088817428904854 -4.36052259007759 0.004429567964536437
32.99504101340145 -4.372170699912108 0.0028058185660630114
32.97272806280607 -4.364396334278626 0.026981619538897935
32.94255651339811 -4.367780549337107 0.0031133625682494
33.00574661159346 -4.34899927788885 0.0031104228565516723
33.018153519190484 -4.343493416935496 0.003937924311952068
32.98983202747969 -4.289781294268604 0.00546546722905533
32.96809902035896 -4.274093544547005 0.003017263399300751
33.01543253368274 -4.217892197969217 0.0026779619043605
32.98436749078088 -4.216740678842386 0.003342914889545037
32.959659573951605 -4.192530827547505 0.002729547363301589
32.920841665640474 -4.205260153411079 0.010983092205529411
32.96429846887133 -4.14771217189763 0.003907938446854589
32.88413885722695 -4.112114316309767 0.009070332748727105
33.77788653961674 -4.705152271809586 0.003536300354912805
33.79077639324129 -4.693588884378693 0.002831905419524114
33.693437282744355 -4.694947261007382 0.003502647070104881
33.71575517470537 -4.689388963930896 0.0053158719329790835
33.69785201445211 -4.682570669154984 0.006017204818571155
33.70185451218006 -4.687666885838816 0.008031815794838342
33.7843148213755 -4.627988606085914 0.0028850618939312974
33.763503349808666 -4.628171152032373 0.015085505051687428
33.77526757257447 -4.623811234624603 0.005600614553653816
33.82950287335307 -4.587239759613644 0.005188467248058287
33.82925949219632 -4.578319780581288 0.0026457623962701056
33.828687594138565 -4.578507113572015 0.005229551564800841
33.642229868138806 -4.652674474632514 0.005193612215476336
33.63444687901679 -4.648862107151717 0.003815599468471267
33.59993924440918 -4.639973901638245 0.00910478876891151
33.76942510593273 -4.573137012422574 0.010872495575815612
33.74323142085244 -4.572124740863932 0.002874359530626252
33.79277563582709 -4.582405569448612 0.00314083212713393
33.76255392498616 -4.5523874289495465 0.014305470780147479
33.72152589702319 -4.577882943526345 0.021399267917605422
33.72606522720129 -4.552895076839195 0.0029269067729075088
33.75111116998152 -4.550647261924521 0.009435630045362886
33.874541152001214 -4.570269846612916 0.003096612086847679
33.91315820841974 -4.521112049684789 0.0035575215096569335
34.05705301459931 -4.490464289562649 0.007328501812812229
34.04009409837968 -4.48167943514171 0.022699369696706852
34.035075792262866 -4.464529870984942 0.0036571538406745675
34.003672154748344 -4.474941181899142 0.004070908580343052
33.84957927157484 -4.539474092493685 0.0026871247843774496
33.84939647410179 -4.5388662858602515 0.0073038706716136515
33.828686273475085 -4.511787270390116 0.0037648048093028353
33.82330021144147 -4.492848492486613 0.0028800571096236874
33.779673205307404 -4.455725084718907 0.002804795678545572
33.83974974270287 -4.421951257594808 0.007241260056005821
33.9415776019403 -4.426093466736736 0.0051089437915850825
33.95517498157481 -4.414242975008281 0.0053414274580703665
33.85754217785104 -4.420166214254876 0.003087154996533724
33.85448792902875 -4.406864503393187 0.004673002621046283
33.91792986995309 -4.3797289596453925 0.0045457194073782485
33.92032235815751 -4.364257143091131 0.004404491179681383
33.7309554162775 -4.493261770459742 0.0027879672935151568
33.63703292314116 -4.448519403628605 0.0037544111813369494
33.47530625353036 -4.542957970744319 0.0057252167027107715
33.500805183778354 -4.5025142073263575 0.010837084497779186
33.49493125882997 -4.424266762612597 0.002922528329047309
33.58841011326651 -4.412881484583102 0.006386798132282229
33.53794895010012 -4.4282813507327505 0.00282971609244549
33.57622965651109 -4.352811661157948 0.0030407645577465526
33.742226518928355 -4.419409881986356 0.0038145086987698895
33.73733304420359 -4.38482586698009 0.012332269719167576
33.76464326227291 -4.355777654459764 0.00536821448543671
33.91662506240493 -4.333436733808357 0.007362456970931941
33.89170252461095 -4.3026124408756825 0.011216195606111649
33.768550543840405 -4.327285389165403 0.012611712724237568
33.76720363274815 -4.316868923958011 0.0036137935600052727
33.83085143244473 -4.26985259178876 0.010549177738191466
33.68585256203888 -4.352083542438457 0.004198817509785033
33.67522324801586 -4.288746071442404 0.0034739073747651287
33.653755126466216 -4.269012748064197 0.0026811322377719316
33.797090884048586 -4.237417136783381 0.004242959434231685
33.73565665955195 -4.247445171442727 0.00411498247167762
33.732435620206 -4.247654859582485 0.0029812120269690056
33.70523632642778 -4.228590880581345 0.007041544928098957
33.72403339354632 -4.216061982395797 0.014585974152260577
34.103742207890846 -4.452653800619339 0.003222626838316109
34.095883476216514 -4.4546990654038865 0.0034053098500428053
34.12173182621543 -4.4292553511999495 0.0037320623405951575
34.08182697921406 -4.458020985041673 0.0034791325464089053
34.08776981546927 -4.43064670910004 0.0027932489527805605
34.05481534111325 -4.418300423801843 0.006185299443824805
34.103917224304546 -4.383140020969676 0.0040696483993732735
34.102456097599536 -4.368497269117792 0.007453242978384772
34.20804570860752 -4.340749576073766 0.002852784259751485
34.116898519056846 -4.338273584446438 0.0028195877146502605
34.15488423810594 -4.296483820729708 0.007818569745083942
34.16199807246756 -4.2840314358475435 0.005356818040935902
33.98735497191715 -4.35861180854074 0.0035398501653718228
34.06423694011662 -4.3261965297008445 0.005250439331710072
33.958012946769735 -4.341234699039655 0.00399758318451356
33.959350138920556 -4.339782185117421 0.004246173685894787
34.10182472888943 -4.3070748777841406 0.006679133354675837
34.135400691537086 -4.297610417525074 0.0061582111343766646
34.10717001579237 -4.271117592713034 0.0026955526850930005
34.04171854569599 -4.239108695675868 0.008850490487078625
34.048579492848134 -4.240539543674957 0.0035230789829179075
34.35028173981154 -4.247059557402835 0.0031096339892197045
34.29767131358054 -4.239408713516897 0.007177530962172534
34.22905187378509 -4.278828427174527 0.0030694978930943155
34.282867386488725 -4.2028374112987334 0.0033871191917885014
34.35741229657461 -4.2180405284638 0.0031820508801253993
34.447098078940456 -4.180821037100409 0.004241084344948224
34.31727278063722 -4.192362188650256 0.004871550900185565
34.30177922569891 -4.1910388942281775 0.008411379440712935
34.372095982393695 -4.157841702505379 0.0038872075503954616
34.38322003299197 -4.127773094516603 0.003039315672905551
34.35091024316366 -4.129758683375979 0.007252634217476026
34.16905614930471 -4.211515099484755 0.008524944192460637
34.21013543503898 -4.187945169664087 0.0030274765968016995
34.14744398614445 -4.160065731559189 0.0027307965129641063
34.1835931192444 -4.1601400833250555 0.0044692704355724705
34.15861779376097 -4.15269193597179 0.008958601109144275
34.28048051818047 -4.145601291649061 0.003523805504356578
34.25532930373719 -4.070808442521261 0.0038355417517546416
33.961349520497045 -4.2580200660387115 0.017302894692312668
33.98724406427154 -4.2228130000825415 0.00349117705503634
33.966015015384414 -4.167971810908408 0.0059177353589662885
33.838305559086216 -4.2015387116911675 0.0028409848292702882
33.819270332821304 -4.193020377550045 0.0035328099884824396
33.823255487174436 -4.152548928052015 0.0028363256966279773
33.990356384567924 -4.095322636487076 0.03941050724451738
34.10203953674568 -4.1752740443212515 0.002740796396432014
34.128482139556844 -4.125141678347122 0.002768178298511761
34.12041522039876 -4.104782081982072 0.002851586464611753
34.12006632308075 -4.105084664407757 0.003683657043265229
34.1168734152826 -4.105723040138049 0.0029270707483653956
34.10902373824517 -4.087943106062755 0.002972254167163145
34.08299537006602 -4.049265188236297 0.004685504071693918
34.21812267279009 -4.059763294409354 0.006832711513788679
34.22862807833738 -4.0602952043509895 0.004154713485323969
34.02104598073551 -4.033290705513481 0.003129922143264412
33.956790154019565 -4.052895158662144 0.00637626296522614
33.98687412255278 -4.033502895152377 0.0032715729192178988
33.95090307874809 -4.014971601310465 0.002879221552731089
33.96897964263068 -4.005987073322862 0.004888728225598675
34.10925602579083 -4.020931995611143 0.008240548971276542
34.08541248837823 -4.008701282449972 0.007022392014052727
34.075031921184994 -4.006197077986519 0.0035800088860126877
34.16864271499355 -3.9395521686107826 0.0036953309515417583
34.06353178713518 -3.97745020493311 0.003432688180214719
34.10127097799237 -3.954089113158936 0.003276602849594309
33.35999394074839 -4.403781115345646 0.011105965617297126
33.427621371592025 -4.37626253406685 0.008081877336640607
33.3777116820905 -4.353916223741922 0.003110652335922679
33.502431187980164 -4.319041695687215 0.004069088163083639
33.467615477211055 -4.3260359419513845 0.006036987889200958
33.29053614389802 -4.358225589861777 0.002798485329948861
33.34612218083156 -4.311930335574921 0.01959755241253418
33.38642406516203 -4.311685587202309 0.002822962861165974
33.39124790982556 -4.271276738840258 0.006090614114700828
33.38983073541011 -4.240098438786116 0.006820238620207221
33.60580257053971 -4.266730128343328 0.003217391496245275
33.59812942235676 -4.2445178686126726 0.002997919828605204
33.52258033410999 -4.22896304845193 0.003790291221351369
33.585127177068514 -4.214729634818104 0.002730440295715385
33.55517839384753 -4.200366870173048 0.006489244528677445
33.667265033982595 -4.2498841223450325 0.0037702203620553943
33.672810199532734 -4.2293367877978865 0.004825416330166748
33.66285186122012 -4.231521673292216 0.0029733166622359242
33.51678137665461 -4.19879363455624 0.005525061475293311
33.5115176714614 -4.1862916959845915 0.0029994379678925974
33.419111289615635 -4.188985356784524 0.0028412946240690467
33.489383849240006 -4.171220120629234 0.003944454171732498
33.4888274648426 -4.128478409960192 0.0033920127780345893
33.571698884092875 -4.117105673683655 0.005871426648346583
33.59401206922457 -4.119952159359825 0.002816671079393671
33.60549207924363 -4.080459432630825 0.0032014361132494482
33.52846907025022 -4.079891865715933 0.006526564729175491
33.583189794191256 -4.043994443919766 0.003587781239525226
33.25622858886266 -4.249246672603691 0.0032352354269813495
33.194478327509 -4.249736530797276 0.004517658459338644
33.15307400078539 -4.2413253972276275 0.002905122798699608
33.21753217942236 -4.2410611980907325 0.00770687179723405
33.32720252705098 -4.222290371372792 0.0031736653818313287
33.30338323352028 -4.216303180957652 0.004046907749383624
33.32976089019646 -4.180700515011086 0.0028774675827722184
33.36199452781648 -4.166856089657645 0.0038055845005757977
33.342578504957615 -4.168815347050499 0.003420340750006925
33.32389253001196 -4.146419825266819 0.005584392943171515
33.15282231232132 -4.231140636481531 0.005336243325667081
33.11535341218878 -4.180935340667159 0.0058935036198593535
33.12500086684379 -4.184356887440365 0.003501591582609048
33.097170973764825 -4.165655562416784 0.0029124475612745835
33.16247096981695 -4.1317927180882466 0.00337912030977512
33.12598391107655 -4.141121092912237 0.0063824911990111866
33.11762706741668 -4.141111689657379 0.003985597654532244
33.264036582758564 -4.070489753901513 0.0045499901828574465
33.233703278735206 -4.075989834510205 0.0036910379850939295
33.41291633017086 -4.089843985659566 0.0038480315097447356
33.48553676017373 -4.070027603929712 0.0033193540261583537
33.47778228728149 -4.0529439874586375 0.0034211677906708132
33.54540554634465 -4.036936425635332 0.005936182367914195
33.476417251862216 -4.003437187727447 0.003331223906991516
33.469762989750066 -3.993005231839747 0.010038106281990068
33.321051850237716 -4.07625330895927 0.004727931760347613
33.38769105305473 -4.040541407098198 0.004830662762193314
33.29503214646293 -4.034045295102243 0.0032926096343142424
33.31613726713707 -4.020958620077615 0.004517933868440963
33.826768857200804 -4.099263855458864 0.006382053854218122
33.770609693087714 -4.096206644269538 0.007226965468767356
33.7906764573564 -4.091125785226869 0.003237175498253481
33.73030581131988 -4.09804166433063 0.004706563794120415
33.765684884580814 -4.058956659360681 0.0047799217234784025
33.76119915037051 -4.051669312755999 0.0031193027968099904
33.8268812776813 -4.08694044531051 0.004615641182280587
33.803339137697186 -4.077250587901682 0.00528421615688133
33.86542511076982 -4.017643311820382 0.0029743118378782784
33.68462290517977 -4.066142869979533 0.0033665497335169077
33.74180589902827 -4.031872394328846 0.0046927556863438115
33.67476094345931 -3.993646952934936 0.0036370870838176614
33.80531132173823 -3.937227045546718 0.0029119238238743124
33.752191953703274 -3.954207211744752 0.0029039919932697116
33.74749512729072 -3.9495146409741526 0.00404135563536572
33.91646095257687 -3.999002360579246 0.004403124694087986
33.861718158674734 -3.959113154828416 0.006219404945005207
33.86364041831335 -3.9627205160126153 0.0030569552033430833
33.95786158067875 -3.927629359306476 0.0034015745584446036
33.89101639353566 -3.9132700000330423 0.0034361147565743675
34.01425838940082 -3.9315536438959136 0.0044277402420117235
34.04579741839484 -3.9145072672670578 0.016866579380733767
33.98814976899608 -3.9216809842574896 0.006062715998070581
34.029548302866424 -3.90295421706395 0.0041216674129864175
34.0560339162124 -3.896345979308324 0.003443675569664852
34.078649771343116 -3.888753144949981 0.0031535434897232966
34.095676844267565 -3.8852058232942848 0.0029498780656326907
33.956602078192915 -3.872016738031353 0.010762193707960145
34.02608655575862 -3.868456493028578 0.03924336462697905
33.83114721914181 -3.932704622309266 0.0036680017957501534
33.880101229585776 -3.917364206827871 0.005744841944435727
33.83874338778057 -3.882638378326622 0.00883444496515937
33.81614379456182 -3.8896888933571896 0.005959421584757678
33.82758643218202 -3.8797826486456906 0.0032424760700912434
33.80275311218371 -3.8391643388256793 0.0035394923223130087
33.91306329181169 -3.8572477257809945 0.005511763184281786
33.91176459280321 -3.8625696157591713 0.008167344594506442
33.97233708676187 -3.820262380156488 0.0034139598920071568
33.9959128138847 -3.79832733916268 0.004458387060620938
33.6138558229165 -3.993680043326932 0.026551285072247847
33.62010142899938 -3.991181758172027 0.004505171619718886
33.64364190494495 -3.9643367301997943 0.0026819271673724997
33.537354319984786 -3.9870160255941594 0.0036887578745521377
33.554542628330196 -3.962778833643644 0.0049674279844052985
33.638551989431186 -3.9101948197304415 0.0038698790314199852
33.66513071342275 -3.9137829816655385 0.0032534344020347843
33.730212249876246 -3.897856575986746 0.004743364944249531
33.648775199417045 -3.868219377786779 0.003297867361906017
33.53657111794935 -3.88883934256134 0.008073262145554138
33.52904818952997 -3.891035807645543 0.005400700820861445
33.56030213335945 -3.881918080857864 0.00322845115130615
33.461027936989275 -3.867816624406883 0.003048004715927999
33.48310694454643 -3.831812159993186 0.0036204597582239094
33.46787321236472 -3.8277897448408944 0.010617853273968565
33.59787700194113 -3.787761076937179 0.0028193574082723753
33.58450509101652 -3.751076165250088 0.004775046549059689
33.713754710699945 -3.8063760968363862 0.012868318445399356
33.730278062156735 -3.77801735749891 0.005013007906902826
33.814361310694444 -3.7400132973487614 0.005677963803569284
33.79356902337917 -3.714894876030173 0.0077572736943442916
33.8372627245387 -3.661243646676607 0.006233586992305179
33.67891779982638 -3.77778758625848 0.0034029450762856125
33.66726974230837 -3.7409187968451545 0.003986339423055214
33.6914256784739 -3.752408772074565 0.005129742079900978
33.7318366142946 -3.745158365846587 0.00457416540153892
33.653118819259376 -3.7361380123104952 0.003236336375575018
33.6472820411338 -3.722127785407433 0.0035602516764977293
33.74441041673833 -3.63169674804307 0.00311458931682512
33.76413315498374 -3.6108585387060383 0.0030367078674290596
34.458843327709914 -4.130976944468479 0.005012540615297078
34.4657209277368 -4.088603252084723 0.010093236385158855
34.573525751903176 -4.06545833916607 0.004601649537226917
34.50860875394768 -4.020454804568915 0.0027753479533289362
34.55653333026123 -4.006031211163394 0.005137222542677289
34.52193001484626 -3.994023070911001 0.00451683280077733
34.37111757044534 -4.1006442514107055 0.0026915991632307655
34.383266702308056 -4.072281495255548 0.012911671989364878
34.38789991074102 -4.039793825501902 0.010315210729786506
34.39217377217755 -4.0424718169444525 0.0062096346619212135
34.35560240436769 -4.025080809380339 0.004542610543920013
34.32766262393313 -4.022477715879104 0.006476342743907335
34.38108909958234 -4.008582286853348 0.006546486997329881
34.36725443621366 -4.009751747299795 0.0034505290621895638
34.446356161364996 -4.012006668213456 0.0028455748555028105
34.45292473966444 -4.0085909522892145 0.0036402440410322847
34.425456571834246 -3.9915901232199817 0.00757820273689543
34.44254292872576 -3.947299814996643 0.008548581069200865
34.54640947949151 -3.9557306367914737 0.0029211684715730346
34.71663999606831 -3.953754307418467 0.0028262248105897737
34.767145694068994 -3.88325978246613 0.0026545606640268195
34.6691531814672 -3.914817290181952 0.0054663241257508705
34.70601329245612 -3.879973046931307 0.004685505528178342
34.701080326568416 -3.871604096319369 0.0045046315536793596
34.516637410122215 -3.9063072893323345 0.0032996406450657148
34.583064905198064 -3.912183721193259 0.0033643958191449078
34.55591631323848 -3.874092141209226 0.006942436156521909
34.514584321600125 -3.9005007395323226 0.002973384236129112
34.51867433549674 -3.8891721081470143 0.003676625200344771
34.51762915561599 -3.83734204091061 0.025346778644378162
34.533209113713305 -3.818031041243016 0.004956617884995278
34.65757369789062 -3.817435467662142 0.011797929172825279
34.58181541099685 -3.841894370344134 0.005586817754288781
34.57195496017824 -3.8335402930834617 0.003079488166807365
34.58494838288855 -3.7976683554535304 0.00546252999375013
34.236718261003915 -3.9662235344494814 0.005033717279746152
34.208259776822004 -3.956823181176023 0.005433815203935857
34.23087898155714 -3.925210714190342 0.002829819497892198
34.301840655182154 -3.911812690541927 0.003915768781222739
34.27701082998751 -3.9145913360561506 0.004406052570675062
34.41737606068114 -3.900974692278257 0.0049490662174366045
34.42209653011398 -3.903840605924638 0.002696491307476444
34.39504333740629 -3.892982853204403 0.0027178458106430236
34.334311513356425 -3.859956527602202 0.00298021258686522
34.33494816468447 -3.86183406318962 0.00382547060880418
34.36819119494638 -3.827117104637963 0.008729873982387289
34.226111034666495 -3.8818807145130942 0.010202994783647706
34.20551467267127 -3.860965334126365 0.013572349188497002
34.28316772085356 -3.862350316341444 0.003113746157571664
34.25475126056556 -3.809015719795008 0.005247596994027612
34.25871025897008 -3.792010709049758 0.005417835875036226
34.25567220886892 -3.8032471674247743 0.0033081126470014474
34.441765616275966 -3.857868443872199 0.0030302879902330162
34.4557398133883 -3.849019065184789 0.009268675436258223
34.47357081951459 -3.8498005419793793 0.004047950327410492
34.492312409728534 -3.8395575790649072 0.004465993119223117
34.51692162394804 -3.822223576922306 0.006292969322489054
34.417961367756206 -3.819034082390749 0.006601920261993992
34.5702213968226 -3.7815112860579183 0.0027796551811342107
34.5403881363581 -3.742760346784462 0.003208460593400477
34.39688212835069 -3.780630400083406 0.0027190708224679653
34.39354507449831 -3.764724917434424 0.0030224548333521776
34.358571954684784 -3.745212503204584 0.0037678888645766725
34.34004432928903 -3.691991655719439 0.010784642533831011
34.4837031672776 -3.647491816596864 0.0035797635745509677
34.40367707478379 -3.6803074269000393 0.003976243110384929
34.40967823412902 -3.6645299840494423 0.004454382574235849
34.888808175955525 -3.8061511258741954 0.003719667109933905
34.86175461114055 -3.7900847036823153 0.003311078975465112
34.76616291339952 -3.828856452497916 0.0027715695393346687
34.81730673237913 -3.7823165999336745 0.006519162995262298
34.818503330607854 -3.760261761313943 0.002730997984434399
34.82808591559125 -3.7349237825725 0.005125105911498031
34.724796007578 -3.747830840742276 0.004030137416373431
34.73090278019635 -3.7540936608031896 0.007690900444252317
34.75847446210881 -3.7241259850246906 0.005639128611097274
34.8370805786404 -3.7025252104037385 0.003244124438797459
34.76636129867842 -3.6607644578253145 0.0036999922092866904
34.75807489514475 -3.6314008543217753 0.003032412859080523
34.83031518520875 -3.6214781017028286 0.0027058753393303307
35.01720929672123 -3.6794701556802942 0.006193152434701129
35.02313647244119 -3.6579830085524025 0.0033942401754177517
35.02948084350669 -3.642297206747874 0.0027308135846424633
34.91465314335377 -3.6485786857386686 0.006201002973740049
35.09479270418792 -3.5345305257107382 0.008473369001035057
34.95802966779164 -3.5880523587494912 0.006908285375627119
34.93313801048406 -3.582095517480698 0.005875653743907911
35.014262774345084 -3.542747275009361 0.006917423016632574
35.02003493923192 -3.535104025748796 0.042768671392018516
35.04647113560955 -3.5147624627789016 0.005299892181588403
35.03422857033963 -3.497429441491126 0.0069042884883044305
35.01289462643957 -3.486132910645158 0.003691268993213952
34.94568249998943 -3.515780031889037 0.003460524828990711
34.947906226400896 -3.513666359080592 0.0035139001343988336
34.97846910954558 -3.4787429650792796 0.008164321430499928
35.009267284405176 -3.482697530074756 0.002896983252951642
34.6210454407567 -3.7130331241693257 0.003045939196374384
34.55830294785374 -3.669319647168383 0.009316694492930582
34.64321788806425 -3.635654516088192 0.0030821884922503885
34.648876175146825 -3.6045898014679865 0.004595004802375226
34.59690647392628 -3.6114786628600895 0.002785155032008582
34.689530697332444 -3.6165111895401783 0.0030152277723598402
34.73489841355947 -3.55368933010639 0.004432590737626449
34.709767354598185 -3.524583563100702 0.007899441452379183
34.55512854230511 -3.61702736004102 0.005102791807710171
34.54662869794087 -3.586309084957909 0.0034385002053650316
34.5914496093372 -3.57557708810726 0.009988691256969167
34.59294060774779 -3.5677483082339956 0.0032695853563812828
34.51379777430323 -3.592255477016969 0.0034021404191558607
34.528200730033056 -3.5893270386158465 0.008653263520425801
34.48589586054508 -3.589517221924716 0.00346934364468095
34.66501449707586 -3.4831715523743325 0.02503442446992592
34.807490858183854 -3.559303669062235 0.003234653643530779
34.83336721173348 -3.548889753312162 0.0032384466702228025
34.73505650560453 -3.5114243117735517 0.004010183258771476
34.79643766852018 -3.500032952820063 0.005154564099027431
34.80562491935114 -3.4512164421699096 0.0030427814826236295
34.928985986724676 -3.4741720201916 0.004454846299028336
34.940163765245515 -3.4236063387056737 0.0041670661011243915
34.85540388058511 -3.454201140369619 0.0038026887915469723
34.840159498103105 -3.450714900837669 0.007396818283999139
34.73859971102532 -3.4664519105710103 0.006905020855236111
34.785904480474805 -3.4319399167805353 0.00630725071429441
34.734464075074136 -3.4194021761612388 0.004489600778097958
34.71951347807566 -3.4239657188813135 0.003835918263952973
34.70658185226391 -3.37850475906947 0.0026809636129629393
34.783075354903666 -3.399483356007266 0.008965621174445415
34.151714940900035 -3.8262008764882607 0.0055617624367560745
34.12735235353771 -3.827393509917113 0.013188383113640791
34.02306629165611 -3.806240059961463 0.0035067359417996946
34.06154709397822 -3.7776646732842862 0.005086822336345268
34.05691873580049 -3.7766058849420534 0.002724836634608327
34.094575451678324 -3.798774198069203 0.007258176328021847
34.1093385534123 -3.794590358474864 0.004396921677789623
34.07101329407817 -3.7742012613108553 0.009515070043495015
34.17770495168202 -3.773580381289312 0.016534606722020215
34.21072029011377 -3.7458095346291858 0.009280660153277933
34.23900903121858 -3.709357828610157 0.004413384745934003
34.14745572100077 -3.767401385631187 0.010842347679748976
34.18001199399458 -3.672676565259256 0.0041827429378113595
34.052952601404016 -3.745132553305349 0.008028321755342752
34.14114670126148 -3.6863298144257945 0.0029158427206723778
34.138705526476095 -3.615868578615906 0.003412788381665275
34.0962663879249 -3.6233886252324616 0.00813113140463108
34.2727471040167 -3.670438244794592 0.003522766758593498
34.252065642800375 -3.6379713667540017 0.0028702288116417164
34.30937672221898 -3.6290114658249415 0.00441223494187266
34.24851680834033 -3.6152329982243594 0.0038561737115555086
34.2767334375983 -3.589999837329621 0.014277767138791008
34.35789750018432 -3.6253955228628474 0.002654664728856179
34.34904215445227 -3.60448229633021 0.016254078752421863
34.36308858804817 -3.589460451851006 0.004169637833160942
34.426931571865225 -3.5789719915444556 0.004262350254929579
34.32133340575406 -3.56850176888098 0.007919635060581602
34.34327350359503 -3.5384517598148513 0.0030706618590598186
34.33368569437934 -3.5372498491874738 0.008025564041272538
34.19031551288377 -3.630713646576584 0.002669880107851121
34.22171358837741 -3.611450237508357 0.0030212086511419074
34.17024135322356 -3.621576906749248 0.0035132369328347104
34.25941743764306 -3.595710760984066 0.00429546588934535
34.132862873301455 -3.5959826902816765 0.004724984678896092
34.30245008401471 -3.5457596957328774 0.003630585381309989
34.34822925277124 -3.5229507199542627 0.007426051890955468
34.230036458394984 -3.5111590683149103 0.002798869758293195
34.22940153457811 -3.510076422048954 0.0046678013429198835
34.273767520161314 -3.494635649648131 0.007855745396983619
34.286360401455845 -3.4906585963141255 0.0031816442607754446
33.90027441069253 -3.707547276001893 0.007504237657846899
33.909351710180744 -3.632366912495109 0.0032152939224762214
34.04750987962723 -3.609884445198144 0.00703408973882898
34.02207469335107 -3.581103125669591 0.0032054563302234295
34.04851585560069 -3.5615101621881866 0.008405444203940248
33.96146367323366 -3.553032693213668 0.0035153182158690482
34.042691917173755 -3.5415452968367984 0.004202745817419358
34.00505503799804 -3.5352405878333766 0.0032403203972716497
33.84453177154935 -3.639082320438053 0.0030995234370366454
33.858794310430895 -3.6006330301206697 0.003811633845450618
33.90428101264802 -3.5622230937150525 0.003605512409137913
33.98395365639823 -3.4890692268737156 0.0034501290080198523
33.869656294829184 -3.4851591714389394 0.013746440278487319
34.091588112721105 -3.5247848782401627 0.014165080749906828
34.100944563386825 -3.5269434889502067 0.0030284111368651854
34.14186532930741 -3.5264584907130487 0.004173974625976256
34.130758240933034 -3.5112099879067773 0.003068262623080472
34.14379999996452 -3.4772950614550338 0.004028944265591525
34.06702840879082 -3.5006868451829662 0.007558516050153703
34.053508775929195 -3.4942375420147287 0.007116856754869931
34.10107849771465 -3.4962823524972424 0.004583905804080893
34.11904493639466 -3.478957528182773 0.0037059553675618333
34.16341602339426 -3.419264002334358 0.00595078684968413
34.20890056318366 -3.407925195221594 0.0051721190721125765
33.97530990556759 -3.412533095580042 0.0026472809510246606
33.993614222763355 -3.402902906783486 0.0041099271566681405
34.12327236377373 -3.4127081386714013 0.004161358766856139
34.14793533123824 -3.3798621263158286 0.00916747901738513
34.03183067281263 -3.3613478781156436 0.002760847984995236
34.11097753751781 -3.35007777598302 0.010044059565934694
34.460596003491666 -3.572889544843144 0.004250797236991015
34.50679506217795 -3.5132256332475893 0.008969020664330753
34.39567246735301 -3.483940519492873 0.003954484108433023
34.42002679635925 -3.4791871532367846 0.01229732439607391
34.5686432930719 -3.4830835546574215 0.0034975006156942436
34.51483277485293 -3.4826344599501726 0.0026921090290626245
34.414295710303634 -3.4368777871971865 0.003739428163636998
34.43116225652606 -3.430155995520733 0.004882241405951884
34.29534455935109 -3.4211995446357863 0.013017692831588016
34.350899404211034 -3.3964747124019925 0.00853070835344225
34.466327564091685 -3.4205946121514317 0.0063022104952879295
34.48706126465024 -3.4002040185183047 0.0035759888387084313
34.45418453885378 -3.382084087726494 0.0037699682668909038
34.623208894400214 -3.389552794283104 0.003347997034290386
34.69763193780541 -3.3755156171524945 0.003251599137003751
34.679429295094465 -3.334919559282421 0.0028079875611251312
34.62430569999078 -3.3174851866126995 0.002821754391539454
34.63455665809859 -3.312216120557387 0.018210482362478866
34.710919719498456 -3.34513463098061 0.0032335137318441325
34.73952027438094 -3.278002822516029 0.005116191945092218
34.68162928541734 -3.276941646665663 0.0027983922515193316
34.549609155060345 -3.3316799502356997 0.0035885813405837656
34.55835400428587 -3.3344872712324496 0.002946859734170892
34.51777967376842 -3.3042559260906375 0.005947075672219484
34.54265461216317 -3.294500421283819 0.0031816683267982945
34.53706614486931 -3.2947930339117217 0.0026965419725820334
34.5092753674878 -3.287798656343294 0.0038973603239079195
34.502470340092245 -3.287971770218432 0.002872004854268822
34.48264778944764 -3.278939576560222 0.010097110163610194
34.636978496982984 -3.257154813118026 0.016050054062834655
34.630945668809396 -3.221628413242184 0.004245789020320656
34.695080224477024 -3.195156392189339 0.0041227115940288975
34.66114131168796 -3.201096621466833 0.004613417509811579
34.66329501048758 -3.2144784511276776 0.006925019323938391
34.59470455123755 -3.235337288855168 0.003956434585389488
34.64084207219912 -3.1665590877298073 0.006285838586524244
34.60858805643477 -3.171898250807503 0.0028302427372572016
34.63044836168414 -3.163593401951056 0.006654251552800017
34.62383800532234 -3.161628216787212 0.003779575669509503
34.27558961406292 -3.4148931640222377 0.003613196115167647
34.33710256595549 -3.380434863281005 0.007609607026467016
34.30545487900082 -3.355121572869402 0.00269112666594276
34.244081754043115 -3.3615928202917327 0.004523632593981458
34.25052020013928 -3.3494029648417327 0.0035203575027934367
34.28660884649548 -3.33752929102826 0.0027100819558625784
34.28677751490977 -3.3201527848626204 0.01288073097203244
34.36006006522777 -3.3330063120034574 0.0036528174145237305
34.36170221988409 -3.323829108764331 0.0026446968296841423
34.35511353018063 -3.308484421824189 0.011663181245885829
34.35593746098232 -3.3081673581379163 0.009745668946449237
34.158494500059206 -3.303821801278494 0.0047244135302561135
34.30321745351303 -3.251567067112125 0.0038455239865008957
34.312506555343894 -3.213575519429948 0.005302324399503802
34.21347739328276 -3.2293947757617825 0.003993649389434195
34.20310905316142 -3.215424057055712 0.006621738631822134
34.23341683882653 -3.209443145498001 0.0039481327761574005
34.25546868450267 -3.179477637755356 0.0043860382988751105
34.432277320314604 -3.232615269450377 0.0057662569307454425
34.476823211321474 -3.1999820895726 0.004301440794649361
34.41235608410029 -3.212972819377318 0.004659876047360801
34.45843022061946 -3.142077245220002 0.00315166181287487
34.554086942042204 -3.19439591161195 0.0056742301182281085
34.56395289447757 -3.158998810481967 0.00897393510516375
34.547931435167285 -3.1477956955105975 0.01273961503224191
34.53959983280059 -3.149382398937626 0.00433552389959568
34.58280476902153 -3.1122096093529574 0.0026963030912211814
34.468080628247534 -3.1365699432110064 0.002694520298638257
34.521126564479914 -3.1072637955519165 0.00457407945792098
34.521745618906685 -3.081928626261961 0.003295535881916879
34.3743603126684 -3.1337971961004536 0.004571618269542149
34.417870055601966 -3.1178653877612947 0.004521651270533601
34.33381000437218 -3.120174792283265 0.003411892542524409
34.35545557507307 -3.075941923007003 0.00542100633272788
34.46862024947651 -3.0984335234807254 0.0046921111303427614
34.470221446965326 -3.0851252223977963 0.014350787531937572
34.43653593050346 -3.0921679940029585 0.003226858558782702
34.39640055359313 -3.0551987060665655 0.003182708174782577
33.09591913336757 -4.132282847582711 0.0027570230347054455
33.068945646445286 -4.108588667703371 0.02022552644714755
33.06339741765502 -4.102554273049365 0.003173880781670484
32.967616511826684 -4.107180896093036 0.004981565266159273
33.07743022017918 -4.063480207241104 0.005229310439573234
33.115652379062006 -4.071703784446612 0.004140780787592255
33.17974335767294 -4.032501267880664 0.003323108525442029
33.19381697969833 -4.0193229425493895 0.011834222615878456
33.168045173461216 -4.037665206621601 0.006609836007581419
33.12697632623114 -3.98167471927414 0.003239980971694308
32.946272435390746 -4.094443383155397 0.002690674696696275
33.007044875134504 -4.052095966663037 0.0032881735731245154
32.87846615061452 -4.028180029805473 0.00364196870484724
33.10366528677032 -3.962914613017392 0.004628194901929033
32.970458529178586 -3.949528859744876 0.0031013413143305647
32.969346640247736 -3.949921934929131 0.0037671182645473895
33.036583291425295 -3.9459028218515257 0.0039141594157811165
33.04933054282378 -3.9291266700614895 0.013237981036304764
33.06095011899914 -3.908191451789317 0.0026520768806805313
33.29172890367326 -3.963756441737639 0.004200256229623954
33.23095221478725 -3.955500550142102 0.004216234276693516
33.271745965664735 -3.926073297989237 0.0028457060658971132
33.195376568192884 -3.935584532513291 0.0041541989307798555
33.216320884547976 -3.9465791010666305 0.005085892655969978
33.2163338946736 -3.949639235001888 0.003126178915169119
33.22288014621031 -3.9001171804158568 0.0035227969333919665
33.330995019418715 -3.930478718992932 0.017620144660089133
33.33121348814039 -3.930739994714426 0.015876841697929283
33.31800036727623 -3.9212112282482807 0.004465367987981239
33.3790275492556 -3.8716214769228583 0.004739254592655382
33.29430541500029 -3.841697436481112 0.014587136926768555
33.32332715954718 -3.831990584371618 0.003809477384062671
33.079424113499115 -3.8804678392653735 0.002726238047999362
33.24140215698735 -3.8409219676913144 0.00660269877584614
33.21323785403749 -3.824796216131696 0.005700614453725282
33.246660774905315 -3.7980336080781543 0.005183819184581098
32.88788002274634 -3.991274435801292 0.00374728361920678
32.8928678155275 -3.977537247812517 0.0028512736765518407
32.893043626291295 -3.918074770944486 0.016364787474957003
33.005294204410696 -3.8883066179440497 0.005241607710699411
33.02661078755869 -3.88792794830822 0.00404377366513963
32.97392158447304 -3.880374704960845 0.004887763676766297
33.00927808287924 -3.870417809975648 0.003415791115681809
33.01464300000066 -3.870872397799975 0.007561559077877494
32.90386603378823 -3.897663984035153 0.004432408250640671
32.94486472355311 -3.889763382118774 0.007822271571871611
32.87858742474646 -3.828882421052201 0.003926959702019177
32.93418469961462 -3.796047295974548 0.0029810951612429877
32.87504532652561 -3.7928971816657944 0.005708805340241265
32.88047397038097 -3.794988804287581 0.014469487855091834
33.07598785501407 -3.8311735310008648 0.0036490677323376456
33.070374371586155 -3.792245248759531 0.007529333858142655
33.013945332887616 -3.833718867540093 0.005639665418913489
32.981975750899 -3.806816252528423 0.006092265262264562
33.06828935157664 -3.7616700142169033 0.0030936453439193642
33.090824401717015 -3.70666428143698 0.0030446070915920095
33.10918979389575 -3.6952944621102857 0.0066373149285543715
33.11502900109687 -3.6873600017954167 0.02021365153637871
32.91382348755094 -3.7367790938113616 0.0035096108951842243
32.91870768037179 -3.733484227710268 0.002835518594559137
32.95107711713763 -3.671464423177425 0.0028476676697103843
33.04583718814394 -3.7131888778599937 0.0030645205262575964
33.07496266096212 -3.6468805257862336 0.009648505519334612
33.009313232695284 -3.643407417669744 0.004344066497016978
33.021336394474474 -3.607546933670136 0.002872900828860354
33.056325621004 -3.6106584894179057 0.004131886655717889
33.40969090045264 -3.862139547085221 0.003470445388129825
33.39335798319549 -3.8367529829106313 0.003125697062585283
33.43437729060869 -3.7997398271340614 0.008688341437076003
33.379191221769354 -3.820440317682534 0.005407598571116995
33.37773845025758 -3.799135346651325 0.005271848237917373
33.351769516763575 -3.7961923661569954 0.0032164167463641594
33.420062296190636 -3.776208198257831 0.02396116595670298
33.41607140393865 -3.737057573548577 0.0032558967904413494
33.31829441005463 -3.78904930321874 0.004016184674898244
33.31599850929882 -3.759683703276947 0.002927422689717678
33.32700941802183 -3.7398851016398384 0.0037677077164581315
33.309013418609695 -3.7271698270982863 0.004332410499000309
33.31432985002893 -3.677990803215202 0.003846260010847999
33.41019196829224 -3.711679289224022 0.003237218097412508
33.4673925021981 -3.659782544815165 0.003435529599273584
33.46330973686484 -3.640470041818462 0.0029778025646263278
33.36400319116427 -3.683121027818692 0.004828842824183073
33.567276597103884 -3.68257846570842 0.010659065589775935
33.53159357060777 -3.626482644408645 0.003631497877088405
33.55649172732305 -3.636147893041196 0.039117406810523295
33.664473762534136 -3.6322210602947314 0.007338864675275109
33.731509837812695 -3.598822141457792 0.009517298475987533
33.47695866009381 -3.617637004533349 0.004316489806155979
33.45515621356755 -3.614748138370821 0.011451756621863962
33.45840469860371 -3.617121076441323 0.003927522345447224
33.469588272449904 -3.610169283655341 0.003173527489762167
33.501802329742596 -3.6055734824181815 0.003266866064882966
33.51362166087428 -3.583388980017626 0.0029339434215859828
33.48299848006156 -3.5694262564745123 0.0028751690488475062
33.63108884481167 -3.5028260954323978 0.0034090021459590226
33.64893987525978 -3.498875369700694 0.004740811194254894
33.60375993779567 -3.5021233407047836 0.003162866378034943
33.561327943565786 -3.5156863447699016 0.010503801106247357
33.54734103898857 -3.500584774317456 0.002951890168747462
33.54281253823246 -3.4827530102345152 0.0036961965269121148
33.58098908751345 -3.494759260499234 0.003273044233525518
33.57690333008549 -3.4430642716160493 0.004903615448810079
33.5733946932006 -3.4437994869167725 0.0047574772437028855
33.223786970624005 -3.7286323941810897 0.004808760909818309
33.27816304678458 -3.654142684687714 0.0030480919896163448
33.270224216110556 -3.6396862574902182 0.0026972143998521244
33.256396760601625 -3.626758252598398 0.0030713082378510314
33.18858512331121 -3.6230065799298017 0.004320997844001351
33.26374337034738 -3.609597764658234 0.009849749931080716
33.34303166707536 -3.5547758155288074 0.004926994240699959
33.29977980281284 -3.5265585191034043 0.004260705135208706
33.13277101367185 -3.6534937839591937 0.0035915684231689273
33.142343958899176 -3.615156534458676 0.015420755792802695
33.18831113013645 -3.5587043803425225 0.0027377141750476097
33.1828826949977 -3.5616422489268187 0.003129064566165614
33.237337993017036 -3.5617716938271555 0.003453993847344993
33.20854629506976 -3.5116178095529493 0.0031701706042797317
33.18825338783612 -3.5150562394559173 0.005403674238503857
33.161992927119506 -3.508954754985177 0.00345708979096832
33.25171590971114 -3.4711206386688507 0.00304145380522246
33.25190378079643 -3.4713937961821753 0.005106423553457303
33.467947757082406 -3.516423466307463 0.0035865523116301603
33.50040499570815 -3.481721953693185 0.006618541854653682
33.42489141311931 -3.4129403756977057 0.010296472753800558
33.34217538728478 -3.4666622181451716 0.007048525246066288
33.3212644087177 -3.432748758528513 0.0033082673561716527
33.33534580895729 -3.4149277148926114 0.0032359143252215727
33.28884598307009 -3.4403871406944555 0.0026650195828473223
33.30261701243051 -3.414864273704029 0.0062032931420554415
33.37032799364039 -3.389980674911462 0.006974297108868875
33.43120342877259 -3.3735577384731488 0.0028741446042577726
33.373396919289775 -3.34765061810395 0.004104888827287177
33.363876550555474 -3.333843091626731 0.004575571377678608
33.41447553370054 -3.3261356843585 0.005321500896068403
32.89541223806739 -3.692722152658979 0.0038852118942005625
32.93606056519903 -3.646631224981907 0.004240198661610797
32.89947044767383 -3.6706253903565345 0.015260827720096732
32.914458583400766 -3.635444810420663 0.004252120707619972
33.00328539799902 -3.6196264684973833 0.004841343300342719
32.97305968825829 -3.553372495017908 0.002975163378462679
32.931521384726395 -3.524808583771887 0.00367102721903415
32.914787243508925 -3.5222906895536226 0.003146789552474278
32.92703598254112 -3.4970193292576184 0.006206414110150269
33.08756875413556 -3.475910706355377 0.002891486371105217
32.97004388990015 -3.505455730182606 0.006091015288931082
32.99419729928454 -3.483159260053998 0.0036827180856547075
33.04080875881897 -3.451123021780519 0.00297514570405272
33.14400602605037 -3.48625402994551 0.006201999824563129
33.17312055676695 -3.4497778834236654 0.004568526407547018
33.169328661282606 -3.450845023962317 0.008789354367291667
33.190415497340176 -3.4424601925568172 0.008701942907682806
33.19174023740748 -3.418047913671151 0.003013762117846329
33.05546206628483 -3.434310507982829 0.0073964064664545
32.9475566990351 -3.488257389687277 0.0031036948073085405
32.981490505301636 -3.482846465141728 0.002769303659692405
32.90902237260901 -3.427037725558114 0.003731419438453182
32.96258445062532 -3.4145827814389698 0.007306510363304889
32.97432759608028 -3.3734708853167277 0.003145111883981042
33.08501851865636 -3.395647442416366 0.0034388616158746318
33.060343261058584 -3.3789951108343885 0.0027571483526034413
33.04851131897695 -3.364321235065994 0.016306154000270325
33.19488462521981 -3.3883933983475303 0.006420244236012557
33.23053438730311 -3.3775565445425344 0.00606817622552116
33.19236572406479 -3.3439391566367367 0.004272679083331544
33.22088256835067 -3.3450968108354053 0.002740557191564951
33.209362694894004 -3.3396184871721224 0.00345672777805329
33.21821918312913 -3.3361148415153687 0.006718289273876828
33.2014711452445 -3.313186895246152 0.0026453563285117093
33.31830188113163 -3.331780372968191 0.002739781883462835
33.269867375023146 -3.3052409355820784 0.0033602636551421034
33.29001155379436 -3.2275777043518694 0.005646195149779252
33.31600262839489 -3.223170866959681 0.006810367919313118
33.122767821471705 -3.342938694735595 0.0045699426462522535
33.09474247607937 -3.3247158929998735 0.0031883542929239755
33.19067878515053 -3.291557841019764 0.003324302985403669
33.10269840763072 -3.2857458458689055 0.003852290188835714
33.09894264732877 -3.2874580589231304 0.004118896078084718
33.13727769086136 -3.26207623965851 0.003981017251857825
33.26044513101843 -3.250479993712444 0.004432891428880208
33.28625288577944 -3.2023657486909074 0.007276486360542231
33.185879383739206 -3.229525451489966 0.003742396554427402
33.15189873819877 -3.213342039808285 0.004702551924363401
32.890060949641274 -3.4127916454625917 0.010988777366085717
32.923574810435966 -3.359266815447421 0.007207037380672468
32.92129601616269 -3.3528126949275916 0.003969559990075888
32.95304362640767 -3.343604320777623 0.007180671342206061
32.9893756131162 -3.3139667779884743 0.004962062493826252
32.92836403670398 -3.3322623529979687 0.0033558635931982476
33.031966532021706 -3.276818911150831 0.004223681920121931
33.01506335277527 -3.2631478805153504 0.004212489046569639
32.95002652679831 -3.284581995904128 0.005119758958723535
32.906342421512846 -3.286657201127634 0.005877603082701594
32.88031532032052 -3.2909940024705233 0.0031497823466937252
32.928177222943845 -3.250641543866467 0.002894832299055556
32.910323172188676 -3.187364061707098 0.004997966543421574
33.09874447855499 -3.2391771191239775 0.003006662802150462
33.07506366764077 -3.21482183101352 0.011354056724509511
33.09076936475926 -3.2058058383752677 0.005254416799233756
32.989104775271606 -3.232076432128034 0.007056716165145571
32.99815575514934 -3.2178780872896766 0.0036695824460041262
32.97739537016587 -3.2145944113857134 0.027276440855630572
33.10215194277666 -3.1606777185148767 0.011869713038862846
33.07261321407224 -3.148457379693774 0.005854137174291281
33.149775083891534 -3.110006763769275 0.002690114557225415
32.959813673380395 -3.2033355162769386 0.0037810064185919445
32.98088791011446 -3.1659669566433273 0.006683356530356747
33.02201000673585 -3.1441103355903866 0.00671583797079551
33.01650866018692 -3.111568202960358 0.003196962886752632
32.950723060000016 -3.1367294079722647 0.005435823910211499
33.05129774360402 -3.0777437971446435 0.005135801320492712
33.02512875517097 -3.048015532147903 0.004085505077842074
33.723310359084195 -3.5281850117578593 0.003760950042341471
33.750884359855 -3.5047591344755924 0.0029204526184231365
33.745506568818634 -3.478600941627255 0.002699346615172304
33.83151810375106 -3.466047995281566 0.005523924061534382
33.84654848597116 -3.436002687364736 0.003489339884404425
33.82231586456766 -3.388013337308126 0.007822021667051595
33.64540005732807 -3.4495966614936555 0.004591833526115004
33.61895360803641 -3.440717628766829 0.00303009845248326
33.630363273750184 -3.430010444956808 0.005780336741952575
33.68553401637382 -3.38836323841509 0.0026857594321883344
33.79844742320287 -3.3772513681172978 0.0031142487558324036
33.77861132953811 -3.376945552517317 0.0041171341179730295
33.76763308170464 -3.352184902805033 0.004387311289077474
33.75424662300912 -3.32539553332803 0.004149401547874706
33.94414263664863 -3.385771660677472 0.0037693325046296846
33.90765965669815 -3.404032909755765 0.025701283319531094
33.967387887504714 -3.393803687297729 0.004297803790922113
33.95642428237765 -3.3653949059780524 0.004407535963337538
33.85039930334313 -3.362569901295839 0.0036941797607304445
33.85988398951659 -3.344037892774718 0.012176056358368315
33.885334283101976 -3.352632750631481 0.010546137628090226
33.88522330964135 -3.352212302510083 0.010071666336232585
34.027999128913805 -3.31509249866483 0.005851837256696129
34.02281868431645 -3.3131829422140964 0.003958332431364412
33.80360998041425 -3.316307853925152 0.004753905666543301
33.86799232757555 -3.2608339657682817 0.0035805288683482704
33.80180066580066 -3.279811757277461 0.0031377042402445775
33.83955417739101 -3.2521654764650427 0.014229301271439452
33.95118921214704 -3.246162025331738 0.0031609230221982267
33.95104690434673 -3.2224409846225868 0.004719336933930648
33.90084048273688 -3.169897248508258 0.005316353547331408
33.614985694643046 -3.334136290125628 0.0028088293183638193
33.66082468218777 -3.2855118284512175 0.003878197656731098
33.71461049642385 -3.2715580093996635 0.0030086809041987555
33.62906548122301 -3.3013475672812143 0.0036353288214243063
33.611903283850175 -3.2567712159307303 0.00451485741841176
33.659210596078196 -3.226396909846871 0.007758691960222678
33.45592766215978 -3.314356193758976 0.0034932510608594726
33.50669364733063 -3.282431609714302 0.003507098588945374
33.48813123402975 -3.2166411271549253 0.003349705640994403
33.48825538200042 -3.219767446545886 0.004353610878444656
33.591527222397445 -3.1918013002237564 0.002674049236975973
33.72184526901571 -3.2380266695434177 0.004977464939613344
33.7402966373178 -3.210490355755398 0.002940857523357293
33.675679352283424 -3.2024921351668354 0.003644471888108599
33.76367604717316 -3.147075415578257 0.0031753531267314943
33.8495481434396 -3.1597450498494006 0.003356451758995229
33.84340048970964 -3.0794006075365834 0.006455181452541317
33.827917913153 -3.083597483350406 0.002935957128437741
33.68684875138372 -3.1730807204873113 0.0034648943322775233
33.688141494544126 -3.145200573845429 0.004551706439252243
33.6675459171634 -3.121205261607108 0.00331964157184987
33.73170713483232 -3.0774257950971324 0.0036402632777080787
33.80561770801292 -3.050896243114084 0.0031535943555556366
33.71561465289113 -3.078137665609773 0.00743982875937207
33.69250685027105 -3.0746396291186016 0.004415141122440612
33.70850636661221 -3.075823072224203 0.003003849568647425
33.69702730037482 -3.054844428333497 0.003808516352212158
33.70226340595589 -3.0358438745544674 0.015553484460034682
33.74634258468721 -3.049264267056703 0.010031597986767837
33.74802958398116 -3.046616777206747 0.006252666347227278
33.720100053091436 -3.0298425154692774 0.0055669255033938
34.09969800737203 -3.2741897823423325 0.0037485922210528234
34.129821627453204 -3.23292207098069 0.008537120070659175
34.16152754455494 -3.194187849807831 0.0027996314245222844
34.12225315466245 -3.1822110925849993 0.003225853197776131
34.08422704229703 -3.1695224499450214 0.004159737540742298
34.1091374197325 -3.163277253885384 0.00301720285239586
34.21519348606395 -3.1601637188873113 0.0033426528051882522
34.200172837777274 -3.1480450218300495 0.0033812090258422385
34.25105482692815 -3.1383310348119173 0.0030329911607321802
34.20615536340914 -3.1292175978097307 0.007561778200163826
34.13992908628487 -3.164379588791924 0.006671851012561381
34.13842015992233 -3.125127380147209 0.008424799900224962
34.060714065681324 -3.147689641339224 0.003461320460825201
33.94187821531717 -3.145609389966038 0.003996627290839322
34.00193888465232 -3.0841320607144067 0.004048790400566144
34.12856927983684 -3.09868858523794 0.002842743758129831
34.09974123509825 -3.0906253299124424 0.012580251243829995
34.1738309732515 -3.052829847295731 0.0030863374923614283
34.06795019711767 -3.0354663107886917 0.002774665151195742
34.13001034016861 -3.0357794437325074 0.0033032629755410086
34.11689324609507 -3.0278197883006377 0.0026491982812713675
34.08244275082566 -3.0068385774231334 0.003191912221470941
34.327290349003135 -3.0612827610546147 0.004042089073507698
34.2387684835289 -3.0308019057931785 0.0039995759165955295
34.30808099216826 -3.023289805089297 0.008735776405403283
34.37619215993723 -3.0215237539005773 0.003778447955601817
34.30709423343287 -3.0083724130724216 0.0029610049922949412
34.350659266425254 -2.923979829209547 0.0036912872246027285
34.2123480380971 -3.0231846878768316 0.008302750541466347
34.23192248892292 -2.966406875036994 0.004601297826751271
34.20649184259859 -2.9361715595861795 0.02498155739724106
34.31245967053544 -2.9344220319488192 0.00285450533885972
34.336786406705286 -2.8868768228055526 0.0029103186985305783
34.22239585515141 -2.937448959815021 0.0036960041451261157
34.207628172321634 -2.9043290549854484 0.036566278496487775
33.944276761492894 -3.119178136567495 0.007612331973903042
33.88472363741503 -3.0980163723968572 0.0032299955545893803
33.91599789192155 -3.040696032360378 0.005156146693337657
33.995230523589115 -3.028213268822279 0.004841343300342719
34.09667179956166 -2.986066142900385 0.006241194967227249
33.95268466154734 -3.005558251028475 0.007438522733214813
33.99959735686941 -2.922891422337475 0.011810565965383383
33.80466271286488 -3.004110529147065 0.003863896454773323
33.80694240189643 -2.9791410657566924 0.003564515763215361
33.84093267311673 -2.9613458706078557 0.005092381475179843
33.83371474161333 -2.9306471009899178 0.005502796465002556
33.93252502526844 -2.9607513200265916 0.003915598510384127
33.92660030026065 -2.942023846746578 0.0036582646849970635
33.967101585179215 -2.945520768160149 0.004282200763921363
33.949102821443404 -2.9232071249808067 0.0037872449452253337
33.97801024960955 -2.8842697313739567 0.0030152764071958073
33.90134603004113 -2.901576879495362 0.007094958093232149
34.04854763414703 -2.9054958481036235 0.003353669024503339
34.0970648219074 -2.8420797031838156 0.004678144901911561
34.20147716700993 -2.8977857323997007 0.006257755557908419
34.21878363727838 -2.871976110506098 0.0026923493056648044
34.24799369890631 -2.830154152673302 0.009931410304290815
34.13699805265531 -2.829999954715906 0.0030276820746620125
34.20203670713644 -2.8032924231593 0.010736636864633853
34.03730606213705 -2.8608009497166287 0.0030298299173619077
34.066968359403845 -2.8285635777285187 0.008231797049980274
34.05251077034855 -2.8166344704674593 0.0030220844736136613
34.03153017190728 -2.795337437547857 0.010350038245830374
34.09858288392136 -2.7761872837604527 0.0034706295055572578
34.11767319409186 -2.7675185015480603 0.0032580660890525245
34.05663685069483 -2.7785056859306385 0.005948127642804346
34.04482142939816 -2.756442144955037 0.005909750888510232
34.10900774430037 -2.733089238439296 0.0030089306250868724
34.06274211287495 -2.7230372516511743 0.0032285755952401974
33.39768791847307 -3.2288013887152576 0.008911417782569984
33.48148099789944 -3.1813664622384734 0.012526163168521282
33.46053953848532 -3.178773062496227 0.00592303964607821
33.50773511635034 -3.1418080110597866 0.0037917908533145975
33.50380140155668 -3.1089061989305953 0.0030414407792868333
33.321492875834224 -3.1740274509403426 0.005098746140859712
33.278875586640936 -3.1641007456958277 0.004496020570883747
33.33790262154825 -3.138718039163417 0.008050244940525624
33.33090410229087 -3.11058403556926 0.002940158170575395
33.32256087479446 -3.1058032988232007 0.00881098688120937
33.43972185507515 -3.049252678677645 0.019286149973717047
33.45404998196617 -3.049780987758606 0.005260554261508738
33.426049267286935 -3.0321273529699475 0.05431225711360965
33.57704542389316 -3.022078363418011 0.0027228323048328995
33.55393302627903 -3.0152594126761856 0.008079753374430721
33.58697229833288 -3.0076603426945434 0.0027255116932316174
33.73526620610999 -2.986939921696269 0.0030596710662120874
33.577054617665546 -2.984341263135754 0.010754241988755771
33.473950987746505 -3.000646127366859 0.006382247172792263
33.44834480416552 -2.991772068332566 0.013562517438920636
33.5895325058546 -2.935270399109821 0.0026824784680305937
33.57710825833765 -2.9151095956875688 0.007285815840347657
33.57222355139974 -2.914032743930968 0.012473445809870263
33.553911804870204 -2.9138137398526 0.007926378640830862
33.516768705967635 -2.916278518534906 0.002999903361346572
33.54730236930862 -2.8957760056530937 0.0029629065879159832
33.531345960557914 -2.8770195573064155 0.0035028419697060217
33.60870504392578 -2.8799973758382 0.0048723244408943765
33.5741933595771 -2.838166607421539 0.003678152652814395
33.57419899903095 -2.8386966954800203 0.0030297570841911797
33.20776195682264 -3.094669950297275 0.002909495364621089
33.22818715552047 -3.0703608871781194 0.004920265459986131
33.25810839833974 -3.0858569885593736 0.002872516748835102
33.284570633559476 -3.057934527633557 0.004758575832630158
33.29386049288344 -3.0538732125420807 0.01630616976972694
33.2118816542865 -3.053617772496866 0.009652714020781316
33.17641880647158 -3.0608977281556524 0.004240574472231598
33.1632551038182 -3.0529699934939463 0.015117285135310654
33.32175930354866 -3.001406710745934 0.003490485953251142
33.39553172724687 -2.9838810625642824 0.0032076976030740926
33.354532568545245 -2.9528422498080715 0.0031000105698609512
33.25860305406316 -3.006708165542238 0.0028588214672703375
33.11928449712953 -3.0172127255524757 0.009131125137633497
33.090595135139935 -2.9575453954067 0.002864711949438907
33.17020042414413 -2.9517651044592044 0.0029108114836327464
33.22982930973104 -2.9685171512693747 0.004252470843537388
33.21550711434629 -2.967823313377516 0.008457831614748997
33.15135784848369 -2.903286749002347 0.009433781097650954
33.16754972476886 -2.885224540227085 0.003252932822614998
33.22010093266083 -2.9026763485783382 0.0033415904772119615
33.42697651522518 -2.9421154958628137 0.004555478692273916
33.381460065685765 -2.947668686551085 0.0028349236997657354
33.361450597759855 -2.89450689934633 0.0060253323854288394
33.35890441032095 -2.880264504434431 0.00438293328039274
33.407354321036905 -2.878857060415756 0.008721590660419016
33.472193994965075 -2.886460090859814 0.002898213530262677
33.4849057811739 -2.8811969504316366 0.0033252700029932376
33.498391678567295 -2.8098126089807187 0.002853621606281021
33.49079607218243 -2.8041342067184116 0.005979154485957499
33.511785636672805 -2.8135488318561683 0.005301983960987025
33.527250167894444 -2.797420605474256 0.0048599329729487
33.281246156886674 -2.8662700104132153 0.0034271839052080616
33.29501152018581 -2.867739170135561 0.003018663090457827
33.308585537460914 -2.866896066790886 0.002807616717061537
33.33916057953257 -2.821697519780714 0.004042363414130148
33.32746166251271 -2.786926304125679 0.0027357156798945084
33.29726270147131 -2.803697778417259 0.00478187120471377
33.4378891358532 -2.771695001092999 0.004344846468407732
33.35706718492792 -2.781921496310156 0.0028799119812271978
33.353948703011255 -2.752203240330364 0.005420093826509405
33.40878052585105 -2.6990916804733045 0.0031322457210122903
33.743071368548726 -2.9757736114194233 0.003721483258545935
33.78520192422708 -2.912239291403713 0.0036038275386214404
33.684127772174556 -2.917434949525025 0.004121729765976983
33.69086654994964 -2.9007275384656888 0.004245654842853674
33.828306481603214 -2.8425414212369295 0.0030784953335595898
33.755421339418845 -2.8404623111044516 0.003510200547439771
33.63564488166329 -2.8826868565381756 0.003577720748568969
33.59608660003017 -2.8323587606013616 0.0029231617996578483
33.67883174401816 -2.814842369718252 0.004771559180170217
33.67962523586943 -2.8076643669652652 0.003193898898513972
33.67032064411165 -2.7719155783652343 0.008543176612908477
33.73509041486906 -2.815131936642332 0.004380618214526968
33.726908437003196 -2.808361716052752 0.005296059914123961
33.69630989683485 -2.769900683893324 0.004919419571642947
33.74573710390478 -2.729452807753166 0.003661394118875179
33.731167566106706 -2.709188275599054 0.003395248762664127
33.74603337426303 -2.703334679508049 0.006679265540834408
33.95975509695894 -2.776312686266061 0.005629563466194926
33.96635895050922 -2.761927610759331 0.0028329242017818648
33.963672019694656 -2.76655443579334 0.004534074790391512
33.87326494430852 -2.788917381078428 0.006938833149547175
33.920579724994184 -2.7404174735268203 0.0037353570823154456
33.895481042094964 -2.724042124481214 0.00343843001798185
34.08283602149948 -2.698921931259904 0.0063868612219609095
33.96898965662676 -2.7075412604606997 0.002674604183751299
33.959530988735395 -2.667447681802976 0.003253674432446925
33.99557531467643 -2.661510524080473 0.005045985225903459
33.81444004923437 -2.6944846842205115 0.01229623882251441
33.786558152619 -2.656274288724329 0.0048379047613133766
33.95496771488925 -2.64381931357391 0.007080052117455991
33.991037807119106 -2.625844627887421 0.014506495733541937
33.94335894066556 -2.609017827366523 0.021597450615080397
33.870680047734744 -2.631990604723804 0.003212431380306272
33.86638900174544 -2.6206738605835467 0.004079730634592457
33.576978844263984 -2.8332153598855077 0.002679247410366813
33.60047261979051 -2.8060836868083623 0.003233060112974751
33.5712920103533 -2.7704610018412303 0.003429170149695029
33.577613016781875 -2.776721612211399 0.0030515145819617825
33.62389241983455 -2.773733212074843 0.0040249131598557395
33.64504173922405 -2.740486662279387 0.01121421542447796
33.70052130245179 -2.7036704171479458 0.005909811307026166
33.6936332663914 -2.6984744661578866 0.006104158607858516
33.516232896252106 -2.6956516750592394 0.002961349353688385
33.512151561124085 -2.6726898372949455 0.0030005209583396724
33.457897662957926 -2.7067633353341054 0.003432780896051112
33.462968268409504 -2.6987377144283653 0.006135706253431367
33.50306922074433 -2.6617026140569897 0.004888367573826292
33.46922725983892 -2.6597827966765224 0.008939037817669639
33.60636090151366 -2.622504119689622 0.004162785945498825
33.58316139662817 -2.6084335657024917 0.005047596024349474
33.49980435559352 -2.613453564981803 0.006535877814043448
33.538908177399854 -2.59780669155264 0.0026957143134332725
33.73576210452827 -2.64356743222106 0.0036719124662079627
33.78949429359053 -2.623616075317521 0.0029224483852231834
33.823593886211896 -2.604560914228376 0.005661730716896856
33.72263762038563 -2.5672533621361473 0.004127062013053516
33.725486816931486 -2.5678668775837856 0.004517314728642891
33.87601866122567 -2.573428500467847 0.003367898462281667
33.88546353369456 -2.545978667534038 0.003737774308735055
33.916340224917064 -2.533922886870384 0.005262051444032959
33.88963435364966 -2.514707941324163 0.005858581685502186
33.822156447862035 -2.5298650756753527 0.009972368991234522
33.875851860542646 -2.4972050738106324 0.0026461389144093826
33.69515914270243 -2.5540484366471192 0.0028059063674800433
33.68998595274424 -2.5282050671008687 0.004287773043534589
33.757513048165876 -2.5284370840277863 0.003892540228682063
33.774544698287556 -2.510144894160413 0.004425971515827306
33.80174995437116 -2.4825334225199684 0.0028511412246955475
33.78161592658661 -2.47785877374724 0.003184784600459561
33.81518411220374 -2.4547968307415595 0.006817711971728375
33.73529558869449 -2.4627694931397097 0.006566824572587124
33.754814549833625 -2.4316942724257182 0.0028210341570268057
35.17067251211464 -3.570017078632174 0.01729127785705511
35.15632602034844 -3.558374813634566 0.013691747759581084
35.15547126214415 -3.5588972809200357 0.006923760146811736
35.178250919768146 -3.5203572559960663 0.0027520854205678727
35.16935858964327 -3.5101818704316283 0.004127463150440009
35.109117680170826 -3.5376126472890417 0.002894264945656062
35.076874920450244 -3.515389003821797 0.0054849988343517895
35.081994536501554 -3.4990071495034463 0.004849621949071099
35.100264846106505 -3.4831341907937445 0.003043956344451547
35.17793081647265 -3.484346558062338 0.0026920965694831166
35.2774180025571 -3.467340117642659 0.0071573409282679875
35.22282846383702 -3.472020736919598 0.003286367519394515
35.19720859518493 -3.4276270183279327 0.0037386276158025587
35.23371766546201 -3.40968128378689 0.0041464872529076565
35.080382411125505 -3.4523776943816262 0.007464534757666772
35.08637121353775 -3.4068015865770795 0.005917029842125851
35.12660332484156 -3.3951450595462203 0.004972268755655313
35.093000639995935 -3.351273334303141 0.002708878021863793
35.15132690781697 -3.3112991034998203 0.002982982047250646
35.34391053762623 -3.4040334560837797 0.004392369170427326
35.272678279624216 -3.3737491521944447 0.0055150065124361415
35.31536831078152 -3.3580817181797196 0.002857564583478497
35.367470191334505 -3.318426786430863 0.0028036502780674787
35.35940932139564 -3.3087679068995492 0.005926318246461482
35.45670584794306 -3.25340140588929 0.0048016209130380275
35.352200795942615 -3.2936477356141443 0.004181266314185152
35.37415348964366 -3.2648125046628627 0.0034669675726320616
35.4271211160648 -3.258297325414941 0.0029926335787566873
35.45738176047997 -3.2515947080371657 0.004456368283218219
35.39852494882308 -3.2524498227165863 0.003867622157395242
35.399033925432384 -3.252390798182183 0.007625492260357147
35.392501688214 -3.2498926240813915 0.010431055703631866
35.258799990736684 -3.3347479560083033 0.002700385327656727
35.29004068841666 -3.315856640116044 0.005050727753512735
35.28335674363592 -3.3002510331661226 0.004739377851363366
35.310535536205236 -3.279150091288688 0.0026602291904062286
35.17872991567321 -3.2857946075606534 0.005463915566661998
35.18605556911218 -3.294650072227254 0.0027861211982449963
35.36429495634805 -3.1908655790386047 0.015734608975072485
35.286797634792904 -3.241620276024635 0.004432247662184465
35.30543052228786 -3.220849851267489 0.009661907038186387
35.26385444077838 -3.196644669928198 0.004670372867456795
34.99248827683319 -3.409125860571993 0.004537416955746239
35.02076813938906 -3.3711923296603064 0.005109546426643358
35.04389176636137 -3.3456426438539264 0.007288295198924247
34.99439987192064 -3.33651485421864 0.0038923774209156992
34.99346267336636 -3.299044332986463 0.003791612353834403
35.058554502626606 -3.3379581671281575 0.003926653049174829
35.05359764059405 -3.3308019578551593 0.0067477167619096595
35.11937597372003 -3.295197436733856 0.0026415225932882704
34.84033261894664 -3.2732796038473015 0.02102958259135251
34.90364890338774 -3.226382182429741 0.0038481621588553716
34.95389995163405 -3.205968885585654 0.0068655635995880145
35.01351562470292 -3.1648264555999788 0.00751792665848072
35.18625461217298 -3.2480130264301734 0.0049160600549082055
35.20163959385602 -3.2456373487447596 0.002710193532833693
35.218381754612516 -3.198507382827025 0.0029237877327779435
35.21571589938137 -3.1991390305507257 0.005190274111170967
35.16994779799211 -3.220441864522798 0.004370081733238985
35.10530928608692 -3.2406740037132327 0.00337921601388862
35.14565673556406 -3.2053106115941743 0.004831534773805657
35.09191935874146 -3.2103185664598937 0.0055677800381632595
35.13519853167253 -3.1792462377362267 0.002832915787061104
35.33010102433526 -3.135524108647142 0.00289614268544812
35.2527838285477 -3.099242836619324 0.0057220663535966125
35.2244902893923 -3.094304923467964 0.005861820557046603
35.23781357302341 -3.0672028297892147 0.014253901049985087
35.129768532689845 -3.11755257577309 0.005338901699094953
35.121697813207085 -3.1235996984342553 0.002940010013638057
35.011051793559474 -3.1559625967974987 0.002840371030967448
35.00509891815089 -3.114965327707998 0.0034023118643899102
35.061629597428954 -3.1233543838615287 0.008835425710367852
35.16763483239459 -3.0768887425242712 0.0030697203241926425
35.20580980500488 -3.076795204739483 0.003262310993445257
35.12229423598763 -3.0553651473400745 0.006371841213290065
35.09976659881623 -3.07017741795154 0.005580307158770196
35.07973784343964 -3.0568621133367033 0.0026999691046308565
35.150767370065466 -3.0106291104725473 0.011815017238432727
35.1623493143258 -2.9950201779993475 0.003003498294097192
35.59167996236701 -3.2112823361866845 0.014097434960475459
35.464376125811405 -3.242185657929812 0.022704768628871455
35.421817765132396 -3.2086669534839034 0.006234494765166454
35.5465419777951 -3.170377700945012 0.0067601905813020014
35.6069789611868 -3.1734394262810013 0.0027084675993938124
35.564316106583895 -3.1754112177197396 0.005985956956535171
35.55455757555826 -3.120255731781474 0.0038360698331315088
35.581673108461786 -3.0854680955551013 0.0036088154602082817
35.44899502701367 -3.1541713704195105 0.003307621259141418
35.38324082498745 -3.1308391943056035 0.012855566215000273
35.347875287660344 -3.1246972691123323 0.004581051505183622
35.39305348169522 -3.11475444935063 0.002834908718841568
35.40304826237711 -3.0776481486813143 0.003024534199644461
35.45889575728142 -3.084996817860011 0.0047503603969278035
35.628356513953065 -3.04991653650554 0.003010211354815871
35.68429291081938 -3.0316002651759484 0.003140154631020564
35.66765465874234 -3.014057406847058 0.0046977556615435045
35.66027874407518 -3.0182319176070154 0.008566593012138047
35.678994736409585 -3.01057164373251 0.0027741287269031165
35.73629249960473 -3.0245019026444115 0.007573718332421203
35.824976115660434 -3.008558889377806 0.005566817253736595
35.81556747852128 -2.9730887202862744 0.004193990762924379
35.72080867063248 -2.987233913753254 0.008123726517762709
35.779319366052 -2.954465329497109 0.0028327563034752532
35.77005460769442 -2.9156463675939506 0.002785243052599323
35.61751579550466 -3.0271994101914745 0.00289957321728155
35.61297561151913 -3.0055583165217947 0.008677699155197144
35.67425917681712 -2.985669978265934 0.016344526725961803
35.562537570336275 -2.962898748216572 0.0030215469690549244
35.60045035258488 -2.9526348966089815 0.00543965510476658
35.62813704732547 -2.888826772681295 0.003085964420789545
35.68118063540864 -2.8965138042710663 0.012352995966570435
35.70536600880347 -2.8716957321340626 0.0038677419831457858
35.67446071455594 -2.8647198159082765 0.004330776780269524
35.67824122002398 -2.858094518687808 0.004841094492194694
35.37105430847486 -3.0578765007844027 0.0029451256939582375
35.322728444921104 -3.0406366166150427 0.004950696690110042
35.477738059801844 -2.976944002045803 0.004257857225849812
35.404086120415855 -2.961818883017474 0.031027568002040932
35.21385872784067 -3.015791740029379 0.0027391213600458097
35.304936268672 -3.007023873904501 0.006104301341551837
35.220362199447244 -2.9781290348142795 0.002677722911750663
35.35045579893336 -2.9395091272271694 0.0027183920073972443
35.25055417952539 -2.914574409426096 0.0039449270773890995
35.35632553291859 -2.8849720676446093 0.003584439500630941
35.55505768085546 -2.9345808771603616 0.0060491577419940845
35.57241809577721 -2.9081017811360264 0.006331147908112438
35.49561248771431 -2.878711787588712 0.004013136618690674
35.59537092192087 -2.8978967075381905 0.00842528818264
35.64144802229845 -2.8489580710870306 0.002770917813412797
35.52482329668175 -2.839483209148335 0.002786890368301482
35.62881755845878 -2.803648015555289 0.014037766836300114
35.56342612522464 -2.79175115692848 0.002695014707577334
35.38561593183424 -2.816104986809119 0.021200187263572992
35.4770766657934 -2.8079250415548 0.002882936818364692
35.559551059155375 -2.7527684239216765 0.007755679426154011
35.477818100668415 -2.7717752006389165 0.0036943975674610372
35.45034688786464 -2.7648032816566155 0.0026710517642843197
34.76853865405344 -3.247640984010072 0.004274383745111915
34.78601321354845 -3.23401565641343 0.002878497089154791
34.8627281621272 -3.205904271508184 0.004920383739611961
34.81576074197292 -3.2073335569233885 0.0027342878623920572
34.80145572848606 -3.209429000726066 0.003407846932006007
34.73452662220224 -3.203832131420764 0.0029608830895730535
34.81316497968697 -3.160527926542831 0.0047569899031302655
34.88446530579833 -3.1515321871012483 0.012027762934115246
34.92599257760332 -3.158847863159046 0.0029277013610319153
34.970887797257056 -3.1336722400098274 0.005049727928264119
34.853718528776454 -3.114369626273749 0.00423693742138544
34.864843030731286 -3.119777177825193 0.005580866124008795
34.89885528507173 -3.0660870746625353 0.003922312297948565
34.71172673045075 -3.200697692468831 0.004967138384570538
34.74599237456936 -3.167297550934259 0.0033405449859153073
34.770336603427246 -3.041416724918616 0.00494782419091054
34.821223576355344 -3.0069458023284925 0.0037352438091588294
34.978394501964104 -3.0453735847577303 0.006374923016706507
34.86726912706285 -3.0326787315405275 0.003467761332135611
34.92274852165645 -2.9924772350722373 0.0035421047847695214
34.88281434910238 -2.9887113685691307 0.00403525681468789
34.84788545970547 -2.979399843482372 0.0027683542255658466
34.86862019045783 -2.966026019138575 0.03166832269039076
34.85581195144681 -2.9713484091199973 0.006711877084741773
35.0197492509838 -2.9051649270638205 0.0056561984000331415
34.97379925962082 -2.9009077128571747 0.00855626032631348
35.0026418087307 -2.855609521622308 0.0029938531875650207
34.952779272140155 -2.8770947525992048 0.004963960587000604
34.63430408211202 -3.1118456338056335 0.007822317771366816
34.60892987049916 -3.114710605455695 0.005813218133699039
34.65320382405882 -3.1135323435947115 0.006185713050510676
34.646112499476004 -3.09900456901917 0.013972316658581554
34.62900833472139 -3.078034153748294 0.004352210121522739
34.65787227821485 -3.077432079451267 0.009165754793467951
34.65331719170195 -3.02637942461178 0.00695033214992421
34.791367470029094 -2.9934214810583217 0.002833118334372579
34.76037542739422 -2.957122636479173 0.003452471956567474
34.55930282097461 -3.0099551794605284 0.006099487766770318
34.57692668896397 -3.0001959406662086 0.002720213800626981
34.508859383955816 -2.986054270489557 0.0028751671620565254
34.46710473444764 -2.991269627311363 0.0046887091089391295
34.54550678277012 -2.9800031373445077 0.0026718939071177735
34.64408779923366 -2.972104891580134 0.0046772267476557095
34.629498769193006 -2.916459164804481 0.002974819362886396
34.602209986062455 -2.9320070670044607 0.0031505595268730134
34.80970860492751 -2.9415148233342534 0.006299091176565241
34.83670199569211 -2.9299725600998103 0.0031120133374339873
34.858250880275335 -2.8950318437922946 0.0038524055478515703
34.78545633180447 -2.914196243003072 0.006080517316373923
34.82410443339916 -2.8738442108915687 0.003167036361334225
34.778145231457515 -2.8661438246250586 0.0030209827443279233
34.881747592571514 -2.888288655896987 0.0029472752332141607
34.92055789048776 -2.8227989450955895 0.003792273092749625
34.896340008787874 -2.7895864527740355 0.003232134758112583
34.72692739100177 -2.8319912724117424 0.0032112570417921014
34.65338748877339 -2.8490250372139223 0.007342774560665193
34.716619979373874 -2.819425634700088 0.0032737116176611543
34.71395552068909 -2.788320378720591 0.003272477239176177
34.80220179233842 -2.8108311672433746 0.002935532680442407
35.16507282738235 -2.97383002121369 0.003366783689980905
35.15840060606857 -2.9199130542736493 0.014568635735169764
35.22228023829128 -2.901367172654601 0.0028590408764037276
35.19091956552265 -2.899435931863907 0.0049264441042004775
35.13193142454695 -2.892406645361358 0.004691576363554554
35.144651677172135 -2.8831405787820383 0.006658441287814394
35.18672336818378 -2.8296606975183605 0.0030524977648890205
35.05944134351987 -2.8673742765286527 0.01695942991888967
34.998732260568936 -2.83816512279742 0.0028181364658154337
35.17140158379308 -2.777903127824469 0.0037633479554454174
35.183379059755985 -2.7540964371781236 0.003275805325543555
35.20331085557055 -2.748300551281733 0.006721049510200998
35.17061010766385 -2.7118685191182452 0.003737206707265886
35.33362506731347 -2.8209116871035116 0.004182769086388069
35.33524629668895 -2.7820802886557106 0.004609736908574385
35.301227479697395 -2.7271452349283356 0.005123099132681704
35.30034258141478 -2.728384105145471 0.003641207005462743
35.30996577210931 -2.7123960009251467 0.00403696644516969
35.40810540524925 -2.726040510822676 0.0032109450589915827
35.475210731869886 -2.6805720516085896 0.0036537042016429448
35.47533971379651 -2.6600521538525723 0.006286600671876146
35.44875309809295 -2.6717192483638317 0.00977916287765648
35.269538807440874 -2.730383650223164 0.003377790536575952
35.22419367000255 -2.728855048403093 0.0038255866181341074
35.26476649944954 -2.682997441055467 0.0031978506698351933
35.282796863402226 -2.669246216812654 0.004670835847130257
35.28593321601404 -2.660457022573969 0.013071931085456236
35.22287471741314 -2.6475953994064327 0.008166338723195655
35.25112340150056 -2.6376147419478504 0.004922418220244725
35.246371056727206 -2.629319132335791 0.002954810472699022
35.314816822158136 -2.653624346240614 0.008207219423316908
35.38049636514109 -2.641188861971088 0.003199120211438858
35.40578481287606 -2.608132381723746 0.004256393189451432
35.38062873084674 -2.5800108139451994 0.005492856200511817
35.288273748530145 -2.62076860425871 0.0037120271123986027
35.33280000504066 -2.571174614202581 0.006594963095180173
35.008846925240015 -2.792635464152199 0.01757796051603412
34.95011128014134 -2.80782504908955 0.005818325243915051
35.05443130978009 -2.7543126093304604 0.008147638461268874
34.926114500628486 -2.7585076011104643 0.0027559271267826426
35.00978422098918 -2.7215781317439443 0.0033709804560449015
34.97716565383947 -2.6977438056246688 0.005388619515421752
35.033007623085346 -2.727620315397989 0.005357407355489884
35.12487504267485 -2.708705723049671 0.004180302305300933
34.919853647935746 -2.646639968467139 0.003458806286235745
34.981862868462855 -2.6374914154022755 0.0027476788424490527
35.02117071855523 -2.622260781491811 0.0031804781010243044
34.95483050767274 -2.627098863117929 0.004623751706571214
34.92666193616595 -2.6131688861817546 0.0026436630110116435
34.953833727641985 -2.596397666517419 0.003039932354171546
35.12027387158059 -2.6408929269053143 0.003712362137305169
35.13099625365632 -2.626793682664404 0.0035074417695575154
35.280945108137324 -2.5127416433769407 0.0029890939781051624
35.27824819294355 -2.520125662541308 0.005324050051297728
35.20415370767525 -2.561708894829898 0.005006394222503271
35.2185949964148 -2.5505167208169155 0.003288066365272009
35.24812863226163 -2.5068406514910206 0.0038959664168778355
35.21557045944095 -2.507437754575874 0.017430934847874446
35.03744986053696 -2.584311641305185 0.007589778726850681
35.035535848723285 -2.5323171003163405 0.005078165604881318
35.11049835953544 -2.432118506242661 0.00343777547976812
35.16811950302094 -2.419353028939315 0.002745693841548279
35.1344090032302 -2.432820632670535 0.0029924374042968127
35.160218852145015 -2.394297474734697 0.0028928591883325265
35.87708314071732 -2.961054269371184 0.006209867798647597
35.814888952356426 -2.883630042124855 0.0033095011750067754
35.8903974540259 -2.855826821417186 0.0027491598941225084
35.78046618613869 -2.885181464390592 0.011711150971506516
35.81865150263427 -2.8589459547676412 0.003135643023045594
35.70706949845996 -2.8221349579481525 0.019111681738459067
35.718186734763336 -2.8194724031442084 0.004032293860983871
35.85474921591761 -2.802713675525226 0.002762845754672834
35.83612695889579 -2.723195240059336 0.004143138243829699
36.06136338783662 -2.7627155257151226 0.007250064322030241
35.97861952670555 -2.7492203352482067 0.0026493850394908014
36.14806459942593 -2.6891403352596246 0.004357668203421818
36.08790261424044 -2.688718801873975 0.0029137381455316903
36.10481720540329 -2.673020405020153 0.0033608459755779725
36.052353177662646 -2.675016863233784 0.003536185057116495
36.10491819225498 -2.634644046221568 0.007694336394185667
35.92665492141139 -2.7295540274570573 0.0028496784595579607
35.98172825441328 -2.6605066177007117 0.00283311177826664
35.92283843384008 -2.699711585966314 0.0028367600988035047
35.92796924079682 -2.6858286588117797 0.006756152433162836
35.96924983173124 -2.633156516881044 0.002688857548693555
35.99979562293344 -2.5930158142977056 0.004263219361711437
35.679415208382956 -2.797164827127522 0.002707978766070884
35.730193177063235 -2.7399985561173437 0.005132652473295153
35.63122229018848 -2.7737338423030615 0.005239149781401478
35.64731536050052 -2.7448585772626717 0.003401484917637565
35.842426256745696 -2.6729970092646953 0.007680290897557829
35.622658609895346 -2.7251094941150136 0.009342502110203337
35.57900558166339 -2.7347165367562853 0.0033176826728865652
35.6184907435114 -2.6844634020462435 0.003993970378854367
35.58819548747914 -2.6619264402942955 0.0033289555373817847
35.696664806388156 -2.638446908960475 0.010925552282465391
35.73872888952558 -2.6277914096174815 0.002919639930245857
35.63507203586405 -2.636313617872736 0.008667141154556971
35.685394948730085 -2.567767959308459 0.005870295381376859
35.89649963429007 -2.58461487003077 0.004913871209489202
35.85176423236467 -2.587318697742615 0.002747441693922234
35.93799134265741 -2.6019488285845163 0.0034700190547370317
35.93746488972582 -2.4767331979965084 0.002764330398723205
35.80523118347861 -2.569309653679977 0.006204094075787421
35.78598145225341 -2.57611384656715 0.002891480678611953
35.76967493601724 -2.540722041224384 0.011653757577517165
35.79626571395779 -2.524239252110408 0.003459790800925469
35.82356268809924 -2.5100044095422755 0.005718567340400851
35.718227374643575 -2.510417213252418 0.00416773324858734
35.801396126637556 -2.5021148973086964 0.004344923752920606
35.77867344495302 -2.505212566291244 0.013849330507537163
35.74702977134468 -2.5090946208708567 0.006204578585895939
35.92681401719275 -2.4534262341987265 0.005264631216921102
35.88236353126821 -2.463933356529429 0.008088849584692043
35.82206794456443 -2.454466768955267 0.0043695980060440235
35.87280864739372 -2.4507886220714252 0.002781261535610432
35.85404303270097 -2.4048375797366632 0.005546930502239492
36.12843869887985 -2.6141783086147647 0.006061861501822816
36.30600883006672 -2.5492324570160196 0.004628449553471273
36.268410490810155 -2.4984017065955513 0.004612672965686075
36.292283454355555 -2.4819291176936025 0.004821466677930065
36.13779176901527 -2.5649815121566406 0.007982187859457706
36.11457702340836 -2.5486977599562266 0.004733850078005987
36.14466166533352 -2.552288335119683 0.004782150002887592
36.12957985430624 -2.5243013750333287 0.004961278133239462
36.115304541436714 -2.4993286000838553 0.002852579419748122
36.1302342831744 -2.4822885744384147 0.009741859339835816
36.2078550026764 -2.487072116069387 0.0032154389600744376
36.19995387514625 -2.474114701245026 0.004781778385705699
36.18902054805939 -2.407074176170263 0.004367026774516529
36.39570981826366 -2.470850342004835 0.005539347806249006
36.39431016833817 -2.4704617664922988 0.02725788516861066
36.40812359776405 -2.4480288951236577 0.0029967577670667895
36.42935656279967 -2.42764908140372 0.0026524892020353685
36.30354719098089 -2.459189225920391 0.0048380259069304606
36.37257490676989 -2.4488394797795983 0.002908558241520697
36.411385144147474 -2.435488116452586 0.004259867438296949
36.39303498999104 -2.415264716914553 0.006139448414125256
36.47765587035213 -2.4578750029865373 0.0035833700096008425
36.48703664649242 -2.4510105226945216 0.007825248079185077
36.46871345619726 -2.4457630223660947 0.002698143909025039
36.47584032922019 -2.418089272765542 0.0027830228980242734
36.50553332374416 -2.4108704185548486 0.002961224470752843
36.56068246299532 -2.389097449785697 0.003015169140827489
36.49825015004827 -2.3957230030638934 0.008080125934521388
36.48889992692353 -2.3594073370305337 0.007584600574654645
36.49791207705949 -2.3608933638923872 0.008783953632438668
36.291816226544334 -2.390537331762259 0.0032222903790895545
36.38169289081025 -2.318319827684064 0.0034524458421958735
35.95204532638983 -2.458653746685168 0.004511555710884987
36.11550569799723 -2.4549385548929075 0.0031353022174607646
36.01558538982569 -2.388545436491519 0.008367695533891445
36.00834338422112 -2.367867245564933 0.0042002797313068375
35.94958296337473 -2.341247676236351 0.00386401349592815
36.03737197947404 -2.34870212287236 0.0029858968086802634
36.07879657794789 -2.283141224282148 0.02370648824409408
35.97259410838416 -2.2932681545763316 0.002864126955401368
36.05236855964412 -2.2973675945246885 0.0031961931368691063
36.02888527688174 -2.2442710455173933 0.0026812108588944376
36.235221004936825 -2.356051034960071 0.0029108719063159075
36.22782651418656 -2.3558205013530387 0.007284860665513961
36.24851376400904 -2.331921141664546 0.00561380902810449
36.24787931599654 -2.2961782011737815 0.0045962703383068395
36.20968614143378 -2.3075678100074244 0.002994515977320938
36.21539036350531 -2.2963506828903046 0.004322886914052259
36.30203746082353 -2.287457000664112 0.002828677947014699
36.32153934527099 -2.1853650476063455 0.005637184181911306
36.12293083922761 -2.242413179283318 0.0027867847777076136
36.197010449206694 -2.240847030240161 0.0029353924618267806
36.05226146003494 -2.228552777129092 0.008452175373532687
36.12393184511249 -2.2324143852120533 0.0031692664238403864
36.22022778644466 -2.1979437713907024 0.00513562890585365
36.19902047381852 -2.1966880972969514 0.003237690527238878
36.24367054480735 -2.1587234283981007 0.004263844321152206
36.16626168350061 -2.1798804439730213 0.0032831496935371725
36.205920611132065 -2.1614078879052103 0.0036002219020288425
36.21941132230091 -2.153225145480052 0.004147559495985857
36.24206778145395 -2.1313749094594776 0.002995378164778009
36.21958473245727 -2.1299466035790524 0.004790267538401092
36.22449931250063 -2.1121252583784127 0.029876876516194646
36.22235333643309 -2.1122336046096324 0.027585148713742957
35.52601488454816 -2.629586203337062 0.006865875667346617
35.485169867952365 -2.599613077957287 0.0037119049313521246
35.558102888401464 -2.5688635660227273 0.003302156595541543
35.53998678314851 -2.537976597135803 0.006743381879995098
35.556649131805884 -2.505854700790312 0.0032306456806775446
35.55897701993438 -2.5082093677153887 0.00796003320922793
35.56640376118904 -2.5122996078210673 0.0027597196736756178
35.424022621314755 -2.582094077391747 0.0034626684078193936
35.421397434085605 -2.56172856556039 0.005636116540307193
35.45427178338453 -2.5495539503648335 0.0038756997917334885
35.394909738393984 -2.549394618732348 0.00285297975329796
35.407235178531096 -2.526653928458749 0.006449400614014176
35.38448488795537 -2.5234474374873135 0.00508074717806401
35.4114166056984 -2.5085055495894975 0.00384214600673941
35.41814110643589 -2.4926313035637224 0.005352569124738134
35.50009575210108 -2.5186138863346135 0.006852010654788832
35.484556402450146 -2.4888251982136027 0.004695657851878675
35.57103809690445 -2.4771286022175034 0.006857185523598848
35.47723397652944 -2.463328534929861 0.006850029386572555
35.53878978006435 -2.4224827476719017 0.0035151526099966917
35.49476565775016 -2.421706320159959 0.004943886702635512
35.48004584497965 -2.419512842360198 0.003323591308794428
35.69591265489921 -2.492466929404844 0.003244340250594086
35.704835442242825 -2.48982420508387 0.0038001957210849887
35.637833646833506 -2.4651632224113547 0.003390244535391508
35.651163056226025 -2.4412456309412205 0.0042819636836190925
35.68689166302555 -2.438098214220214 0.006616397054222027
35.79083442573047 -2.417477357478629 0.004602621211561199
35.80963662625344 -2.362738462309173 0.0033726186683231364
35.7518774084396 -2.3553186841924125 0.0033408860616884737
35.757212350767404 -2.343374105963657 0.003704887368460171
35.61177543305265 -2.4295478824321135 0.011608794400449584
35.6601085801906 -2.393236685180055 0.0029912480232218725
35.671091488334184 -2.388888854619436 0.00891153228098695
35.636013694644404 -2.3620328720708854 0.00322133739850522
35.57775085660845 -2.335580905722562 0.005181610088575039
35.59857957303403 -2.334543307544319 0.003271794964139402
35.58491655275948 -2.327090305402303 0.006119081669305886
35.693996434918795 -2.3744015813070405 0.009001529407005606
35.67326852810187 -2.342935523385302 0.0035383720808164674
35.717117680835216 -2.310595047567589 0.003906211413255586
35.64158462360815 -2.3200713091247187 0.004599253733996002
35.648818958446796 -2.2861325560516716 0.0032648501258211436
35.6584564611062 -2.270791670185449 0.002825297821581467
35.33067000185285 -2.5277100757746727 0.0037342708078178357
35.35342259771405 -2.5112733669893252 0.004141621100668188
35.30585902772068 -2.485054147984134 0.007076074628925166
35.39573605749338 -2.469921794352237 0.003086445265145112
35.306072805988144 -2.423376669098114 0.005628829120885813
35.43372788785991 -2.4304060446824716 0.0031416268473121703
35.4617425029799 -2.420844273960987 0.008494570881943758
35.399635236678016 -2.399423187680462 0.003009685941263691
35.442621051895195 -2.3344173323813338 0.004030995094273105
35.2534299348125 -2.4300497210597336 0.005801757997916567
35.25419512454232 -2.4088721520086014 0.0043383495849965426
35.24046136758935 -2.405251045966851 0.004663793358351552
35.28759944501841 -2.4049869650668936 0.003633790537074614
35.29703143064522 -2.39259597927304 0.002782582020392199
35.281624707217496 -2.357871178803221 0.003772339617297199
35.30495840208968 -2.344027319136975 0.003201403494178237
35.38837967625798 -2.3272203760529986 0.006340129806334097
35.36156482096741 -2.33026837218805 0.0045760929217013935
35.29622555203867 -2.2962198924605395 0.0058497520005514145
35.3357871557402 -2.2838014736462107 0.0035408811071767116
35.34713736618248 -2.2594796394383265 0.007890989393159405
35.451264576560135 -2.3397080047554497 0.0036776026155428037
35.49936831614248 -2.3133084136556374 0.0034271725416359974
35.44033740577546 -2.312142438608152 0.012746666834901225
35.459490052435754 -2.286056550755528 0.0030302212163324472
35.54143183951791 -2.2812524090220827 0.00401184526943854
35.61895568044701 -2.2732029582543496 0.004707075557530115
35.64612355805171 -2.266512806616838 0.0031652926887510077
35.5442301551342 -2.258506555881579 0.0033003906236062633
35.38394229576242 -2.264218875366002 0.0033414859133596383
35.52253321985917 -2.220983751886374 0.00633886860511605
35.53347017435058 -2.188628013313707 0.004724312362552562
35.500050558148644 -2.1892513182571696 0.0051539885526169305
35.53576613122131 -2.180131773969088 0.0047064615456487244
35.45845823184345 -2.179243074196941 0.011273216421895117
35.50489483971683 -2.159183751050657 0.002956439217542976
35.840458069403276 -2.339056219407025 0.0034668407651891565
35.89908889024691 -2.3237431366080377 0.01228660325100903
35.93788405994909 -2.3107485021280167 0.003837293205001052
35.92336992719095 -2.223724586642377 0.003024027175296895
35.909897934444515 -2.1971743399945884 0.003108381600842665
35.89158485011548 -2.1408962400003175 0.004267550898769152
36.04685438799396 -2.2028803376958854 0.002950174464507951
36.0403215542917 -2.1730081776723416 0.00408531797245942
35.99997527586822 -2.1465570563793333 0.011791895847820654
36.045056715332656 -2.1496926463931367 0.010423986964726012
36.03981697279192 -2.113191480132431 0.004146795891848168
36.02918575417315 -2.101255282075687 0.00926010059605146
36.11266316035273 -2.1262955371508387 0.002678982672437369
36.09749564269384 -2.128547116675765 0.0028082595187044175
35.944397095134626 -2.1579621215342715 0.0036827301693492997
35.9350140263423 -2.1265912427255023 0.002837816206652315
35.98117153790916 -2.0950267631219415 0.005011475824110639
35.907241002306755 -2.1041055794024928 0.005114419350809164
36.01668627044084 -2.02664849675229 0.0036170531013789637
35.69814471207339 -2.223583445084089 0.00418620247004982
35.65825429024446 -2.213189889679835 0.00533222325507891
35.6530297125538 -2.166986410882349 0.0027417038040257833
35.66550959381301 -2.118755283593435 0.005945477427511322
35.800721067713866 -2.1040814868621456 0.0027517028561668488
35.598170281890006 -2.1578432700519277 0.0028404599136216697
35.61222609760549 -2.1319235526760685 0.00834014573667708
35.574807551390826 -2.1198062596420586 0.004087016627783125
35.71519951585675 -2.029180565427097 0.005521197206997427
35.63178326447389 -2.033834746640439 0.002757270057351381
35.88586616114166 -2.0591286783491936 0.003292878599503415
34.46939427472582 -2.925542678956544 0.0029092710786716445
34.5019853334269 -2.9123144204262794 0.0036223037845422254
34.405686783862166 -2.9282378104089157 0.0068964107414908465
34.42833721465919 -2.923829796015896 0.004478687076888572
34.42804421287136 -2.92419959892079 0.0028983978216008104
34.41016950027033 -2.891654860968465 0.0036321678471226736
34.39724881115436 -2.8998860815901053 0.0035185942983665753
34.57527245368344 -2.8663786267923963 0.005648045928290659
34.53177047386504 -2.8734368420986396 0.0027346184187212004
34.50427031580082 -2.8699299801969933 0.004742485422417084
34.60480686639482 -2.82206256021907 0.005825848539131997
34.52624514009795 -2.8388090705598032 0.0032952167355007667
34.48796294483415 -2.8339113631400688 0.016020929511138465
34.471150589184724 -2.835972874125846 0.0033413153404995848
34.51027728725296 -2.812050353247713 0.002793694318733178
34.507598493225835 -2.8022081931222615 0.0029093774917581345
34.37690288369013 -2.8819604113809234 0.004540284368924268
34.4329402608894 -2.820493544059586 0.003174098279088306
34.39436166829678 -2.798356025070502 0.0032393002133340176
34.330826124770766 -2.792379381921568 0.01314055034920745
34.478261167859266 -2.7842191978307405 0.02638019628342341
34.52130615606362 -2.770295967980794 0.004415914942628754
34.478609374038285 -2.759271368418839 0.010015806131119251
34.401984614060744 -2.768651963185952 0.0035016134729421253
34.37179059348435 -2.763093353738047 0.0034156943757103855
34.43925869850035 -2.74680784832712 0.004458356109294389
34.63730308111384 -2.8038296704352175 0.0031270666987006012
34.626505334621704 -2.785346970808663 0.003674926518384519
34.60767567005353 -2.7320537967310363 0.003087719422486113
34.76175026664127 -2.714671601554977 0.005002690203640826
34.75545111370621 -2.7151749755208656 0.003968080093975569
34.781346853653766 -2.7033621461804556 0.003607144619424261
34.699257350404174 -2.6693738447560036 0.0027750489910675995
34.72676749448683 -2.6332521589875526 0.0029665911009699986
34.555284952167916 -2.7305560785587244 0.003393296698936477
34.519297351743525 -2.7150089929643517 0.0030133204893110495
34.57071126345571 -2.709104373300258 0.003976917617669778
34.58702324466531 -2.6599110644037443 0.0030628261022581592
34.68119130698313 -2.6398739033145784 0.005175564908828385
34.5903452728641 -2.635847164387786 0.0030232304602195084
34.60758685975833 -2.5657616069928015 0.003726183553372036
34.28338417606921 -2.8251918936070437 0.005215395880387965
34.31722619161519 -2.731573216279309 0.004721770337913152
34.255786373342275 -2.764454811987136 0.002738956183124631
34.249535745609066 -2.7388756323031327 0.004267057592917129
34.29019248010726 -2.7166246413030186 0.005276074807483449
34.34666934354604 -2.7356750811420243 0.002735863463543648
34.40475142119875 -2.687814721461868 0.005451044590112922
34.391980729978805 -2.64916264412509 0.009170556578274196
34.34301941988033 -2.6501200998351297 0.006555305703584587
34.20242980139742 -2.7357834052070418 0.011312891700964866
34.16219211963672 -2.681773480018254 0.004324809522674942
34.20375217325539 -2.6619614528826117 0.0030344801060543545
34.270696043081685 -2.6417369251698513 0.006696551599909022
34.28053205438368 -2.63015560037608 0.002667083235886047
34.299339534717625 -2.6046062206586806 0.004528134722258019
34.25747115385187 -2.619824628906238 0.0027045155923006454
34.26519993611165 -2.6001623702604606 0.005918860231398221
34.24611481644139 -2.56817840214801 0.004710661574932776
34.472894872743886 -2.6043681319236383 0.0033380305695767465
34.41693419040864 -2.6111089260796714 0.003862282929449581
34.42457779560431 -2.5924515169376168 0.004692843697716468
34.58687135604124 -2.547867709289265 0.00545700176959871
34.40357958491452 -2.5572437264504573 0.004782175273904636
34.431170058094544 -2.534807048155721 0.0035861613830320336
34.38427734566117 -2.5466966687862485 0.005090303646470162
34.411434319065435 -2.53241103983981 0.0028111007408909085
34.33845847145973 -2.5467872974163264 0.0026814572940992293
34.33964601840553 -2.5053685240321095 0.007603333316865426
34.350473036265775 -2.5004355233350233 0.013989687056609289
34.35929299863189 -2.485556850377177 0.0028736390694755905
34.45543706859999 -2.5079962300014524 0.0029411384894120715
34.46378269802654 -2.503111640044389 0.003580239993689201
34.49369516754968 -2.4293300046124786 0.00845725790433152
34.42285463244779 -2.4534615918568052 0.0077105180757243135
34.47961212481875 -2.4139969722417796 0.0029657078014539437
34.8321107088472 -2.6499560300861296 0.005132295807309407
34.83726731799668 -2.638198378440762 0.0034336244643473402
34.740448110982435 -2.621080496342471 0.005335890020240655
34.96756232867697 -2.5285511856231406 0.006430072721069072
34.92317152702198 -2.5174001528533463 0.005755228480150453
34.92872918935732 -2.510674508565299 0.004232108512587071
34.87917624923029 -2.4896489347851705 0.0037056293680310577
34.78298269888936 -2.5545382591169172 0.003416385182766632
34.65977266748472 -2.5439676249536163 0.0031612207548448357
34.64889171193658 -2.5325633052747176 0.003471318953854251
34.662555062094754 -2.5165909205841395 0.00360673948732954
34.7040935214468 -2.517699736194496 0.0032234824466257517
34.70338297466223 -2.492674821558196 0.0052134704298048675
34.713520482935955 -2.4682029993712233 0.0026695511993758405
34.75417055472215 -2.4334226780576755 0.006674077410882335
34.98405984918352 -2.4887304170330693 0.0038209823766568994
35.02485206557216 -2.4772280989925712 0.0060860917416046215
35.014376020551886 -2.4429608140348034 0.006338098213457192
34.97128102732492 -2.3987266703224717 0.004176560142359424
35.05225784258027 -2.435867240035713 0.0031948984939437204
35.134714059807045 -2.3965062787726525 0.014312370976595629
35.10808886440504 -2.380108368257389 0.003104377839772509
35.104150304586895 -2.358665416929241 0.014260630577959146
35.0215003132416 -2.36276719173662 0.006238436798552663
35.09071229088703 -2.3359601340652065 0.005683159758621515
34.89712475353469 -2.410111315794874 0.00431301630155466
34.94469159545663 -2.3596937442769654 0.009856344500541405
34.87009436837428 -2.3892559000977247 0.005646118900339452
34.88422117470662 -2.355629579931397 0.00722231073332548
34.98830732846348 -2.3695278061179947 0.004318906127151631
34.98616415364392 -2.3410223755989694 0.004258234454482504
35.047741699599584 -2.329497959093888 0.003245105568145955
34.951662363202274 -2.307479150401549 0.0034563520745298534
35.00693398177893 -2.2866424069059725 0.002847790517701287
34.68647103362136 -2.4501629346846237 0.0027697679757517136
34.76491804305377 -2.3873170993446786 0.018108468192950398
34.52837508608253 -2.4330346765487456 0.004325989287108247
34.515185471900004 -2.4076904491436126 0.018579106517000305
34.52685573736735 -2.384350338533261 0.005944153686570497
34.51671158286762 -2.3742849684612892 0.003348329040905955
34.542920154937846 -2.3650235266670925 0.0030878079399769666
34.69179384371838 -2.319627008360037 0.003928615715594611
34.680213164598385 -2.2877295445691552 0.008883851177318897
34.57460617545739 -2.3158068743716953 0.004255789018716922
34.6472885410595 -2.272618407485157 0.005867888388001424
34.81453691657732 -2.3741167287608578 0.003586325503442013
34.852463318064665 -2.2996729484012843 0.002798892862407835
34.751943560618535 -2.327545333926923 0.002672650834956427
34.751773927706274 -2.335555444578075 0.002692380364654468
34.888521443350434 -2.272972069566944 0.0051273837140437435
34.95056467392538 -2.2226273199031223 0.003265130807303579
34.94617572179283 -2.225305795849742 0.034395552472193745
34.88006669549123 -2.2422900820277483 0.0028025829760888253
34.85790275941836 -2.1944002972351413 0.008884687962177156
34.88910412665514 -2.19410445816392 0.0056979826120876565
34.659090635520364 -2.2597846199459384 0.004985199578344905
34.65395946790793 -2.2304283880462608 0.004078247274475579
34.70933425861527 -2.21436158393817 0.0026930899834770178
34.74901203689594 -2.203181232258983 0.02291606076222195
34.77160050843997 -2.177338596950688 0.01618661024822161
34.77595393331165 -2.1843538102644304 0.005059415997384975
34.753819053094105 -2.139477444080547 0.009309044248158335
34.746863151516195 -2.139039866973324 0.003300340581737442
34.78889792128614 -2.148815962305767 0.0032459308205661577
34.78947695924701 -2.109972620431332 0.006544179975355616
34.10405703650973 -2.6313378018748383 0.006865970523579631
34.10447905527847 -2.631641208499634 0.004039452444158893
34.18745553588363 -2.5871319745754175 0.00564355665997292
34.20187274956143 -2.56533640040096 0.003326092665860999
34.238390051939916 -2.5413043892880833 0.013048692432949047
34.139758813835094 -2.5309125708788542 0.003621763349918942
34.20385985332923 -2.511405467946968 0.003249900948493635
34.201176745791386 -2.4954942386766965 0.010028740287622422
33.99645640276445 -2.5870893424342345 0.0031298407422511187
33.9886232990574 -2.5846265179030223 0.007009007337240471
34.02742514330391 -2.546661007871888 0.003024598967838392
33.98007979129967 -2.560702345665606 0.0037411936162205367
33.97183845971222 -2.5220101615576 0.01714148841920006
33.972899247238814 -2.511635721136965 0.023337581258405855
34.023576942005846 -2.525788322400788 0.004613467543406765
34.089917340716504 -2.48523141448616 0.0029864722220479417
34.12438521599865 -2.451971243299892 0.003346367545473121
34.030584532411396 -2.4741266516514746 0.0029889826878358814
34.022208039714 -2.46771628874344 0.0036224315240437174
34.275728820066476 -2.5131812313073425 0.005803650147055425
34.311053063991075 -2.4821938905662724 0.012326714138023399
34.31624434320219 -2.4627285667453624 0.0032414477064242123
34.27420239375814 -2.418684279176062 0.004822438630721366
34.28847850171027 -2.40187897201424 0.003701707335891877
34.377942608740014 -2.443466532011239 0.002852627303106926
34.38189977211124 -2.4479716853508857 0.00391305209369444
34.34580116001289 -2.431169153829049 0.00327098460129647
34.32018434017677 -2.3966740908836344 0.004577113423383685
34.344281272641354 -2.3441511337166236 0.0029207806623783466
34.15952980245286 -2.388476102841795 0.005192069409216969
34.12037657933265 -2.388552021808989 0.00759521303324743
34.148892790234896 -2.3737817896019853 0.004072729952682747
34.28572781347113 -2.364363910752182 0.0212517780281552
34.281258269759476 -2.3399257632348824 0.0041285400278973095
34.24768946549124 -2.3301637008164566 0.00408218516032253
34.31312101887847 -2.270564148655531 0.0061612364296798365
34.29667306094544 -2.2626136324341277 0.0026775747544423747
33.94683114181143 -2.512644439109572 0.004297792509429725
33.931984308843 -2.4732865338824137 0.003414144314480064
34.00097387866975 -2.461464337923307 0.004856572312701851
33.97571464804256 -2.467193512889442 0.0030825164976162303
33.86987483322429 -2.453995791818341 0.0034722383113776523
33.87191182280872 -2.45190209257985 0.0029886814609374605
33.93861288649655 -2.4483829293368577 0.007555369865034245
33.940290864778696 -2.4176290573581207 0.0029119717982038417
34.02315862338928 -2.4531558167748275 0.013421551884878171
34.01110188249974 -2.422002923613501 0.003820267550902803
34.07249079417439 -2.401781439358626 0.005186223928520332
33.943475172129006 -2.3916968659963724 0.005618244943818933
33.98958074909934 -2.3395092426092408 0.0029362917819192595
33.85443645171784 -2.3989871970497867 0.00366126513187305
33.86426783814965 -2.385697279592108 0.004279802170102829
33.867269691503395 -2.3637960240772977 0.010878467274970032
33.84894060333915 -2.351300630365608 0.003604828430804683
33.80968683366295 -2.3631580897487443 0.0033626321010952805
33.93125187649409 -2.3289268878909786 0.002729168026153517
33.979989646462286 -2.327931819137472 0.0076629990129491905
33.96658152802143 -2.3341419801648335 0.0036125249032101115
33.876563307546014 -2.290782949282008 0.008167527673025914
33.926331143517714 -2.287435558951217 0.007083009913037932
33.93173193580333 -2.282163623222381 0.003776992084025645
33.92819630429004 -2.2871638724643413 0.004766108607783886
34.15315374806437 -2.342510820997304 0.00530978033348248
34.10294053084222 -2.31300896213167 0.00529063401266871
34.06712011889724 -2.332320810891208 0.006242377227984069
34.04573687138062 -2.337279518799012 0.005161410959183074
34.16964185256827 -2.2759850865587694 0.004434036355101379
34.255320293639016 -2.2546290773420337 0.0029304008701562384
34.153184636130696 -2.2135498243761065 0.0031132149306798353
34.15896886670609 -2.2050812361589265 0.0027509253450738167
34.020535365115194 -2.2702405237073915 0.004642554755415498
33.994300100154554 -2.2817633329115043 0.004578698212673023
34.054341751534125 -2.210615963711606 0.00376314466997403
33.99848119728598 -2.220441119497782 0.0033341559131112373
34.10248077150587 -2.236550113448179 0.0059097529296662284
34.160827814182056 -2.1462432002241214 0.007651570861368068
34.15469575461877 -2.1530390658660052 0.003549570363144201
34.056995146248006 -2.185611054476653 0.006629366046047565
34.388998272290074 -2.3330776362328005 0.009751998136386388
34.51078439033205 -2.278339736012247 0.003969163780027767
34.57989464218349 -2.269572909503479 0.003318921149480106
34.58334480315135 -2.254781498039864 0.0026525713808254647
34.50031839632396 -2.213417559595411 0.004986339213653223
34.536204853625726 -2.1946758165880684 0.0031092140720282166
34.38346897754943 -2.294421297508779 0.006996245001261348
34.35875109993418 -2.282924333823925 0.0038930902762132277
34.38841630162571 -2.2680016618639054 0.0032333390665272395
34.35579286375353 -2.256672751558432 0.0030299906588309566
34.4263123726596 -2.179917491979499 0.005674878656301791
34.4025149109725 -2.188060029544641 0.0031067059530636193
34.476573007886486 -2.1440960735402914 0.0027967427737243876
34.47999900812936 -2.115919178106916 0.0038042611275899006
34.58094066032973 -2.1717881518606426 0.003102702314209097
34.609870957965455 -2.14331872637856 0.0030716278711974904
34.64781120145265 -2.1192268131384724 0.004481393548625806
34.6252175054459 -2.125590316562892 0.0032847895819313674
34.713010666260615 -2.135367168015178 0.003452113765702368
34.71508193450831 -2.1361428075315625 0.00266681712086341
34.756731202161106 -2.0771429913403816 0.01154731477376952
34.65504932312506 -2.10259498959638 0.0026813451405832715
34.73224903905128 -2.072288126921153 0.002680211273674884
34.7189398072699 -2.036585496228796 0.0029078483911683124
34.71534849499231 -2.042557854134538 0.0037293293543835936
34.53335563059646 -2.1497890196965543 0.00553266092226285
34.570034011422344 -2.138807457785128 0.004990202099856009
34.51891135648988 -2.112891867433454 0.01594193703970951
34.56776123670146 -2.0812126819499572 0.00693793257019938
34.63208717868668 -2.085269735045415 0.003852068129129138
34.63639175236026 -2.069581141005856 0.004986459253870543
34.65525037421786 -2.0538202354322945 0.005314112566211458
34.24148063533664 -2.2053277645322935 0.0044446056050689514
34.32554808370469 -2.1321208417791864 0.004608340170686075
34.221106157084876 -2.1729440530471757 0.0028980130353976116
34.25717048862828 -2.1316537924372434 0.0070889522269792634
34.200538700864314 -2.1186344703858997 0.009571626967274068
34.27209893110664 -2.0621518969077397 0.0026487305742194586
34.26446709243955 -2.042623405057311 0.002726706821388573
34.30873219121907 -2.035799463591126 0.0031575150162654808
34.44630164354958 -2.0401914562692323 0.05205353907028049
34.50469760521467 -2.0280893855900097 0.0030403479549406445
35.13149828252019 -2.3639205202485782 0.003727266187988858
35.12452305079643 -2.350718596640588 0.002916230780734803
35.20747503289818 -2.3420415356035726 0.004029009251409602
35.305964030414934 -2.247323298140143 0.003700652703508955
35.30389017693866 -2.2421468731774947 0.004673519936013656
35.18120904901057 -2.220593178009103 0.005654607626821988
35.18332264855474 -2.224333808443008 0.002703469128370689
35.116251844805525 -2.229493080907111 0.002876667750453445
35.021371309850785 -2.2183184912265212 0.004697865509281573
35.07154169257383 -2.191715993602591 0.0027808557059323625
35.071255831967335 -2.167978430987364 0.002690191676340893
35.15017685022595 -2.1965419886333937 0.004094675544050815
35.19613021179293 -2.1749956203550163 0.002678546804799797
35.36434025643222 -2.1803483882393726 0.0038346524182682764
35.236094614482006 -2.1418992037800377 0.0028719585303282873
35.249316771195915 -2.1279720063759764 0.003881557460555173
35.206212207609724 -2.123568484530802 0.006468550449053354
35.22421064555155 -2.1139029997800662 0.005042439481833137
35.31074331963119 -2.062959192241597 0.0026754993796685093
35.33796892043162 -2.0283606090197748 0.004260553563576592
34.942836991571575 -2.1988793669535456 0.006962432850295403
34.929868112301044 -2.1522101337056503 0.004172933891836793
34.989188783136996 -2.098099028439113 0.0037596569940867106
35.11686212893297 -2.077610640998631 0.002660875927917277
35.030173915477505 -2.0649365929382273 0.0031728229964553623
34.946619051410366 -2.077902054793973 0.005125286646884449
34.93114811094758 -2.0532065215916577 0.0026771461432291
34.87836767293168 -2.040554413853096 0.004199919966859439
34.88793275918082 -2.0428804730820462 0.0041111361964659195
34.906607278052626 -2.0397013174645804 0.0036614110645641416
35.138447710233635 -2.0555377993953687 0.004626576202094735
32.89912113407371 -3.0897360115365475 0.005147063362343498
32.87546558249316 -3.0696135541648486 0.003840055839373563
32.92171844331617 -3.074116922768265 0.00653144237600819
32.893857246767446 -3.0382158136786828 0.0069900786066813955
32.95598958849885 -2.9979543010923884 0.003076513496227189
33.02797369990171 -2.9860031444121904 0.0034361939165120786
33.00074239962225 -2.968716193590205 0.00265607115012436
32.93692994543158 -2.950329569987942 0.005427708239806353
32.90714226079594 -2.905996356488587 0.009573824666446287
32.92682500433037 -2.8871135992303003 0.002663440808604205
32.909244694471035 -2.8865403666070732 0.002675274651696266
33.03762403994672 -2.9445294118356244 0.005893928860349388
33.06600647826426 -2.9151855611612456 0.004665077678597418
33.01955743777952 -2.9256871413289094 0.009151657527334189
32.985567611243724 -2.9022745748444936 0.004467651305312969
33.03791139885962 -2.880342445032519 0.0034584884099684745
33.11181221238581 -2.871637124131407 0.003730886047799338
33.15293443080115 -2.85735451093176 0.009173852531336155
33.19579830456869 -2.8158528280377295 0.0027271379983187355
32.95332391504956 -2.887429220806178 0.003228127909413932
32.998960503242145 -2.860490192240126 0.007035709422327772
32.97577176467494 -2.82971454278037 0.004915975837458887
32.90962282173467 -2.8433168601915084 0.0036844021716817828
32.88395034970016 -2.830972983963916 0.0050831911880787565
33.05978422775259 -2.7967976839447943 0.00425598525455101
33.0324485047179 -2.798881612212416 0.003654514207540659
33.07441936014978 -2.7692920017831657 0.003248836005517597
33.05568703356269 -2.7405632261880686 0.007795079424826659
33.06000237636416 -2.718783259449399 0.0040036434572109265
33.20204751939059 -2.7698762812473676 0.012962010073042207
33.16090938620269 -2.7556049492934465 0.004571607848279352
33.25009667305808 -2.7051385450393908 0.00313680931970161
33.29702951047619 -2.690362027761346 0.019430900801245782
33.26166242631804 -2.6777883973796235 0.004962167210290572
33.31381231569607 -2.620839177003795 0.0030640491298261703
33.0994074075564 -2.730649912415384 0.017532943755298028
33.17630225795764 -2.6873435476095517 0.003025176928672901
33.16514781702266 -2.679154363571031 0.005300206307770527
33.17917743768416 -2.661722138786678 0.0030050618123793746
33.095735469189684 -2.7060104179521396 0.0030265144349279458
33.075255604210064 -2.670835066262044 0.009764797684205441
33.09270899629513 -2.6618384154631114 0.003160379489530187
33.14243359847674 -2.667098447337492 0.009060213246693233
33.20925728230311 -2.663976147224504 0.0029089481453162956
33.20214999204553 -2.6342175476555916 0.0033313928140652625
33.25870308312709 -2.6368397856615813 0.004273008479203899
33.159280573287155 -2.630195965894158 0.0041347865473735
33.146174280431524 -2.603240665968476 0.024445046353064156
32.95604640086195 -2.7625917448341037 0.004769133225700205
32.94208726587327 -2.643217727348808 0.0039368322943618425
32.921086863707245 -2.6200047098617105 0.0033119210053715715
33.045156289335615 -2.617107286296595 0.0056474562425281
33.0291251702387 -2.5698738264474428 0.0028578874388967283
33.03997583791036 -2.5487755175465225 0.004778563204080241
33.164827716217005 -2.5734250737722224 0.007144513309532615
33.07646817123351 -2.5325572006737023 0.004978250311792864
33.090894579816776 -2.534265355705452 0.003038685997649291
33.135807154601736 -2.5083246342841297 0.0035837559303226727
32.93093990334675 -2.564021712923648 0.008139647539599847
33.014177391790824 -2.5399483161210306 0.00275335391878901
33.014725499645714 -2.5383967469398288 0.009494213193473905
32.879832624561516 -2.5397453470038847 0.0040596084668618315
32.90477366071936 -2.5121267167828187 0.002960048415770392
32.90441263046424 -2.513478791224365 0.0037907044022083896
32.95412932926914 -2.4772740383296536 0.004636362554673948
32.94568640579762 -2.483666925879872 0.005393602290595262
33.0653147141122 -2.5042049461784437 0.002815690623601143
33.043174043822866 -2.4627161130986184 0.002796151475079855
33.03864198707173 -2.4428967637590637 0.004839116019730949
33.39056124602408 -2.6377386767621025 0.034194905991998786
33.46641429673251 -2.615722985200286 0.002702552066079492
33.339304562652 -2.5911887293667273 0.0030360037567272063
33.41613451455389 -2.570882953656106 0.008599738978323728
33.47231393350313 -2.587100019876774 0.005998162324430889
33.47097681020431 -2.5728889175274294 0.0036912338056133056
33.5009509845936 -2.4862018659878906 0.00683658125056241
33.357075571350386 -2.513207974362097 0.006884676600680063
33.3048582318361 -2.5325336063644555 0.018246862298243984
33.33252403975054 -2.490988424880388 0.0068454346625801835
33.431482123378245 -2.508920602869129 0.005808982185446843
33.392943213429724 -2.483500864800238 0.0053028956308218515
33.44569999662244 -2.463043031924985 0.0035984424352697845
33.42503855817386 -2.447978666932021 0.0027416324995467667
33.43455585126761 -2.437882687963143 0.0035769854584905333
33.34746175034806 -2.447752286351553 0.00845997168756293
33.388556818654216 -2.4437478542581688 0.002762483543934587
33.42015090338858 -2.4088036710862917 0.0026548361008881917
33.55514316093904 -2.5129661825460725 0.003156363914503121
33.525010960314404 -2.4393373136170795 0.0051902296534635664
33.565359682811334 -2.4011149040399413 0.0031081757991166265
33.71026125978632 -2.414487361503983 0.0037727260831477995
33.70587322878061 -2.4069597252734836 0.0030131319087707115
33.635644366285085 -2.3501172418662253 0.002764039019529734
33.47485312751912 -2.4001293240826964 0.006209742971823238
33.41397427526224 -2.3974416481936425 0.007966627656342784
33.42417693968555 -2.393663403937068 0.009267890834004543
33.49819482224566 -2.36808872269435 0.0032156941799407475
33.48312461347678 -2.320388047743457 0.0032560555803372994
33.54484849448685 -2.355455699495582 0.003914202000949978
33.550065775247546 -2.3338671008887486 0.003233421149116755
33.6290201453242 -2.3117289746542884 0.006138491935437763
33.54695886833518 -2.334132951717086 0.0031298057177653557
33.21420975970496 -2.52551200535173 0.002903773848245558
33.26703126123217 -2.4797174637831043 0.0057194601657712596
33.23784357005045 -2.4381690915136476 0.007105028259319533
33.24172591993082 -2.3799616163560526 0.010171553310055256
33.30501890971235 -2.3747061298087253 0.0029885544963915212
33.14878660039244 -2.439327867542619 0.007163624195125034
33.19971437347927 -2.393925065985244 0.08333333333333333
33.19591676165338 -2.396621714399266 0.048598902089880255
33.08939278505984 -2.421343354822928 0.0033174586595412356
33.12505378439023 -2.3409496244983545 0.006067336886110464
33.23068622324272 -2.369180245135707 0.00895213534626561
33.22825257461417 -2.3438283151318138 0.006164683289261117
33.15494905272181 -2.311932522271588 0.002804530546362703
33.4341265979165 -2.3130823565954945 0.0035588377169130108
33.37947528517231 -2.3190777167977985 0.002719409307352862
33.38286885153436 -2.2855979502654344 0.0027944950174848995
33.48405691803526 -2.2674954982325937 0.012058120917729353
33.528309967247964 -2.241151692532192 0.002801884183201168
33.50778225511355 -2.239343967560912 0.019327333455173987
33.47657928500832 -2.2179098258356773 0.003462246378091857
33.29580154947829 -2.297579576527898 0.0034264400258583456
33.31419347873813 -2.2765693712525477 0.0028823965852925446
33.32233666816315 -2.2162530294406766 0.005403394851191256
33.29407491948538 -2.208688632932442 0.012085895772442108
33.380590812724826 -2.183693278301538 0.004921962603001931
33.424959603303165 -2.18367849565445 0.0052390238390545765
33.366571539416555 -2.1626613874959575 0.003273732083393956
33.39801259919596 -2.129956759094904 0.003194299802422776
32.89749305342216 -2.4903708470424726 0.002745542776885439
32.93447646185357 -2.4786347380056544 0.0033645299190579467
32.90969372087786 -2.4621964210457032 0.008669319516689745
32.92865484683319 -2.447136800353312 0.004758789006341344
32.953057781431745 -2.4545188377477887 0.003075658336315691
32.98385675547409 -2.420539235871687 0.021682122467073472
32.95359037949516 -2.38988184979496 0.0027641036511232204
32.88392042457329 -2.3478720866057454 0.007759246421812162
33.05647469050773 -2.3625775357862557 0.00278232350463028
33.025114007527485 -2.35933842546483 0.0038711475474317593
33.07464068089492 -2.3352698543256074 0.004606079129733433
33.017957978601714 -2.3365968160449766 0.0037901388428220324
33.033908838113604 -2.292273713442287 0.005641898706002031
33.05722432816841 -2.2753744494095196 0.004056960409722631
33.14084210439785 -2.2532650901871305 0.003947651578074431
33.11548277473104 -2.2577115436394344 0.003957112292806491
33.173378452982156 -2.228191532211137 0.062090309349629697
33.16363567330132 -2.2155565303245472 0.01408034754480564
33.07438914856451 -2.244815063345621 0.007485741823596115
33.11178637292261 -2.1867475658287203 0.009599563364126934
32.95571251305491 -2.205210934435766 0.002961322965209105
32.94900337135216 -2.1936282861875793 0.004225383670686799
33.10989186453993 -2.183239411195947 0.0027534563406748916
33.00354476851206 -2.1841021822986004 0.0028475138467124995
33.01111186471204 -2.1735978856151976 0.004406122117330618
33.04850157770884 -2.125393517897575 0.007724873381280198
33.07458999616257 -2.113974523808282 0.0027489606907456056
33.0112980457286 -2.129610701818188 0.004886933165839602
33.0430303611092 -2.122062977968599 0.0033073424081490306
33.223897377748294 -2.1746313960303816 0.003833986811480524
33.18111796039873 -2.192055002198128 0.0027400273613430023
33.16078255145734 -2.1625920451390126 0.01050995108160393
33.21758649676837 -2.1412207590357024 0.006303107362131432
33.29313346760482 -2.100844067853929 0.003123925654142794
33.28373563446645 -2.0756681930300163 0.004046677126806116
33.250606142395675 -2.083419572808401 0.0027048105058302863
33.14295584981773 -2.155166751724905 0.005028916209932783
33.1244473106407 -2.1328610498402045 0.004065343617494258
33.11251638360691 -2.1149227405868736 0.003003744679947976
33.10494805201829 -2.063436194828974 0.003850933948326001
33.23759993672623 -2.051164297124269 0.005830202302346205
33.24916447871856 -2.0381777062117026 0.008335279257639449
33.18702992883568 -2.0457252497921723 0.005162862984651067
32.90217012810992 -2.120025990473002 0.003938796103496283
32.90191300956145 -2.1201843249875076 0.004056457961738796
32.89131338655569 -2.1135507688467965 0.002914567512015064
33.02626601007629 -2.0965449336563697 0.009499399657004557
32.89968175365255 -2.076723461562415 0.0034660391956367284
32.91556169591841 -2.0601104056145525 0.0027248672213500483
32.87917178879764 -2.032588442818416 0.0030743659014535255
33.042650656544524 -2.062820034314797 0.0030861942275438484
33.073110305425395 -2.055883303742333 0.003760600761192292
33.03379625248458 -2.0481938577060204 0.004042142404425193
33.041266983092086 -2.0501058910549097 0.00941641107866225
33.03384206956516 -2.048597962326341 0.003966839961492145
33.73227876129353 -2.3018326680059933 0.008524045899869596
33.75547865080837 -2.2696167286460436 0.003007148115794712
33.83122454574622 -2.2732560472077723 0.0056554365544751045
33.81554451986652 -2.2736377773133403 0.002792959155710102
33.875681028125264 -2.2691285791379228 0.004738171265257251
33.860040095597384 -2.2400011853428454 0.009822981126626211
33.88374696241321 -2.224938976113132 0.006651054240821579
33.79845956757045 -2.259312945087286 0.0030197908830332343
33.829955676525344 -2.205594551900426 0.0034291395924811933
33.663442758802134 -2.301281054337242 0.004365753939980636
33.676140656728386 -2.273743981949422 0.0027484898951473775
33.69015243808186 -2.2566493726427503 0.010253615188386637
33.6959551611389 -2.264266110712363 0.003146191617483121
33.702555189228804 -2.248119494338946 0.003467913206653024
33.734348559216144 -2.2260210711991486 0.009214005658307564
33.58009188997882 -2.2427783986612857 0.003148872670418694
33.68950554277425 -2.206026820656511 0.00383892784723648
33.664591174895456 -2.1875193499604344 0.004135738631550765
33.65356352787049 -2.1731882101669315 0.025264483706265092
33.78040369178124 -2.1661827014418185 0.01545444842755069
33.711136094108966 -2.1929541141426503 0.006827096233278947
33.70534266118075 -2.162396955088708 0.004315844310848976
33.924661142846524 -2.188524578164605 0.0034098724938040168
33.97337535916324 -2.146288152116212 0.006616704423798887
33.88756594708977 -2.177608504728751 0.008849598542869727
33.90877919879988 -2.173304690638009 0.005356230456185051
34.02243103879289 -2.126827273900395 0.002902253506730069
34.06817408984527 -2.1057745093101023 0.0032795645975509887
33.83317389290777 -2.1022730453212244 0.00264631330067107
33.87318796046053 -2.077281340823735 0.010574128033437498
33.75664708949342 -2.084580312761312 0.00610031764779787
33.78088837073145 -2.0795080736304725 0.00377896452166099
33.832392442131834 -2.0684905312250272 0.003096679468092007
33.905710106990334 -2.034889261990566 0.0028252102915876215
33.94473787259227 -2.0260829174900197 0.004455478728819567
33.864807664777544 -2.0310523441528776 0.003047150429017382
33.60994808774319 -2.1947247465439252 0.006695164461987654
33.606312948480465 -2.20177824286623 0.009109441571915603
33.62246533215326 -2.1965337443089705 0.005660561648638446
33.55603682624646 -2.1295280835100874 0.003767870254849882
33.69370019509248 -2.068284481374423 0.0034637589392485196
33.69292852905105 -2.073616280068186 0.005616235555291034
33.577967351354076 -2.0677140869496795 0.01337224345070782
33.58943085104618 -2.0550079239074535 0.012285008593679208
33.56268730336625 -2.0472188881386466 0.0036537198497910337
33.61742899355259 -2.0331125372043877 0.0027781595239004656
33.71953515154674 -2.055648252043138 0.002736974836829019
34.11113396679836 -2.0474288758237917 0.004187814773238939
34.124035874198626 -2.035802618481129 0.00320039025704851
34.11114578929631 -2.040659991275578 0.0030933030131390666
34.03779219905777 -2.0329289902176337 0.005050075542195691
33.4098275713266 -2.073635699437528 0.00446478272976353
38.867947482151 -4.3063531586884 0.0028949228859455997
38.87215954837903 -4.282789149191096 0.0026935565923153033
38.86532726165749 -4.279904693480414 0.002712353807886642
38.84837573351658 -4.292961966951817 0.004904226047206231
38.83869898600594 -4.27681103777137 0.004625878264588313
38.86500792313474 -4.269612772360204 0.0027029918399831426
38.76776253398044 -4.262075519221453 0.005805793564134349
38.78403829869243 -4.245312202980456 0.004627164449598085
38.84608861075885 -4.218154191680681 0.0069333430617343605
38.79375439834098 -4.212168424273617 0.0033116276087900077
38.738868629480976 -4.199642443214352 0.0027981498561830635
38.80661382899397 -4.208360349867374 0.0027536613860929472
38.79583145019708 -4.154559518309801 0.006642964317031918
38.80430600431168 -4.160737738378812 0.003274809485207026
38.73832668290733 -4.177982092841193 0.005163073940302524
38.696898063973 -4.177588032156031 0.003232607562594682
38.75977139927602 -4.148022295862743 0.0042353326832192655
38.79087429640824 -4.138009819956233 0.004947027215779882
38.75181736711152 -4.124029624590563 0.0028707299787268524
38.822890012381805 -4.1578453097164845 0.004585246833434864
38.840105078380205 -4.136414679009513 0.002968010237522359
38.86898342598812 -4.10602438152264 0.004234872354979908
38.84975358277219 -4.067392789921635 0.002777847498266307
38.87457083140362 -4.010358722254156 0.018920566245594073
38.69579348414614 -4.144213660805882 0.0036626208605835386
38.68631179301516 -4.147937731669571 0.007875793572902046
38.717048888202505 -4.136620842140045 0.005133885040794207
38.61993689565053 -4.09245335909123 0.005687965186624258
38.83167413610912 -4.033913825205654 0.005619477667524536
38.77940586205671 -4.019245967447691 0.005256811080633501
38.72790554862957 -4.037429608722406 0.004357175917836609
38.765673021126695 -3.984392020234569 0.00789877275709377
38.56765251893501 -4.059055085168255 0.0038772524994628976
38.62639538049971 -4.059808959310119 0.006512095781179231
38.63960374575344 -4.040793938704742 0.004151911613517427
38.598232173990056 -4.040201595284609 0.007282231310605738
38.559516708417206 -4.002634887442763 0.0028171248502551582
38.58027743287962 -3.990697051523094 0.0028482623858723305
38.69105402555083 -3.988146849400271 0.008864885888780432
38.63756183755221 -3.997907108106216 0.0028527964777056787
38.73527320926348 -3.959221092093498 0.00726827958310698
38.81691839867762 -3.997808151586513 0.002775945878600936
38.831809652859846 -3.9672950213472418 0.0028201719884508917
38.85141014057312 -3.9376982331803743 0.004628874803223414
38.818581613280095 -3.8840652003941303 0.004313736613784955
38.75060295839658 -3.887679636046997 0.0040616321175674635
38.83745526018417 -3.817850509040621 0.00975700089025965
38.51284027385239 -4.001716141754283 0.0030558709476245396
38.47447402744281 -3.994922622946015 0.002728919845265529
38.529300567580144 -3.982021950186221 0.00680805114376416
38.45990003113354 -3.9583482170794926 0.003573773874072464
38.43841391757937 -3.9536699121243792 0.0028979052363539088
38.558559085360194 -3.9243938203176625 0.0029905386497908935
38.56386639366185 -3.907157059952465 0.013842877305947417
38.60691149373939 -3.845958943300208 0.0027767441758331864
38.621540374880354 -3.8412545562012346 0.003110881832224108
38.39754222886636 -3.8912799412404113 0.003401866994223547
38.351379936955624 -3.885405546848701 0.011392642766023245
38.502327816009625 -3.8616610957804425 0.003638924119849142
38.45840215581411 -3.846669419594672 0.0032417520161305393
38.57300830103788 -3.814645290821934 0.004754630802920529
38.447844133459235 -3.779170068854453 0.0029605251827300324
38.526746415028505 -3.763465292429319 0.003498311756855644
38.69431672957592 -3.828556911324706 0.005102842213796107
38.74275220712382 -3.811070507577608 0.006129349412053954
38.59635781525107 -3.8039886955307103 0.007042925016130319
38.62110735055251 -3.784429694478157 0.0061763600417204904
38.66639208820672 -3.78638378762064 0.0036515157617905756
38.69107801467014 -3.760265093366023 0.0038428724917551347
38.721879048459144 -3.77016024404536 0.009837526032461349
38.69367150336176 -3.741917399613705 0.004646555400948412
38.7588173933094 -3.704272276608247 0.0036055480248900714
38.74236261974422 -3.69414869948738 0.0031737741212969806
38.597666549262186 -3.734647971838376 0.0046364816961161565
38.51547395111216 -3.724175753161442 0.003948399376143044
38.58141354303916 -3.719726333980308 0.0032294402561790845
38.689816959981584 -3.6734538944420447 0.003849905413073738
38.68597319671094 -3.660434831398391 0.007590151239305534
38.62585765735414 -3.692587711766066 0.002995677169553975
38.84440380640942 -3.6275086407820214 0.004279909192491171
38.813233828963185 -3.6283783697868057 0.0042515197865003055
38.79236473805174 -3.621368147500343 0.004267494741267889
38.745928188412066 -3.6188072732741174 0.013344281183716814
38.67855124006189 -3.577903421738494 0.003028827150151676
38.83219162224373 -3.564222580887995 0.006642557303191152
38.832367429846826 -3.562488748964616 0.06655626589780482
38.827435875670794 -3.5294615269350076 0.006934624340252988
38.83668948686967 -3.5183213834577227 0.005517506768748562
38.81868734108816 -3.514753406424129 0.003986735970641102
38.863996004091575 -3.4729012512350153 0.0060253323854288394
38.81378180079096 -3.475471174367434 0.010568490579407187
38.35146104164982 -3.855522238784712 0.01078782926996553
38.33493570521805 -3.8560785719691504 0.0035733890282794033
38.28532961009941 -3.840635266349855 0.01563587175187531
38.32450042873303 -3.840352840208812 0.02657170523694188
38.36215043975735 -3.838063043628264 0.0030951732590663006
38.35836234157937 -3.804390128119591 0.002826064727594943
38.302951446831344 -3.784803183912427 0.004289851015618543
38.304713191587574 -3.7580657386392025 0.0035279260211490446
38.32616153076729 -3.737892132017632 0.0033931168012203933
38.42660729153152 -3.7590946496813897 0.002875996973014599
38.40823896590261 -3.690562964853087 0.003058911235148093
38.29300748833534 -3.7401715931548023 0.003698247349059615
38.30722701390337 -3.738354315374725 0.0039918646237116755
38.1899353743825 -3.7131582743481775 0.00597583282645108
38.35182880198689 -3.694963674802088 0.009028355045140884
38.31791660510776 -3.684668021923739 0.002972514621976124
38.35205291199635 -3.6780873707314385 0.004927247463667277
38.3417532141481 -3.6022702422204036 0.0030024894122617444
38.52429802478687 -3.6989986018320504 0.0026750561329349307
38.52540976077344 -3.699884023029637 0.007229455762905924
38.472506155152246 -3.681415698886872 0.004264549498478021
38.542433275054705 -3.676318568358084 0.003846268911480968
38.432477940931115 -3.655470928740015 0.0026935458936394323
38.51442806527193 -3.628636684917693 0.003068766994971612
38.52112852172672 -3.634080512362301 0.0042946835092491685
38.582091742521165 -3.609011748505639 0.004077434747525725
38.57700481710627 -3.599665031135594 0.007473081345161927
38.58846293082435 -3.587623253013266 0.0040826424284368945
38.58807063911589 -3.5645936565594067 0.0048168615605812155
38.5796339716924 -3.525107283311764 0.00318715727286356
38.40430631212123 -3.537645598681243 0.02372267319996604
38.47847062745842 -3.561565419503405 0.002804846441091376
38.499012528710225 -3.5599030478551352 0.020523298398573624
38.510315513454174 -3.55132835296949 0.00436887847602162
38.47732497374984 -3.5601525659922544 0.003460839425965786
38.15235216233176 -3.6864606728203015 0.0029749340303251272
38.19185069984348 -3.6761134537092217 0.003764074361792915
38.20111577006387 -3.6325205336458697 0.0033496990464010517
38.085800013860016 -3.6735287663497975 0.003038574959937088
38.0986476242748 -3.657268066530825 0.008596620786928025
38.094176996766066 -3.631029898787214 0.0029510773960426877
38.27135526742103 -3.620022787033761 0.013655909960415035
38.03255636010797 -3.626028896850952 0.003403225287826656
38.099223757938454 -3.615727228339716 0.003753163547635127
38.017576968033694 -3.60355289904229 0.0029902677335844944
38.04377368487301 -3.5801232895815907 0.01940473537645259
38.04404686693408 -3.580831673380522 0.007826191394020484
38.22378651487973 -3.511920844726828 0.004670325120247482
38.15899901576404 -3.515255851550582 0.003771291042793223
38.143824722962314 -3.4960979329745183 0.011186339855360257
38.123879243635066 -3.4583826826937636 0.00400585573365247
38.33174558672406 -3.5214395956735296 0.0030235889508038686
38.35057370629398 -3.5048112195280106 0.0061112624442189265
38.343693555461606 -3.500295617561115 0.013398185445819574
38.29038358232794 -3.5220951964587117 0.0031669602298990294
38.33110894354653 -3.44702247441034 0.0036734778000705385
38.39603655849854 -3.49831352766771 0.009567043741731706
38.40649402941097 -3.450705298329949 0.006273215323278366
38.462445536361656 -3.4538456009102063 0.002947002434488934
38.468434433751 -3.438771755325082 0.004128486983001923
38.375753247353344 -3.4361572345307687 0.0050864504086679235
38.43417603943923 -3.4091623258239028 0.0038603827348336717
38.37313894479352 -3.3962150448171244 0.00496038750222784
38.24658056147713 -3.4519187847293913 0.0028016571614129264
38.19793712086357 -3.451483073425615 0.004398070377473378
38.18336089743293 -3.4501858689332265 0.0036027689370549546
38.24416101889342 -3.3826337506526234 0.0038326244393074773
38.27869318000575 -3.3976474484317367 0.003395181686180682
38.40646670489781 -3.3601501578119164 0.0042499334515651655
38.35077009859327 -3.3600938653823205 0.006110751029616676
38.330982513195735 -3.3641822253006795 0.004847162500308418
38.261293171069966 -3.3692780720154536 0.005378444476509389
38.33800336403073 -3.3255541169119747 0.003459388597602614
38.30022243986455 -3.3092432075474587 0.0031689021532956226
38.31711546603222 -3.3114607295521683 0.005340189144640407
38.67866618551467 -3.557281113393193 0.0031601057390405357
38.64085092725272 -3.5102907173375755 0.0036221666666427744
38.6683260885923 -3.4520595214429113 0.005552831366481644
38.77279460022182 -3.4840718212591923 0.006041495476062217
38.79454358678962 -3.477839926952612 0.003071815126228447
38.71675591025627 -3.456596690073988 0.002898001624724113
38.771320001138086 -3.408738733176737 0.0049777419032674105
38.75128807520371 -3.3851630982819 0.011760519046887342
38.75269541783756 -3.365421804874702 0.003980159760059624
38.58572907475454 -3.496751573357041 0.006556648918576736
38.632991037474426 -3.4439674998430987 0.00844822592962192
38.60575981802846 -3.452286512338916 0.013987277612183815
38.587026514542615 -3.432002497662889 0.0033907481979564462
38.56289862643808 -3.3972920666583275 0.0031657264120732026
38.74547141784378 -3.361714586324223 0.0031863794288166506
38.841133880382195 -3.4175048791139067 0.0026447107140986402
38.83257278066829 -3.405843392743613 0.002683856334905859
38.82262295733681 -3.3618081718193475 0.0030751072671702977
38.84780325916687 -3.3514289176985765 0.004033554455978442
38.76027932919995 -3.3270386477449474 0.0028761494538507206
38.76444341315798 -3.296781466034568 0.004405441611684798
38.75939743228368 -3.302644886433459 0.005983264054336385
38.81657120151384 -3.283456403915497 0.00287448918913113
38.81708854341895 -3.263431802775792 0.003223590777536712
38.71461092410092 -3.2987496866069344 0.002997399459202866
38.71171179713916 -3.2844180650882806 0.005179628950625606
38.747113987561754 -3.2706967851922433 0.002976911197236463
38.81776488755624 -3.2456911409165747 0.002777117368611427
38.824707835414245 -3.190483663815886 0.002900690880791599
38.845641642788955 -3.1535404120571107 0.008010784698857873
38.47855732218131 -3.413372719642179 0.011279765074411257
38.52107046088274 -3.397752577399822 0.0032146298981923596
38.481735702288034 -3.40027023121509 0.010572985694982226
38.54267064647437 -3.3847261795608876 0.0034423453599965737
38.45956573044297 -3.3613535522416966 0.00654880976098217
38.42781832518624 -3.3666662872587447 0.003396158178474729
38.48905017739653 -3.341790714349066 0.0052753572378205485
38.57320389341553 -3.332278147600221 0.0036990379727134324
38.567285730447914 -3.304009789081474 0.0038022316237316415
38.6331933054879 -3.2969756284959386 0.00824421681178041
38.65046864890967 -3.2757877498022796 0.004369695954590743
38.63978305592464 -3.260540349561732 0.0034627345452214204
38.6238983691842 -3.260678138888965 0.003027433725316991
38.53622980465733 -3.3154892960311546 0.01651354311279392
38.5053339783769 -3.2915357049202147 0.003465777752845505
38.445192833858925 -3.3160344761176024 0.0026723075557808407
38.427912662012105 -3.301226632219221 0.0026462583695867565
38.41389796661467 -3.2973441944529696 0.00425342754892345
38.43809749352573 -3.2951164830313435 0.0027154485565694998
38.41732835840828 -3.267583163366594 0.012271225858828958
38.5481611616728 -3.206019189526552 0.003684150979382764
38.54648589637741 -3.190020495750568 0.0035727252111578695
38.552706326696914 -3.19686515165923 0.004547255790043564
38.47232239287871 -3.219762226012346 0.003744100430705623
38.48827589816004 -3.2035251270523233 0.024149419633829758
38.43039832644222 -3.2056065877601685 0.005568732025873444
38.488340848499966 -3.1637498202146492 0.003773911787439059
38.68780225200763 -3.2284627361410374 0.0026976320616745675
38.72953899993292 -3.2167733856882075 0.00427966957839701
38.66626425018564 -3.208847479730898 0.011373528222427468
38.8053433613366 -3.1626290372838617 0.011270398564003454
38.803640785361814 -3.1158041257447597 0.005629005261702265
38.73834700794784 -3.1524042633686817 0.00292883178876465
38.76882368864649 -3.0957158459767857 0.024085454783779756
38.76027497267808 -3.080158563811386 0.002817832894348092
38.57631883705221 -3.175301179043972 0.0033825157277063474
38.5428389134811 -3.1621331948295355 0.0026498231174041675
38.5314999832203 -3.1158647303248848 0.0027861670999596525
38.7027812895446 -3.034321094546162 0.0038474599222050507
38.61159580720758 -3.0467699353165374 0.0028218138427315545
38.67887001403294 -3.025172510441039 0.012249019319263263
38.86739662007457 -3.0940659876314873 0.0032179479460595715
38.84229381099613 -3.094173106528387 0.005282023384971209
38.796898847489544 -3.046278694414851 0.0041176982670938726
38.84731777711607 -3.0374605903634846 0.00401502727250143
38.77647829645132 -2.9488282728288895 0.003540156934255757
38.84895868829379 -2.8469423363814217 0.002958317343384352
37.97059219380135 -3.5310369703651547 0.0068823026938158085
38.05617133735026 -3.4742000722425908 0.004985127262138149
38.095062933555866 -3.4729411525595744 0.012657153574720375
38.04582328381635 -3.4520320867486407 0.0035288546422330997
37.901700491615486 -3.4322047900053203 0.016086202801158387
37.84684504698002 -3.4521475075968353 0.004654717031799891
37.82812318072118 -3.415163590427297 0.009727257319549926
38.03679505769162 -3.3478724085731684 0.010822313106928504
37.964900301270085 -3.348493654094058 0.00380174824924081
38.15240892613133 -3.4075349803576245 0.01438620284732253
38.12084771360871 -3.3815820839403408 0.005712241954054164
38.184604635216445 -3.349990987451031 0.0066725607980304075
38.09700257929467 -3.3587172144739723 0.002935802389451945
38.17658731935877 -3.3164132027129045 0.007242450400013928
38.15856308447025 -3.3244469439728497 0.00445054600445959
38.27228606499704 -3.309951182315185 0.006752150279482312
38.02508383600667 -3.267247194786205 0.015044234683799241
38.091502703699426 -3.245909171575811 0.0027913809456395103
38.20518866576514 -3.2275284301435434 0.0030763818441286164
38.20705444676442 -3.228581522172015 0.006055633036621643
38.10767676279462 -3.231258147975682 0.002740000200603418
37.79448135816161 -3.425648929106843 0.0039049365324721097
37.82215422013674 -3.3354883855688997 0.0051742506705053665
37.75587432558033 -3.383126562758041 0.01610538457376219
37.75589975064085 -3.3827237124358707 0.0128478067222933
37.822139103196974 -3.3313813077159837 0.005876006054648454
37.7713173472312 -3.327063117632994 0.003425771914874206
37.90108232946705 -3.313493574679296 0.003446413712782502
37.865597265406265 -3.311143864944184 0.007299320188387484
37.85978747553647 -3.3068771131748003 0.002897251421491022
37.90877270201799 -3.2879414458958323 0.006161688862422787
37.850270449269125 -3.2845150973902273 0.020286917104706436
37.8645731126483 -3.2237844532393707 0.00416001699264479
37.72809480449053 -3.317001586984081 0.0028218538024333962
37.68585991645479 -3.314204239385908 0.003443675569664852
37.73956338868539 -3.2986132044390115 0.003851893044941005
37.763355332126146 -3.2940893838085175 0.003087113305831788
37.75127796248917 -3.285522461551158 0.00915098523486744
37.740454488478115 -3.2778924773045626 0.006217903385135062
37.6763196564402 -3.267778045346001 0.005764992008624257
37.77356348795925 -3.2125831958777393 0.00441518915817709
38.00460831708342 -3.228944464127681 0.003141798620088366
37.94148613596814 -3.231072043182048 0.0028156099068357655
37.987506463175144 -3.159494651032309 0.011193398219441646
38.01455509129612 -3.162916744209359 0.005208935438008718
37.99953427676048 -3.15500507946784 0.002735462557524233
38.07016831463599 -3.0947541862753476 0.007066373757997135
37.908445751175 -3.168652225527022 0.0033132762285567243
37.8752313644625 -3.15245106586124 0.0033523624666927008
37.833719504052176 -3.129302325509207 0.007516567201713749
37.945518412789525 -3.095422204089303 0.002714552557500848
37.91191400279845 -3.0464496986699343 0.004210644002095224
37.95159987832289 -3.0385682450907674 0.003713576583527542
37.97329513193757 -3.0141775966850943 0.002730870270925627
38.36339880681502 -3.2464292619347668 0.006007457327967805
38.25952090656633 -3.2311545395309893 0.0033724208806877602
38.24963110896351 -3.216927329787511 0.005588939965752426
38.38874823877351 -3.160486218142146 0.003165448043866387
38.397106445512094 -3.1449564857010968 0.011008285883936576
38.39786385130115 -3.1599750018468806 0.005167170648887279
38.45279032674419 -3.146996265695954 0.005683169180519757
38.36692716457188 -3.164550573318766 0.0029246372330149566
38.3401306459682 -3.1383028741110084 0.0030844909092972656
38.35077896283761 -3.1403542924317787 0.002783958035792948
38.40881719037578 -3.1101035694626833 0.0036483453750396997
38.406823527540354 -3.0640381180256147 0.0027177402077423756
38.219471812183386 -3.1792460928952218 0.012255181557914458
38.28950503685653 -3.1586137702738313 0.005635418711031633
38.258082095662054 -3.114738620091796 0.009660981036073773
38.187679554534185 -3.119735799607572 0.006444796810635331
38.222834324277066 -3.1208443875102727 0.008100090378063814
38.199831592834265 -3.088239171677983 0.0066778992820468825
38.22662966125059 -3.0922055092728566 0.002927206626481252
38.356149715412805 -3.0495991828661917 0.004889488281636301
38.285499359698456 -3.064378677135743 0.0031839737942798486
38.24918230132966 -3.0511912841292768 0.007331635570872707
38.32359370892009 -2.996892651562614 0.004740083581458916
38.492334642093184 -3.0832973462191577 0.0036790250052791754
38.473157287410686 -3.043707963467765 0.004254435017630346
38.4878452511346 -2.994674642573359 0.003052701883298423
38.57927123808431 -3.0309572362364774 0.00271596922517002
38.58944668082095 -3.0031052367870483 0.003093101307870398
38.54682622199857 -2.9955323648090784 0.004248342132686108
38.577796987764195 -2.9572770158561603 0.006939685668289008
38.394784911067866 -3.0287382256390885 0.0032126620608090473
38.37783026731622 -3.004051329068242 0.0036273232919970394
38.384016340418775 -2.9848303408356633 0.0034682913647702015
38.37838648695682 -2.9648661907361156 0.005829313330170128
38.37941145136594 -2.971999859047586 0.0031141584047762803
38.43214577243605 -2.9555649618313047 0.006526676538234861
38.47745360084327 -2.959650548831964 0.01306359384965756
38.545057526447856 -2.929698829456068 0.0035166443154362403
38.51473953137051 -2.861849450983877 0.002814598323309431
38.14210080051952 -3.0995206285590213 0.0033305776978916454
38.1182189209974 -3.089907970181287 0.003580340281008828
38.087471754226435 -3.060922946026911 0.004740832971966675
38.13687310685038 -3.0374142840656853 0.006612551685442431
38.14486303306699 -3.0234670575449973 0.004081562720682029
38.152511767793335 -3.0244790075907133 0.0033133089575593175
38.11858220390141 -3.011554328955014 0.002889284312843618
38.23646380674609 -3.0511793674787095 0.004979886959197515
38.28086728180525 -2.98483172573758 0.00266927866112625
38.17443704465356 -2.963826872863771 0.002817894209450341
38.22448870506587 -2.966460404580288 0.0026692452872448787
38.04939036737443 -3.0506024163153262 0.0030133382864284504
37.98302003129784 -2.982009832408371 0.006841111433468111
37.97865335871397 -2.9839849931663274 0.003922417019100015
38.17335886922829 -2.9581539902852576 0.0032826858233838407
38.14241163975245 -2.9484571361612213 0.009904840345660283
38.11660185088625 -2.951545268623066 0.004952234651065329
38.12202910499438 -2.935857834471989 0.002875792353456305
38.19686244015161 -2.9210313478987855 0.005176301442869358
38.06161276812742 -2.9129602852265704 0.009598497798518492
38.103324568790626 -2.894337225213929 0.004131930182591487
38.32451885933702 -2.9579302248900183 0.003096899804300975
38.339470041702725 -2.932987737716856 0.003984871714120511
38.31356327014176 -2.95089839279607 0.010003145701942356
38.37041742473747 -2.8804394980352597 0.0046592530654284104
38.324297279909445 -2.8504743415476903 0.0029036734568925558
38.42369636406623 -2.876196952920887 0.0027386747620026766
38.202472232168056 -2.878453722209817 0.0038011760532062986
38.235593535787885 -2.841676537275259 0.0038700918254016194
38.2774265789874 -2.859662644694099 0.0028152186091992045
38.29272072862285 -2.831292402606234 0.002801165343972658
38.2539780036078 -2.80892000587235 0.004180033762427457
38.32862500348634 -2.800542622767848 0.004936354261205883
38.38327167196368 -2.7793951385634217 0.002811620230978292
38.3897819627596 -2.774970673175236 0.003884496590687478
38.3916669199569 -2.757354379600714 0.003104362399927571
38.318980219858794 -2.744573824741692 0.004107133925965349
38.33229521772194 -2.73416651953627 0.010313658201242321
37.63907301866077 -3.2445590094583983 0.008214429461525159
37.6966916327904 -3.2054762569164414 0.036170605887734374
37.67554905683673 -3.210692045331323 0.0034145097692555746
37.62995088430538 -3.2002638449796197 0.0026918031351633328
37.68683597676852 -3.1830671678955382 0.002825324754432839
37.69971739578957 -3.074740730671769 0.0034160634180177675
37.4847644123497 -3.157424122448236 0.0027574244339346743
37.47364408058613 -3.107575972763975 0.0026785750216358124
37.53338571764583 -3.120199253138168 0.009041422616379528
37.611293076576864 -3.0647444608234324 0.005523021700541166
37.63310485891249 -3.0026741278632323 0.0050892843855710745
37.79472961363569 -3.121306438516786 0.004032216845135075
37.85249622678023 -3.065659866098563 0.011876376845909276
37.75755903479017 -3.089731618883621 0.0056905701916466584
37.74513489662404 -3.051368057575746 0.018179437846077538
37.74480679753475 -3.030360907027896 0.003157182192743648
37.816297644972984 -3.021193390539088 0.002759066160059938
37.89773769861841 -3.0258927273610015 0.008169978894407496
37.902749923603885 -3.004235324433511 0.0038772767382544977
37.930005256469606 -3.0120864109378274 0.005096675749063052
37.94089686476303 -2.973454639239551 0.0028859362252011147
37.86048698763151 -2.9850547113349797 0.006236708769309898
37.88612036501535 -2.963088149431499 0.004005095670457171
37.72886499907378 -2.9993933073269043 0.006855681525357313
37.712873644997536 -2.980370113349179 0.0055254490623079045
37.77855814528568 -2.949671675344548 0.0029826402181091375
37.8505578351597 -2.9206502302037625 0.008868127727346272
37.78059079523404 -2.9174329761444464 0.0026750746116318775
37.75679524269627 -2.9072404207214624 0.006498756646600549
37.73149217589173 -2.9199339809328464 0.00312375183760489
37.47138534565533 -3.106786256668102 0.0033386199917143106
37.42272194250391 -3.096273362303601 0.008645551250448646
37.4495839006336 -3.0744520348426536 0.005448172498307143
37.43402020018104 -3.046326113384882 0.0027301786089208215
37.4423938312469 -3.039790685870417 0.0026528291107563015
37.46998218908165 -3.021204423257914 0.003138351290568966
37.46495509675211 -3.0072645371061326 0.003991645134147669
37.48790430977455 -2.995878628152095 0.002756644354062167
37.44478733325129 -2.987541090344906 0.0030652796332440546
37.55127238555428 -2.9346103486639055 0.0032177168860115335
37.52339945841529 -2.9158542247199226 0.00640190182186866
37.53138251553723 -2.925303779306329 0.004578538333261709
37.331831304465375 -3.0320240296579652 0.004240330030438052
37.37177938458791 -2.9286978434297857 0.005181451347745781
37.44662212428865 -2.979665196512783 0.0027390762334031584
37.49047580162726 -2.919225916165063 0.004134003591716341
37.50399452551225 -2.9023154994368814 0.002783975535967698
37.46819163211557 -2.911975231758654 0.009220566611180986
37.372124624371 -2.918144791586109 0.0027521479665888245
37.398154451464166 -2.900037468963351 0.0027383491063598634
37.42033800374697 -2.8771070634971605 0.0028119832513020054
37.42768935501052 -2.864243291159293 0.0027479721036251957
37.44176377565319 -2.8705813822967547 0.007109387391125121
37.67943755334313 -2.905994442504546 0.005128196283674918
37.69176386698145 -2.8540769368551433 0.00887180034345475
37.77073547462062 -2.8216944219300433 0.005637731903680381
37.77084725720533 -2.8212113786496835 0.0028886505013978906
37.54549685782267 -2.8781785975770493 0.0032689801211264096
37.51131338000107 -2.8492211417864857 0.0026840030784486047
37.49433862846661 -2.815733271368634 0.0028304375659329597
37.53404353065648 -2.8249478271287236 0.005112132122820226
37.67446676071592 -2.7734767059303578 0.0029670562143820647
37.544343007303304 -2.748896761734493 0.0068010200410784805
37.62574947411144 -2.751150645274742 0.002817220400520008
37.60951601868083 -2.741726998457178 0.004556293632436244
37.62915371737184 -2.709716085299964 0.0030012929260613544
37.999104215629515 -2.892035497031974 0.00987918457701787
37.93245649592478 -2.888131937818587 0.011036743123666688
37.964311766289775 -2.8972450143977633 0.006634412178897061
37.99074110619444 -2.8697076220295616 0.0074821354258398955
38.09645382675741 -2.8408690364568576 0.0027822612337911274
37.99632387869399 -2.850249004656323 0.0066529604947708956
38.02499455824892 -2.8456508966766965 0.009377411294006845
38.09750503998053 -2.799941249665153 0.003391884260369267
38.08465016959792 -2.797474634901696 0.004428761158965304
38.05534576590897 -2.797952874981619 0.0034102667022296623
37.87733297131313 -2.8838380943144104 0.005060129360997785
37.91960044594331 -2.842337739367389 0.0028782837422408904
37.94787210137075 -2.8499514700164044 0.0067623219686928976
37.96105055807588 -2.833913444452461 0.0026649326923532503
37.811053794139845 -2.8373094165423343 0.005665808995822227
37.8874453337933 -2.7803631028220086 0.006710473561275803
37.87361375171897 -2.782396630658366 0.003005697392843956
37.9638176262242 -2.8088346451525257 0.0028887047770346256
38.02067784884308 -2.7332954681515793 0.005819105414530232
38.13444393709027 -2.719942015741484 0.012945812856822706
38.1155875158267 -2.728569141364794 0.002646717778452658
38.239131748320645 -2.6532832010902654 0.003734836673419796
38.199916998726486 -2.639661397511731 0.005725077098575326
38.06084163431203 -2.737400318493513 0.0033906041528947812
37.98086866309031 -2.6918839516362 0.009166576023095915
38.02301827175116 -2.672877556969236 0.007605900761328181
38.05259575588432 -2.6508109961114887 0.008938033840425044
38.15692641295412 -2.660787471516267 0.004354599061284632
38.15175470957709 -2.6569958545132955 0.002930828422776426
38.10967569344014 -2.6480943318305217 0.003646937239957865
37.822709971672694 -2.748766927877599 0.008667063921968901
37.735675546406966 -2.773355165221854 0.0028256876898855184
37.76655650449724 -2.742155288481569 0.010643821424549532
37.820031865503935 -2.7121606468893646 0.003341251522175346
37.815077019268216 -2.7184615067631563 0.004121097168896782
37.77226585319502 -2.7043645140829633 0.0027222602055300372
37.898285823366486 -2.7298056935107624 0.0054319130518686535
37.89154965937544 -2.694764867780385 0.002933159802786559
37.717178685034526 -2.7187825400003187 0.0037544569561031994
37.68515589695296 -2.732322667898937 0.009991551002837797
37.74373805506004 -2.7138355114003563 0.00440682905973667
37.672503280633585 -2.7030220858043013 0.002936800528268485
37.691113178710225 -2.697496808915533 0.0028492401109663826
37.696206337032095 -2.6615007552984298 0.0028813552347792745
37.68233317972034 -2.647982979285321 0.002832765598284476
37.79714262684324 -2.6619861981157076 0.005119865234782691
37.78069802975824 -2.6534727809051524 0.0068407870237525694
37.87229497927631 -2.617016342447897 0.00346126116464549
37.9743163108192 -2.584076321383008 0.004398746857869239
37.95837423749211 -2.5573231040090807 0.0043270039296973385
37.9635809953587 -2.5515338162801933 0.002957352748642052
38.062734343165154 -2.6026523775993686 0.005148747150569302
38.04128541221756 -2.5920812515673095 0.003101752026315594
38.05656694773647 -2.5901772561669545 0.004954845301254184
38.0449122041451 -2.5792563211317483 0.0032690005572800804
38.054583666802095 -2.537718914185178 0.00773041723184013
37.86772885467184 -2.575401284181391 0.009494453888708674
37.887365185756885 -2.546126778336852 0.0033483764565887743
37.9302281144979 -2.5437662582066345 0.009748516691274595
37.81714153632892 -2.5212425716476425 0.0035710827971110405
37.90879192190505 -2.51158063884315 0.0033174783675253825
37.87496006818579 -2.4974199831174504 0.002684864327168905
37.88229728370953 -2.4799723318578355 0.002704143283041467
37.995247674776465 -2.5082971186819982 0.003203253575752372
37.94646208454971 -2.495960911786331 0.007346848674307002
38.704050256364816 -2.94081749430752 0.007822451778463727
38.63977497669082 -2.947633487300678 0.0030037763225427274
38.71789983000235 -2.89332956401053 0.005067361466506938
38.71560374003374 -2.883835107445081 0.0029585910873242693
38.60153369952574 -2.9059017130559255 0.007628469244131236
38.63728374099805 -2.873354478076777 0.0046893933649773635
38.77035829973895 -2.831509109785905 0.004591621804920476
38.729646091684906 -2.847525584325557 0.0031712233430663604
38.68521186369447 -2.8339755320049895 0.004807086860910767
38.60887784293701 -2.816099920338199 0.004123474750959353
38.62599853723102 -2.8025005745406295 0.011011092591799934
38.54989500131536 -2.850074391946541 0.004402532996251911
38.66858096048874 -2.7943616462881575 0.05113139753404974
38.70949790679312 -2.772676831553082 0.003230632960292028
38.63768263924317 -2.7889373965846813 0.02549512030398018
38.62226558801475 -2.746070365482378 0.0034963924568686467
38.86240406181789 -2.796880883908681 0.009006630574288075
38.79351642656591 -2.769470890354872 0.009919401965816026
38.82137971085489 -2.735250492072466 0.0031018858354706306
38.85769459203809 -2.689689415886067 0.005829007909412097
38.73625053797028 -2.6539066231698576 0.002659197198788849
38.82455192158291 -2.6555233782862127 0.0034102756540107786
38.82970166724722 -2.6069904286948686 0.0033472802851891234
38.83716649601768 -2.5648766648948595 0.0035406780988131137
38.56168560904558 -2.7518670842339175 0.004257554290598834
38.44979201467925 -2.763727405223227 0.006751216100810573
38.488292636746266 -2.7596037989624067 0.0027935876019650457
38.44039903407247 -2.7346953871350843 0.005510871755744311
38.60538979852629 -2.729338751088342 0.015730048425513638
38.60177744404318 -2.705343360525236 0.0044186182769287725
38.6489467942679 -2.693837474728616 0.0029471014737930423
38.5929644263229 -2.660930042705449 0.00336643776110141
38.5689995302747 -2.666532500222562 0.003104916674126057
38.56446367687506 -2.661942938390458 0.004120905871530376
38.57553709252407 -2.6462640755573643 0.005730414335644629
38.3478196836135 -2.6663618330370005 0.004549275358689949
38.50660487410936 -2.627118529919279 0.0035529204572417716
38.54849537812532 -2.634303204431583 0.005352251710320017
38.49116022022964 -2.6013583158116247 0.0069941437586391155
38.4901201671363 -2.605752085322617 0.002698566095420831
38.51537507551284 -2.558576767105174 0.004100854821065252
38.62334215687543 -2.637267255089963 0.002821732950433241
38.75647979210379 -2.5140497339528967 0.0039542158684358125
38.79108963288284 -2.4899856400299285 0.0026715172306032726
38.73973027839074 -2.515848521444589 0.0036618681219074065
38.74686719312529 -2.498683849587668 0.007347407709388266
38.56991149070628 -2.596716503280789 0.0030672885584097035
38.688915660333954 -2.5153086654759855 0.00291638348086548
38.73061081044794 -2.4802629946584833 0.0030632680033661802
38.724048398380894 -2.469888579364651 0.008278039981107122
38.69941850026627 -2.4382578242261115 0.0037819418294249125
38.64952012494579 -2.4245390412984125 0.002989899459111686
38.86108322442478 -2.465211374023861 0.0027310321304168583
38.84705498023208 -2.462916582048732 0.03631877494874853
38.86112722712837 -2.41361098796508 0.0073252315054444395
38.73696926240704 -2.4348280876526314 0.007800049425195885
38.77766031298061 -2.3963024983346006 0.0030836102074610927
38.73033821116691 -2.375821460329058 0.004003138487043676
38.71258012102583 -2.3860050146312584 0.002831790690075332
38.83621094717322 -2.355261216342915 0.002647594039021977
38.76877694917648 -2.3167279036109636 0.006953975473697636
38.7809266322653 -2.300175601256085 0.004014186301993277
38.85889918200648 -2.254737430910972 0.0028562029910472026
38.87264539479981 -2.217569482009807 0.004125965142739759
38.37157021686446 -2.6371167379239333 0.015465121794765415
38.36469366627329 -2.6165930506109496 0.002984944871477152
38.37582912213007 -2.614808750906536 0.01312683645922732
38.324013833564486 -2.599060026899173 0.007871040093599417
38.345920947898 -2.580639548511878 0.00434092537185263
38.4012142435016 -2.5905426657282247 0.017670477672521976
38.417678397112944 -2.502879448310028 0.003424278307373891
38.40788634616723 -2.4633391308279453 0.0031370934041238673
38.27137904080703 -2.5636470019747946 0.0030606810851116608
38.31330523322984 -2.537630457879883 0.005392792369346299
38.25269445897096 -2.5468678048254683 0.002698111851652814
38.2149978893469 -2.520075325925551 0.011086090628484885
38.25519240674161 -2.5146755812604233 0.004715652614044526
38.26998577801824 -2.499080409553946 0.006107839336071908
38.344272387965894 -2.4882929763578363 0.002777625110243267
38.29464390239473 -2.484600475740435 0.0037607952063826535
38.31893626650836 -2.4688969726740213 0.003258287104714723
38.3038465419777 -2.4764068788367783 0.0031951847491797246
38.2673170944511 -2.4460574234192274 0.01049456059823879
38.31670029213377 -2.4495736147560487 0.006047552115248447
38.34389035958037 -2.4312237901768627 0.004563402327981794
38.53387231550721 -2.5010931798754044 0.0027562030858289638
38.50747868219698 -2.502297393038166 0.0037327716205545276
38.4897379080691 -2.4965673029083355 0.0029311682622805498
38.53683240401264 -2.486250931829638 0.002815487571860497
38.515739795054856 -2.466432104751626 0.0043889473859296145
38.426235081440176 -2.471819283189375 0.01266488540719779
38.504924201931416 -2.441639759799596 0.0026567002682970037
38.460360426218 -2.4313220695868756 0.0029259053269278397
38.56656941259982 -2.432910343534619 0.004789524394743905
38.55851464482332 -2.4256861994529086 0.005714409835531221
38.638829809946 -2.411290894457703 0.0035826583065325106
38.6070474971457 -2.371471035965019 0.003289316394332031
38.62524203123284 -2.3554325394925493 0.005803825945222734
38.52955909976554 -2.392717119617869 0.006935147457334604
38.48874265893176 -2.38368650551756 0.004790827619321241
38.439134085588265 -2.3710884859704167 0.01029393957465368
38.345278919497744 -2.3790195478322316 0.002815106403161582
38.368570341940526 -2.36704081672446 0.003876570527513794
38.359337192110736 -2.371272629917775 0.002901544293142193
38.43624307945684 -2.3414307042088827 0.003772233951969539
38.5064704218216 -2.344233327549205 0.0029919456810103885
38.5624245791697 -2.3314196088402444 0.005399493150860052
38.450526490600446 -2.303544346694549 0.005885299782434569
38.5172881188963 -2.277333069726076 0.0026590912112893494
38.50795584698127 -2.250851605618048 0.00482749257653163
38.11709541390811 -2.492271865918169 0.004137734920504046
38.07760189623366 -2.4489584769800494 0.010564199513487896
38.111041488299264 -2.449567569946277 0.0034348043134456063
38.28913347760419 -2.396253051900968 0.028447401387153706
38.26811254819721 -2.3702250695805667 0.004294259149178705
38.05633875822208 -2.424559665279684 0.006269408301397297
38.06331486563733 -2.393902042069197 0.004912398607849245
38.12118124727377 -2.397849392806783 0.003271861750063687
37.99298187077499 -2.3843542025115494 0.005288584887202443
38.07416098159708 -2.361632880351317 0.008670027692095513
38.181728643857014 -2.344887387892215 0.0038487870233114125
38.20169496163488 -2.3324292824679507 0.006440333983274451
38.28523346876693 -2.3579622538106024 0.010669986860530594
38.37426090688305 -2.3208781927413566 0.004266342275466812
38.270761636505846 -2.320490384193125 0.004641015187362172
38.25930434566382 -2.3009380994790023 0.005002436386273176
38.31549548524745 -2.3055664448030657 0.0036974239464843068
38.338259205836415 -2.287658757023672 0.0068133500080081125
38.38013968805808 -2.209506690215767 0.003360328997216794
38.383028149471976 -2.2004447834868888 0.004480078560216987
38.18450044797583 -2.26197506336499 0.007309321666612756
38.18778550649699 -2.2401517524603904 0.002692164911915847
38.33597294767476 -2.214932266525312 0.004464935552638082
38.3797307885296 -2.173992273070225 0.004524091496294364
38.287773971692246 -2.156038347914383 0.0035639510839702514
38.26444411906007 -2.138815455492784 0.0029359387743047275
38.67919720558398 -2.307521004169935 0.003605893615578603
38.77832857829976 -2.272697956206557 0.0030808801184778033
38.601051704684814 -2.2983197577177017 0.00817253585498248
38.553057138741806 -2.2173658559966105 0.0033642351154582095
38.61112876318478 -2.19368734200454 0.007624002755876922
38.57559240112571 -2.202762982467626 0.0029907248866405784
38.557073005130945 -2.1984375793546587 0.004705034037900165
38.86595672616575 -2.1987937064095724 0.0031308862522448563
38.8646451878056 -2.1298961536869117 0.005814248434565586
38.8366541534091 -2.109521560769404 0.005072093953099768
38.85793665997925 -2.0813062748204656 0.014094226600883721
38.82539547114793 -2.0707287616596517 0.008416678428090575
38.71765097528225 -2.094510739683092 0.004639182576119087
38.74759992880546 -2.0691901376473423 0.01273351926261045
38.87264867665448 -2.0543935000463813 0.0027797815277552126
38.81489445078467 -2.0538616582432003 0.004394667223044627
38.482088509269616 -2.207400465618317 0.027645346816168835
38.504272843331925 -2.152610219020274 0.003172500064646
38.57719935771609 -2.129860126082032 0.004503262151850938
38.545585489718555 -2.0952838369331857 0.004826322400594285
38.53374387503584 -2.0642504636332877 0.008443549225041654
38.40439576259453 -2.1606345856259144 0.003641523690050803
38.3965566313118 -2.1170391109509774 0.005402967679683482
38.46951958568887 -2.0870542133538006 0.0035302090146612647
38.43273927339327 -2.07085409548932 0.008561323537684259
38.350710562838586 -2.0826058058450245 0.0033008581356673977
38.36138451152223 -2.064075032539807 0.015063314881300907
38.41807124818074 -2.057411281928714 0.004720834164512443
38.48900942644872 -2.0585286495776947 0.00272268259202152
38.52102274079959 -2.0457190043521405 0.003175839453216481
38.49387516015734 -2.0322375020359624 0.003268227572542854
38.47592846337513 -2.0254405300288307 0.003049079124747224
38.620603202943045 -2.0449728964317857 0.003769903683238978
37.33209199284085 -2.9186154154424946 0.003712549215649124
37.224988706348704 -2.925185244057792 0.003307443733094744
37.26668864076213 -2.8838940135703455 0.0032116759870992584
37.28759776753374 -2.8548457899026043 0.004467633714325725
37.32386731002384 -2.7899929293974113 0.0033549263807693274
37.10612302894779 -2.832240430591844 0.005807092108743226
37.1672822797329 -2.8189197280561413 0.004241891829842964
37.25674851233673 -2.759553613098262 0.009223986944999433
37.198545082862 -2.7710162304494697 0.003639676919100857
37.29911703821747 -2.716949467104557 0.006804755489425673
37.431364731209975 -2.7856921186381727 0.014530430435688295
37.57120339828575 -2.7128852386154594 0.0035096664133143387
37.57186059205892 -2.713694619963191 0.0037808333890320344
37.52513793044772 -2.689865115055545 0.003544354964137208
37.4971710764073 -2.668865671830491 0.007435837659595827
37.33438344493464 -2.728016510628876 0.002805819438249005
37.32495954895653 -2.6670477125847327 0.005247405058469443
37.37794868754279 -2.65221978548063 0.010238276157472649
37.32206322012356 -2.65542682422256 0.010044416889103796
37.47295016464384 -2.6475707048650854 0.004397911033096174
37.42339433221656 -2.663759168443214 0.0030352308282826173
37.46948026276401 -2.612921162811398 0.0036901821571843243
37.42670878906344 -2.622147797289272 0.0033715857111247475
37.36910778190285 -2.612649556128808 0.006764656593493143
37.41514015748438 -2.5893076635755277 0.0034139093072770633
37.415291775633705 -2.575517772510287 0.0035567154349137823
37.42756861894268 -2.5595026387474022 0.0036212337521871005
37.05327115199799 -2.7270649380406264 0.00826807732534595
37.180928449247176 -2.7475748657360173 0.003797037747520787
37.16088666368914 -2.695356002206083 0.003884550391529468
37.208107883363 -2.653634474991093 0.0044980439504353825
37.146112413439624 -2.650727357237547 0.003978134794610076
36.96445590962449 -2.7062798433494586 0.004885180440873132
36.97230818626488 -2.669630012343666 0.005898677392680532
36.96944908702096 -2.67065172098829 0.007071356369966572
36.9363521275444 -2.668010892526256 0.003016072067847509
37.01548470767362 -2.6339800862198066 0.0028565547977434293
37.0804027462494 -2.6357835743336526 0.004726365348683175
37.08205640856238 -2.6199676674783374 0.005050411667330653
37.12951953563724 -2.644756423004393 0.008651405326821652
37.13012532760102 -2.5943776709931883 0.00312597193510706
37.041906384567035 -2.6133809489276896 0.0027331946667405486
37.07357702955235 -2.5544828944692584 0.0034951662220411204
37.260491596300675 -2.66761495832418 0.00331077902115582
37.29461552429545 -2.6541664007997072 0.0035492477003558954
37.29400107277114 -2.608859195829567 0.007369097448017582
37.31439420746434 -2.6076240860425015 0.005227502083884936
37.22831298738971 -2.6197210145027374 0.004594036322689514
37.29407760058491 -2.568458819917753 0.002938121286430552
37.30782073833348 -2.5485346637204813 0.013452755361494777
37.30510788650837 -2.5214386928151136 0.004427000893336906
37.36944639194822 -2.513070817832518 0.003140580787875843
37.35293541818952 -2.4773387011033736 0.010951659802801283
37.16651821435969 -2.5974228700057114 0.008814612695281544
37.20654056233821 -2.578662939678395 0.0029694828720683557
37.15718062561656 -2.5812721732145243 0.003799368516471596
37.200717446980065 -2.527783407596844 0.012113774770016883
37.191568671789064 -2.4878182299629867 0.011898691910824741
37.26028292937862 -2.5177651103066547 0.005619918074724987
37.32970056420188 -2.463952811362878 0.005011665707704327
37.268068743932666 -2.4645802431549937 0.0040941739400074655
37.24903034996196 -2.4730110820048856 0.005612187532118081
37.244051794632966 -2.4756154042083467 0.007744733081742672
37.60232057588706 -2.6262924043884803 0.00650992319329151
37.66047124399711 -2.6368159640512356 0.003982259340750239
37.660023573896055 -2.602639546900732 0.004736907232716902
37.76097112141046 -2.562588051178716 0.009863164912760045
37.73107699118321 -2.5395016362772846 0.0044883159356972424
37.73027772292401 -2.4909698304186194 0.0046962394735404036
37.562180234847126 -2.565972679180321 0.002988278805775984
37.50301126351491 -2.567839998413646 0.0039822894626420765
37.548668000195065 -2.5540818738530855 0.004627606523425154
37.611854593985825 -2.5403630794591456 0.0026851588599284
37.5410312476078 -2.491541185135959 0.0030221979358251105
37.51273158082923 -2.491364703899684 0.004340588041895916
37.62634701795831 -2.516982907846865 0.0027627693200554418
37.60546876049643 -2.4942294580664854 0.006126325808601479
37.566407166698184 -2.4816459934485886 0.002890884526894747
37.8040047312756 -2.5020948801744263 0.0026859664868380865
37.80301308253098 -2.461795454876071 0.017254325021003155
37.76155894912612 -2.4701743741483826 0.00692913997574019
37.754672003771 -2.4375715711285943 0.02180677565380878
37.89026932606949 -2.4280038962187143 0.003257911477028647
37.861648574167354 -2.4186494094004236 0.002867193738923226
37.90751255937065 -2.3991066753182073 0.0028650006815459173
37.9365306951106 -2.375620452857302 0.0031284430939629753
37.90459939181507 -2.3666325937158468 0.0050035635443420315
37.86771939854117 -2.328465933426936 0.003316642485177656
37.716098017567255 -2.443076919536902 0.0057173695536472955
37.70601636462813 -2.426594272225561 0.003478560848405404
37.702772128662914 -2.430402751738608 0.0026502796667109757
37.65914725135605 -2.3905168048221963 0.00565077200107317
37.68591492649136 -2.3998209088414573 0.008692898517408674
37.763082007778635 -2.3476293295343007 0.0026977572889728893
37.79776293315051 -2.323015414417883 0.007965184310488208
37.80030815232558 -2.324887118347886 0.007135503518354321
37.82006830736819 -2.329305079752277 0.0032362884226970613
37.84275114506126 -2.3012917114862184 0.007586946814558363
37.84116387430263 -2.2992446646481017 0.003858111144224589
37.462656380322485 -2.5111961695084224 0.004047409014442602
37.517048596768554 -2.407118061912397 0.0033887517870782244
37.52172049395385 -2.3960531499771434 0.04108293889869097
37.50535668633528 -2.3702645575169097 0.00291383224259957
37.361783467179194 -2.4151803291788885 0.0027297235693863084
37.36480814793208 -2.3963001588144253 0.003603942676869675
37.39225814435011 -2.3488666708410673 0.013838117522995751
37.32625338383449 -2.3557398454464686 0.004676947766571655
37.34748419982445 -2.3303599779365705 0.004772235088485794
37.4387637534691 -2.3746443551557266 0.002803248636710728
37.49108381490357 -2.3099262782349546 0.0031120091455166315
37.41334742269167 -2.297677235848505 0.003432751492292201
37.42899852022173 -2.267115078539407 0.03345265807903534
37.584128244389944 -2.353328258937037 0.003463024225181063
37.67743035124504 -2.3026526770231857 0.0038729841496055097
37.64107559131864 -2.3239427480171018 0.022465464993665217
37.55722101277018 -2.327550591801673 0.011421977218526745
37.63587089181056 -2.290992933463192 0.0032322008461042034
37.73050189344053 -2.2802962766817867 0.0030924238539413126
37.72771689513691 -2.28153847716109 0.003627418884420689
37.71782284296063 -2.251765894448382 0.0032069263761683405
37.62378442556558 -2.24273723896438 0.002877378436517304
37.648253378778755 -2.213654040570618 0.026368789732187693
37.71889627081965 -2.1838655777992715 0.009577726353901613
37.4671399512664 -2.250943400791074 0.0034902618447713043
37.48995911452827 -2.20660320203238 0.0054093961752282
37.51934757772075 -2.222334538618606 0.014124155478226312
37.55333662986533 -2.20877759605891 0.007207118280858604
37.503461146176 -2.202688441340262 0.004248399505496243
37.5970801730323 -2.220158970321446 0.003588576630668933
37.66202900335891 -2.1787834296507382 0.0032559719110416617
36.94901590150441 -2.6240555924921596 0.007327548381270316
36.94878473557616 -2.6328753193545515 0.0043644526844508515
36.84017572328165 -2.6104380676810113 0.0036059530231520925
36.976294842099186 -2.559921260317161 0.002884435683600919
37.00964426852245 -2.5472976807419823 0.003915425812736407
36.96517614397979 -2.501563014640241 0.0034596722619908817
37.008667767693915 -2.4891685436617506 0.00491839885386933
36.80036433566923 -2.560635652649832 0.005384024402548055
36.862603476664255 -2.544214364023854 0.0027148001818865885
36.842492655653786 -2.544510886962488 0.00394178374843094
36.81714436361015 -2.520428116230667 0.00786678153291095
36.84398917644208 -2.5055431804854296 0.0030047748435304694
36.92902614210123 -2.4952567535461707 0.003521920996022095
36.85559850702168 -2.4767156659411222 0.0032193739057968674
36.84811085596747 -2.476772705912201 0.003909030280482867
36.90932430505181 -2.4450681588208423 0.007628039523627685
36.88549840043124 -2.4169856396679124 0.01005017188942751
37.08354241227555 -2.515390030475604 0.0031787751159291573
37.07305936225106 -2.464861680644071 0.003370625131816313
37.11043440639202 -2.442065730380232 0.0035331533664499314
37.21353510869024 -2.4239161300636587 0.008907374038939847
37.16558644782173 -2.385562225074141 0.004423656940829721
36.990716979407665 -2.452621343355467 0.002677175177507073
37.02830309274414 -2.4320087023024257 0.005499859113925559
37.05630375251365 -2.3730585400923485 0.008079098714944584
37.00116629965679 -2.3760651651714824 0.004762179208902859
37.10746757781639 -2.3373479320346395 0.006598359287175737
37.053736685954114 -2.3458727502642462 0.005051263330993442
37.056333588339406 -2.357674479059429 0.002755544980081574
36.776271554284264 -2.4801892944022614 0.002683732587111882
36.72430163001309 -2.4466089550101637 0.004091562547657779
36.76922789269177 -2.413261140589646 0.005130025922127047
36.62015357590704 -2.424057709447764 0.006361835857282606
36.65396572929441 -2.376634772582765 0.004219269872962997
36.63625418361845 -2.3537474755324426 0.004248760487752094
36.634097594818144 -2.3451517863834215 0.003278020155767726
36.73589296389757 -2.377536338775645 0.0075509039271000325
36.73149104918139 -2.381732468918662 0.013093684725646969
36.707506225985554 -2.3300839683551615 0.004425289320128092
36.71429521081039 -2.3065880325022725 0.0027962205275226383
36.901410090544026 -2.3481992787600756 0.0038009381668491797
36.99552657336419 -2.3167761959858284 0.011431288871438924
36.94001910532833 -2.310213391506459 0.007071952819422977
36.865046135517595 -2.3378183374969423 0.003984792989054918
36.91979369247411 -2.26076924276223 0.006674328215335154
36.983987088527414 -2.2796009509662976 0.003939861450124658
37.061353688658656 -2.2401226565929995 0.0035902200223778265
36.968133676766286 -2.2209919007848105 0.0028797033035896876
36.87926551539559 -2.246131667663676 0.004499684352638287
36.943337420619656 -2.206124477086004 0.007995326429450727
36.98216752854739 -2.1704076261770724 0.004178829285585771
36.85442156175712 -2.148552000102863 0.005177411447463967
36.9241923992268 -2.1524015780227455 0.005387698504449258
36.90622772343422 -2.1449471904404147 0.006198632080889014
36.914530519379376 -2.1193835556683704 0.0087848389603477
37.31208550984013 -2.3320085446786014 0.006263354234036648
37.34500119877412 -2.3140201167460077 0.007550187807054785
37.295882140748425 -2.313197873778008 0.003623741833353875
37.30167963744862 -2.3129651006301932 0.0035372300807453775
37.21774145170569 -2.3166594620412067 0.004473724331756715
37.349648914421415 -2.277719860631402 0.00460631124546564
37.39799875847214 -2.2075684788908134 0.008393959406501544
37.33512527848993 -2.221945546984566 0.003515523170008762
37.34136230577233 -2.2098761745491484 0.004407906204433724
37.1781094797393 -2.301701959995734 0.0027395923487052005
37.21107163236117 -2.2422047245743744 0.00780253157119789
37.180568209667086 -2.2271992927022324 0.005608604416303037
37.18306130633915 -2.1718691701990287 0.005140753615339327
37.27986240194617 -2.1216322836003307 0.0052557063808643945
37.429842546159925 -2.218322322385527 0.005801547797206827
37.42570715672665 -2.1913780435747814 0.002761799328070588
37.48649800277185 -2.158503040450806 0.004350481634388906
37.36946803750721 -2.1520897505300467 0.006591957286339267
37.53745095661711 -2.1405594440979496 0.003943930649144393
37.536939155828584 -2.1361186103758807 0.004933941826149197
37.52956302962336 -2.134949053921504 0.010689616127083001
37.5151879284832 -2.109350138582791 0.0028408229290529923
37.33527212520669 -2.110880610520199 0.007136394249884709
37.31647705862778 -2.099692823232054 0.0035760465184738483
37.30071054152219 -2.0971357350716553 0.003775320441993014
37.42060014633601 -2.0383925355976045 0.005719765378090277
37.11951676732041 -2.2007293693578567 0.004063963321144954
37.13311343065359 -2.185703489316381 0.0041432365539577866
37.1704932473453 -2.167672036661235 0.0037032560807130953
37.16651228177821 -2.136819575631072 0.003049724963022026
37.006658036899374 -2.155194674827428 0.002698617638372604
36.98589534949847 -2.100158072421908 0.006280017220415391
37.11409607435876 -2.066321172076648 0.004637280535287906
37.11694814507177 -2.039288392020923 0.004568345897852239
37.98531950785813 -2.3664134965453183 0.003730546903065786
38.006626000300855 -2.330300156467002 0.009529190291808244
37.907961221267264 -2.30075900003399 0.00577921544050084
37.94062376697044 -2.2946493508507477 0.004647130780091565
37.878586615020296 -2.307143142502422 0.0030726833323906585
37.97655830748424 -2.1954171019992703 0.004561909964328121
38.13994372604908 -2.2331742934372354 0.0030776811855308993
38.20841003015115 -2.1525229381135187 0.002944921038341238
38.08380733840632 -2.161184521429408 0.0033037101271045544
38.28546657141011 -2.0941762305391616 0.0026764654074044893
38.2039652292311 -2.11215744810857 0.003911546924776398
38.186155009783704 -2.1032868857128686 0.002987829043937326
38.09317893525284 -2.0588879203916277 0.009006769938310056
37.991510658831885 -2.0807581989837263 0.007510862553851807
38.05239366859809 -2.054600123434655 0.003465157982390718
38.05450413114452 -2.039994923846815 0.0067189378611496025
38.054343086901945 -2.032317033786068 0.0034722417892584104
38.14526230113401 -2.0776910400523905 0.005490640379036157
38.20795887281125 -2.034807217712739 0.003199590175651414
38.181260937566854 -2.0254228489316057 0.0041068011467255755
37.84826975911492 -2.1367597720818456 0.009804390931996577
37.74148326819659 -2.1832659683053435 0.024117884728453918
37.7898150856312 -2.1213194348288344 0.002993716180365844
37.7725862796372 -2.1071425151911307 0.00463946523343019
37.91394397434035 -2.1106205343448816 0.0033505951044864716
37.840306103479904 -2.115081293499568 0.0026449729788032817
37.80845430998393 -2.0806692947910443 0.0036200101198322265
37.83301588634936 -2.082941407804097 0.00292493877353225
37.92042499858947 -2.0526186087315597 0.0050035422879008
37.90971996180239 -2.0528448534583092 0.002769100223103682
37.67823713336926 -2.119664430287891 0.025310787030835058
37.63835872408885 -2.0865468021539826 0.003853154334454808
37.63809954829659 -2.0874903665261764 0.005330159862576181
37.77419563368905 -2.0604894732846293 0.0036544143669472984
37.79478951514588 -2.0435219702562297 0.0042515184649198935
38.34845192171024 -2.044133494929427 0.0029845978693562323
38.37399554713189 -2.029237724744334 0.002687585068594836
36.553902572476765 -2.36562510600304 0.010740036062308476
36.542248273163985 -2.26398582562744 0.004846024211565105
36.62195969122059 -2.281988564601223 0.005766017546045144
36.610569228407726 -2.2736420830280593 0.024469213940627878
36.69321235408204 -2.227161198525404 0.002995248950151003
36.69877492046492 -2.2345339477680244 0.005964562786956282
36.651847883562525 -2.2307756944619483 0.005982763557782768
36.61498107178754 -2.203599338996045 0.003173527489762167
36.46813033986554 -2.244434035918146 0.0031508033940222707
36.46799966938285 -2.237465544668953 0.004746837937034259
36.429271225548845 -2.2138724212129484 0.002987609554194387
36.49919767349322 -2.21530431098253 0.0035395260634003803
36.49158405648549 -2.1814162847221765 0.003743895728048607
36.58616105851164 -2.204120615954761 0.005536390944342871
36.554094311087475 -2.2038916857416107 0.00568215837841635
36.5874785076471 -2.1521898586628763 0.0065289406328489005
36.56922738158231 -2.1126566040944974 0.00708363743857557
36.73297548779773 -2.1548817689065074 0.004901831006491947
36.72331208839374 -2.1482167547407656 0.004541783148669807
36.74181875375161 -2.137533231987879 0.002731939985266087
36.73174736230448 -2.1102688413972017 0.011250151207521661
36.81836592768388 -2.0974579213286835 0.002901157185372365
36.8396275064862 -2.089945309889025 0.004854370049636754
36.79420355474517 -2.104227256775255 0.005669742361898362
36.81114008133483 -2.078346044703657 0.007212639809922005
36.82332060100761 -2.061331504980469 0.0029361631893418854
36.83545343168112 -2.055818864409088 0.00611301800040916
36.68704258091903 -2.121759578466649 0.004558519843160653
36.66983871234252 -2.106522451312439 0.0038593746031323098
36.68364761879512 -2.08185794878536 0.003430566478417038
36.66622185338847 -2.0455228563962393 0.00875812823195386
36.634785126455704 -2.057051344872074 0.0042946679343005
36.64953413830649 -2.043065011364294 0.004159316889680061
36.64666907901478 -2.025070219783197 0.003486842088887235
36.78919275317987 -2.036667880144363 0.004016586827220036
36.438099609180846 -2.1850625495181606 0.007329223486294199
36.382071476927365 -2.1636031018499 0.013257482258783614
36.35382621287492 -2.1707093683033336 0.002700550790166661
36.37062368198756 -2.1076271822451 0.003375558311134047
36.475069967901455 -2.1048069192647323 0.0036717406245713987
36.40712532285132 -2.084703301698535 0.0067820544876254964
36.46767313796286 -2.02602327205447 0.0045266628038032565
36.28455847253388 -2.138916651388862 0.004078752421364799
36.29213857371126 -2.1345245640567536 0.006565200359650901
36.2838031219442 -2.1165487340140423 0.0030615623229683503
36.31917507585872 -2.083903192976458 0.004653604166393469
36.22881183013822 -2.0865712630163404 0.006273091389730873
36.3083552347442 -2.0419316326287276 0.003173961245208044
36.42098660811829 -2.055938706604154 0.007139756567667274
36.398201388925486 -2.05523916681555 0.0027725958229449137
36.44919413135432 -2.027211972013923 0.0034702659549575568
36.33923243880632 -2.0406870659505767 0.0026468659653328284
36.331712398132 -2.034988075105921 0.002756989420767016
36.59051099502454 -2.0647758487445973 0.004075370989598985
36.8815351337993 -2.0317340267458746 0.0038559590192474586
36.243553074662955 -2.044392231362044 0.006673653277739692
36.203026448433754 -2.0339937240758412 0.0033372907107899028
