55.083758514764405 -28.00785024388288 0.0032207029392133427
53.85251214124616 -26.886041117772823 0.0027352120092865935
51.116974754734585 -30.477444463028213 0.004452804210134194
50.79093614409594 -28.350339141763502 0.002949028058188304
51.750421945648775 -27.742738529399073 0.01017486391983911
55.53435575723977 -27.523956545945666 0.007558874496635557
55.81816415567158 -27.45489986991801 0.0056388166004286405
50.785696022445194 -30.76772928055249 0.0029716434146905514
51.20023051366996 -30.624560956292385 0.0033261047281958125
53.03795527767586 -30.71162846849942 0.006535234031785545
54.292384657229064 -30.62095764087237 0.0036955756305873696
54.79221629890708 -31.02726777820032 0.0028539130648542552
53.685300975333554 -30.67036798792234 0.006987394434337824
53.286366774187094 -30.57823256095038 0.008954530078791639
54.96490338111396 -30.34407289416541 0.0028922027159987607
55.231316053645486 -29.733448621503552 0.003513522828350509
54.72475086042197 -30.42341132387912 0.003439483454359431
54.23953244207659 -29.603483424637393 0.0052202013498114175
54.63158298686972 -30.174682704602937 0.007445015814682765
55.50592641939169 -30.464557155353813 0.0040348381604171065
53.86500525197686 -29.828256218944738 0.0054332891698483
54.747135727972115 -29.97976560713424 0.0041131123704180265
55.4120146022087 -29.84376615480397 0.0029295872349497354
54.44992115745197 -30.03576864775558 0.0031706426672537414
53.82765239881668 -30.176973513038988 0.0032177317782705337
54.747059335293585 -29.979530635845183 0.0033050663282443746
52.338115227987615 -29.98729570533865 0.005204154179804231
52.06892337373153 -31.026691202615787 0.0036694435384285098
51.367395180857784 -29.77222941023186 0.003012519519711925
53.321329269263394 -29.45721842995735 0.003173278685368887
52.07096321488888 -28.681921141885866 0.01324758621627648
52.42313638050358 -29.77106810359608 0.002690298903459594
52.3716997649034 -30.927289534134477 0.009743556988480177
53.81934952144206 -29.543110964073243 0.01822763357996204
52.47908932040709 -30.80359381126404 0.008101018978658626
52.29914824735798 -30.585359800802095 0.004825589497144535
51.8361537385703 -28.98654611454917 0.008636340856740315
51.13054227120632 -29.713996394848255 0.0035483067272266285
51.273374075198035 -30.32735121360116 0.002687104459063866
51.954472930025 -29.930333082957432 0.004276237075824971
51.345521344278126 -30.18597892485642 0.009281763526649464
53.363306252482275 -29.786333833020073 0.002858232937552481
52.14249039824703 -28.586246318536872 0.003210256652477114
53.94119156800976 -27.972582598004585 0.0039198286660296205
53.88952332730252 -28.271598501088786 0.0027703382899286555
53.2480679465205 -28.188782907811976 0.005970477343170024
53.77230515378838 -28.136661787189436 0.002895930031124218
53.951436742912406 -28.666624530238593 0.00544252796987993
52.5119583521385 -28.53565757424471 0.0035224465323045106
52.46250183846736 -28.476893846314876 0.0029684609120337367
53.60131527332683 -27.525556935341637 0.003174693184339495
53.33875408510262 -29.3733239726919 0.002679557245260784
50.37094616121136 -30.030531235335243 0.008330264853041116
50.62654359838167 -28.92169355086214 0.009357802491695245
52.12246416407235 -28.447114927418585 0.004158741580319005
51.168750562162145 -28.056810323610776 0.002787837878755199
52.159963004970294 -27.806522883704357 0.00344616398658387
51.01773194528079 -27.784369852063463 0.0038550624218470996
51.54297064850929 -27.79876906920088 0.0038499230982603095
51.393635321305375 -28.302513530064353 0.006992544995075764
51.937705441356975 -28.408509332675777 0.0029474538893456215
51.43992741573732 -28.035764316825855 0.004651006694454627
51.43981364057653 -28.035580632879192 0.00439529839633554
51.88304918063737 -27.4168367198782 0.0028042192393600124
51.00303061106691 -27.23611930478809 0.003937960627079817
51.5930462532332 -27.36244844049837 0.005707820141031422
51.40632059406255 -26.943407808680696 0.0070131479290955565
51.240485515506634 -27.529677143607877 0.005055299782337524
50.68683193099816 -27.238346738639876 0.0030134058331697123
51.12196337712349 -26.87772110686043 0.004161871477070284
51.99731253171315 -26.89260525814491 0.007674573056382112
51.69755396107633 -26.40017563761364 0.0032284436803623846
52.507210070879424 -26.63244020216474 0.0035629370525916432
50.727516805101814 -27.302191928798504 0.010239716542987666
51.953824843104975 -27.11560287298976 0.0038082002711174482
51.08562971301755 -26.98854308837414 0.00940406851549528
52.34928305771064 -27.01374185250673 0.005784193586974872
51.59850256764614 -25.642206515758843 0.004043339463766918
51.06578321676964 -26.256219955424086 0.003735277094080812
50.97678357704761 -26.187519152569248 0.008775306810548396
50.62831755862536 -26.43190928163013 0.007797146596816884
51.32564076801164 -25.886589397916417 0.004525417996616605
50.98172942228903 -25.989772607700335 0.0030905338138620115
50.298236463721686 -26.30209448901054 0.008367927034075675
50.604230683333526 -25.981740309311324 0.0039819483696055275
50.40771447986193 -25.56861845158761 0.008162982390362951
56.118580759308784 -29.68913820939023 0.0031797270366369793
55.841905359880734 -29.006824890675222 0.002673158865657707
55.156314632840434 -28.77930884825495 0.005638004908237185
55.15627352829992 -28.77911518533376 0.006405580444002908
56.118847963213355 -28.65723935496696 0.00560156461007924
55.00563841520725 -28.59399691313945 0.0038864381859648866
56.06227508803408 -27.715708563759197 0.002895065871021378
56.04353097952029 -27.660835271489415 0.0030908484022484787
55.51608863335811 -27.92446484467166 0.005994383920337003
54.69729385500363 -28.465664949399883 0.00665530793397377
55.14976606759232 -28.28979820062987 0.004026797539912784
54.485364928761385 -28.268227252437008 0.0041096374431435516
54.716208123196175 -28.24201598817359 0.004350189237647473
55.14999198919523 -28.289959109271173 0.0032832340612251737
55.9136029780621 -27.27397411292587 0.005518973574494907
55.81837082448513 -27.454898761140125 0.00391949942089716
54.07464579507638 -27.28976972058933 0.0031949616135572624
55.03108324635745 -27.034489643112476 0.0037954171407970382
55.542506463713046 -27.85341363416468 0.005994537959098423
54.17815030810648 -27.834624720531483 0.0032512232696923207
53.987865638298736 -26.955543630957095 0.005787675383464163
54.16301155866845 -27.88789260279041 0.00417752588543154
54.976480131000315 -26.627996011727205 0.003349205877028187
55.55479583649998 -26.069462368647734 0.003923530785677925
55.55875490542506 -25.810657308968494 0.0048006120356378044
54.91970112833057 -25.877142716141663 0.003687342674506274
54.784149116481835 -26.35324046277616 0.0036763526981966814
54.66402032229503 -26.47552643157885 0.0038035042390391818
55.78302735377846 -25.768373285341102 0.008152430303109116
56.00272917108281 -25.439401549221618 0.004876537403188955
55.674405377442035 -25.219057072020647 0.003215303361937095
53.30552570254416 -26.28792237621944 0.0028403691670121985
53.48053767609099 -26.461845604396828 0.004803649092755521
52.75503612285927 -25.787904074214293 0.0047959559399351325
54.691446680699414 -25.986297342987623 0.0029517033936929758
54.130205603612744 -26.41684377748931 0.0038031335355302046
53.47728285938257 -26.100590952216567 0.003129279965183431
53.685202963255755 -25.61927537445925 0.0027780771004391027
55.20963570467657 -25.433177876886557 0.003276582252745769
50.8811047292585 -31.03369783329921 0.0032247122664458582
54.30503144358702 -30.552640528625265 0.00662616123825993
55.61706558371905 -31.032568297370368 0.005176676543441279
55.93248075812334 -31.082703952022968 0.002749200629097785
55.88612499470194 -31.0890578832056 0.00330423688287635
55.21734615805078 -31.099496562620654 0.003393998684229842
55.18035507551585 -31.073679275307025 0.013569309540341405
55.81094690425738 -31.033867775801102 0.003873568492890217
55.79188020216508 -31.01928426298334 0.08333333333333333
55.8351073263115 -30.99068674784242 0.002743442862576042
55.83531056750051 -30.990551436483024 0.005662676276476256
55.64165509374056 -31.08990516822773 0.02108495961932188
55.680847634395874 -31.014753719321888 0.004300410757873647
55.67507799427017 -31.011880698918105 0.003932215987617009
55.59004769662429 -31.068020280118592 0.0026997938867473685
55.617294911993355 -31.03251620941782 0.006178960580959422
55.58116964514024 -31.02559878089813 0.00380486506475749
55.63452259053777 -31.010427130891124 0.007173631266087625
55.729423871582185 -30.975201609413407 0.005905431137432066
55.68594015507343 -30.913931151794735 0.005059136061977024
55.48378652086959 -31.084668482988103 0.011951428967319573
55.47304115487075 -31.074915472337665 0.00394258367786363
55.50323562027963 -31.02284055801024 0.004039577593514545
55.50076872350099 -31.031665514258258 0.009903581151683523
55.510225969359574 -31.020394509963573 0.003554439852760308
55.4330948520712 -31.062023443022515 0.003794647070678475
55.41214261606104 -31.0247601278965 0.003262991290767498
55.312526891148934 -31.068492807482468 0.003809213980645035
55.22591109424712 -31.055533960666644 0.002775926703112366
55.24197893431701 -31.04850329493149 0.0026548693863057836
55.285723780765544 -31.027709003218867 0.006280089449899566
55.303769680684695 -30.99634044930437 0.009263645338756323
55.39346945324508 -30.99142960596225 0.007401424435975821
55.41868114444059 -30.941970997603267 0.004292874523025078
55.32640505389955 -30.98968233375635 0.005715350967096116
55.36348647656773 -30.87467179409932 0.004252288722264279
55.52883919173112 -30.946615296122584 0.0036128736583141714
55.60978713573039 -30.896582149281365 0.002988322154917661
55.71634613341148 -30.86021624202013 0.0028637619511660372
55.71303049991738 -30.861971951770407 0.002994157934738267
55.60520836205019 -30.873615312247964 0.004259279544954244
55.64653176652171 -30.831358209575416 0.0028441870495513988
55.62775181076755 -30.80687814781992 0.005498047778965185
55.465900829546136 -30.89066758268954 0.00315586171338237
55.50735135045357 -30.89124842061551 0.0031426411262821777
55.48922094797685 -30.88119198585197 0.002888756160240722
55.51963369401641 -30.853087074649313 0.004861383466396913
55.48255191346463 -30.864396311203148 0.0054235782398672
55.39585904798377 -30.886703625789597 0.0045993037728360425
55.404711672999085 -30.886292926306325 0.003949195328505913
55.44193365524323 -30.860301061440413 0.009916138514396692
55.47597343655666 -30.79937243352455 0.0026998525401106515
55.543600032715005 -30.83159294460492 0.003260953076860242
55.54256529301757 -30.83391254583469 0.003834494548028781
55.5207426958669 -30.825057316196283 0.010967406222144203
55.47837033763866 -30.759504140546237 0.003247189504669483
55.53049197085685 -30.75038469926693 0.0032152874814482383
55.51575667771656 -30.735064449857465 0.004607288359796837
55.53446470157828 -30.71231593871911 0.0032110560739261693
56.07097504648705 -31.08334219679315 0.005946102133554664
55.98558973102618 -31.0858543802148 0.0079453534134318
55.93015734857228 -31.066747593797295 0.002665965989031146
55.95811047938649 -31.03550095133053 0.00566965835318234
55.93303764230271 -31.037359577294428 0.004147422979429219
55.95131404853908 -31.01329722480113 0.0034555745325922115
55.98675513417325 -30.975021161552664 0.0034541656388955315
55.98107217765375 -30.957661178005427 0.0032474140446448166
56.072480194917965 -31.01230333802072 0.007262282513751301
56.096944409618985 -30.951424883436847 0.004657847437575043
56.12030181237492 -30.917302830461686 0.028689701165306194
56.09327311687625 -30.876899783679683 0.010481198345375446
55.870110524310356 -30.94587482220161 0.0048800886870687555
55.89070027420046 -30.931109597047676 0.005607226308155311
55.88708131126705 -30.933038423261458 0.006725268063282864
55.88020196101025 -30.92685525318545 0.003493491529802055
56.00238137647347 -30.905765691281847 0.003273112175443367
56.00185672847254 -30.91129354261363 0.004387354627547513
55.97960932865203 -30.89915903522252 0.0034918808365846155
56.043319910482225 -30.877127872135265 0.005934059267752344
55.9395075662446 -30.877280674919025 0.012303839425404871
55.993733748085866 -30.84752882332703 0.0044123600584605426
55.97805543797804 -30.80703416327513 0.0038852234345976774
55.820631568123424 -30.87782068552024 0.00467599593148074
55.86847192892602 -30.889473883376567 0.0045309425920538405
55.846483756973015 -30.845980863794267 0.003519503080126407
55.7384037759757 -30.875351153916174 0.003278515865174151
55.96054482174004 -30.770151481464563 0.005054212466391793
55.92509689603205 -30.766969819420243 0.019613541992636794
55.85837693743986 -30.768904816048813 0.0055963510545814395
56.08250116624644 -30.853983243845807 0.00394999157775159
56.095190975658 -30.818101103880608 0.0037602477461228
56.077703335557985 -30.785017306313257 0.005059554398139875
56.1198863041902 -30.80215812530106 0.0073802862164502915
56.12132810689283 -30.80236178403631 0.003393073205294339
56.08911378850266 -30.766309290222154 0.006931906874326655
56.02740125665998 -30.78952070960341 0.0029178660747725058
56.04391225243415 -30.72337387024586 0.004532848767255446
56.02871132344783 -30.733452774097916 0.00543165002673131
55.95686305436497 -30.740339888294752 0.0032971298001266917
55.98755446959488 -30.716003372536537 0.002930239643142236
55.967292184038094 -30.632808337702393 0.009930307903185463
55.963096490581925 -30.64558588669592 0.0036460748886750494
56.02149454948342 -30.600053400455135 0.003009596752738976
56.028571315607664 -30.589505967118836 0.0069996771555758406
56.06212473497495 -30.581959040443316 0.003880286739556645
56.078620657012024 -30.56114298447897 0.0028037860435339242
55.70445269076118 -30.834465523465752 0.004037583478395379
55.68573773864758 -30.821408137214547 0.003874345479557597
55.802487298635405 -30.77396599459164 0.0029594196261592057
55.74231709536012 -30.789442354652216 0.01596292376686387
55.69324008532839 -30.764401041165577 0.0047571591357693606
55.72321543114234 -30.702754550137065 0.0034319668132525185
55.77677304699809 -30.734157445293633 0.003187837643039888
55.65223246741982 -30.726189335619058 0.0032085239809519447
55.633218475514155 -30.693739390070732 0.002799789043184396
55.64221042298245 -30.686064102914862 0.0037464530514049904
55.6455558130508 -30.700182170430743 0.0072963826944832
55.57727952338228 -30.71650220820741 0.003081745884063539
55.67381727926915 -30.642504293374824 0.005798538694468754
55.66288756210687 -30.594556661018668 0.004030401619069778
55.911691506997464 -30.6410582675052 0.0035734866552163264
55.914974710587465 -30.644202955230863 0.004733153122893946
55.87413306270025 -30.603187148866116 0.005490785076263003
55.85905127362694 -30.571100345670775 0.00438304727188291
55.914789455273365 -30.54244755841745 0.012525857729571037
55.88652612114738 -30.547892458383213 0.008376649804033836
55.99805646615919 -30.572095647594967 0.0027818543935046545
55.99283865690733 -30.55965524377416 0.007743090310278591
55.97202868601588 -30.556835733555467 0.0036637599391677214
55.95682465601041 -30.551348578473263 0.007712085213943171
56.02646271594352 -30.482028107517863 0.005204911860625271
55.96749763401687 -30.467883580019823 0.005691514866912147
55.73123302757737 -30.52137461403496 0.003739976338791889
55.92909166308966 -30.4472993248095 0.0026614255670012266
55.94122640022412 -30.398258669105612 0.00514715989413462
55.881199811422675 -30.443116119283836 0.005253359415114012
55.83288545851255 -30.448148784555286 0.007601745481048008
55.89305848728007 -30.395857421417126 0.00551935539674643
55.90735041137281 -30.395184146657417 0.0031139820126499583
56.09580860708799 -30.505104204655783 0.005050865742149261
56.081165535749456 -30.37515319172183 0.0034595446459843764
56.00878969293744 -30.35418214429269 0.002695458561532888
55.99243120953532 -30.340255646375667 0.007859050593783107
55.949576652578635 -30.37474716728422 0.0034345362112092534
55.96921918664214 -30.346379233009667 0.0033945353807027347
55.94712552109392 -30.34604809948074 0.002727601556590894
55.973229859856865 -30.332606190346265 0.0031391886437967757
55.97992712610595 -30.30571874904472 0.0034924789694467055
55.99313222637716 -30.292394803307737 0.0028900828617268596
56.06906924471679 -30.31913843718126 0.0027497838985885872
56.05514599944856 -30.306114296004505 0.0031088075259393766
56.05060896307854 -30.298044999523245 0.0033139867265595
56.12216726643232 -30.28547836070131 0.003374868998728391
56.11816245309461 -30.249469599666583 0.009837616753101538
56.12062045115306 -30.195107993186475 0.007956413207056196
51.72028507101045 -31.097681544116423 0.006110674627147746
51.68660387844195 -31.05737063073126 0.002917827678026535
50.94422274849399 -31.082755145505953 0.002693065985447491
51.58312199244727 -31.060439974482563 0.003453438804302803
51.642805796006414 -31.06179279871945 0.005200815946132918
51.630478354602374 -31.0465479429115 0.013602935368871154
51.62096831486005 -31.0218350662186 0.0169831656101198
51.63751573533127 -31.01002288928472 0.0053963069449680465
51.57541432757738 -31.051092412614594 0.003786370471891618
51.544948353626445 -31.023664463462083 0.008239712804613018
51.53988190170659 -31.00395302537673 0.0030398643178205075
51.59315721625327 -30.99509455921787 0.0033041399927672063
51.396437107129195 -31.088254183710376 0.0034526607252282795
51.451031258146394 -31.021685382978212 0.002688447466711892
51.355580696841194 -31.024674356811012 0.010247895534253345
51.412054686111645 -31.024565594825372 0.007635704089738415
51.41128444576188 -31.00653555121458 0.004069420556895572
51.38213697688284 -31.0024367507787 0.0031740720777529447
51.49787181382109 -31.02449088718676 0.010962573788989861
51.49115173775548 -31.015446249278085 0.005342993607926124
51.49063878559249 -31.01834381542655 0.005880039040958327
51.52727010843842 -31.016018243480364 0.003130501632632937
51.47738698681251 -30.992127592104193 0.003188654719500261
51.55355567533216 -30.963004000639888 0.013310540758186305
51.55972203098659 -30.95585530585266 0.006792463597691123
51.51726020020267 -30.9613596138343 0.002964784828654759
51.46382992778851 -30.979328377037305 0.0035319502256879864
51.47902810700875 -30.947191768687947 0.0026824077773752496
51.246729834466805 -31.057310802635293 0.004930704032550548
51.15897108041598 -31.04090223968479 0.008012460464549112
51.23184644614641 -30.99843088566581 0.007681196575393209
51.12486194393302 -31.03109199776668 0.003000653405926894
50.99285820006598 -31.03323831193738 0.006473889831970067
51.065689150645426 -30.996724204759307 0.0038921287186476513
51.03314660785752 -31.001175584076645 0.006354972559314145
51.16238987028284 -30.996493064316336 0.005891514211410597
51.13855620210454 -30.971892750355025 0.005841816884564205
51.32883904774647 -30.95297011409189 0.004400326426047315
51.2877999840678 -30.918955567109776 0.003384399168017632
51.32176629684433 -30.906245372274547 0.003011370728592465
51.46762513085225 -30.895594105941957 0.005115645949568757
51.4472062793029 -30.886228388544566 0.003043618460834219
51.423730402145864 -30.869906790638023 0.0031482835823101133
51.352464803550255 -30.88495059105969 0.0034012988294548625
51.39599125801034 -30.821806207204 0.003420560368877973
51.29989547721627 -30.854185662732217 0.005064629958494034
51.273898170966575 -30.8217794152626 0.002882080417697065
51.21497713354298 -30.82138016454356 0.004624999121859835
51.338211534470815 -30.812634199848254 0.003687472580224728
51.32230244174136 -30.809614618068917 0.00948659182090193
51.36104165361886 -30.79537340475024 0.0033099034426924976
51.34129334830718 -30.790903112984974 0.005126584907226859
50.27059692819808 -31.079695067952823 0.004030923393707118
50.19212210667598 -31.072273505172635 0.006807717015528195
50.25342021563535 -31.043734978399616 0.004583403157711826
50.25495070506183 -31.0425757692226 0.002980991067084059
50.134638282240395 -31.044366785812656 0.003015925085529009
50.142110707896435 -31.01169672396778 0.005944024346586812
50.649968149917896 -31.064065000319076 0.002836761078585901
50.638271602313615 -31.059136234307612 0.016111958686579816
50.82707033130773 -31.06533165452726 0.011583314140721881
50.87190510952527 -31.05673100159984 0.002981443815631786
50.94255544121667 -31.05827907719057 0.004969860053815584
50.91623999026287 -31.0592066146137 0.0034154412130941573
50.85750309390256 -31.057421769084108 0.002664118231734775
50.85552677961572 -31.05918447714964 0.0044058261331530344
50.880870031855615 -31.03385451262669 0.00445761026270633
50.88111824933714 -31.034787348279615 0.0030793674485836624
50.822680790823966 -31.042128845351744 0.012944640528398815
50.83771291492123 -31.040226162337387 0.006312999640795524
50.84893418633695 -31.019085181764005 0.0057531474462892114
50.64999306150062 -31.015264158978905 0.0035786282388639646
50.819725550308696 -31.01235206370459 0.0027062880796702602
50.773921239228194 -30.946730458824153 0.002846126962834564
50.8252980688807 -30.907075667259186 0.009484879648969685
50.81197638497462 -30.910135799616565 0.0043547282589686785
50.43721436884516 -31.080477165399024 0.0035931374816053144
50.45922014653816 -31.068475748819303 0.0031984437300621635
50.52684114670069 -31.074202405656955 0.01375720264778787
50.5890147503105 -31.011212509177195 0.0029767934719579473
50.54016422680324 -30.98665856492913 0.005562815993567266
50.538518674496714 -30.992658258449968 0.004173743537519513
50.39281461389525 -31.080608495773188 0.002975893464430177
50.41412218115778 -31.068525125268508 0.003064418493579412
50.407359424064275 -31.049286036149656 0.002988285720954049
50.355332480872214 -31.04024570080357 0.0064145518448171235
50.3368261853315 -30.99455778398173 0.005302703504155128
50.48055359289971 -30.97159865941235 0.004777390698068249
50.49407204228033 -30.93914027230216 0.004264160369919018
50.40437250852933 -30.946657977942913 0.002835530738567639
50.46774196584214 -30.928983657787477 0.00541707937977559
50.47060889398874 -30.88947458502753 0.0035682184922631744
50.46666585328982 -30.90215918719437 0.005704337326105689
50.451110621590914 -30.893008250815083 0.005338553380497571
50.6295540804125 -31.01759219641076 0.0050735928729648975
50.60324809220178 -30.981244274886407 0.004347378814128401
50.671127452679926 -30.99093308266864 0.012047096096735207
50.64948629323693 -30.94581683936375 0.003622449415440298
50.66483417313792 -30.945390269699416 0.004435039882483416
50.66369731113179 -30.926359131094426 0.010075488684632568
50.5838979366398 -30.965592707266858 0.008076328859062228
50.64331024661488 -30.888570805068376 0.003318761471676076
50.76972768034389 -30.879188415226793 0.003836590434072799
50.76263218764334 -30.883853004182377 0.002858069165983035
50.73686124947905 -30.871214811331683 0.017771903836580557
50.66900097200683 -30.86848065919408 0.0035347550174509926
50.556344446942255 -30.919427645268623 0.003811245895093566
50.59363267751747 -30.845332703544464 0.003956851664421434
50.63634612003618 -30.806858377680072 0.007152719425338753
50.66184343172482 -30.799752134232 0.007778730756621032
50.673102445505506 -30.76788669233525 0.014634406343340197
50.60975725163539 -30.74447244564703 0.0026837900572878486
51.04184156015332 -30.93765631675558 0.003611977569080747
51.00252764305877 -30.928600376743308 0.007517986120853079
50.96924170410824 -30.95092949084103 0.004337015153930638
50.9420280310681 -30.93712753907214 0.0034710376913234206
51.04219435464961 -30.90318621495191 0.002725380659293769
51.10283513755057 -30.870781796771603 0.003027592248273585
51.04821527685229 -30.83564691440616 0.006881296318869586
50.8738687157632 -30.92379545282604 0.013174120139698224
50.911826607752886 -30.929009047711485 0.005043181979251411
50.865829416797254 -30.92562215427018 0.010648099595952736
50.93498621373454 -30.82916177027634 0.003546930098210112
50.86168837351517 -30.88665341017617 0.004681238677483785
50.834726187815875 -30.87177300838182 0.002975493559852035
50.958888232636774 -30.836757765826277 0.0028954349651403683
50.954969238807536 -30.82027464087931 0.007792296596038132
50.97031918716968 -30.807749170746423 0.006222347472540347
50.9666737951886 -30.78715853906968 0.002794040356111386
51.154284378655234 -30.861319249386774 0.007017261155737707
51.18074155931083 -30.831920257805567 0.004360538442840432
51.151817749009965 -30.804823776153384 0.0041360683271475214
51.202710370986416 -30.80771843929151 0.0029135990685856777
51.18602783711805 -30.75657882941806 0.006430775886461695
51.20556653620584 -30.74543897290459 0.002642312714936705
51.14199766009054 -30.77511770612077 0.01647211989166056
51.09118330762398 -30.791129160692435 0.0053236958983057065
51.15631167422084 -30.689779958635143 0.006068402164924874
51.25387589993272 -30.663670202380658 0.0037763576154614094
51.21657268951215 -30.628457713446533 0.004224667022181309
51.23938804901557 -30.63605453982732 0.0031732148981331604
51.12465163307774 -30.712382868957764 0.011413304644118641
51.09398802481679 -30.69283331196844 0.0028563948712684744
51.091293874093076 -30.624552335781644 0.002918918705165059
51.13156145975472 -30.582853511691305 0.006829075349913501
50.801855590413126 -30.787403563882712 0.00397955810001456
50.82337816425305 -30.7875789460329 0.00415799645393695
50.833629039487555 -30.749495128504705 0.00388310352912889
50.771102597329374 -30.79931318904437 0.013482046155905465
50.76630887144921 -30.76825731148344 0.0030931939325443782
50.89072997991463 -30.72324732572623 0.002810559116919907
50.8406287550848 -30.6803654947211 0.002671456517017119
50.68738541385012 -30.737000833897792 0.009019167647243755
50.74117635663893 -30.71097178342805 0.0026560493167015822
50.67313702628367 -30.69295396071853 0.019638507531849578
50.671714662220495 -30.687964386521255 0.0038727098008810652
50.70686912157266 -30.659892223955406 0.008230452344209662
50.731330456411406 -30.660739367290343 0.0062008417020207
50.68991292437685 -30.666280469064553 0.0037371513329795486
50.71809890517102 -30.626879671500596 0.003314130836150304
50.78961483009644 -30.63741201476173 0.003358427981040306
50.87384709329048 -30.602952366408473 0.002831023110234375
50.87351278544671 -30.59292157308671 0.006645163862146033
50.782564004810276 -30.621183443380374 0.0031491350061460645
50.73739450573437 -30.61564426509045 0.003144832178505408
50.832985350647014 -30.55031126777719 0.012053605949276076
50.93873498434614 -30.649558703753637 0.0037881756191781935
50.99193938486578 -30.623481845273517 0.006024967375740908
50.98043299466018 -30.623998592885517 0.00584887540046242
51.036120590055475 -30.58226331294864 0.003233693767607667
50.92303295498499 -30.59577165287948 0.0030460004251432393
50.98269524613789 -30.59077900469944 0.002794033021913146
50.996774460149965 -30.54291925256566 0.03802761861190199
51.06225825403149 -30.5960473409265 0.006471489257851598
51.052612746994384 -30.54226773107785 0.0035069912686154126
51.0984137099637 -30.495436850086048 0.0032196740303279954
51.06016525036612 -30.505493704963115 0.006561721741628065
50.87727731365337 -30.57828841138307 0.003709686372050977
51.0365578905301 -30.42633227662188 0.00505015542875845
51.02510437851035 -30.4031975923713 0.006179387850034554
50.96180908808331 -30.389449865543103 0.0032509876869400173
50.998282441698024 -30.366585363583617 0.004773517945845741
50.25346826566236 -30.990846959159455 0.011837977075511293
50.25887897498439 -30.96812026078395 0.0027740556210124074
50.320376933279285 -30.992655093053795 0.02336584078684969
50.24202032431529 -30.923528999622985 0.0026709435515260608
50.24141921061953 -30.925833215504912 0.0028212144176614894
50.27603199706201 -30.86811830685704 0.01109388193407598
50.42666390037275 -30.850682606963566 0.002986352158913337
50.31762678003247 -30.907309710818357 0.006727080343434791
50.152613949090025 -30.884630384943883 0.0046585563127142906
50.308459376791546 -30.816145201264867 0.006804798029613659
50.291845695389235 -30.795331202448494 0.0030309289061172463
50.30601598804355 -30.77831216263917 0.002896480403799527
50.28509770946709 -30.75271126651387 0.003566392514662378
50.44897572237986 -30.78565729368253 0.007247829521598466
50.50778819151961 -30.79839796031622 0.0029361525411553905
50.46588918740619 -30.780105556745408 0.00814183561427764
50.43672906893484 -30.744926517754458 0.005829701118803585
50.55805905824885 -30.72411629599406 0.004346479639945925
50.532419015044816 -30.716833363727833 0.0028277678311764277
50.58048661948509 -30.709504165698565 0.004088450505833916
50.51094185212698 -30.69592802124394 0.0033079426352237034
50.46370807033365 -30.682471855824836 0.003021775944744559
50.33660042992914 -30.738016039850507 0.003590247178876169
50.34056245166338 -30.71784047041944 0.01580207193987219
50.34275035461014 -30.721346073991523 0.0027179505727747528
50.31001471939216 -30.69845986826539 0.00587008269752207
50.31818633520404 -30.65937622386949 0.0030434770738750156
50.38366709689193 -30.648456064127014 0.006949244781456595
50.32003849922376 -30.64860108906817 0.0048170219424893985
50.46539443153306 -30.613058820129854 0.01916126356216668
50.41201531149196 -30.57177323880765 0.004341929270946396
50.136714637348184 -30.823471293485635 0.005092597817864083
50.13390404025218 -30.82074878730635 0.0077108760071713045
50.1418190401453 -30.764250263938248 0.005128618559013258
50.13352893632697 -30.718310956591072 0.002651696861624292
50.20126454044577 -30.66773653685106 0.0035584895075380786
50.316696073913775 -30.587716560377817 0.0028062215448662205
50.20806928405958 -30.60854086123408 0.005824902490422476
50.28060128884781 -30.578630884851517 0.0040985834270390615
50.265447870192496 -30.581377313127327 0.004917588954278427
50.35811946796226 -30.5955265282224 0.00460609122046292
50.39312551862509 -30.558957336972867 0.0029039192764408264
50.37751456596535 -30.53758662587026 0.003779097655232927
50.31818010094409 -30.530681152728373 0.006336609799183907
50.377887788506555 -30.468639711612028 0.01202067373279358
50.359994445175104 -30.439009688288188 0.012282043030613558
50.17812045827382 -30.596912010251923 0.005020541480257801
50.159335548827734 -30.510503928098117 0.0031343016738524182
50.34689525520171 -30.440560444919363 0.002788396215434294
50.266234964881185 -30.390078882994672 0.0027063201407146156
50.668262045813414 -30.629699346180978 0.002902668430926558
50.57116233017257 -30.635489442955382 0.006468292632337921
50.56566727761158 -30.602923762659877 0.0034374278367033514
50.596335427347 -30.560186619660737 0.004337635200568098
50.673307746794364 -30.49329904813359 0.003077719666133366
50.67222855357986 -30.497373055109605 0.0030196297440148604
50.74425044513178 -30.474837924909988 0.0032782112746820697
50.500811187672795 -30.563617871389734 0.0034297326642574013
50.50394004324709 -30.569718110617917 0.003032589658314792
50.53095173421001 -30.532054551857694 0.0027399397287042704
50.5853004521967 -30.512239488219222 0.003840663071319251
50.58281655017921 -30.51146243619587 0.0037791238909311805
50.506524068794434 -30.53631288609457 0.0029140424875626083
50.52223426669371 -30.479106808098283 0.005527138274373288
50.63555833008377 -30.491945062832812 0.0053520561317753745
50.61988089762502 -30.486437975175473 0.0027501751250280913
50.65573594343105 -30.477128950640186 0.005565601848817483
50.59707680787635 -30.47092660235635 0.0030021828838801114
50.666507687669416 -30.43813854276606 0.008158939252889108
50.67046944025649 -30.394690899456215 0.0031233556885672917
50.5797059556186 -30.420891990847483 0.0030115998692695867
50.82638295745374 -30.431346477487708 0.003266034361792804
50.72900888679021 -30.431365840774568 0.007808336925180821
50.80407109987346 -30.400953199317204 0.0029012804369661317
50.79172619884715 -30.4009210801029 0.002912200114544241
50.8049099325973 -30.392385998079472 0.00373517130582061
50.78648521156147 -30.3884346837403 0.002709425036635318
50.942315820584994 -30.35442384055584 0.003198107696963068
50.944346893731975 -30.31637534992163 0.006688393168473996
50.8584638945532 -30.33925137722839 0.007303620427278778
50.85724795969486 -30.33586134631271 0.002865478271508184
50.71001263627679 -30.41390822195735 0.004896504067589939
50.72238219885343 -30.40078706048713 0.002734675089532854
50.74535611749138 -30.398817144325182 0.02223525948984165
50.741541934991545 -30.34930922331268 0.002768411691118388
50.72376402701315 -30.29815957279458 0.003634008297686936
50.68663992750883 -30.312401564378643 0.00460348989962411
50.67580256559095 -30.30533447722379 0.010637754407946207
50.79089619898045 -30.305870773523903 0.005578862589368843
50.85530388590265 -30.282914319831907 0.0031253933921813015
50.7388994628454 -30.284294264752543 0.004504840664049675
50.73059169185151 -30.247424470996965 0.005231531018004858
50.433388710457685 -30.445517837498222 0.0032800291595315193
50.41154979257771 -30.424771529829943 0.0032989103206879753
50.46721839080176 -30.41173970144844 0.00626921407009685
50.497031286293605 -30.39149408004545 0.005015467316008619
50.506477574442755 -30.377004352298357 0.014459087124683379
50.59321631587461 -30.34334185858617 0.002648050204271383
50.490342114358334 -30.37358896090653 0.019489443326390077
50.50202221350589 -30.35787696218724 0.007193168348391502
50.532505918702874 -30.34831455900841 0.00471086479222406
50.474417305927126 -30.321775333197728 0.0037954108485271877
50.37546949452592 -30.393361885603813 0.002853880142441974
50.36379673680305 -30.36842948805182 0.005826796552747075
50.3605160393483 -30.35885991708608 0.0027735823477040723
50.40121909490428 -30.303877015530723 0.0029449026281703483
50.423328796833 -30.257112096841105 0.007423024425723861
50.41974035924368 -30.225966771704528 0.00300354487244139
50.42075900989392 -30.227220471658693 0.003995812531947434
50.44949094823794 -30.17365934077189 0.0030118082224764404
50.61851710631296 -30.311051943706623 0.01632794277461476
50.66082022472618 -30.295710194889832 0.003110951565493411
50.60495329983691 -30.293340733329057 0.010673793699653709
50.664255619842145 -30.274262465607947 0.0030814241335511082
50.56095483131814 -30.270430242425196 0.003948401967228671
50.57100675891743 -30.25446759164436 0.003481343924056812
50.54653410612314 -30.267144017176896 0.003908857737520053
50.629071133764214 -30.237735539727502 0.0051082875913849145
50.639926616225395 -30.18960681246569 0.0031832658825302453
50.72891820782146 -30.201454615706627 0.003462943251092456
50.688812872884874 -30.174064907589717 0.008469094320014756
50.64759468976342 -30.18756521026402 0.030591645052890193
50.74580035381261 -30.132474027361276 0.0038670934722687266
50.73574751304425 -30.11868563584699 0.005128260402103919
50.699674119299345 -30.131072045594493 0.010530909476978876
50.5487067053846 -30.22783404264023 0.005735486536244927
50.57217058523949 -30.196854462366364 0.003982529483117271
50.49565321637973 -30.208134580812704 0.0031203170891378304
50.49689000037191 -30.151026246608804 0.003387002089873471
50.66416008447707 -30.09697068242648 0.003099245752056712
50.65556129980298 -30.0988902984404 0.002709859658057826
50.612969462667785 -30.0571545595924 0.003102773793114587
50.6083427344181 -30.04510008887597 0.008157128326715626
53.76989079063327 -31.066825974633055 0.0056778122126230676
53.80087509531872 -31.05876816107466 0.0029067049794775624
54.16309428368916 -31.096552038690767 0.0038138240634548407
54.134880271291856 -31.08084608273851 0.0029109197627753486
54.15289254661198 -31.06903508403425 0.003199522765304461
54.331504358124846 -31.086726882819097 0.003520239320424155
54.299399195338744 -31.096362194036914 0.004317547702900692
54.40631306513528 -31.066836141300612 0.006607376351437866
54.414578331066856 -31.04836726680713 0.013863218862367176
54.40173509073926 -31.04169836986657 0.002954065969301745
54.406991130345645 -31.032711791536983 0.0031145811412039495
54.25375258025702 -31.085807062826387 0.0027827222440064453
54.24152999943346 -31.084926465223273 0.0043392000176388345
54.18812747827459 -31.062989588179395 0.003514529836641982
54.22448757424189 -30.957100934563982 0.010078582139434696
54.33038104774256 -30.963183026622815 0.003055758226529248
54.34833343889855 -30.92299139514916 0.026515565580779558
54.045097648669504 -31.052984347584655 0.009457046394660712
54.0188306913175 -31.06912840277957 0.0033962733681914344
53.98260846049299 -31.03241381588852 0.005381474783696704
54.071585799313326 -30.982733160039565 0.005402512179255446
53.85596522966246 -31.069699580412102 0.0028266986703494906
53.879043591145525 -31.0572892641358 0.004069396381884629
53.918844112796066 -31.060879040460417 0.003912713147080516
53.94608881725867 -31.043055614524516 0.007180787164558209
53.85233522925554 -31.002233149557775 0.0031271727614657027
53.85806618229687 -30.977227013574687 0.0038635502899414375
53.88838312111756 -30.977782279868084 0.013497931493332178
53.88578434311603 -30.976760824184915 0.002677644392905201
53.97912508550153 -31.008397904925825 0.0036324753396395374
53.99286789314878 -30.95174101540789 0.004287843537064827
53.98384542069058 -30.92761317375087 0.006289885643694638
53.98880333204394 -30.891920573667868 0.002658560510742597
54.157353395465215 -30.957123727741173 0.006159308749101446
54.17015774267797 -30.926376544842505 0.003003642803431799
54.19350987131339 -30.919717327418905 0.003030095417463885
54.0778889178022 -30.966652152065 0.004397774782282997
54.14060702464638 -30.933470098332855 0.005444451891350314
54.12787485454042 -30.878584584790232 0.005507616211758509
54.13105153226345 -30.88894861740907 0.004522492805197924
54.23692358753858 -30.891620722300388 0.0033572567417863965
54.21886105007438 -30.896533887124026 0.01585682468540289
54.201599473652465 -30.834436226652446 0.006403266239733727
54.187234895239285 -30.82154935980643 0.0032175409625264987
54.031374787503104 -30.86515318134787 0.004239500439432519
54.05733119658892 -30.839271338293106 0.006384375166172487
54.1572313400856 -30.83977188489019 0.0027988605747022726
54.15801517913019 -30.805889923754936 0.006662087380205267
54.17592991203174 -30.810836191517183 0.004073502851109184
54.16480563252536 -30.764965670641494 0.004133213789261129
54.13926115946547 -30.752459902800293 0.011503724957444995
54.16929831483632 -30.73898289185544 0.0035685982207628755
53.113131259475225 -31.07886771744987 0.024668381152645854
53.08269871543593 -31.06364765225483 0.0027476914643729095
52.69599826619417 -31.093021382072184 0.006028669690490197
52.761188731034046 -31.077865269411404 0.0031955394587449893
53.007544593836464 -31.056025293613196 0.006852565881792809
53.01828072789315 -31.021071777695884 0.002890237087626999
52.95665227651725 -31.01686119802764 0.003751931231024721
52.79428072855013 -31.089803628197128 0.0035087150897589693
52.81857191538658 -31.05231443561172 0.003989262133298531
52.851528799651895 -31.04472221088748 0.008349978065047139
52.83940626131958 -31.0342457828746 0.013671351347516828
52.791956723243594 -31.013573907436697 0.0034828831131304377
52.80591169534685 -31.005672289089397 0.0033003612139422297
52.93765654148187 -31.011471322153245 0.003366701710343735
52.89700586213915 -31.00542459408089 0.004225176295630065
52.944533423027075 -30.94675388406018 0.0030197202728386077
52.87460989276428 -30.98329639028748 0.016595362739879733
52.589879947649095 -31.091681367554404 0.0032194799858911603
52.57287138094039 -31.0656178426922 0.003851402026808333
52.68731161648676 -31.06254186467889 0.0030763229797183883
52.498305049223 -31.09743007924427 0.0029587684877400103
52.45609925911029 -31.09489505339947 0.003340597829611295
52.51648552796392 -31.02528800764673 0.0061924671245023885
52.57210943867124 -31.000119875394542 0.002733369314539163
52.59718306406092 -30.92245030636946 0.0028346099981178944
52.54559865723523 -30.939210707614276 0.007121098689956058
52.574503571079774 -30.923155074456066 0.005124491529653023
52.53592274409864 -30.89744008554652 0.005242174030396426
52.75478099917149 -30.994025575151554 0.006043497748059026
52.73033814238711 -30.964983627301866 0.003183796526673726
52.68889899158157 -30.945473836314903 0.003512871224354938
52.69082999479003 -30.91384527154432 0.003586150730948009
52.75726533013144 -30.898255535511325 0.0057864821081142735
52.74491012320152 -30.879578308997797 0.002808522190327431
52.8510364567504 -30.87535246827759 0.003154679071350621
52.83671959747427 -30.85798410703272 0.0037216205369684785
52.80995291690592 -30.857422432937575 0.003969442219706096
52.86354693073297 -30.820950472028553 0.009214530770064082
52.83177565287808 -30.802185194710383 0.0026859903288328477
52.647190021753104 -30.917448142502028 0.016642499961397505
52.65801635705242 -30.90281640024373 0.009949664337714693
52.606761891658806 -30.837377913165874 0.010481553843030346
52.62986721741986 -30.843494116391117 0.003936190552364717
52.64356026840174 -30.785739401891107 0.004852776162035189
52.71747524339192 -30.828011446738607 0.013978839374970384
53.65591509077879 -31.099041109589276 0.004201967989303206
53.574321979520874 -31.088674391145073 0.004940337793233723
53.58776703474973 -31.08221733656526 0.00427592426714668
53.69825826859678 -31.057994871846304 0.003222455877468201
53.659798562956894 -31.07520589277558 0.013571302928976898
53.6716283869345 -31.015908607938233 0.0029549623352422266
53.69243926999545 -31.029846869563663 0.007280641127344788
53.69490760169877 -31.02378328075715 0.005913592775222189
53.49965510271048 -31.099742810812835 0.018955473378632213
53.510435954191514 -31.081008904620347 0.0032614171427138086
53.48648954515426 -31.079822341568008 0.08171578378037299
53.516494458009326 -31.069646551748654 0.0027624135118260594
53.513482282754026 -31.069306433308896 0.004858039588915096
53.56563000098607 -31.074596804636855 0.00418694310664525
53.58053543050977 -31.04478698069942 0.002981498805013851
53.484483325785014 -31.05334360043598 0.0036328916439324127
53.49168831771612 -31.0473404335034 0.003504961038080815
53.52265688479508 -31.007214244576808 0.0047804350240786535
53.678122712716586 -30.94307549722043 0.0036067120815125556
53.623445800420825 -30.953015759011485 0.00344619921854502
53.665026437577644 -30.916649913199365 0.013602232053425317
53.60084139481192 -30.9420175284704 0.003144267738012718
53.55148495577344 -30.955870316466903 0.00515894466469243
53.336692681684234 -31.09965098557841 0.004282154175052779
53.3520338579058 -31.04793234109993 0.0031294129082535256
53.407768353746995 -31.04595991081384 0.006192701541679365
53.3843810892223 -31.01036502795405 0.003241612061466707
53.265678708819166 -31.036281637089846 0.005000390421772147
53.30559765863434 -31.009498015574216 0.0026860407966327023
53.34868579478423 -31.022408782973574 0.005113314374152756
53.36617330442529 -31.000232278817457 0.00528266906056823
53.174652727439806 -31.063331909064814 0.004276670880968041
53.14337182923232 -31.038506639929047 0.004502906296879392
53.11028159609889 -31.05046423731203 0.0030662621677613354
53.13473185212259 -31.000957046364547 0.004292765693759777
53.276435162521096 -30.98221700438332 0.0032391337379909166
53.254652672920464 -30.96768310513758 0.002791678871163605
53.293332530615736 -30.961495423498352 0.004956934778026469
53.308330166433784 -30.942268366485205 0.004277755660242925
53.23263126546556 -30.962283980736157 0.01735961621568958
53.42874072699867 -30.961041567628445 0.002683812118746795
53.41817755249154 -30.95776226664814 0.005797555230146154
53.37246068567686 -30.95896156328134 0.0033870823410989607
53.43792634042485 -30.94765369769662 0.0037157141782090887
53.460219395701856 -30.908684508480015 0.004229749225939283
53.489974207310034 -30.90344042020965 0.0049368112106586435
53.48124025007609 -30.871307187799385 0.006784628379000967
53.328506694133566 -30.922080125442367 0.008578274604878812
53.32314762656727 -30.925558734772693 0.007511275814912204
53.38402495011606 -30.88901623544784 0.0035413511284337553
53.420479309448574 -30.866780518879473 0.006727461632588183
53.367337573071616 -30.880777391066513 0.0032339355807917414
53.98832211146023 -30.551069307106225 0.0031175268287997626
53.28603415485965 -30.85373704666961 0.006067061113533961
53.33674790299164 -30.801808446592815 0.006764135356128595
53.43107787683007 -30.82350206743305 0.012511169981351572
53.77072292247928 -31.017008707509255 0.004327755127687282
53.766253099512106 -30.980583385061756 0.00636529424892072
53.71562783382021 -30.96504011882175 0.0026923342412539454
53.78066193741907 -30.939066742486464 0.007245592907494527
53.80855946009907 -30.894320916434463 0.0029747850457129917
53.89432937238928 -30.926448872835017 0.0055090331996742485
53.921732516081434 -30.856424317536497 0.003984336221684098
53.91671218054696 -30.8276267879801 0.004919090635462295
53.86504597237531 -30.8440898427019 0.004124103724639575
53.88934773615118 -30.83278604087522 0.0028730683280401444
53.86398271086678 -30.81405719919357 0.009248983179318153
53.70904173228227 -30.913182680976185 0.0030191016437808456
53.69084829748452 -30.87661102421343 0.0042846203840521905
53.77529400049501 -30.85992926575693 0.009174571817298544
53.659550353830795 -30.87839001536866 0.004142458722763709
53.70727610673771 -30.816927263697355 0.0032794781720406232
53.681679081459386 -30.834270345857217 0.003853734354848415
53.78020079708136 -30.80243103623961 0.004264938515241426
53.71111253901598 -30.772161696466565 0.019042208654456456
53.81265764096953 -30.747014538539975 0.0035772152590156005
53.95723640913598 -30.78668678807806 0.006679709871600288
53.91038679390512 -30.771069714644167 0.004015334170077917
53.981323001825714 -30.72718924097434 0.0033246303458071822
53.94239431664014 -30.73856799454831 0.03840955730033377
54.07691522394291 -30.73002675295592 0.00271752629230832
54.048494292923024 -30.713734636833244 0.002669465912933672
54.05748758250974 -30.645022300425172 0.004415202272786442
53.871003894512995 -30.731012656302298 0.002851395793751747
53.8567937609269 -30.728284662463945 0.002747297839484557
53.9062879595654 -30.67039770030657 0.00519541566644518
53.881849437828706 -30.650835888379707 0.003964248445976693
53.912567044882415 -30.615812991643025 0.0037493516500086213
53.88466064011037 -30.598837926457247 0.002839961284544868
53.98843531474368 -30.55076087785906 0.005273093469794588
53.95208738257465 -30.56451086014943 0.0028206188219096
53.58101638375801 -30.79223259572474 0.006697094229871104
53.582970027483334 -30.771093544995153 0.006578136250436293
53.68744272899402 -30.742753222348895 0.00756714776539568
53.6686989427458 -30.7445993891485 0.00357530687998311
53.67603223625402 -30.725681663508674 0.003791827130465282
53.703223593314995 -30.71225214384073 0.009034468325650804
53.69293627342612 -30.717755593957705 0.002919438860633137
53.64302435735473 -30.696272250447464 0.002901245164430501
53.63696200185526 -30.685493813321727 0.003611171129128956
53.64428641260941 -30.664289766400874 0.003447633203095501
53.72304460785156 -30.6565806452557 0.004500892544660939
53.49881674462923 -30.72450811637439 0.003405199881573302
53.44707313007145 -30.69773081724218 0.005524680975643479
53.4904280020958 -30.6397793195805 0.0035788334231372653
53.78066709946021 -30.66059561913745 0.003264543647849345
53.76672589634543 -30.65072523354537 0.0035211565537357397
53.788318289235235 -30.624089780699045 0.0041215683334622985
53.75102966131423 -30.614347313229295 0.009937614363488759
53.82396446502795 -30.562641744766573 0.0028680589899720056
53.80618119003108 -30.554129786468337 0.004744513531738491
53.758742802159865 -30.57064295065854 0.0034226307243527725
53.78724183509483 -30.560987013627027 0.0031317897589185715
53.93847132543805 -30.50095331460023 0.004278198189727393
53.91554544985252 -30.51461421399394 0.002668165747443129
53.86598197063768 -30.489872120929952 0.002725242383902604
53.71455894968108 -30.559165499924553 0.005090494758635861
53.678421873666565 -30.5432439784618 0.00397827233429571
53.676855169336335 -30.542889344749483 0.005477922890039396
53.69763245572959 -30.557378976388268 0.002937754563800289
53.63827262855079 -30.496025186601415 0.00792905516915114
53.65175234895115 -30.484126648088 0.0031053135948184416
53.71719892707618 -30.475545801412473 0.011555483708655721
53.85552705454398 -30.44244404177576 0.004533011591591787
53.737702950547956 -30.452011754786195 0.0034411606623455573
53.78018788731195 -30.42823943621191 0.011466941571527074
53.73173459396722 -30.440855143635645 0.014787258488363018
53.740402413728255 -30.42047284338691 0.007860236070359355
53.13715585534883 -30.979080665994285 0.008083975332134206
53.0890120534157 -30.951742880123845 0.0028446817044796443
53.117690832733544 -30.910608251268375 0.008295162145892964
53.22088593679 -30.90435528401865 0.006367269683071054
53.21998123810156 -30.905782995746023 0.011544511737100084
53.21907295124747 -30.868370447954632 0.003129291313761615
53.0589838054841 -30.84748470032681 0.0038035205287534836
53.040833785028866 -30.831444100099315 0.0029712714817431967
52.96261035713844 -30.884775076169305 0.00874360660790289
52.989205479978466 -30.851211804088777 0.003976332104183265
52.965674407372624 -30.82039764603286 0.005612891983946408
52.97578501472459 -30.811848964776413 0.0033310043866180824
53.06775139310229 -30.8242808968216 0.0026873116174064753
53.05951112005043 -30.82140983417977 0.0064232775695270165
53.139012130904966 -30.800204567129512 0.003265255650090711
53.23106767000575 -30.818521879132017 0.005849615218852523
53.34023260524542 -30.77282586503631 0.003961710756378156
53.32138458341072 -30.777466317226068 0.0038995483512935776
53.33456669321569 -30.666579468672182 0.00886760183566011
53.3727730165608 -30.643333851498497 0.004686707929595413
53.18329633044029 -30.733789784679587 0.006712107054143056
53.24433994636177 -30.70211713492632 0.0031920783646217075
53.151590159499285 -30.67113876614477 0.0066609047694021805
53.199069596211054 -30.6635043127809 0.0037732380875782597
53.26872240249504 -30.68008788828004 0.009176424475951302
53.25996723466309 -30.679732296426092 0.003238260106485224
53.319691422424654 -30.58150231707068 0.002741017539882172
53.24227315661602 -30.559719834815727 0.004975448606823938
52.91672919620998 -30.830682492048645 0.003806123575145021
52.91565731835868 -30.83456061719119 0.006077856186143204
52.90654385184704 -30.83755347999723 0.005306994953057903
52.89043280374189 -30.806384520269575 0.003142293265287902
52.88706795528196 -30.813988381571143 0.002885702393122503
52.92174921205915 -30.787240136314043 0.005668257999607951
52.94059161658765 -30.750045717445538 0.01045459707620492
52.89117800119435 -30.724797831755662 0.003811321191497648
53.02155888955112 -30.74062562012681 0.0027134010868223404
52.94329376330289 -30.70947459062679 0.004286147719054221
52.81993289282841 -30.759837204438945 0.006874275520068237
52.876327286394805 -30.712520353476503 0.002977439733143153
52.88346473524171 -30.702053247067138 0.004786196883162005
52.85824843588119 -30.679208066939307 0.003722871186317378
52.79033401244904 -30.685852009552033 0.0069429322857929255
52.779726408023656 -30.692774286243715 0.004794438030480822
52.9108793388101 -30.6683838611166 0.006196180342744206
52.92465072250353 -30.533739385807618 0.004016147638403133
53.17954326094206 -30.57698628584667 0.004187360911244936
53.157918029666526 -30.492093233658508 0.009157118295390782
53.02587525910026 -30.549197503544917 0.006183221787823487
52.98479449785951 -30.570298512034125 0.003205418356047339
53.03858178448494 -30.493450682954556 0.002692156915296678
52.974869968094715 -30.503193445735768 0.006178997074816364
52.94958868768872 -30.51633811083502 0.005730961812662929
52.97083077100137 -30.49244638333136 0.004010180627142704
52.98288515865311 -30.48436388644158 0.0034672473078110762
52.96278812172851 -30.477705875606663 0.007207607186232487
52.97081251333704 -30.464559654641302 0.004303950666262718
53.11256824370992 -30.464691547093135 0.0032345022651466427
53.1348391748235 -30.44886634425811 0.0032695896476282456
53.10149013852082 -30.433100012072742 0.0039067017279067135
53.047516660584655 -30.405456319574757 0.0030098970728853125
53.47637519870162 -30.62805998528604 0.061850506379742765
53.38634001355067 -30.62320123330346 0.016300810722292322
53.42258993852123 -30.616104009970723 0.003210975779023947
53.40599659244246 -30.583294017280085 0.0034999265043998604
53.383444743299016 -30.579800649345305 0.0030142804347668656
53.52417924891876 -30.58477328566429 0.002946193958550313
53.48840401439876 -30.562206661222184 0.0027653941170615952
53.54590608282365 -30.52925579711679 0.00307950741834487
53.47395106376955 -30.5477057537977 0.006463911543292711
53.44838510547627 -30.52013329963447 0.004384934693288119
53.30600085093992 -30.512541452681567 0.02171170982838038
53.38878776168104 -30.477619533732597 0.005297811657300518
53.45460923768139 -30.49259237012699 0.0053415208089886024
53.41999536874143 -30.476610202518746 0.005704217144664579
53.48608611671085 -30.459368064906737 0.004538159854328472
53.48944833966469 -30.420761819650423 0.004457871541169114
53.39549223911096 -30.403142777956056 0.0027592688594794065
53.43495302459309 -30.408563123815377 0.0034966850732997532
53.43872010308246 -30.37089046311864 0.020456872793830617
53.62315117029588 -30.506385259906818 0.0043857854720292765
53.629691914801505 -30.489798283766376 0.002929999286632478
53.65570934025394 -30.41768425896261 0.007934928625075569
53.67326260543801 -30.41360579994848 0.004198477301911601
53.59347822915278 -30.43592141890579 0.007058294739374211
53.570494347004974 -30.417014653078898 0.004938491204427954
53.60510554574213 -30.360826963886986 0.005255230442115234
53.72325543851775 -30.357539800645178 0.0031994806621853666
53.735024151966904 -30.33689099973424 0.0035066180956072695
53.756213194505015 -30.318667820120385 0.0031507827173602753
53.70738300322927 -30.31316892532163 0.024532703053193498
53.53185530503042 -30.353799112151098 0.0028401820909895385
53.57718425222291 -30.357648448186374 0.003265071714459948
53.56799688614262 -30.3102239557983 0.00612169636142382
53.47840598418522 -30.34789879276003 0.0036729721014521813
53.47546624392125 -30.328525421353007 0.0040076189326452615
53.53655538014908 -30.315005396548063 0.01085216240913836
53.52037928050917 -30.286241007429677 0.003373137537420023
53.59620961959844 -30.29552115982385 0.004123937926070628
53.662763026609234 -30.288285111395144 0.025215997521153687
53.64596498973826 -30.271315757308138 0.0030984098499446367
53.54999417334699 -30.27231564739989 0.0032326447423616494
53.624875302171475 -30.184232909244997 0.009197867829714565
53.24208955296261 -30.439178302654113 0.0032961883843940923
53.31708280272539 -30.37361906283869 0.002884497451687311
53.29163666447008 -30.365964025422 0.0061039616956565824
53.30097865446113 -30.36181543634375 0.0035240340792628633
53.282238384802405 -30.335473080646754 0.005114786610584573
53.325391372004006 -30.287207821854896 0.006903326584778672
53.15570466455419 -30.40090064384195 0.006826934240909838
53.15005470614342 -30.37169996185412 0.009317796357551074
53.18017295873178 -30.346948041856077 0.004991313399322821
53.134424303726504 -30.326665084501546 0.00829317891062221
53.179377263194965 -30.328349725763296 0.004291828304674176
53.25579528662882 -30.299188002570265 0.003953776944676687
53.22307262543129 -30.27758358204725 0.004138145099137898
53.26972105921845 -30.20730085562461 0.008570078591458776
53.26593270718222 -30.19804435030722 0.005333827051060421
53.26348321803329 -30.176742434641447 0.00443145200084214
53.256963306436965 -30.188695176872702 0.0035606621631265162
53.50151986147822 -30.270686048509035 0.016091210627522088
53.4705701387152 -30.26485699435873 0.02900273728300695
53.45970874451649 -30.20335075707074 0.004268280571274233
53.40329846084836 -30.209938324374633 0.016347676486241237
53.424696208410985 -30.205623888979297 0.0027048488086480393
53.57689930859489 -30.145569210144185 0.0032711828798448594
53.35021127477199 -30.224450389978227 0.0026785238614932282
53.33851518149821 -30.198118377075883 0.0043734844287898955
53.29056496829017 -30.166242624916453 0.014166774615830406
53.29977007760961 -30.14999050732293 0.0032682242990076382
53.36404285756353 -30.152116302040316 0.0033876670859949378
53.45071456608034 -30.11813142577652 0.005083665066049001
53.45272747036708 -30.122522452308445 0.005210665202446388
53.45066459692952 -30.10325276567008 0.0035881746993957635
53.36402564596095 -30.083315404128484 0.0028214485788079758
53.43053398490632 -30.02823387660479 0.003984807440217897
54.796012300024486 -31.09617244698984 0.003314971466758874
54.849604862972974 -31.096455183673857 0.005975134210217308
54.859503676043744 -31.07544173738249 0.002985891858481703
55.10137621768315 -31.078556714786224 0.003663215723372111
55.08445177546916 -31.07580438836152 0.0058693479939071905
55.17879259125202 -31.054408556004777 0.0031505014194133517
55.07615600262632 -31.018486440265832 0.003229745558093405
55.113450987622045 -31.018926853383785 0.0061307730496978335
54.93913609179528 -31.079211647583897 0.003051058253224689
54.92335872710512 -31.048714984218098 0.005492194129718782
54.90928559806873 -31.056214563935207 0.005092017582892697
54.93263610927398 -31.00021751693843 0.005329134723865421
54.936996664298505 -31.00995826736911 0.005053069011833184
55.03034952626207 -31.007527011452297 0.010593333247099091
55.03451809187725 -30.984699327599017 0.0036721870490562187
54.99349052544727 -31.00121047834972 0.006780705142977512
55.086556158071296 -30.95735388341488 0.004281944013790707
54.9912309628963 -30.942657713185422 0.024269752116888883
54.98377497645243 -30.926858884227613 0.003000950967953262
55.0332575644925 -30.937606234343228 0.007285573260375821
54.62043579891282 -31.099924646530184 0.005775613058002029
54.74092526350665 -31.0363984025322 0.0034492200314663107
54.701546115994795 -31.038150818472765 0.007129895253688634
54.60005467626113 -31.09190100320738 0.003575111405841455
54.651147387680794 -31.04111520108926 0.0033148546838565776
54.641248082497455 -31.034281910300855 0.003525709530605934
54.52215622198909 -31.010338626100214 0.028191840465615448
54.66507965785557 -30.95517745404578 0.006013063838509339
54.69874504187572 -30.966146927438867 0.0033077127676012764
54.62325642438088 -30.98606542088743 0.006864446579676861
54.63215094305889 -30.974911469802148 0.0031018603373642105
54.60853960543995 -30.97906019706352 0.003576983111141985
54.68754664220343 -30.917935418894213 0.005006879098886831
54.67644564731331 -30.911101126961245 0.003943635747033879
54.828185771933406 -30.974567684897675 0.0045488333835854095
54.78818388620895 -30.922075538530414 0.003980065456861117
54.96958810318281 -30.883301592683903 0.009431289143560208
54.944206441439775 -30.815743731548096 0.003017909482283192
54.94058030666421 -30.788489455045916 0.0032399233411430357
54.74858234232817 -30.917573207521507 0.0059456398611968725
54.769533709451544 -30.90410687745273 0.009297803843875315
54.753641384813896 -30.908666866436977 0.00924155291691799
54.72996433374043 -30.912068205240548 0.007905310992516084
54.754442587308986 -30.898081981779217 0.0035982243203038114
54.76739632873978 -30.877808160400573 0.004174847630136158
54.80821842383621 -30.897328948453925 0.004234672997329843
54.75604940442204 -30.865134274984612 0.013977711571618676
54.7373922175653 -30.85176000617939 0.006378733304258771
54.70823513977674 -30.86792444637123 0.015202898976399103
54.82266060365748 -30.82898062526163 0.0045309321070206975
54.8105652259213 -30.83066405591872 0.003571134477292852
54.862483567255325 -30.79986694215412 0.0032556984264089203
54.84031964839616 -30.7935439201325 0.0031791049452123245
54.90973646768362 -30.76648121019765 0.0030513326746131877
55.24322722776619 -30.97000997160866 0.003492972605717527
55.22786442483445 -30.959715732548982 0.004173809561487327
55.244351160676 -30.939178562149515 0.0034873866011218622
55.23806688992428 -30.94003941774795 0.0033305414623540732
55.15954016866688 -30.95312191397168 0.0030051470261282525
55.176313395961245 -30.921353842682485 0.0036521990117130577
55.17206137515756 -30.92062217605599 0.006317232843491342
55.27285617287719 -30.89776993754407 0.00331241955319976
55.34737575211808 -30.858277316972135 0.002810723855091785
55.319099156431896 -30.85691653566543 0.003149730454468554
55.23171315420355 -30.836050736699633 0.002969746058605275
55.27601707711386 -30.822733098407287 0.00458335028410111
55.09121857228769 -30.935730538135797 0.004977548491271187
55.07455233806515 -30.914887258231317 0.005450362333597709
55.16285653903962 -30.879335554698176 0.003491178140265362
55.13699365424116 -30.851302636985785 0.008415336655663694
55.07231321389485 -30.83894605529339 0.003305927496096134
55.22003457061052 -30.836195273374315 0.0027238890862901466
55.209079818464 -30.77215537409428 0.0030134465284704505
55.1547389516991 -30.78514775857563 0.003425817114164976
55.13169066036067 -30.76784417353989 0.004378716771319124
55.16808732432594 -30.758842973794636 0.0030480227178955803
55.17909356708395 -30.741428915616854 0.0033163082370292617
55.42430864398478 -30.79007633232852 0.002675015572642723
55.34484196102936 -30.780787392566612 0.002900756804135129
55.3075960880914 -30.79249440555896 0.0034753609311652415
55.371679340258574 -30.725276908082694 0.004386069960064159
55.3754717378116 -30.729013710625647 0.0027704021119549895
55.38113900165141 -30.70234447661986 0.004633619145333487
55.45879807692633 -30.76169220957456 0.004491161316471999
55.42092980220347 -30.64457385568597 0.004676827585292283
55.40418326515474 -30.716821524579174 0.007430899276430214
55.29834408298178 -30.758505840934767 0.0029241161513545726
55.30694384081676 -30.7513090767119 0.0032250021954128255
55.28595607172616 -30.701963590657428 0.007463730673195741
55.35331398711491 -30.70389882507786 0.003803109628890003
55.24227000380724 -30.691279818085604 0.006511042566840367
55.21258763167532 -30.69165993811371 0.0033360256764153463
55.290256058706824 -30.680953274317293 0.010344888274484407
55.292926647519195 -30.675638176327812 0.022723637686323236
55.44686649796062 -30.60304485354256 0.007041482424345509
55.44637949415033 -30.598554108562503 0.004465971061536496
55.44268061509627 -30.60868682986778 0.003156017695667586
55.40153277710133 -30.552656145893312 0.006093997470456076
55.34500030704152 -30.569765412756887 0.0027446177938108313
55.341133934310406 -30.562964516495676 0.006037081302481978
55.002154766533145 -30.84354724243267 0.010714732784626252
55.02706549439512 -30.79159047334238 0.0045728216114172045
55.08537717228525 -30.789275340788976 0.0028686740157180196
55.072466963777934 -30.766150869245315 0.005698556907358641
55.051430848293705 -30.73443820424558 0.003000546659761714
55.0480005153241 -30.733787181603144 0.004556769383175994
55.00547324481657 -30.73785316806356 0.003992189468354212
55.02464042304772 -30.70210243728649 0.0027588326024667194
55.141747425980505 -30.740355666012935 0.0044662917570869615
55.08291849978583 -30.71731800390939 0.003787427032676886
55.11957336704555 -30.664048419816783 0.003952676571926159
55.083936793912486 -30.644144739930994 0.004161282016683786
54.92686772318752 -30.748761810526 0.007562231612804124
54.96170605421842 -30.74518393984689 0.0048560412766904286
54.976131644941574 -30.729907588488675 0.003266710019801231
54.9762078381552 -30.710209855577745 0.003231473729290136
54.98181016370675 -30.68587124996409 0.005965967725723293
54.97636023060605 -30.69170429735024 0.002985687257454258
54.885584938003475 -30.67264189843593 0.003386234535016209
55.042946226459826 -30.653115125586496 0.009371671230436062
54.958060693255625 -30.60322627095865 0.003517488810852891
55.01013537072549 -30.573435971714257 0.004808691153062786
55.20710253786196 -30.600513297734494 0.002822285110837312
55.19146696895723 -30.5442976025646 0.005521504616533066
55.27474062766089 -30.56817407442704 0.004630091776910145
55.27807738789649 -30.532317605955793 0.0076569663695386925
55.2733100401722 -30.48470963382347 0.005399850667642241
55.26344749145986 -30.494141880197535 0.01660593216929659
55.18379584680854 -30.507159170338856 0.006126200756761624
55.14177328152542 -30.49796477049081 0.005664262081025191
55.08315210989856 -30.539080728376668 0.008532369107405395
55.09770263615858 -30.521267663479364 0.002649619764105296
55.09269877115449 -30.508279690669465 0.03215338713889732
55.09938464464453 -30.490356239220493 0.0026936817234619447
55.14337429748811 -30.455576183303062 0.007561813197636712
55.18542394070394 -30.43119083971667 0.003718981000258912
55.18518266220136 -30.43120204766365 0.0049203383647641675
55.11489741039438 -30.426927186721652 0.004060689099047151
55.16945419501249 -30.41201499137292 0.0030725356075440562
55.175672539010755 -30.40922864360334 0.0026577759953329934
55.21328372554527 -30.38641667832092 0.002730988080292841
55.16157479819544 -30.39350807682119 0.004139264364723944
54.49026085324043 -30.965668424130385 0.0036869430520803928
54.42857383938384 -30.95326223808115 0.003143704376044057
54.50403493331081 -30.871377727705188 0.0058200465013633915
54.51787936414036 -30.857589461881595 0.005267531357292425
54.59234226336413 -30.84872733991167 0.0034061051395028502
54.55714654433072 -30.81097399077624 0.008405718264595461
54.35270247424703 -30.89758800385915 0.004309999895356129
54.36964178134114 -30.917589562352315 0.008561354585992687
54.407930432166154 -30.8928936754049 0.0044335602491589
54.40719082807914 -30.90538726315992 0.0032032293464594884
54.500285349669454 -30.837012759023057 0.0033259151822775464
54.47910098141308 -30.8303825901348 0.0040166967012943
54.48603840509175 -30.791589422856173 0.00486455658614531
54.5518689281415 -30.77921265775584 0.007411805167899877
54.46520424793351 -30.723999313453263 0.005078478341346521
54.67248016717967 -30.795090496624987 0.0032739531440765406
54.70553582260143 -30.81360273348727 0.005953127713067627
54.7176698974974 -30.78977333717183 0.005342483377913863
54.68592766625866 -30.729874357518973 0.005537242513239284
54.65588708145454 -30.709228444376173 0.003019848561418842
54.829473067845896 -30.69007375227023 0.005862367022352503
54.687653162784414 -30.699538168202572 0.0048667313650199075
54.62855399042298 -30.7050606744218 0.00416982174333574
54.609239287141286 -30.64988667534121 0.006211747796715431
54.63626195072495 -30.637218022003747 0.004454676127654764
54.71486508486196 -30.63013371990077 0.0038891824705352715
54.72452230069432 -30.59803586653642 0.003993107338673687
54.6409457670912 -30.631196636492778 0.0030874020601499266
54.38503000954135 -30.76936094402805 0.004061743223859472
54.374516474669434 -30.756802943538386 0.002837511495312251
54.32994359130262 -30.761740056374936 0.004254243114426961
54.32760902164492 -30.738433152302544 0.007501731736253277
54.41178525716937 -30.710226092319814 0.008796696322493275
54.42909615089852 -30.68606486012903 0.009722192919420029
54.350458807274784 -30.690601493783102 0.004965337514406411
54.33780789344802 -30.676149794096546 0.003125288361258757
54.3759326321079 -30.675203843763285 0.009218595829015947
54.37482325121148 -30.67445784930377 0.004369433958465588
54.433917972613145 -30.639028952041155 0.005782482932894722
54.40060255039454 -30.6455676248894 0.0030565273033997557
54.26950025334604 -30.65647267664541 0.003186241974776878
54.18366687654373 -30.67425980199225 0.007591436429637377
54.17646495368598 -30.66159271952433 0.00485112365159945
54.35012673719428 -30.648220387875032 0.0031751585731240642
54.334931672694566 -30.650422772509906 0.003479635713566236
54.33371211395755 -30.638326255803744 0.007023273234697499
54.30790756847717 -30.63211930726676 0.005921658519820805
54.38209179671729 -30.625014783008815 0.003961969241670994
54.33451189270048 -30.598062503052137 0.00340579775298884
54.362576774668746 -30.60108335075327 0.004594189126745444
54.27758755284824 -30.638817721356595 0.005314031991469173
54.23960815048939 -30.598567444767863 0.004258192391466864
54.24592251040894 -30.59494602106859 0.017751292679767206
54.34020318820724 -30.55307016575983 0.002863311052176015
54.30476515186003 -30.552723209978097 0.013052109980679018
54.30874426748179 -30.56476839405484 0.0037425764856072333
54.55956211270447 -30.624410060422303 0.0032005547411696317
54.46389770660169 -30.606616112520076 0.007842200734537693
54.46052122110643 -30.606882567944837 0.0061695585431059295
54.480700409809266 -30.55298840716367 0.010816026673499344
54.57745680142182 -30.600146684644493 0.004394838137886644
54.58716354334011 -30.576710944948186 0.007987174533479063
54.57760078261554 -30.567406160054475 0.007766272943133036
54.573615985473104 -30.531774025003298 0.007113163226553953
54.52183123349894 -30.534691787592273 0.003641873861068599
54.52003027270264 -30.538658884656435 0.003217825023160484
54.60221843669967 -30.48289883957583 0.006431909197300228
54.46390366567487 -30.54164193416266 0.0027341094730215943
54.3770661250089 -30.543125271077383 0.0030936300643034558
54.3780533573854 -30.4739464798385 0.004103567953960183
54.38923037751199 -30.458549511320147 0.0031218406016950183
54.50200003792978 -30.461429720105624 0.008609965071192476
54.53091262447358 -30.417459297964136 0.0033682124329407004
54.48524578218759 -30.433047409818087 0.0047076925762784315
54.41390313139366 -30.424296157976435 0.003702325554066952
54.45195679697228 -30.397871588699697 0.0035304253235110294
54.500893656165 -30.365788937668594 0.0030109413058035956
54.83441441937436 -30.62422729597313 0.0033234216494004067
54.88285227049458 -30.616853158594697 0.004218452707133362
54.86875318859347 -30.622170989058468 0.0034979856588824095
54.883936956769254 -30.59335258840341 0.004447430495162187
54.8165411918943 -30.60366434135244 0.01626320455955128
54.8802708537735 -30.560414315439264 0.003594484495141554
54.94944068531811 -30.582443990650184 0.00663767347700582
54.94197597721311 -30.521441218307366 0.010087067908645341
54.917351512355545 -30.515305686680296 0.016893389857559612
54.879838950775486 -30.513300169983843 0.003160623134311047
54.858288798270586 -30.521647543167298 0.003317609451515284
54.71872120810423 -30.563508053264144 0.00784019906364775
54.75195636038449 -30.544791537183112 0.0037128672319988515
54.68843216122739 -30.51477710894837 0.013695360690362264
54.74864865172896 -30.511066162856725 0.003258515788430932
54.77401717820328 -30.4938276231871 0.002765357726722663
54.874197489750706 -30.47122726855624 0.0035164485264129446
54.85903924683747 -30.45542375657537 0.00325985771538394
54.79845521475716 -30.449510043195883 0.006187304711456895
54.7895734125896 -30.439133299858806 0.006198309450882259
54.791842190581384 -30.402974298608104 0.008413961967768231
54.86132820778131 -30.363595782453046 0.004647257902749288
54.97317099296334 -30.454508839706083 0.002684966890640932
55.138668541828125 -30.390779305148175 0.0031895821677487973
55.139068279046455 -30.378511660912057 0.008685645894521839
55.09267333308536 -30.31704489697701 0.007499814377523031
55.08330742092008 -30.317435658136407 0.025286404567739656
54.91704343165203 -30.415896517978943 0.0204602426338441
54.95540788292014 -30.40202403963865 0.0026868796843407794
54.96349414421566 -30.39708318838957 0.00490393522012473
54.95597070458021 -30.36433289036098 0.003130215982861563
54.897470906236734 -30.36502890576642 0.008520141149909571
54.853360100060435 -30.348286974131874 0.006419066421979699
55.04575384632968 -30.303350866284696 0.0059682318999353355
55.0314185796302 -30.305520068447223 0.004249162300005272
54.99216188267347 -30.30279720756777 0.007254187215317333
55.07596120259392 -30.26058996907733 0.002688571431910521
54.98322540678966 -30.277842164611787 0.003455740673618047
54.996930048757775 -30.262971156783426 0.006474326985185038
54.73057726348692 -30.44033345565927 0.010914373197276794
54.709518585320474 -30.40196001239474 0.0038998360504085
54.60054630245225 -30.433627181314428 0.006008767356576738
54.727171215867 -30.38400278407881 0.009379484382720448
54.75103785881905 -30.345764080423592 0.007630642983745043
54.7340317600712 -30.329984348815156 0.0032697748541797972
54.750525819349114 -30.30557934564517 0.009431798622792998
54.64345395652174 -30.357377217900915 0.004152108652467703
54.6092888059996 -30.307176690210127 0.003500930704119144
54.60529209143684 -30.2941965440809 0.002789337783050093
54.66719190946605 -30.33154780866867 0.004214744373979533
54.67375893214742 -30.279112831873157 0.011766858192549487
54.70798210589151 -30.229340571056635 0.014189672422631975
54.71005779415214 -30.217308262458968 0.009887219018540727
54.79705447789816 -30.235947400167436 0.004835559645907588
54.852422010467095 -30.22802277978114 0.002805345396680712
54.84809972988701 -30.18011819527328 0.005060686036220772
54.93727894901906 -30.20972651660195 0.0031468165067823754
55.006725621529334 -30.160222551954423 0.004930924917225785
54.88882090393501 -30.20196272924931 0.0035961081111552345
54.943272690752195 -30.15325656428099 0.004604305795316245
54.95353068397787 -30.1232608738036 0.008695991560954842
54.742844808900784 -30.194809956952795 0.01141270310836456
54.70317334376257 -30.185460261749256 0.003049677773858798
54.74796240121391 -30.15627723881784 0.004818137443219745
54.76597560612854 -30.101940663737327 0.004446295317364705
54.86224723651444 -30.120219870713537 0.008899083353418807
54.825680658326114 -30.143873632635625 0.003004494751001672
54.8913212639128 -30.095363532465548 0.01338337431043906
54.90838688258246 -30.080170131903007 0.004175463817117049
54.85148939981516 -30.084693236469136 0.0028600873005159926
54.803285159595035 -30.099110006708305 0.0041001025063280815
55.561668544842775 -30.631837325084433 0.003120597632093454
55.53359051895996 -30.611597323840652 0.0063607419155469695
55.563607158411926 -30.555871442101697 0.0053786040509180505
55.66181235368139 -30.545911907469883 0.01511183870796493
55.67347405206481 -30.48924096746371 0.005036503610479829
55.57127369303984 -30.511872765603695 0.002955191980927795
55.47976957929358 -30.572951660563223 0.010132893302074262
55.42650153681696 -30.56766591421623 0.007778128695287073
55.52333477289562 -30.504585598814906 0.00592737043504898
55.41540836916442 -30.523379542046012 0.005553085683194477
55.42072912701522 -30.47310041736446 0.00584420531125148
55.46151273709534 -30.45394617354777 0.0027894544536102603
55.61033421800291 -30.446311902030526 0.00326851396312499
55.563604824612455 -30.446776667405786 0.002762853865836237
55.517766140281594 -30.44073324804806 0.004948508659882443
55.49699207801721 -30.408471098185704 0.004071478629682921
55.54312030649013 -30.405189306625207 0.005156574654152548
55.57197646096353 -30.396297688560008 0.004055196791665271
55.71750002189233 -30.506418468762092 0.006574302219076332
55.755893249735074 -30.47073998608216 0.003672500339552555
55.69576967673098 -30.482088864281895 0.004263805000786696
55.74214583420769 -30.443079566030672 0.002894197270568935
55.679823353433946 -30.462408575823243 0.004696010611580033
55.67098199386832 -30.45277385664992 0.007864571490623907
55.683206031922566 -30.436693369676416 0.010483422032929278
55.715238111822224 -30.42732868463325 0.011132841849194232
55.67230028813722 -30.421709092773753 0.01979036866852129
55.729894075264035 -30.413914905066004 0.0037992145920316737
55.73328137275724 -30.3586675070112 0.002674661458449163
55.816690946314274 -30.38514202631163 0.0055658602106945405
55.82388074658749 -30.36119505703292 0.0038945139572798635
55.769469965601346 -30.384842601493073 0.0037727483654271823
55.76181121716705 -30.319628850147485 0.003461598664327667
55.76331002165001 -30.31619497944929 0.00412786275853087
55.82143305035771 -30.32184219479265 0.01042340336958842
55.80657510626237 -30.286498225055343 0.00766563214379076
55.63518909820586 -30.394964769422916 0.003986054566514696
55.67301224005045 -30.384822699762093 0.004827047412774768
55.623904951416456 -30.3886274428518 0.011884289691265202
55.68319271101127 -30.3807540211823 0.0028828428228810797
55.67711726080423 -30.38230778194099 0.0072368440616002285
55.695817894080754 -30.33015630888408 0.0030673087930916344
55.620164445426006 -30.32883809245288 0.005884400376755822
55.618105436443855 -30.286624245278897 0.004839860338679871
55.70090689590903 -30.290029874646724 0.004089887712136043
55.78385129848597 -30.23365209190715 0.004294230820446948
55.71393040396052 -30.26437473539128 0.003433457133437045
55.36660955955211 -30.481935831989148 0.0045063752149585665
55.329560799423355 -30.47373691103863 0.0029768140349897896
55.35671640761566 -30.462123957766565 0.00302551276502587
55.42117596484682 -30.451429574397164 0.002644839696485408
55.34623798694122 -30.447251327579192 0.0030469015351189854
55.3115006908605 -30.4290828433793 0.006920050672495078
55.378872753908254 -30.409199760305636 0.0032830902745849444
55.496663466213704 -30.38323640885066 0.003506395252379453
55.503042740828285 -30.31430681739142 0.0026435131773765554
55.416189635103486 -30.380656298193813 0.026856111115877476
55.461528381620894 -30.337902632388616 0.003923653563239853
55.46758151963764 -30.309207729277208 0.0029307502763986112
55.27182208161064 -30.41887236881179 0.024247770150622704
55.28048568159601 -30.391566581758365 0.004170707851840705
55.26214848406786 -30.39604069946014 0.0030905267688151245
55.320090738546675 -30.361551704599197 0.002836312569587005
55.3318442276086 -30.255793194266406 0.005077493190240112
55.303263390329384 -30.270764228156803 0.00593736160378989
55.56819720296283 -30.254192446335736 0.002887038261869735
55.52777735072165 -30.25804920123436 0.0353031639112381
55.55588351601634 -30.209406612817727 0.005350119033193312
55.63233140535841 -30.183628190883464 0.005133661802150636
55.62129459923611 -30.174891474350556 0.028732920294270426
55.615104916781455 -30.155863495893396 0.008190467466989081
55.55036087221187 -30.173864680600055 0.003424048160943458
55.594194688020416 -30.16760197329564 0.003037967472871996
55.656692114588786 -30.133982548256984 0.006425042202007249
55.66542013760159 -30.117571056801463 0.0028744778710807243
55.49066266124065 -30.21859382288186 0.0030486222125513138
55.482664743309456 -30.15015519390074 0.020302692858611356
55.410428243888546 -30.19062551976786 0.015694736352508898
55.40547042506979 -30.16643307186843 0.0061764372654617185
55.420942772887074 -30.13993945257186 0.0059738667966252575
55.41935809070247 -30.142310367745125 0.0039101609088370145
55.46368036492589 -30.167689441160732 0.003709718147938036
55.48766675550995 -30.126450287808662 0.005462848476478223
55.56078898654457 -30.142414690652178 0.007083945472426311
55.575196655136104 -30.134446246698374 0.00439308832074152
55.571882728857 -30.120701123724796 0.00506509195945217
55.53419957571495 -30.117174175494288 0.008103845444383494
55.50256794046806 -30.07075016500463 0.005764842076399227
55.91509672469707 -30.313402051797837 0.0026879002310018813
55.95522056749074 -30.236218416899376 0.0027096320440016817
55.91510158424377 -30.213496085013116 0.003345647794133112
55.90239339091626 -30.18495845270325 0.00827052330233814
55.98735614583779 -30.233423741900932 0.0029572826791372736
55.96029037555078 -30.20492117104681 0.014284597234528216
55.94095544448942 -30.158644572855614 0.002983195323973028
56.00442870499103 -30.14056510731969 0.009412596888009973
56.01080758530251 -30.125378671735213 0.013670288957366506
55.94967238479999 -30.130014348577017 0.011006483823136935
55.79582046132504 -30.194738687254866 0.0035237554827522357
55.88533071087863 -30.163558543271105 0.00951845233854038
55.86009801936993 -30.16118128681958 0.0030988956304004622
55.74894971982022 -30.17792628680559 0.006670497329182273
55.81138225206668 -30.118730976327956 0.0026732116775873655
55.898984614703295 -30.125247473829106 0.005316908660617985
55.93695762432546 -30.11141027199132 0.004659737957381271
55.88666692239757 -30.024880977883345 0.004759475763457709
56.11890712901483 -30.0870215183928 0.014602881285522857
56.014885296725225 -30.106507472094435 0.0032229888244163247
56.01275376734908 -30.06647786142281 0.004918040769397029
56.10870081952949 -30.012246977236355 0.005581305432876828
55.994505458944154 -30.039030717098814 0.00281446854723725
55.981075483789255 -30.04821470108479 0.004780677412256006
56.03447293772484 -30.026911427880744 0.025800641847017556
55.97037809407682 -29.99812974017403 0.007335254299524429
55.992443055701365 -29.97994852357396 0.002929497485798581
56.08127924222809 -29.964914799125264 0.0027603360644267347
56.03548183148729 -29.955699460056344 0.012048675685355923
56.05556897429237 -29.935150620965945 0.003965192623801806
56.00863772736648 -29.89896311328578 0.0033933850691253596
55.73675338587049 -30.129186473969124 0.0032589719658449733
55.76442088881125 -30.054904634633115 0.004018685636293908
55.66017978566088 -30.061471490856956 0.0040371739251406965
55.7195582086015 -30.048702533948234 0.003971292811097984
55.7312616242364 -30.01654643701554 0.006172451051808988
55.84565068209111 -30.00299825910274 0.005433034897636894
55.8372697831902 -29.998566288883996 0.004061618790627993
55.81644274607327 -29.951678873887616 0.0035883603530815814
55.62785050695883 -30.0219183704094 0.008920859914086893
55.73738367333944 -29.94315488699847 0.003791879516854908
55.736688493764554 -29.939079756045697 0.002988565231396415
55.7896276384073 -29.915127593772 0.005011074790064702
55.757511225086546 -29.87178433964952 0.002747358473781048
55.88976947756329 -29.976938326978424 0.0035242476970100767
55.87064360495489 -29.94041125919876 0.003609835566784962
55.8629540265698 -29.89970842580501 0.003735371790015987
56.024952753201525 -29.86590456850892 0.004028390884938903
55.96191686996004 -29.88945580703177 0.007628888712629109
56.00888773794444 -29.822179554075156 0.003322930168165608
56.03149963541134 -29.793595223166403 0.00745998492082736
55.92801596531813 -29.839094900328725 0.00421560930664264
56.015090510333934 -29.77361834623377 0.003308829694674659
55.84465302485538 -29.87430786429755 0.005100353523407335
55.8734009392982 -29.83901054212615 0.0038952734846557035
55.83710370502306 -29.82169102053069 0.005728534785552831
55.76060886000369 -29.83379877713834 0.004127245613386884
55.7819898155694 -29.810988186276532 0.00513864415815444
55.82806130936165 -29.787915257549937 0.004439572214086456
55.818750174308015 -29.771758763512437 0.004273388526151156
55.91202303291709 -29.79981425957519 0.003858738956957561
55.877446144989285 -29.807317611896146 0.0026617420745830424
55.90294944037317 -29.747705063830164 0.0034668944093204012
55.913467618922326 -29.739151509603392 0.005051509680810514
55.89522726117273 -29.742785578089023 0.003124220009851921
55.89962489625874 -29.70743922868165 0.005006819783741347
55.19848123121878 -30.3142697899482 0.014844962149920397
55.242855337715994 -30.28317093176109 0.005641621810658218
55.274888664626225 -30.256176707117483 0.006660520811162768
55.1092033628531 -30.257493533900742 0.0027831118124847635
55.14897858576326 -30.238775014722325 0.0032599972192332784
55.19100835608771 -30.202186385145705 0.006631172179938846
55.31233693549288 -30.2230456137711 0.002979350751432239
55.24909955102995 -30.21656130320851 0.00281514811528243
55.351275004244 -30.15857925894196 0.014682525190189115
55.30679299802206 -30.16239429158989 0.00897661935265655
55.23919980153111 -30.158790086523023 0.003746456803946092
55.28885026340561 -30.1059040443186 0.005692572357984879
55.1621955636263 -30.163652899983685 0.005024669309194864
55.105223390495816 -30.164713467987077 0.00869162738539558
55.09572671100894 -30.142972256668585 0.004015224333274795
55.190181239223406 -30.144643658680906 0.002990210620185627
55.23525029939535 -30.129236448892957 0.00323673623410984
55.22350356140251 -30.11241329241314 0.016867901240779432
55.25234225499174 -30.08324976127516 0.003916611183053678
55.238487797183595 -30.071530415678996 0.0038697579365514468
55.15107476865963 -30.101248519772692 0.007330998229435216
55.21707656971668 -30.03510079745232 0.003942464256814209
55.418741492141514 -30.10891885928139 0.022375707082953906
55.30728073686532 -30.07961894566697 0.005440846764091959
55.46933501864791 -30.03959442945413 0.003723900124388671
55.51825981313898 -30.02348554374487 0.003515234804898043
55.42975986265368 -30.024847182603335 0.0029781135982315885
55.4498679117717 -29.974885966674975 0.009377658420993048
55.44751554652634 -29.972980557934275 0.005598185494589153
55.335656105945745 -30.024953678662065 0.009163720398463806
55.332761346182274 -30.013818532441903 0.0029612469717936966
55.29512747590624 -29.92881278162707 0.02961948643440215
55.284211934024825 -29.920980604396505 0.0171002417287814
55.4261690092227 -29.928412040239547 0.0039325268779890985
55.32006487991074 -29.938279716065335 0.0028145092778095997
55.31538798026905 -29.92377351191329 0.009142971154881567
55.3186083964007 -29.91545813264848 0.0031877841329393877
55.354148632819374 -29.889725586159397 0.003064017804747999
55.05994334053761 -30.12344973976591 0.006224850414258691
54.96696243494576 -30.087897052521026 0.012319038560017455
54.964662417860985 -30.066751808873608 0.0027843899953333274
55.05418128463985 -30.051989629406886 0.00372200797735611
55.101886164974275 -30.06531346159373 0.0031291511346862528
55.094748046575056 -30.05345891240988 0.003987139167792311
55.13091265196382 -30.022600937661963 0.006977309528016576
55.174960850764016 -30.01804525460511 0.008946855530373932
55.06985427968752 -30.029337468513276 0.0065705482618730075
55.07439066378455 -29.96882177604582 0.006792295623747047
55.06911911623797 -29.977170989067577 0.00347528074890121
55.08787614729788 -29.97857217158332 0.003159841398035845
55.146402847842815 -29.95753403712845 0.0033069948197786167
55.115006818707414 -29.94992650177427 0.008435120956987037
55.09688997728785 -29.956698142858716 0.005224603230444952
54.946748923821126 -30.03494311400975 0.00281681584226
54.926476877152865 -30.04246037282773 0.003099279471149284
54.91235962044676 -30.039857011034183 0.0050155530646531785
54.93088654425396 -30.04185198750945 0.004014011751628795
54.98002923314631 -30.030306668971516 0.0049104474713711444
54.995684184029685 -29.99429383926912 0.006302476276742469
54.95924284126721 -29.981036380043157 0.009636182235820632
54.950323796713 -29.936243108000458 0.0034785012568791245
55.02647274941715 -29.958971294500984 0.004797041378285949
54.984129308333266 -29.914433547982156 0.0035465422634388265
54.9372528168229 -29.91925246614475 0.009461710909819517
54.95583974138272 -29.893076785200844 0.006448432150579364
54.95564325122468 -29.893237701983537 0.007770807212868946
55.02838873558062 -29.899979088486543 0.003700730799918916
55.202801999210465 -29.98979713216347 0.003845316262111447
55.175495676625886 -29.908407401980902 0.0038244161158622818
55.19802625412267 -29.8773483272907 0.004093719480697186
55.29555959797936 -29.900350718187145 0.002715378872778639
55.34568217690424 -29.82874411319579 0.003356395418588016
55.31961704507344 -29.819900996138 0.003105448630202826
55.27801167973115 -29.810439303981195 0.006426805321509234
55.26727228388478 -29.789951657855852 0.004107396366803355
55.25524349990633 -29.784649040605053 0.0027878029262454972
55.14620239355852 -29.79893820840713 0.0037272146942591926
55.05374050764914 -29.848123123604413 0.0031934781910700704
55.08543465606395 -29.76545882625457 0.00369195241313305
55.106784044830086 -29.76088990280048 0.0053503921547074776
55.22680939356876 -29.783189467522064 0.007392726163014007
55.181693279995 -29.77159739232161 0.003206884175623745
55.231123788544394 -29.72333660002045 0.003956431989032564
55.16920581705311 -29.7628210503959 0.006609931892448989
55.15581495541003 -29.733910557497612 0.0031347858273545557
55.14980147348294 -29.70793112111384 0.005141915313610605
55.60733554637549 -29.890984746507204 0.0027117463521591917
55.511333673142666 -29.90566189125321 0.004637155287170873
55.570946356445 -29.879363532700328 0.0053252391920794555
55.58036427858907 -29.877554359748174 0.010916638262604226
55.53854187655552 -29.85259350092289 0.019168750056928596
55.67490264861452 -29.80684361995555 0.0157732263141062
55.63073996369768 -29.787818005721295 0.0037563556091468634
55.4898110980056 -29.869388816815377 0.0026895510972903677
55.44583301771358 -29.874565827159724 0.004085241354854899
55.42384981178173 -29.868681992465547 0.0036803097702990616
55.48528017201745 -29.82683977643726 0.011817434113080815
55.40564742475335 -29.83490239618972 0.004080117729715249
55.42264319452461 -29.79017260471322 0.007709558081236868
55.5262714678493 -29.771411028304247 0.003167607077221255
55.50833811335818 -29.76829764405324 0.004994536825713802
55.532603301998336 -29.735148192667225 0.002887734354861055
55.567922182455064 -29.708152251018955 0.0028111321988684174
55.70984480299205 -29.721713475622774 0.007184248560246062
55.71732823857636 -29.673027223007992 0.005371833455102741
55.82989529464789 -29.721008210964097 0.0030456943988010974
55.81769589937682 -29.687803672768396 0.004035908156497423
55.85727363372923 -29.65911950101973 0.004178062666187416
55.87885226573593 -29.63706518079077 0.006658456696118014
55.77907230610838 -29.670766938244338 0.0052165142683825265
55.82358959920256 -29.6089569956031 0.0035534155180899853
55.64154108987782 -29.70933220477951 0.0032205044947038464
55.605872625308294 -29.701946976095662 0.009371803942659122
55.64490110285489 -29.67130428250386 0.008848045038407177
55.63417669778853 -29.6735854787712 0.0037794375586827256
55.67133009741989 -29.683406700781212 0.004558190950963637
55.70324334595714 -29.664597937719765 0.004684587385491107
55.70701602600212 -29.65204152886881 0.0030606013791660957
55.759757601872465 -29.613469810848027 0.004446942813938876
55.74033534363914 -29.567757848592237 0.003844403151664896
55.31314151539184 -29.728129318088556 0.0027637113023765633
55.38028435856492 -29.72827620188308 0.0027962150225800298
55.341379234330894 -29.70216936128219 0.0033666129885317657
55.37512611320544 -29.6855428934695 0.002721240899202506
55.47237154501587 -29.716398190380076 0.00769955914866736
55.45787703779665 -29.70741560348618 0.005859183702453549
55.460734098950105 -29.69473372694537 0.003782142472663018
55.505337475306945 -29.670724114062853 0.008504473351105267
55.515896695961594 -29.638814612713936 0.004069492942234779
55.40155846406378 -29.679174192015733 0.0028071580786405243
55.481031672634224 -29.601215124912564 0.0029534598723036675
55.45335172581953 -29.611638868792117 0.002658713768459527
55.28410900983797 -29.67463407932673 0.0033021043599333858
55.29668399990713 -29.659889833851835 0.00323998846933653
55.31156220655199 -29.639291163829867 0.0026575649639470045
55.2521035071217 -29.633882056020724 0.0033016965400155846
55.234506471578165 -29.627445480613343 0.003957771798923517
55.403746157963305 -29.583053857216512 0.003620812655939423
55.28884047381981 -29.565195629384224 0.0038048801775566253
55.33898944524706 -29.537259386169055 0.003000844211202516
55.373843068907895 -29.516089497167997 0.007455354684651655
55.559043092501135 -29.632489758990737 0.006812928083755754
55.585928187605106 -29.613973077327824 0.0036152116231901186
55.600939533876314 -29.56005876221896 0.006397736287046701
55.57963564940373 -29.557714891391768 0.004504625641473683
55.496621612916805 -29.585231667777368 0.00291459539651843
55.478384956662424 -29.558674364535637 0.0040903605357383915
55.53326525403401 -29.53883852076779 0.004831424971106506
55.55936202374525 -29.50253511559617 0.004872157505902806
55.64724463968237 -29.527144917537473 0.0028958022059829883
55.6405994443105 -29.526802872758953 0.0029590013930285873
55.66059396504191 -29.521173869042578 0.00528616061490684
55.63348057807569 -29.500641758970847 0.008729425333398088
55.674982643130136 -29.50388172927656 0.0029072153271461525
55.59654033636309 -29.50060130133514 0.003621743085189168
55.59353333824743 -29.4957874589871 0.006762598044998032
55.58587343523431 -29.492616796825764 0.007817763705796295
55.60400551864891 -29.481085389598707 0.0033164895607511085
55.62858094910182 -29.46724260499334 0.006073299235334057
55.6411205029632 -29.43799964578223 0.0030136867564297134
55.445501890759274 -29.5533714480187 0.003415436730421005
55.49332150518965 -29.520232759177564 0.003259359423507064
55.472968607413854 -29.52320382431425 0.0030844857956434974
55.41037401390903 -29.519625462905875 0.003985703927667368
55.41074943081159 -29.467758181942145 0.0030110344860741368
55.46612861016316 -29.475479300608644 0.004410289462186923
55.54090569799853 -29.46705690012113 0.0061748159829107035
55.55405249435638 -29.446482602484465 0.0033798360554615796
55.521117079327205 -29.432590708037363 0.0036644285204150877
55.63105028988033 -29.39593066599796 0.0027632689029057408
55.50485397680142 -29.427498510242113 0.004557518441087132
55.53655478074375 -29.399827328302656 0.016956664781015564
55.579315377489856 -29.367192735591395 0.004165098386497598
55.58139298432192 -29.363588041693067 0.02211346631341843
54.15467298542458 -30.63979399993421 0.004020729993248571
54.1600807427267 -30.60886165212716 0.004772735035449765
54.117328498086565 -30.57216065708371 0.0031513753207408086
54.23062938007875 -30.58403059271879 0.0087203698482379
54.19113283896796 -30.520232942887343 0.0027275791351742246
54.15551072360889 -30.52544301019053 0.0029557069624611197
54.18760335388687 -30.510044236214384 0.00843587380992897
54.18665368578334 -30.511550148822653 0.0028580955227991275
54.243016459403094 -30.498421968314194 0.003530799810580345
54.26748144885177 -30.47437333666122 0.002887323559919455
54.19878372093184 -30.47883473257544 0.016241812389658033
54.01275735373094 -30.52038185616607 0.0029613347274867145
54.15032788889057 -30.488659968343164 0.00936636945831061
54.15004684543215 -30.488766780780526 0.006245686333627627
54.109479531194125 -30.485963267968035 0.003486676740688889
54.175117865736865 -30.45992253599213 0.0035743707262171896
54.178987655450406 -30.397739731153916 0.007319271879241668
54.11150910571028 -30.378366470577355 0.016428723092938288
54.13449350312516 -30.37211892808639 0.0043794292998182655
54.30645403859127 -30.50768267359041 0.0035465200922334605
54.31598429946917 -30.491245499644155 0.008902721743425473
54.356975360309285 -30.45965021189768 0.0030104969712544025
54.27544898544332 -30.463065235807388 0.0036176225707082914
54.266011074782384 -30.43064453733367 0.0059321772581963535
54.298543566701305 -30.401078092459233 0.008199304865919075
54.3116735352816 -30.35516177457719 0.003416416688314869
54.39644835522578 -30.39675366787368 0.003486560772814476
54.437373539129034 -30.39500730153672 0.004511421860386259
54.414763286823856 -30.354615862719815 0.004111017065550024
54.44182529915663 -30.33160489207674 0.0031971040055872165
54.39215350567355 -30.32343702815381 0.0037790491000927514
54.42952317517943 -30.28464905152444 0.00489590897308235
54.39821771780204 -30.265877505525378 0.006438766408111294
54.22963991778838 -30.379942297562422 0.0043005056701824525
54.26923418881382 -30.372471881439505 0.0062304977657278516
54.17968299102575 -30.35359655763038 0.004411124744742325
54.20814689135234 -30.33316465145061 0.0040225607309334515
54.262554847069865 -30.308614026614325 0.004909761823019044
53.94973899008513 -30.48514127278634 0.003149264659400593
53.94102145612346 -30.48534709630942 0.003445652092544163
53.93267897598581 -30.43160254635733 0.003465785773004212
53.97196395436542 -30.397435918475452 0.0028167026969922156
53.976472581771446 -30.393815457766767 0.0038467705685059648
54.04773345350835 -30.35281550669089 0.004179589116464019
53.88868483080078 -30.38428802177996 0.0028900971360114876
53.92893553721154 -30.34844200490227 0.011962145197671218
53.84948686590288 -30.364591583758592 0.0033635170973233424
53.83296375355096 -30.342822463775505 0.007877293363452637
53.8696624231737 -30.301117055786698 0.005875760287266565
54.03009919439145 -30.252947020677468 0.0028897953946384284
53.907211806911775 -30.269247478612463 0.0027793091014512786
54.13339769846759 -30.319124210747333 0.004119259714863515
54.150316015462465 -30.292551706938013 0.004037421297589303
54.198194428002694 -30.281528399169677 0.0042217985812968125
54.10004614273447 -30.28621408773207 0.009112865693069771
54.243068774139566 -30.190106192269457 0.005998782621049283
54.27622805711539 -30.185134533905583 0.002892961104260722
54.2812534196706 -30.16531535143747 0.004785128112033068
54.27724213892135 -30.16424903896793 0.0027721082453756652
54.18514600477977 -30.15240678494899 0.01076895245658498
54.23843270573199 -30.099429864978735 0.004797079154372901
54.210319393740136 -30.106368187373768 0.003462870292309234
54.01765769130883 -30.174177352960815 0.003595937581494849
54.01360247442783 -30.176881426870928 0.004343595700960037
54.06463939590569 -30.15181630656272 0.005764973092657152
54.04125569429821 -30.147010535857326 0.003931934998638417
54.149531166450835 -30.14587006632524 0.003654397453640349
54.1507956997383 -30.12101480079864 0.0033021326446142653
54.13519937983351 -30.13417293082907 0.0052329460173561335
54.18156862841074 -30.093311170058495 0.0060285980622469225
54.16525237195069 -30.0807099638892 0.012959482650632658
54.11028652394571 -30.03180130516621 0.0033939473402602102
54.14920763145714 -30.03317053989873 0.003024704584755242
54.497535226233296 -30.28086263424858 0.002698816735764435
54.51954806855325 -30.284093596205057 0.008051257924410471
54.54531570427157 -30.24827174752027 0.0063292525407653176
54.59264325291237 -30.2037221268391 0.006405270271756049
54.58250873668567 -30.182808438361764 0.0043381338189100544
54.63881485791869 -30.189164345375588 0.002681043062540108
54.65930485656752 -30.172538458212085 0.004545238687817766
54.64907519449604 -30.162710356050415 0.0027003337509425144
54.54154532585036 -30.20007770125115 0.0033540026361741936
54.52196752516155 -30.19471359605304 0.0027894343177151167
54.53329387719981 -30.18126017212879 0.005577655535364742
54.53911498854051 -30.13483740567018 0.006312026588621858
54.59094164611789 -30.132005436988024 0.003053100143266878
54.571504348259616 -30.11937796393849 0.004079701043829901
54.39131456730861 -30.204828218299163 0.004023106640938748
54.48332875355904 -30.164996066289927 0.002850629496416819
54.39975855391272 -30.16922744570849 0.00303629475676976
54.3326994927431 -30.18302459518371 0.04108101739552499
54.399931432840695 -30.09548033568624 0.008992544168603874
54.49161277184737 -30.16308096879231 0.00904611427392965
54.50478721158624 -30.15453768545752 0.012884978541441616
54.51446800017663 -30.12527214593008 0.0034605703672840743
54.53748176812365 -30.107572321601182 0.009827748400696345
54.490897614589606 -30.05403450457152 0.003505093840197598
54.5100946662028 -30.053139347287765 0.005811600461965761
54.46678477926435 -30.05743832542276 0.005750529088347316
54.46377709954998 -30.05792115809091 0.01670616685317683
54.72337089731241 -30.116535183646747 0.0030360057490651034
54.74686683700915 -30.077861528542805 0.009519138805188256
54.7112983660562 -30.08601243735192 0.004351289809405631
54.712127180006455 -30.05627327006351 0.01260765495601047
54.63689780107197 -30.109013135898486 0.005135485054035911
54.669419781158666 -30.03232712069705 0.0034423158743124827
54.65699740842162 -30.026701296083587 0.004629161469179173
54.760917731102126 -30.06523856839504 0.004745274603623629
54.70646854071268 -30.017653858794933 0.0030432565443554594
54.68814584351016 -30.010886259400113 0.003982806246744542
54.74805982864467 -29.92292019062584 0.009039099866293816
54.58229632028629 -30.066755714639317 0.002813552702471009
54.64210110880874 -29.99433619497948 0.007146302069814714
54.5209393539134 -29.987470992998105 0.004204897605169276
54.588689359116984 -29.98942485944095 0.002672078665965736
54.6721073633203 -29.977650510805944 0.003978360136841464
54.65645697526878 -29.969725556558732 0.0036491265908465188
54.66275577995511 -29.955953461663817 0.005674757135516637
54.72724608605831 -29.941370627775644 0.0033588781916629984
54.660082222485435 -29.877726261493457 0.0029363092255102244
54.29269056437699 -30.0801680909042 0.0027890272954999595
54.23633663667584 -30.078765139457225 0.0028939494752991553
54.235870410595425 -30.08680674410801 0.010118601550148416
54.2679800282767 -30.07425041052192 0.014734102596761925
54.34493109708013 -30.044890202722176 0.0027895178489087476
54.35479754222341 -30.04041235838152 0.0033784614255166355
54.40851721276221 -30.050913649459662 0.004056115839526166
54.440313167395175 -30.043213040202083 0.004130996667382193
54.38675458319767 -30.048627357120314 0.0050948998861163105
54.40932573900138 -30.03263142962799 0.004232503048798206
54.450831260487355 -29.96373573889595 0.0053277884819244595
54.42350790883617 -29.96857952520922 0.004943909413208719
54.43723451788404 -29.95037383841354 0.006056636432225259
54.432012284923005 -29.956327069720196 0.008664654790455075
54.220128974169455 -30.051976210629668 0.0034787876900056885
54.2084831998356 -30.048974177086805 0.004976953345233999
54.21568189817202 -30.049531345455375 0.0045141495169800615
54.23984896561084 -30.01498970057978 0.0030063954094216284
54.25867053496427 -30.00678619043411 0.005534857379804174
54.20578545080009 -30.021094098949128 0.004650508736864598
54.20417336302753 -30.02099016874598 0.00522532255925065
54.15173581122259 -29.992622955695403 0.003334741426088
54.232504391259226 -29.97253585421661 0.003442805749884687
54.21631592528722 -29.9292200681952 0.002656473632798375
54.221719652124584 -29.93338952249996 0.006183676048574815
54.32096853942558 -29.926053978987863 0.00573256852220217
54.39679272622234 -29.910684771042025 0.0029638914205403133
54.34075241653098 -29.896097093309972 0.008585392202348795
54.36675228953044 -29.905635063402944 0.00558946832792519
54.30030749069077 -29.903821794188893 0.004599962747777911
54.29491551725331 -29.883951695030692 0.003793113818599702
54.52728082711199 -29.902256596529277 0.0031392579273277544
54.53489957915489 -29.91230141116706 0.003740034209284124
54.52393912939803 -29.88292802938748 0.009082641334408564
54.49147014503622 -29.908402238380297 0.002757884091148666
54.500010035565595 -29.887599767481685 0.00857272968167392
54.46521023591428 -29.88697277266124 0.003032902329111698
54.47269846995475 -29.858782656061152 0.004217007900078987
54.5803280078327 -29.863715982136853 0.005129211468176742
54.60812764740646 -29.853882323990508 0.003408329547915584
54.660020757989585 -29.83536666572867 0.007636901508175012
54.639405600991886 -29.815017843988596 0.003052377155880626
54.61708154148601 -29.791962900312747 0.004465997592473552
54.6133368005033 -29.785211140904984 0.007214588158221248
54.538690900853695 -29.78293247419642 0.0056710610114314025
54.45465584929861 -29.86342284670302 0.0028203178079393106
54.34191496888623 -29.848742311700857 0.0035701007691309097
54.35153092961811 -29.812988676309644 0.0037010709411463547
54.40187344336042 -29.80318592407027 0.0027043535296625942
54.561091517666966 -29.73466158735439 0.005226300290545395
54.46514188312774 -29.767397697125208 0.005369454104817072
54.4335441645842 -29.762954612725498 0.0060577038075832115
54.49198114813395 -29.73344416944946 0.0028707053892599596
53.80512544144668 -30.30400866662948 0.00750169960784334
53.846077476977825 -30.27306593483252 0.005718957243009443
53.84344271496111 -30.28938153643922 0.003356899501775952
53.85686771196934 -30.260459493420704 0.004495194209159414
53.76194722769667 -30.274121500170057 0.003312062851635862
53.72928292836864 -30.26891789161557 0.00808456923493021
53.7269808977699 -30.25737037024996 0.003943470802167646
53.89060494266158 -30.206909055632924 0.005526948904229231
53.880559812570475 -30.20424529770759 0.003302674320185437
53.87969421702968 -30.204186331255475 0.005146098677218211
53.863842434641306 -30.197866409445993 0.004211979847587339
53.93330311433868 -30.14327169769566 0.0026601871092130514
53.83582002295568 -30.195483633237 0.0028124908590919807
53.820326168881365 -30.17460161738043 0.0031660298459930698
53.904536969275874 -30.13643105626821 0.003493775697832002
53.71440185842283 -30.245292013542738 0.00312898621345212
53.70001265090087 -30.218799393143275 0.007220598214231271
53.71986511997832 -30.19412820304575 0.011223927160798548
53.71989278919402 -30.19471976167937 0.00417262186631677
53.71480834025683 -30.194690879287677 0.0027047374517158765
53.75350405227875 -30.164933423339267 0.016085227756638516
53.71090939522564 -30.16237860231457 0.0029129503653622176
53.86197650902366 -30.073825226725507 0.0028997652067993466
53.827324984568875 -30.06349133109073 0.007305687218115744
53.74662455353997 -30.064386437555985 0.003271086958977953
53.74754117990829 -30.05333504227213 0.002980509974839003
53.974414268743224 -30.11842898250852 0.005131896803318148
54.00731798427924 -30.087842811542405 0.0031479506445802777
54.00274979822937 -30.041376534168915 0.0032157557111722255
53.94912495472655 -30.034254179132915 0.003912727336840315
54.092332643540104 -30.03064817371177 0.00866375883265737
53.980399683402496 -29.988434116658073 0.002702328612555275
54.05084998201651 -29.969596113719497 0.009357300241421772
54.06518932263853 -29.94268358976305 0.0060533076889919026
53.88492489555906 -30.06519098786406 0.003162852832113658
53.890632536289154 -30.072316436068732 0.004539789485022063
53.90796124572212 -30.03407753981722 0.0026907198623246325
53.88237762512133 -30.001377242556448 0.011994016435413419
53.937641751567774 -29.980796664106172 0.002933451583619892
53.83992093996888 -30.017086233883337 0.0030087562443558546
53.8970171673475 -29.96750526018348 0.00420461934982956
53.85540562875955 -29.952297435651555 0.005514923082136592
53.88756797369688 -29.937801279121125 0.0040282621864796645
53.86173773818508 -29.933643663319856 0.0033709172353974123
53.9481689353577 -29.95548446630702 0.005053540081678536
53.9435004275066 -29.95690066803664 0.004550253890034021
53.88750675292188 -29.913870876365458 0.0030014373292876076
53.954682253395696 -29.897120337839368 0.004587408602090015
53.598905594649814 -30.14294781292954 0.002785501839627026
53.60431101119859 -30.12806746864788 0.002786826070180002
53.60171352077703 -30.105772565467905 0.00894524077185895
53.52992918871855 -30.08363528911366 0.0028300078462550485
53.56825054340184 -30.048431199425625 0.004570389671637945
53.70351117599672 -30.051993063026565 0.0028446283542387834
53.7518420896966 -30.02295135905128 0.0057977728956161816
53.75206337608456 -30.027474595529178 0.003616422891559143
53.72694611450946 -30.020314507996503 0.0038454885238063557
53.743063510861944 -30.020348456995418 0.00348382971903686
53.72995938314433 -29.997140168065744 0.003540186035275293
53.73405004357765 -29.977567847452654 0.0026848192598298297
53.658922101561416 -30.01898628668977 0.0030496828298056475
53.699361987053905 -29.961866446688404 0.022345531452597822
53.544780082618026 -29.984330861263626 0.00622458382155904
53.566031987148584 -29.991700481571172 0.005654466033754176
53.4979753250216 -30.00282256070961 0.007464669854419249
53.45291506174161 -30.011596912845445 0.002829284527901173
53.501169459987096 -29.951876232509814 0.0046840966720483055
53.63576826975143 -29.973413128125184 0.0032113173789705103
53.60076960643166 -29.94278590683665 0.005905294889471621
53.6206161333197 -29.864928865461565 0.005258525504186316
53.8245161981842 -29.94914315800889 0.00416886454868126
53.75799183758144 -29.935137881967087 0.007851078859510467
53.755834544345554 -29.940016368081057 0.00436307285177485
53.753505229865475 -29.93960061620191 0.004389294386575101
53.80542030037941 -29.868680152173425 0.00528201481055081
53.77891271089656 -29.857500078284133 0.006541749044108928
53.9287340597012 -29.841648851930323 0.004670148330776379
53.9432907681328 -29.83330374789402 0.002868257313443407
53.846065756539986 -29.837270508340303 0.0028756909430420028
53.87565412083962 -29.78928355818328 0.006019674932388505
53.88224830813717 -29.75162228925712 0.0034129873579922627
53.66029654424562 -29.871435362781053 0.0029072977662879364
53.68009996941076 -29.862764193826248 0.009320070974428609
53.64165676136312 -29.80876660956757 0.004693304366120416
53.7074662281642 -29.776626029402056 0.005988982231820016
53.79869033774606 -29.77506665099618 0.005547339741169817
53.84001382301136 -29.73865513566516 0.012191178064256672
53.71304913918355 -29.752713586289374 0.003365218165795131
53.73287980987044 -29.739273805709672 0.00545059934404779
53.79762788850832 -29.72497063356737 0.0032963284183342664
53.82416126268052 -29.703557504381692 0.005889787278007813
54.17682209909736 -29.95127093401866 0.003174595926263317
54.11234330507759 -29.95764418627902 0.0064455376506902
54.115433573545396 -29.95011252023122 0.0034548131550861732
54.181055556348575 -29.94573139466583 0.0029335211897937516
54.21352057955449 -29.86836038945856 0.005994174607880093
54.30948474349611 -29.823432449344587 0.004638864687338592
54.28785568020565 -29.83020123713798 0.05368115167563292
54.251671609178416 -29.83366742917795 0.004772167509828427
54.199174214398155 -29.8462360891789 0.0035485030644429147
54.233834268528085 -29.782542920428977 0.0027912163771147388
54.06503311192102 -29.788765582762643 0.003510774050175069
54.13769458431249 -29.78794922327008 0.0035569427046829518
54.2004966003535 -29.73699789655107 0.0059377233568872175
54.10161878402012 -29.757524262435403 0.0034146324217674178
54.11103012286405 -29.73210254638886 0.004505803879537723
54.07004623868696 -29.746520026615748 0.0027212875178139664
54.07961258490722 -29.72364595464522 0.010595926195511704
54.13605555152862 -29.674752731543855 0.003688794312614561
54.36681535662578 -29.76730750871456 0.0030739902424551423
54.30154902744817 -29.693625562620134 0.0047033652335761855
54.404263884559 -29.72528297024547 0.004552276205294104
54.39262573541349 -29.724433575203175 0.003294348572384418
54.421761163047925 -29.673461745062163 0.003428917172594393
54.4485056357869 -29.64249257760704 0.00839664707817357
54.39906021121721 -29.655755991787064 0.004850311930683484
54.33806031107721 -29.648095089253605 0.003934537732817227
54.36552376760197 -29.62237622164971 0.0042293632728106325
54.415358471248375 -29.6286226950703 0.002836384475168428
54.444161666135955 -29.615596762102555 0.004979342439495584
54.24509215431045 -29.722025290943296 0.002933735692567769
54.24765956187135 -29.694723008233403 0.003148135267359074
54.14887177146024 -29.65986689825107 0.009549526310614105
54.35951508592705 -29.61352484832309 0.0028272918391609283
54.32030024470004 -29.601378809761897 0.0028629215302436546
54.382687524229794 -29.58898379745709 0.0067606559403192695
54.315594216154736 -29.55371890693787 0.007212953204348458
54.33825325553962 -29.521610557755142 0.003583367658062519
53.95194477599669 -29.771981716232386 0.0026918660776633326
54.029968961763736 -29.742313969134152 0.005348934867166144
54.017515837190835 -29.72501359797272 0.0038687230374426186
53.995989525523335 -29.712996497324404 0.0029586671147714067
53.93774110501677 -29.72316588299596 0.004530277075299971
53.95772848610315 -29.680828667586702 0.005218148684593529
54.06131729211707 -29.694808980022263 0.0034319487958377917
54.02024459245833 -29.694241832633814 0.0034345395327018504
54.0266959091168 -29.65863002902842 0.0028867624639930473
54.03196783960645 -29.64495822943262 0.0033352938649949355
53.90143858158589 -29.701440091893 0.005600051869692428
53.88908285028448 -29.669311235629337 0.0031558066690633812
53.876291858501986 -29.67400987032618 0.003922748948080387
53.914372182586064 -29.662701953882852 0.002697904792569453
53.81155615265049 -29.656781546131487 0.013195465927386655
53.905424611359194 -29.606727761711372 0.014509907693023112
53.86253326017401 -29.62352616837399 0.00510480068176952
53.88555698731592 -29.579248918331043 0.0032872877368629503
54.001063585653775 -29.54868670308592 0.0041309775483640305
53.96144747271243 -29.56990597329585 0.008339428790065367
53.891118353789885 -29.56293824001548 0.003848131722399718
53.90490037969021 -29.54441101966034 0.0035788640781833398
53.96110904490588 -29.53350499397171 0.025980711246208356
54.130928008811786 -29.62086766884783 0.007662903202787538
54.17622935058869 -29.55635186064961 0.002652668312927346
54.11580044537182 -29.577660946047686 0.0037465640764518726
54.23949553989985 -29.554038465461197 0.004046197334191603
54.22986375642392 -29.48757385651536 0.02103044847438434
54.26624595160435 -29.50768374241187 0.005548268112738533
54.195557167382205 -29.465493944388975 0.003906284808119922
54.03924314648376 -29.55681310533293 0.004247431314734969
54.03616700677623 -29.54068800421862 0.0029241633165839036
54.115841684616335 -29.478193043054635 0.0029819594581513456
54.00064070084761 -29.516717748696266 0.0034053793613564097
54.0398075076058 -29.49047255653435 0.0032496033937229013
54.03264313895375 -29.455719385331797 0.005024972155968461
54.19114805669178 -29.381425194370458 0.002827614106488366
54.100217140041224 -29.4076345171513 0.0027976678340805544
54.11443750832086 -29.381252397731533 0.0026766206217546883
54.11754552176409 -29.352761969154503 0.006338267433267467
54.858932641364234 -29.94518229903713 0.005280873624687061
54.8480879387717 -29.91325856399464 0.004111914963195134
54.80620427516204 -29.907642540837298 0.01670120414558108
54.780760414866066 -29.92679809157485 0.005674983323063911
54.792666770782546 -29.888246020177405 0.0028547460099328315
54.834596588927326 -29.8501033481668 0.003629566556583018
55.0138206044829 -29.826317965801447 0.0042918211894241625
54.96225954381238 -29.812768294423556 0.004241900180907129
54.88771715555001 -29.84241171071238 0.002941102630717073
54.855318506814115 -29.81931467715055 0.0072695868528309055
54.93062892918491 -29.793895898614252 0.007384799433036267
54.75879064089408 -29.89855479374459 0.0027351399289579927
54.79099670456856 -29.865363442154 0.006351714143747401
54.76364397302852 -29.851738295661367 0.0073683792286834355
54.71971918749146 -29.86317966058561 0.0037347209651824053
54.720017045004994 -29.809439290887983 0.0027117016765159803
54.84170230239128 -29.79144839722165 0.0030194328427652194
54.99246469308118 -29.795641152455453 0.002834744423443515
54.99001443637574 -29.793884274109175 0.023191455271537518
55.07217941251488 -29.741498429060407 0.0028586934041053185
55.05404616183029 -29.73594192528539 0.003992764077912178
55.06341549010567 -29.7174989278806 0.0032202944949975146
54.98625034602034 -29.733485284701423 0.00301251754278655
55.04668926432337 -29.692395492816186 0.004631438639759063
54.98799576487368 -29.69656047099747 0.0051439159604241
55.11556409624448 -29.67024358199486 0.0037365826645995356
55.14363319255526 -29.62406300507429 0.0050650235575613045
55.06428349143351 -29.65052058935498 0.003253589700588235
55.051897162949835 -29.64304813766788 0.0032953286153371898
55.06929207742112 -29.620119692813244 0.004910017382458707
54.91094027880353 -29.681566131171124 0.003441438315272422
54.89750341798536 -29.677480149142735 0.0034304546279757975
54.894257725764874 -29.62480421399107 0.003005458839783919
54.91181665265598 -29.598813684317236 0.008393058102670376
55.02426412760199 -29.592224814256376 0.011619586668346386
55.002843700945064 -29.556379261257486 0.008865861439298873
54.6413978942656 -29.800901519879453 0.002667939055330624
54.607952529485424 -29.737898095206113 0.004921520116626277
54.611254011425785 -29.74266257984745 0.0038056071083628737
54.654071836097955 -29.721255034703177 0.003287436022005617
54.699485375427024 -29.690425310628612 0.006123866501214049
54.69989082863709 -29.688725437278546 0.003474825257523429
54.642151664791875 -29.705152518782615 0.003777252085175508
54.78003890261476 -29.674110614994294 0.00381722737443154
54.70313524655818 -29.67081675609573 0.005910087688788494
54.7588345917066 -29.647984034081936 0.0031501434401660392
54.76659238589673 -29.644053752871603 0.007020044572560439
54.726474015711354 -29.621644969462466 0.0027227381691207683
54.567109371823136 -29.71660161551306 0.002854604030278492
54.58748905200946 -29.700586604524897 0.004570690870174784
54.55886528210308 -29.706482718286622 0.006085564567383973
54.655764162852314 -29.607346183406904 0.004460775426165126
54.62251924628445 -29.598086680770276 0.0077600030082344874
54.62113808177088 -29.590436302007095 0.00554688471380652
54.599980312245286 -29.58208677348973 0.014010812450345479
54.83879957034208 -29.642827983839407 0.0031155650591830437
54.888651103261545 -29.60157738674225 0.011037622958185885
54.88871786553575 -29.600881864319884 0.008086990252016311
54.88503773404033 -29.60552237276594 0.0031943733915172304
54.89591881140613 -29.547585311411023 0.003004773805718184
54.78746672466535 -29.592929502014684 0.019174654601267997
54.86691532313501 -29.516885056506677 0.0037372769266550217
54.85596914925247 -29.50436777780785 0.0028953739628666845
54.94011598633883 -29.55220114879709 0.005597560414465043
54.91653045019304 -29.530963911671993 0.002774079382610901
54.92036562838354 -29.516620201498213 0.004066277183607245
54.94870526633782 -29.50936293475898 0.0050082134430079785
54.92521314835939 -29.502596743760712 0.0029094484359781735
54.938140075554784 -29.495046925434217 0.004646422199197139
54.9701492152212 -29.510206765696164 0.003384525181024096
54.96602340069756 -29.480026900671977 0.011767524728556541
54.9708230331756 -29.4757800449944 0.01284816660657523
54.894316101633194 -29.495929193951536 0.006508137271365401
54.93590053354678 -29.439186344458253 0.008600585836758238
54.9149880506852 -29.416406378682087 0.00658648572058546
54.72190681434177 -29.521557378073112 0.013919265527056617
54.73441570862812 -29.520910647036157 0.004111452996423867
54.74456054573784 -29.496506605360253 0.003181636898147283
54.75551411689364 -29.480144957527305 0.00812130263736518
54.82326810774966 -29.45659168344679 0.005700449263522724
54.80113807084322 -29.409757924231094 0.008569711559283561
55.19944577121102 -29.5797205071516 0.003323639522110482
55.18845144729011 -29.546278223354413 0.0028165208763274332
55.186989389708785 -29.52761403885985 0.0030586281034350672
55.31088049379835 -29.519990390646676 0.004905638082478898
55.23608304071157 -29.45521861822153 0.009833340541622165
55.28521101715528 -29.428446967486902 0.004402127019837187
55.14632898982291 -29.461562875848305 0.0033444534041223934
55.04054206694442 -29.470119339933937 0.004961354901534676
55.03533768903299 -29.47563422093137 0.010988972830370139
55.03256012066771 -29.474662938170784 0.004157140470270988
55.12776851053391 -29.453624033682832 0.0030769989256855925
55.10852735732258 -29.40942894062172 0.0030396059405513923
55.23028220997141 -29.3886835472496 0.002690547010317583
55.20088792412456 -29.34775552434581 0.0030858099823586962
55.35088837149408 -29.43790089559169 0.005402711467630059
55.295581258029266 -29.40327264368257 0.004554817122841805
55.304025165320255 -29.385845672373993 0.004983288544646996
55.45516943856245 -29.38141023460904 0.003104819516185609
55.50312503448198 -29.344267456904564 0.007844076393569353
55.50664179403364 -29.309433936038403 0.002856284772866105
55.442164785419806 -29.304549992811324 0.0060329206008988955
55.45595015428029 -29.29732906376894 0.0042938913351594915
55.24754915880795 -29.364035073507527 0.003709988253967587
55.27662925950579 -29.333642091255214 0.0038412564686705728
55.32478859968962 -29.348619296454387 0.003070086342185107
55.34402219545546 -29.331483011535035 0.004318880470033763
55.22918234824775 -29.33375678210722 0.004843501344370269
55.23141932570128 -29.340895406041415 0.006696990604043657
55.24756804686067 -29.289732458901735 0.0026437857330022514
55.261199023832845 -29.29109774823741 0.0034651614531796414
55.273118620248454 -29.276462053469857 0.008359885218769052
55.29087979687655 -29.258863302330393 0.002848752141201277
55.26683908789866 -29.247088679506877 0.006867054111882795
55.37952467629312 -29.27473884856148 0.0033391159848177037
55.34897680764893 -29.286498778814774 0.00660748087276258
55.025968158858454 -29.47554625689027 0.009249415722784957
55.01824318204907 -29.44834130404453 0.0033923769183362975
55.03832340421267 -29.445201879412984 0.00908263819737593
55.08133726785399 -29.403715155427047 0.0075739079853445745
55.00493574004006 -29.38651193822245 0.004987209872145356
54.97287192623972 -29.370075385242433 0.0036328055686684724
55.10258494362868 -29.382484158973035 0.0032801879934247023
55.10104577647796 -29.359691853911563 0.0028773528956801413
55.14186748608367 -29.326756616391492 0.008812978276593296
55.13726197777862 -29.3209525136938 0.008281258275628471
55.06074761046115 -29.342644364495833 0.0033385012226220807
55.07888213035212 -29.339662153222257 0.003076397994849633
55.06072439399256 -29.312445915405103 0.0029783402083131618
55.1057541390704 -29.292724463803992 0.004258130621357854
55.10799226521674 -29.24752284769538 0.005434296805301281
54.90020596714911 -29.366320190548816 0.008982608870432585
54.93773647977232 -29.332050883979285 0.0032603816457171487
54.98968868506583 -29.33030950732862 0.002842675422267053
54.90456609104894 -29.31702387380209 0.0027862221445223976
54.868588925491835 -29.306358408840953 0.003889480957924297
55.01370980090028 -29.268584286861625 0.006802507818586282
55.010793649603215 -29.250583086744314 0.007065798766836111
55.07097226679372 -29.23098710327359 0.005697173619184106
55.073481355552474 -29.209725697624116 0.0042706628251262535
54.967020602296586 -29.259422225343393 0.004609258652509755
55.20842824968486 -29.299032718133702 0.0026746940686234763
55.147152555133 -29.24856831195299 0.008730765318540747
55.204801394860176 -29.209745547147527 0.003278176741115074
55.177875695179466 -29.16748473458766 0.003153615159590702
55.35300713128881 -29.13225159810296 0.004770138617979046
55.27593401098809 -29.13480510015908 0.0055965279187488405
55.2921052661661 -29.13223198694419 0.0034539506622019065
55.31058708988106 -29.09830724545762 0.024028987285477973
55.28035609261975 -29.08930705028599 0.0027089663452013303
55.10581173825793 -29.21235476699716 0.004759151111254185
55.139347808534666 -29.15428823676021 0.0054106256821609714
55.173888399827675 -29.13504251915124 0.0027086424446731783
55.1867916133523 -29.13332871375988 0.009034465205256529
55.233668081697274 -29.034061973960043 0.010342789351218655
54.50477486026497 -29.60835624407632 0.0034127378142934793
54.46465580239771 -29.614839949034252 0.010451876985668603
54.472489824813486 -29.594194051431185 0.002915266517053522
54.5268301023029 -29.59799548211291 0.0036450889825363117
54.558903438351486 -29.583700194745138 0.005133705775317438
54.51397649234089 -29.5282187282803 0.013812015422669766
54.50505152159943 -29.498486426095837 0.00463975255525069
54.49832852609389 -29.492785861013875 0.004148293295740271
54.64180627557589 -29.482539054899892 0.0030638169508772953
54.62414925956752 -29.463528685030177 0.013424615928914604
54.60084502927613 -29.46270899104719 0.0030343161919741055
54.413501762750926 -29.477885176282623 0.003224905623783804
54.4408960647353 -29.457129856088898 0.014077055070801502
54.49108105932654 -29.41766898143216 0.004798879330868562
54.53837418108263 -29.428583297792997 0.005354750494518271
54.536287305771666 -29.43471391440436 0.003037138971982105
54.55451291121412 -29.419531096733913 0.002706584027819316
54.50610545038079 -29.39977156690097 0.004215041497135699
54.49352084343313 -29.345626667122087 0.008444717575081414
54.67786457595938 -29.44046900090554 0.004814088995857901
54.66117807751977 -29.41950529229968 0.002929889285829862
54.72195434393788 -29.416539998495647 0.005728944165448169
54.722438851320106 -29.41796653367851 0.0036997569494785815
54.691688200455275 -29.417722735755664 0.002748363072290952
54.68249128947495 -29.340156617564144 0.004141820226217874
54.67487009249478 -29.32202193229271 0.0031523875207946765
54.78884445970079 -29.28608836676993 0.005058176326145167
54.74556563639011 -29.311730697153138 0.02355927836506608
54.601441999541 -29.323684855800323 0.014621170940789152
54.50033401191226 -29.313192568262693 0.006442024981214912
54.65371419090864 -29.294879223112275 0.004972127762333712
54.68488628357552 -29.284674465591575 0.0029869384923581696
54.73185413981663 -29.22209450538474 0.005824695273553586
54.718664351063 -29.205183290342447 0.0036746093403371653
54.64600490285326 -29.217957395899028 0.0033842553926741368
54.69305439175321 -29.202786829710274 0.01710176264658392
54.30465512434642 -29.461324967216743 0.003533555968976162
54.36463019845576 -29.432495388394855 0.00607573235945937
54.299530114181664 -29.414460733837053 0.003631645006518256
54.31218792560015 -29.342899134227025 0.0029765425116004113
54.46420419765589 -29.287486337586067 0.0038711832467511384
54.35298429000579 -29.314152481992583 0.014184919797762674
54.33508689436703 -29.304385451240982 0.0033403689232139417
54.3935033937326 -29.301270715063023 0.010416950719737384
54.23332423991653 -29.38117861903895 0.019007974234735926
54.22932941842598 -29.371353817791956 0.0027333054015906302
54.23487123872945 -29.319756674446023 0.0032641888323620776
54.29678391985112 -29.31785535469817 0.006555297099925192
54.28434984960712 -29.30135521546842 0.0033624925022727823
54.17130032920499 -29.288274994211974 0.0028179230182765335
54.33767402130543 -29.275772079319427 0.007482110617195998
54.33142189788369 -29.270817929872024 0.005161256224167645
54.32447843059138 -29.24513355421687 0.0028911263679316946
54.380878762949074 -29.223688111411363 0.005226954499789742
54.26106093403109 -29.247323714412023 0.004765377112377736
54.47857664555884 -29.235319854750355 0.00422923370446765
54.48985866285058 -29.190290792830805 0.0028171953936712082
54.54071499535509 -29.18254398773822 0.0026577636946531285
54.55710715601591 -29.17051117150149 0.017783444939564352
54.54988552897474 -29.173529059248462 0.003557610593291242
54.6347733704181 -29.140020359897484 0.003249502718401921
54.54897496227466 -29.1665587487238 0.0038452238257095828
54.42814534159197 -29.179133781089348 0.004586940267071431
54.4356274176245 -29.13985201813043 0.005453817606448743
54.39398341754565 -29.146671546052616 0.003241003496894623
54.41737769432737 -29.070490023742412 0.0030775726558160406
54.48802650582029 -29.092181609068508 0.00394494274650995
54.55005151182563 -29.07011071945242 0.0054151348317175736
54.442215937344976 -29.09286060313177 0.0050272733462253345
54.41124488298874 -29.056701697602215 0.002977915392837443
54.41133444360468 -29.05722046615992 0.008889922186697504
54.44536100513509 -29.036585226756333 0.003180607946164294
54.50137127723645 -29.00642722126613 0.0037725818378911403
54.88323630302221 -29.215500668763728 0.003531857149125001
54.82857523484834 -29.23021510270936 0.003786243359167132
54.887362964963515 -29.185179784797217 0.0029302589737223365
54.8353009721644 -29.189072234504085 0.008992997332979754
54.93625941909795 -29.211777490355665 0.010354866750053541
54.9585408055524 -29.177566004532327 0.0065115186624953685
54.949823408334225 -29.172207678763783 0.006136486591702019
54.94390600806106 -29.141448066819393 0.004982963598933466
54.975839591154354 -29.131503050714777 0.002829273387840177
54.8610564199229 -29.13873682264474 0.003202073081039295
54.88894568931583 -29.128114198423752 0.0036160273332894576
54.88575881803085 -29.102400398696076 0.04328402110412535
54.908583710457215 -29.10996934387728 0.010695025998072538
54.91659873686405 -29.078379178089794 0.009671567776530653
54.79121278592549 -29.168220201462617 0.0027151445120194824
54.83822392574192 -29.14465651281621 0.004285386721730734
54.80409952879908 -29.142574192115436 0.006363705155459073
54.73757429128185 -29.07797637542455 0.011827484827930078
54.85764780815295 -29.12089899586067 0.008621981260848713
54.97444388351984 -29.053848407146265 0.012238138662940129
55.08083659016378 -29.01739332203157 0.0031801543900738514
55.139022827280954 -29.00084225871266 0.012085864047647825
55.11390443236673 -28.974845606813577 0.007841195908252373
55.1256308409244 -28.954724955684252 0.010678369010449006
55.13576138233764 -28.92477144801727 0.0029559241084266942
54.927401731766906 -29.0498536898975 0.004220531924052655
54.92974040416911 -29.03148178172278 0.01658908298327944
54.932494327414595 -29.02520859621454 0.005432421127923555
54.91986042882318 -29.00928203070116 0.003749045399703502
54.91807952965333 -29.004714113007665 0.004686948803042977
54.90350458502278 -28.968589343541304 0.006126610411559262
54.954697418064946 -28.926651097405337 0.004856498843109038
54.934095622727206 -28.92121243283465 0.014191906446576712
54.99415940197756 -28.923637107131345 0.0033370993748185604
55.06764874214871 -28.89947761932697 0.004983021082490518
55.03269146054441 -28.892586774220153 0.004193056984712954
54.99422357474002 -28.865879525902116 0.0073436018845533
55.01828260583195 -28.880700895272717 0.006041648638745883
55.01932944981009 -28.84399664609237 0.005374468720358082
54.99477901410724 -28.849867550185547 0.005356989185264746
55.027294058734725 -28.831778732343817 0.007917269340527147
55.0194262846569 -28.843258935577182 0.003357387194303213
55.02496118933617 -28.82043812736818 0.012322825103082437
54.64300101876996 -28.99857511788858 0.005427021781257938
54.667307183274595 -28.98357945904582 0.0035552278523040344
54.74659957650659 -29.003211449240567 0.004987193335968615
54.81397227552625 -28.961633899411133 0.0038598437075706643
54.78982292794608 -28.971617222549188 0.002987097886846039
54.73775599252995 -28.947100246891413 0.0034310626217401055
54.595692469112294 -29.022210195017568 0.00547789223960303
54.58387586350598 -28.97675018414397 0.011381334423304303
54.62453985920153 -28.99863796948655 0.0026694897006619162
54.567900009102374 -28.962625522552017 0.003398104024772459
54.5515938317033 -28.96424159962357 0.0029486638442661494
54.58139014949713 -28.93429652709368 0.01176566827579407
54.5828862030012 -28.92780546149355 0.002820396711407189
54.54658167629087 -28.9256040034512 0.00597188367509687
54.64621082675797 -28.853201144462492 0.0036796479503587065
54.64367067668216 -28.837724162072252 0.0034193449040128276
54.84983873168452 -28.939615742372627 0.005575337337243274
54.837692875112275 -28.943096790304093 0.004774367109430944
54.846141663286616 -28.889391178228877 0.006194672408452868
54.8830663531515 -28.917385119454337 0.0066293834478049615
54.88159870537457 -28.864485347841516 0.0031974315401266076
54.83391050218555 -28.88080651447819 0.0032862072512591647
54.7956618579494 -28.887233535027068 0.004113535026190837
54.7812050131656 -28.882410832230377 0.005540313111327415
54.803730724407714 -28.855896825643892 0.0029970845481040592
54.9301231289069 -28.848893897148113 0.002802354058672784
54.96109551534968 -28.825948155117953 0.005575350239135288
54.97444364057674 -28.76014509201993 0.0037643558364382993
54.925626712218616 -28.782367647791652 0.0028355045898397165
54.923672015320435 -28.76864186983808 0.003934650526552707
54.840172442294566 -28.802906601735273 0.007072875192479561
54.80683944673867 -28.789520057926108 0.002953864569294988
54.6771156859369 -28.80643740881337 0.002832196518675536
54.76876951556101 -28.751229094041467 0.00390862202212028
54.876319760404634 -28.74585357268606 0.004738271093197956
54.86074840019795 -28.727980772621944 0.00468666632837865
54.801487315842365 -28.68153090637993 0.0029000852175787672
54.80309450154765 -28.684866472427508 0.00479364208608822
54.829796736487765 -28.68462319564541 0.0030837076602739364
52.077581738745955 -31.092719447712863 0.0030574455724070196
52.03214771666057 -31.098996527865776 0.004667603046351386
52.19632474517184 -31.083923361841705 0.02621048632114275
52.167206172282405 -31.08446850793734 0.003911286730744882
52.30170466224069 -31.098846474052547 0.004820475774262362
52.18950546019372 -31.05317871279517 0.0031936349295526092
52.141639780915376 -31.046664701494024 0.003381362715529437
52.16757900160058 -31.01015506698684 0.005158988854423466
52.13880552193937 -31.010386326146016 0.013107247182037438
52.12068489189365 -30.97346036543995 0.003988511830934153
52.19181503608954 -31.00274686288923 0.009012990630970453
52.25146957685698 -30.92805307781633 0.0027568759172384907
52.14620400577303 -30.952393913733967 0.004469950611285567
51.83045715998776 -31.07774308842597 0.005712322845104408
51.952273942427574 -31.090248054203503 0.0047284535229800305
51.98200738345736 -31.075142716257883 0.0063241637227914975
51.92930054469463 -31.042431019859848 0.01186166568814392
51.90897420940664 -31.03490423226009 0.0031879362977607346
51.86430431183895 -31.046534451314287 0.0035021117871487065
51.950312449433206 -31.03229364774208 0.0028248158059950004
51.972253514970355 -30.981276634808616 0.010245120943712242
51.75104638931249 -31.073861489232435 0.002655643412851855
51.773204991009415 -31.053157660770697 0.00287386338769896
51.82699123206148 -31.05160175115152 0.004287442509497736
51.74073047271305 -31.054984255722204 0.007000645714278477
51.75258209135044 -30.9808877321055 0.0030785297838500213
51.76263960578169 -30.965976552302585 0.002786855427671193
51.91677097632788 -30.954181530714393 0.002688399646458953
51.91675701502685 -30.930424282842655 0.004018109933124386
51.82471678790514 -30.966850120464947 0.003100163684559932
51.789436945729726 -30.936281954350044 0.004492449921512017
51.86775978612648 -30.93029903470032 0.0073089919677839866
51.85500862682908 -30.87314644234648 0.01206577686674278
51.853515429359376 -30.882081358093313 0.0037256165539181394
52.05549995374772 -30.980107511327233 0.0047484908404862745
52.05537078131141 -30.98031806446197 0.003320422358798229
52.0493028107498 -30.989214260216 0.011383621300397795
52.02966236378597 -30.964664826233367 0.004493539147709841
52.07774762678269 -30.983965573691684 0.005373900544391204
52.07158914115608 -30.977530768527764 0.021078466898300615
52.04533396352836 -30.901617229014004 0.0035004879309074918
52.06283253936438 -30.84520772033866 0.00403195920786967
52.11516527598986 -30.840857720000525 0.01018392388243544
52.099124186059335 -30.83673280602919 0.003361922204895247
52.01512873971776 -30.86388420570659 0.006814447415790694
51.97637990948886 -30.868467267684945 0.0029484831798911666
51.8955799109769 -30.85369620746963 0.007095811167640114
52.02728095370347 -30.839499458849808 0.0030780836611548268
52.049130895374226 -30.83629645098148 0.004301082318618836
52.01457107109654 -30.811542342790577 0.00705136295357307
52.0129543714084 -30.77648403001544 0.004645100017836188
51.962395977812655 -30.760562732626305 0.003999502150271087
52.410268851860515 -30.99471431020742 0.00314915055990406
52.39881961744218 -30.971801225922267 0.006501931947164805
52.383245449120565 -30.932087437817263 0.011430031035428138
52.358731726603395 -30.897429204346185 0.019587620428705706
52.38154990829544 -30.867007718275865 0.0048066055614330435
52.45697257393154 -30.931252504674756 0.0037664395331929363
52.466028833279815 -30.871182243513942 0.003492477883813322
52.50769759812465 -30.89679429766939 0.0046940479822655595
52.55347062326255 -30.862668729095464 0.0028630129973758367
52.40024707383313 -30.860335997452243 0.012102763020400305
52.46107054088814 -30.844643426291633 0.003090764921652584
52.37961283328136 -30.86776164398873 0.0037819343838845824
52.336135292615104 -30.82865382387252 0.002751243373959451
52.403737984437534 -30.81573592183436 0.004633260350586745
52.404176770497685 -30.73078295564085 0.00837596269903371
52.40702121579261 -30.729189556410088 0.007024367576962034
52.59056296001024 -30.7712113921045 0.00501685350559416
52.612600176521525 -30.76357378241828 0.0036062428514913375
52.51065998853718 -30.74495235010521 0.007947497218972331
52.557893154199135 -30.72577067129153 0.0034085383887635526
52.560536964171135 -30.70119964955408 0.005949226853979526
52.701843137535114 -30.688734977567947 0.01992169123058129
52.61217754898063 -30.701013505632982 0.002930319698887229
52.58407773810352 -30.673527149247608 0.005081289448823637
52.5021792418276 -30.729382829188083 0.0041760428821421775
52.46303619089637 -30.705817136859967 0.0063512664040621
52.53744420875677 -30.678900445241087 0.0030137760661604986
52.414229513285306 -30.685092266503737 0.0036360641740308414
52.47298782153828 -30.65743583920626 0.002649790901979856
52.55974719631618 -30.62128881861924 0.004441072874035774
52.60849917277819 -30.581042519974417 0.0036334829332250237
52.560429345998 -30.57843399381326 0.005509387123036977
52.55264062943585 -30.564601600054388 0.0030175516650826854
52.237622319281904 -30.80068655090061 0.013190220771480134
52.1451745086343 -30.797271462251707 0.004306667863355796
52.15167391587568 -30.807337997442275 0.003595261255803681
52.15105208954486 -30.75133799432777 0.003527496037829208
52.15250376647346 -30.76391995947805 0.002757313674288522
52.35170078871701 -30.70965384399035 0.013813994368290627
52.33910535134296 -30.69624888633329 0.002754908821005793
52.354133558930336 -30.702901590839392 0.0032185087163168397
52.35428349403094 -30.70315347363937 0.003039762161159359
52.34147861951953 -30.652847792853596 0.006089446505179328
52.26198904944049 -30.71855231803405 0.0027716717772510845
52.24957653031519 -30.70055992223639 0.007585812249487383
52.24672934607302 -30.70418743112886 0.0032918830263958063
52.27046425103001 -30.663103189985467 0.00291618273623913
52.13107522356356 -30.7559203607577 0.0026506183767951172
52.191301582277006 -30.70010995146772 0.0030133015474653147
52.15553293469103 -30.664772310620588 0.01773957882764812
52.08810924552221 -30.640991943793253 0.003477953567256086
52.11556509181001 -30.614952205688056 0.003422819043602705
52.21079885733643 -30.66978588674721 0.0037605698483207323
52.20106735711751 -30.543344171294017 0.003957500738857877
52.386189272072016 -30.62049865553808 0.008745913840405784
52.461598541234615 -30.61249357215898 0.0027465495573403614
52.36233387322294 -30.621097087626996 0.005324299222894393
52.464516235145496 -30.566251836119125 0.008962816079395353
52.50514196366732 -30.53954865150516 0.0040607171493905895
52.52325746932988 -30.52354962056365 0.0030511437174546795
52.503872188109774 -30.525788286362744 0.003526333188840903
52.501805398453826 -30.4973392087785 0.0035550696981547438
52.45513674230962 -30.5286789820232 0.0054490447509596696
52.45214497344785 -30.49873740895892 0.0039917962387341
52.3195636131134 -30.518509179653172 0.006728441094087051
52.2478419141197 -30.52195029932361 0.00961736590425336
52.24923500465002 -30.50820261308644 0.004749039967883171
52.29906148507588 -30.47948918515425 0.004714346554515799
52.297093943582816 -30.487548497620526 0.0056339468374289915
52.309684882914105 -30.453566709940574 0.003910488018882406
52.405808762547466 -30.4862336877886 0.008889758225093077
52.389684509487985 -30.459402803091525 0.008129639722956777
52.41990895444576 -30.447682241162724 0.008316052542269881
52.44282678694721 -30.40642649279648 0.004785670236441581
52.31883354183296 -30.415330571370408 0.005800491097970817
52.40718159425256 -30.38684418037632 0.003952996862258625
52.4007552436688 -30.37324528389963 0.014292414886891753
52.3694440270803 -30.395619546629636 0.0042578431080000706
51.69148974123263 -30.966481122540277 0.0033904488721460454
51.67481380335515 -30.971830581494775 0.004908314695218069
51.74189738065638 -30.95596232962075 0.003247546734655645
51.78925015723839 -30.89687093799801 0.0026641120667111867
51.75629293537953 -30.914615424178045 0.00850985626272021
51.83861578465006 -30.87231244680205 0.006339505524162593
51.77739212058714 -30.859163670391577 0.0029932478182062667
51.7355407572752 -30.84272235064266 0.003013340263892425
51.77586758822783 -30.84428948226321 0.003788948040242767
51.77050371006977 -30.81803032453653 0.008230707053849682
51.57263213776687 -30.890226523020207 0.002809661235524829
51.60888554649373 -30.876155074772807 0.005911160474562602
51.53158639171964 -30.86657695853297 0.004239788178561538
51.679794725489785 -30.799922773929744 0.0037692878503647323
51.737983492029905 -30.767900874379 0.0045997825846920285
51.61205519177756 -30.793177668544285 0.004221478673646694
51.606921141454166 -30.785040121382135 0.0037551593380714056
51.68390103095774 -30.703520298955254 0.0038295578956338175
51.68507213214258 -30.70541133564444 0.002656129771000227
51.855088333477894 -30.845941121493407 0.0033856346018482416
51.8645843288475 -30.83812255222351 0.006674358874981838
51.83189360624959 -30.803440930673514 0.0037272269239555706
51.90071401039886 -30.775701128920236 0.0027913634953243573
51.88901663702671 -30.75197840016004 0.003393576115993148
51.833009927052665 -30.723953599963696 0.007285323894570804
51.962260836887694 -30.73426240822825 0.0038804912600096716
51.924556147245326 -30.737519231907665 0.002888989241948204
52.01822712041459 -30.68183727978404 0.0032362895404716764
51.97848103072776 -30.67885594691876 0.0032233284738053597
51.900435059692946 -30.724446929434357 0.004221065774907668
51.93942539030246 -30.625275917503863 0.002684765291295708
51.76587141835122 -30.760952100014567 0.0027662395392264562
51.755821035408424 -30.708250344657852 0.0032713035475449128
51.825894429201 -30.700984460916963 0.0143253738507968
51.70674363197384 -30.70207526063928 0.011993115870915434
51.70419469651487 -30.675384613051417 0.0050216000459465705
51.784675017248425 -30.6228016519803 0.005669548301689542
51.840562344166784 -30.62206631086751 0.002900886751647778
51.90822469448289 -30.638057097351485 0.0048478698805557476
51.81036517608964 -30.627656461527316 0.0029907160031996524
51.85251256925949 -30.529462963988845 0.008838985564300468
51.565334156595725 -30.761020731372724 0.029536946380928814
51.53842508522461 -30.754936997433543 0.006302723348179626
51.459754292571674 -30.75683722597013 0.0038664375917680472
51.58453791425334 -30.764551861520037 0.0030997378731091175
51.67194781985658 -30.693867519235447 0.009992962890098739
51.53887706503858 -30.65948951415291 0.003123076839271253
51.395544876364696 -30.7316066937767 0.004272331562797108
51.42927419946651 -30.714417441526415 0.0029896630892192024
51.49179371948993 -30.68196876499094 0.004673561420536402
51.39060192563449 -30.70061019257533 0.002665355757923162
51.510152170586615 -30.684432387029176 0.0028872274269834603
51.51456435588633 -30.648556938873263 0.0040409202979449915
51.54498571092169 -30.625000471982844 0.004507793049756708
51.54741546446154 -30.616840313542717 0.04672760742817193
51.556471773439995 -30.57301811470326 0.002810007406594052
51.45902561885951 -30.628265991103312 0.003753372516490988
51.48457997516222 -30.6149430930906 0.0033876904872509593
51.43945819562506 -30.610892715729044 0.0027261859775043686
51.69797446237484 -30.66860961278331 0.002783847075706551
51.70397048149591 -30.65496238162029 0.011165555499778995
51.70190198947815 -30.656393354848344 0.002746954839672731
51.64504720191599 -30.650265861053796 0.005419519142513229
51.63416585811031 -30.64128748953351 0.010896879279525892
51.62383168266243 -30.62631061229076 0.004623045093705984
51.67425860885061 -30.58385523869373 0.0033700500795732324
51.70038253605547 -30.569465382197823 0.004751172456853816
51.825828323169 -30.54424685630529 0.013710806434091689
51.7423823726527 -30.505747319566456 0.0036298487546860044
51.773397106845195 -30.478632174052496 0.0038378607636036215
51.755153765985256 -30.471542902886153 0.0035922155177987728
51.75503623106432 -30.46397722426286 0.0391308221018797
51.60581093898331 -30.572650286594264 0.003338039331741598
51.619730667144246 -30.56616615141771 0.0035358333243561703
51.59891602906435 -30.562692253373545 0.004546328779136861
51.64512520531196 -30.527488432814295 0.004078165436990026
51.66228290255745 -30.534497274504776 0.00308906526893016
51.54052603843462 -30.524889427647043 0.0028218193980708694
51.59300114510656 -30.4753778760399 0.013176897862303355
51.74235427544789 -30.40777636129117 0.0030399694178244612
51.66138990120017 -30.448807121428477 0.003522723808620486
51.61366126618802 -30.416305492151977 0.0029391550330217023
51.63269363037487 -30.409275896281255 0.0027069798599749467
51.65520403708308 -30.3950719872314 0.003099940011157072
52.09528521414666 -30.610284169354145 0.0036316570480654036
51.97468503822026 -30.619076258069548 0.0031068257042051414
51.97888208023704 -30.596170150262303 0.005200019528500539
52.019543952971375 -30.570271282196245 0.0058916228737721735
52.148550133628085 -30.56808208928404 0.022523762464029762
52.11259006759443 -30.551469025185984 0.006028882081563281
52.06787209489954 -30.54359622570368 0.009804245660088088
52.09987914871115 -30.53305020135089 0.01110102842291964
52.08931373526517 -30.532004148529325 0.004143932662116857
52.105750198611005 -30.51570914757211 0.0054541787202175415
52.133825841775845 -30.477382930403543 0.012898057081555926
52.097765734572995 -30.485001475245323 0.00757448429778189
52.08900123473665 -30.47125621464781 0.004291939926702783
51.9424815888154 -30.601041929515276 0.0028045314181483197
51.8783616477026 -30.503217936362216 0.0036422757690886343
52.02116450181742 -30.45374364189483 0.004051214277959166
52.03029525376984 -30.435666709082636 0.003815306650911487
52.09636416522397 -30.443113315310953 0.0030793948889625286
52.04991146779347 -30.425750356522865 0.0032335244532962523
51.98212637664587 -30.45476679530757 0.0046369795931478115
52.14277303810483 -30.450937430413223 0.0036403075350213707
52.16726851737444 -30.398138764313984 0.004783804297428511
52.18584216006738 -30.386286541731096 0.00338441249384656
52.24202890038995 -30.31344368103321 0.004122005383189056
52.073359771517886 -30.378881356428455 0.0054308664674206095
52.226294546397135 -30.317689980433336 0.0036484595413288625
52.18179879424597 -30.29512160032848 0.005708517668944009
52.22333634605527 -30.2468247698789 0.0030644205045641092
52.2218460135027 -30.21751275274506 0.0027043971501782703
52.19430673807791 -30.192508894724547 0.0051372564325647884
51.862248682209206 -30.481064227169067 0.002850387203410442
51.94278591102059 -30.394191882097772 0.006877013622352348
51.94942448687544 -30.39271786681414 0.006561916422984589
51.94189681368505 -30.32105093982089 0.0029433645141058204
51.75506298360762 -30.387327163197604 0.0060409740425781434
51.76543611085848 -30.38956964008495 0.006641566257666728
51.76995747205433 -30.36975017286717 0.003350714303825472
51.75636692154672 -30.35092906658919 0.0030769543964568767
51.78774532030021 -30.31889660648978 0.0031043440652114406
51.9119970805606 -30.252883364237444 0.008069130785359932
51.880683637319095 -30.21990298941635 0.0034302184980782645
51.891487814457726 -30.207982954484972 0.004106157225967496
52.044927976850346 -30.326879919471793 0.004075247405661439
52.06675462941232 -30.305511721759583 0.002916151009175932
52.046070589365335 -30.249770668520696 0.004880048403237247
52.04836291060007 -30.23255206548138 0.002934454700275045
52.013889516828094 -30.220481831004697 0.008875810463526312
52.02596088973561 -30.21656969781569 0.021564026785782293
52.02956272926742 -30.198389062828813 0.002699718264021262
52.14664500875597 -30.21314657458791 0.008488056849269666
52.165794012755555 -30.155875220567086 0.00589810818986541
52.0460546917935 -30.18187459703174 0.005451003358611022
52.08154372877485 -30.15398451557402 0.005441025854980238
51.91975618462627 -30.219068260221924 0.006614758295563365
51.891806595070406 -30.175791485916232 0.013553384671163515
51.958401208611726 -30.153573243015753 0.0030736105953236914
51.93841823526528 -30.108594300974968 0.0037089215265801584
52.73643825881007 -30.662717787019115 0.012770713724492897
52.77295903901846 -30.65239275093283 0.0028785178679611575
52.75363583767773 -30.61292173799123 0.00648950295636543
52.7875202535153 -30.58646185469027 0.004836539284074675
52.69739206162068 -30.613393764480847 0.005350515599858364
52.68036526031575 -30.579961509467285 0.0042846980771679135
52.75500587154629 -30.555081800796028 0.0032620015991901056
52.73134975765646 -30.53097241420283 0.002914198897915861
52.81974840772276 -30.599635109566155 0.0033510663716788333
52.87517895514267 -30.527023283351973 0.007828581543773156
52.83682481782032 -30.516339047757914 0.022953976813766635
52.74033866021557 -30.51966336841699 0.00583472275303197
52.810543864955875 -30.445687114069393 0.004325016111337959
52.6626106211469 -30.56018433206325 0.004864915481201417
52.65953109202694 -30.520810367073008 0.0031448736711054965
52.72005565830688 -30.479715020260254 0.009942876145582313
52.7002478821726 -30.438445688533346 0.02243118546044194
52.67001269828524 -30.448407081938864 0.004581560065068396
52.6822086081472 -30.42828300373395 0.0033768693606613287
52.67400743768037 -30.412365119370516 0.0029325454356297687
52.89740660101393 -30.503530838226123 0.005716113578917976
52.89623369809158 -30.504070985433906 0.0036265754277538605
52.97735424442895 -30.44809720364935 0.013735206704697522
52.92039120314351 -30.408618094486123 0.003953172718967204
52.896160806051775 -30.40821968663458 0.0042950059975449635
52.87588371128533 -30.38389679331617 0.0038326559444866936
52.99435104849703 -30.354275134098813 0.003304716924544335
52.856835407807225 -30.344472051877094 0.0034257403230538437
52.851562251718754 -30.342801962241374 0.0032811864892709165
52.77246688128727 -30.381755908074805 0.004834994168509024
52.829908513727986 -30.31820858657138 0.0032651609179997197
52.84562302306439 -30.28953498720485 0.0029522683428574617
52.897878914008466 -30.28250534499021 0.007881183594037838
52.929141684593375 -30.245813559588537 0.003128789313638485
52.9691415305093 -30.236506880552408 0.008172228751658043
52.9602625561012 -30.224269942254033 0.007910494439875937
52.869526543360685 -30.2789233959612 0.0033823340651156896
52.85982734113222 -30.263869976346385 0.0027305986401927984
52.838257025264845 -30.259203400712583 0.004131551870895941
52.86855463074465 -30.25019924757912 0.0069256352441890885
52.878410705551026 -30.23725672752792 0.004365752582890654
52.8982047037125 -30.24090054137706 0.006103730426803051
52.60717493838521 -30.44611206407273 0.0043200571249861625
52.62298256239858 -30.425808648571344 0.003243745066153422
52.62003961255933 -30.41436091465133 0.003176546700863053
52.50629169147374 -30.401495378735618 0.002757577961970901
52.56191348480116 -30.42657403623504 0.008845935117532828
52.53074198853508 -30.391071825363383 0.004151279832612442
52.619309692405906 -30.400556903582338 0.003444988207489492
52.61932939974553 -30.40033690826896 0.004620242541472411
52.61711144940172 -30.398193329403355 0.003685087884037568
52.576239617314435 -30.329747994379904 0.004557155150724566
52.648068329749506 -30.33496563986537 0.03987734596178458
52.50669677359174 -30.38868705245384 0.01443297816560204
52.42505878928187 -30.32067320977169 0.00862367110210744
52.492811079225845 -30.316576424894755 0.022067072970324515
52.46110184163012 -30.30241638426963 0.0036489042694671887
52.47664189849601 -30.273019320746357 0.0031199809665799585
52.537355654724344 -30.260717459085836 0.006118946620961905
52.51631867626155 -30.25125731605159 0.004767363143427647
52.57828682367905 -30.22614995179155 0.006872063749359569
52.78626514871997 -30.26291567139723 0.0038720682137506845
52.795597175250975 -30.249996916985797 0.006963689680381561
52.7004027986369 -30.279768022512247 0.004459914567618546
52.734942171400384 -30.2306458618486 0.0037486181154999633
52.715204212802455 -30.22716317882976 0.002848918232436407
52.724346899256055 -30.20720456218273 0.007974461664622715
52.71515028058299 -30.21667599094333 0.005429793266561776
52.73304839833818 -30.201908347109235 0.0028958785203142445
52.73510322606205 -30.183153151372508 0.006513155464660844
52.84825757111896 -30.17027994166006 0.0031171479415227437
52.857862376986745 -30.150803377896533 0.010218664594615148
52.76198085608222 -30.1495930997522 0.008127508542094788
52.65595914424064 -30.206682961348186 0.002663249564130553
52.68131327190493 -30.118361053498283 0.004037725862615875
52.72165916373295 -30.085763556547448 0.003174592746511803
52.76368719118807 -30.044669689263017 0.008613667029151053
53.08019866709424 -30.316604235289898 0.003560894358663221
53.11535930730741 -30.239944789740637 0.006385838848885116
53.01623687178497 -30.247852279137497 0.003090674397927997
53.052582766617554 -30.220214776598834 0.003678377899666632
53.16857465994757 -30.209607998954247 0.01060789029334429
53.16361432927462 -30.199568948909747 0.003298882063608171
53.1134049556526 -30.176251886103607 0.003434893645962687
53.17743677126413 -30.14367261998719 0.0038109659160956034
53.1592682043915 -30.10710529269135 0.004882995731198594
53.021494393143946 -30.214871462738575 0.002719117403903016
52.997373009152504 -30.199898287150663 0.005224777008035754
52.99015817021693 -30.199629129857527 0.0036511080421950466
53.043409839414394 -30.148461673047937 0.002917552768054584
52.958601754295294 -30.145311818891013 0.013916643258843934
53.0211091156998 -30.13299712395649 0.0030728271374647286
53.024910182818026 -30.097551877682235 0.004469448574177135
53.04255707727834 -30.048380373674473 0.005417821653522835
53.03376911893559 -30.055891494996672 0.003065429126752402
53.084469677726666 -30.048112846173613 0.0026994799404094624
53.08029772510998 -30.015381287948824 0.0027486609633900648
53.33238849803045 -30.098552279613845 0.00413646491091513
53.32205302497231 -30.07336516139866 0.0038291808174363653
53.18499839406039 -30.092640713255715 0.004535903167028928
53.254694927346954 -30.022546010614136 0.00288750227197404
53.35550528069784 -30.071883378766714 0.003068630586998178
53.33344233302231 -30.00933383197565 0.0061314494145863485
53.340345495506554 -29.962704272710987 0.0032765120886291254
53.20826642472653 -30.03417924443301 0.002831228358049889
53.14945558561777 -30.0500829547816 0.004053885327499569
53.21574327076821 -30.004667016550716 0.003181587667877429
53.2172493772088 -30.020989208095013 0.002722129327913381
53.2335193009051 -30.006584885571925 0.0037497616631514625
53.25918146695481 -29.99965606615613 0.007242219019238268
53.2017174746806 -30.004254243409843 0.0033905438431620404
53.20138862003561 -29.984147287055887 0.0031397253871645703
53.14594775476406 -29.97628712422352 0.006776280025144342
53.136159555600194 -29.95231473518348 0.004411056490297048
53.153830898290515 -29.942542416459908 0.0029636620200792067
53.24296913888402 -29.965901662940507 0.008947657147153364
53.24748248183572 -29.944190197676875 0.0039185041370128435
53.29494650767369 -29.90910826636875 0.0032138803152036368
53.199823895177786 -29.89710144512083 0.0038126358273021022
53.1991089489472 -29.899749278005626 0.00377767767510145
53.268650407560486 -29.881849596878645 0.003235219448047369
52.899418477980554 -30.10200276301143 0.003226161391981078
52.87968054280692 -30.086207048123892 0.0032487567856443055
52.978925423309775 -30.03922140970697 0.0059294462916121326
53.058031795797646 -30.00820621154455 0.0056306965718021925
53.075051753155314 -29.99967254651308 0.0034953147092756346
53.01545052932881 -30.008206664088313 0.0057479953035253955
53.017816775985395 -30.013843404214263 0.002770460576900615
52.982581550478265 -29.99251646979541 0.006354763166464593
52.99520160624006 -29.96511145793743 0.007902564416640988
52.82646329383756 -30.05125512951149 0.003085516261580096
52.77113682770978 -29.97817348776108 0.018497124709025405
52.8343260425382 -29.982298487973488 0.0028237505896461946
52.81960819455868 -29.9370828706108 0.0036828636014130246
52.90775881690519 -29.94212010874547 0.0027666870010756976
52.86571102332317 -29.871367803331587 0.0026469286798608328
52.876944680643035 -29.878499670407425 0.0065650058076125875
52.8841665261268 -29.864856309144997 0.0030298378705153144
52.913207325395256 -29.83733066149104 0.003066876372035546
53.09576974782906 -29.92899146820994 0.00742184105991232
53.02815330228906 -29.91114607357327 0.0028271530802099713
53.104546832174584 -29.862996607984073 0.004288251859573677
53.06337427716429 -29.86505214869158 0.00526990558624083
53.174411707233304 -29.906292431711012 0.00396765799432359
53.19121011164356 -29.889774714239408 0.0274651545765939
53.17893818534411 -29.882764715731906 0.007165769424644483
53.21524637261123 -29.814600546451057 0.010292098397270336
53.20834919761726 -29.79631054314712 0.0030095808487692385
53.18174773110236 -29.80218663761295 0.003976520810585686
53.15953179288109 -29.777215600980544 0.003780200755901636
53.046860593420874 -29.80240144565657 0.003442432629589923
52.95813450136376 -29.848009335716323 0.0037006881087148194
52.98651916000191 -29.771740553199212 0.00756450117399374
53.06973000612802 -29.759198729156896 0.002903400883292682
53.15356896353027 -29.73852787106877 0.0029092528913664444
53.10596981937763 -29.722649975623668 0.003758615709614816
53.0870016765283 -29.709962700204812 0.00322418972501363
52.38233011714125 -30.337173274456273 0.004424595462414525
52.36333354502039 -30.290963422444637 0.0026464344090031955
52.39834620857136 -30.220768774422517 0.008052085256691642
52.39651182037736 -30.20680953303128 0.012593705104955622
52.36380362353523 -30.212599613211843 0.002849898151302607
52.392761700985794 -30.18820198176947 0.007110162387716045
52.54110408252066 -30.157948330427413 0.0033497255405477828
52.46937114672505 -30.089946624750144 0.002670589884141096
52.30367773839792 -30.24369903022486 0.01003196803329272
52.32168865654201 -30.19974100290836 0.009880912640628363
52.28615282730639 -30.2161807391016 0.0031188928848345297
52.276918927274 -30.21426198246101 0.0037319442692690364
52.35228974315666 -30.18945477169849 0.005214461432072702
52.2335554355603 -30.1623334617678 0.002838665042859452
52.25402835070725 -30.15213803790032 0.004157455502311149
52.25509304482853 -30.145300371018667 0.00499744800888097
52.32578243594087 -30.072544184191138 0.005938949872108165
52.56068949340929 -30.164960923227397 0.003953749633047457
52.53483068313334 -30.113144234150592 0.004890448272406005
52.603364247426555 -30.074809165528084 0.012881384079309811
52.613332511981824 -30.069824622099848 0.003412037491993448
52.595533017925696 -30.0509526032458 0.0027893727548032954
52.55566871072176 -30.08117559814925 0.0060995821471426575
52.64870589103441 -30.06944878929788 0.007013986564081398
52.68074676845438 -30.051324840292622 0.003952560667625694
52.65889426329965 -30.03805840761218 0.0042489355605161965
52.62147324062473 -30.021420490187538 0.008457369196436198
52.64389173291055 -29.993922951810266 0.012283827373755905
52.64885987637866 -29.96904409915953 0.007416684752093328
52.66952782624697 -29.962385969528945 0.004831477369043755
52.46071906929283 -30.057605736057575 0.011752425575523442
52.42376152519641 -30.015204824260767 0.003982217253008984
52.45263607301969 -29.943443951223287 0.005035499992030557
52.61886855071821 -29.922052126827392 0.006488128678538918
52.50393975373982 -29.917409501889896 0.0027983332937834278
52.5903400482939 -29.86815664697615 0.008152851831732562
52.15216069224031 -30.112582733291255 0.0034779570508613874
52.182162919401485 -30.056653486912847 0.014312107005858974
52.33042007633782 -30.019479298135405 0.002750168855848112
52.3546347731341 -29.97618445441899 0.01046221015836769
52.26892779319157 -30.009852995161488 0.003474889346771969
52.27196159635175 -30.015021109058612 0.006112840648605967
52.13849417347587 -30.02421084961083 0.0027387298142125707
52.19664525218395 -30.00438651843661 0.009164861148759345
52.133875173333635 -29.997101121535145 0.007322305333613559
52.07773032286664 -30.03590143621472 0.00296459836404537
52.09044100879154 -30.007914481172584 0.005470184185403285
52.07830435364186 -29.97942955864541 0.004036062330676403
52.11887761133816 -29.91602564146436 0.004640156085762538
52.19445150425277 -29.93606338394944 0.004219832713653458
52.22014978815333 -29.90709015090482 0.00352345488125405
52.15831532509068 -29.876182742721035 0.003162016374650094
52.42068616988099 -29.94698421932721 0.006176374121115155
52.405876590006045 -29.904912284990512 0.006101374598047687
52.43031353454327 -29.891193680455295 0.002706428945457673
52.42525485961892 -29.876745090943817 0.003052043291987381
52.352198560863954 -29.89208682407522 0.003167296162696488
52.37558886155423 -29.88513288648918 0.0031638458800313496
52.4660110396736 -29.850319547115753 0.004581083308300647
52.45901468346191 -29.817929305658527 0.019284371515264416
52.46644602717772 -29.747057050515355 0.00670403108915393
52.36882978248443 -29.823328951161983 0.00580081205451793
52.28483580035946 -29.78517591800006 0.00431651112554613
52.27750821525265 -29.76374475956228 0.014169994595850523
52.2850785498634 -29.772292798288664 0.002909126387234756
52.36589611180075 -29.806313592163814 0.004345959948347144
52.4104095905332 -29.71898355556894 0.0034034293490041263
52.3362026424877 -29.716091545906817 0.004801200355863048
52.39400029085767 -29.68279767105767 0.0030868672248720195
52.72086124965061 -29.97425373048623 0.003267400939722906
52.75505532335093 -29.951013739362747 0.005157801208854787
52.76980560425282 -29.929058935082494 0.009890619501966859
52.79172167693289 -29.926290166981115 0.005234852805469316
52.75831524199643 -29.90679509861565 0.004071714603408306
52.64978806534854 -29.911049187815475 0.0026580745337664077
52.76602490736469 -29.87651718919048 0.0078092989701092535
52.825477317869606 -29.86270007858894 0.004630235065390584
52.81485678319907 -29.85475728732263 0.0037643967917781068
52.879775729360645 -29.854623282614515 0.005033896357120092
52.78280808749641 -29.86618762589941 0.0026835593497859783
52.83866317186928 -29.758201043905217 0.005732638415181779
52.81254879717454 -29.76698144221443 0.0032324329462265033
52.65328594572444 -29.855591456910386 0.0030374011260560357
52.61581322191779 -29.841281694979696 0.003318761471676076
52.61878890177261 -29.829154792393737 0.004467455648055846
52.61417846086411 -29.833898443493627 0.0034136067578502045
52.60002088954587 -29.823259119705025 0.0031525786102976124
52.66200694332716 -29.788308557263765 0.027389357716319097
52.73698144141981 -29.7940985857822 0.004207807318299007
52.77544556103874 -29.753229633811323 0.002704085377025351
52.73577073385278 -29.723811980434633 0.0028851160024923337
52.755134782838205 -29.691121771321264 0.0026786297909003522
52.72106059962988 -29.70884421202692 0.002983529385116318
52.91318569976611 -29.75655555441731 0.003073157118603624
52.97354529475978 -29.741527391436232 0.0031003638158022765
52.93870183089275 -29.728943873456295 0.005387043712837872
52.863300237713354 -29.75319360439031 0.004597419511210665
52.974033794741445 -29.700711584390703 0.0030999390475440073
53.037772878610504 -29.649916174374084 0.006470429872473181
52.968436844766345 -29.673822291946365 0.0026954266291627327
52.99635885298024 -29.63321538148831 0.0027540169231020937
53.017945020403396 -29.62047406773901 0.0032208769219253066
52.97615995855219 -29.620418008786967 0.013429414377781747
53.00717682757649 -29.592519050176424 0.00351764055483553
52.828657303718984 -29.71165554931111 0.004664813439318536
52.87335577818104 -29.654625730254267 0.002979110379418996
52.93116338789573 -29.6271264969737 0.0030514241538941956
52.89533219176617 -29.61608708757029 0.007411771120685453
52.945805722403584 -29.543108162409123 0.00452358197226667
52.85850596754017 -29.594957867929413 0.014392701044588513
52.857733512772555 -29.59509499465396 0.003764762549220791
52.85905803516179 -29.55931431727712 0.003406862607442261
52.92878734722253 -29.546071314827294 0.004503779964839983
52.90911686472119 -29.50490687076823 0.006018275222259717
52.58251363692812 -29.79293370648406 0.003105987650416053
52.56250012967372 -29.761927794726816 0.0048734126875559745
52.59022807605087 -29.75433531195131 0.007936747787883539
52.518116954404576 -29.74285112488505 0.00501660226171243
52.5701532751555 -29.70478153988405 0.005500197820189246
52.553750988748895 -29.682789315476075 0.005032420810519791
52.634469919415544 -29.681345658919422 0.003320214673791343
52.68793063577378 -29.666177104749245 0.002974253077418386
52.62302276072795 -29.599169709434523 0.0027371119113161545
52.48637597146073 -29.72188968809594 0.005264763048163956
52.50554286590009 -29.702155453537827 0.002701389731013379
52.53502959234838 -29.636710322617944 0.0029067663208791773
52.41882179259986 -29.65356029969536 0.003307705113238571
52.421956215857946 -29.642385073764192 0.003682889169023859
52.49692583323127 -29.618753449647212 0.005598930538962463
52.56693920631387 -29.61462675814441 0.005116579478240623
52.60583973321861 -29.593852817372735 0.0042509302555779754
52.51462779028324 -29.53508389243595 0.0026516209376146868
52.5410069509996 -29.517514340649953 0.005214203713742585
52.726884738396215 -29.58454444730791 0.004718109050767091
52.78303227351019 -29.60111403372626 0.0034427886268443633
52.757695397802905 -29.590841642019203 0.003022520496565287
52.7844628085376 -29.58504087904753 0.014130609981678054
52.674761550677104 -29.58941128049744 0.004672631739041505
52.84013108515739 -29.517591063556345 0.0026733799071574547
52.78895542536663 -29.503376966664867 0.011300445096857447
52.82846102944471 -29.452855680855507 0.02439634072106983
52.82368985096726 -29.455548891224453 0.007238972963682264
52.83946303895873 -29.455182618086365 0.0036139734243482995
52.64287991958948 -29.523934877397146 0.004408648150355091
52.64779254987575 -29.494105543242533 0.004693411029783912
52.619364614579375 -29.489001257379353 0.004765661203693895
52.577414915303365 -29.487456290782266 0.0038205154880501216
52.637236908480546 -29.467058998171424 0.011592390561669027
52.73414700805176 -29.47801415335315 0.004096623572106128
52.7484037753033 -29.4346349458377 0.004002641322354327
52.74142618822931 -29.4362877361185 0.00790719382590594
52.71313516928876 -29.45487176494419 0.003218475812132585
52.71129931066521 -29.461349967648832 0.0038934019729381887
52.7293985491562 -29.432188449463872 0.014441556863468177
52.79674759490401 -29.389341791051315 0.0030193999923764443
52.758877020581366 -29.411812657646916 0.0034839088952444627
52.756059848493145 -29.41496627062442 0.009224129990873537
52.7534450571043 -29.399794256975145 0.009807336792701257
52.70226048172725 -29.4083637527611 0.007383615020395202
52.65585242962057 -29.406962626175044 0.002772236068200371
52.740716134415024 -29.374325183506652 0.011786082578163897
52.69455327090865 -29.35479056419009 0.0032094170806382535
51.322247536407275 -30.635611819772908 0.004293454300348657
51.44355614105089 -30.554105486115773 0.0028400052286617727
51.39614626822306 -30.55128835076524 0.02528901168612952
51.493942583522816 -30.513790309141168 0.0031373735049130464
51.2362133798685 -30.58984564787416 0.006059895005855575
51.235296141486074 -30.581238076781656 0.004432965992443822
51.20750620243446 -30.571951909958926 0.00879456401836199
51.27832551763278 -30.53464865692621 0.0047983372016816945
51.27832169130648 -30.511082846745584 0.003338358244077294
51.29069193069035 -30.48141792006813 0.0035852849214254713
51.206192855961454 -30.521317660314033 0.002799334487334231
51.264809698276856 -30.49228629055868 0.007601983359588419
51.3044128089475 -30.46191084780731 0.005034637596566288
51.33012377826775 -30.46536684766651 0.007828870325221416
51.39571618833232 -30.43611671107639 0.00282117719533276
51.33793623208147 -30.43310378872943 0.006438575602795347
51.49210067178024 -30.490183339104696 0.003994274287326462
51.49477913504975 -30.469503834072153 0.005255682238006067
51.48751145062753 -30.418842069102965 0.009122857782015372
51.43378828325675 -30.4279047083934 0.005744482418988008
51.50939751306792 -30.415859087976795 0.0062242680099824695
51.57613962207788 -30.295434341648846 0.0050025533583682525
51.407680460192616 -30.395344419046157 0.0031599143024299307
51.42634063435636 -30.353232580314213 0.009234383775620868
51.360714844608786 -30.348817194816544 0.007249414791866431
51.351262778945 -30.345729542692084 0.005271400332304685
51.508175222012355 -30.338759567215902 0.004762684353289746
51.487070824567496 -30.324226229787865 0.004141150361308354
51.47210709817164 -30.306203612625197 0.007119337385008057
51.552300799845696 -30.28951280220006 0.006817222435886869
51.55696183558447 -30.226054250709424 0.004694584652231697
51.51095057517993 -30.24550620877409 0.004951397802875318
51.143611988029264 -30.501349300668068 0.0035747264160148023
51.208095590670816 -30.457072571702952 0.006584377233654983
51.16191327656155 -30.366435943466513 0.005373180248217206
51.16211203239584 -30.37405446819463 0.0027748369860522196
51.15472682259129 -30.35711933221729 0.018988500249030694
51.25038917505855 -30.386852320559324 0.003647471856562042
51.29751342738961 -30.322994134338213 0.007351096935321159
51.192181300267215 -30.336282698149994 0.0027448700568679677
51.17982529923436 -30.323768432056323 0.00264979959644499
51.25778151631883 -30.291248355436572 0.0034274773588317733
51.2249672113683 -30.308502588591267 0.002966737625858601
51.24864582539601 -30.281055180699074 0.0030220686080321265
51.07905883891236 -30.40621683461732 0.0034600950535140047
51.084631751387384 -30.380244071545285 0.01751517091692617
51.06236093673273 -30.38786880782815 0.00756112581424059
51.15824062654834 -30.280690074971417 0.0034581614854125847
51.16879921362194 -30.24123912946851 0.0028728573679911444
51.135093582190194 -30.203122265141783 0.004990241569415757
51.36379657235744 -30.281128330606112 0.0036777237945184774
51.25478835506728 -30.250862632132044 0.00437273541217975
51.44815076660063 -30.20422014895037 0.002695715151393468
51.394275054129125 -30.20810684015939 0.0044724395531999545
51.455511207693654 -30.199108885770514 0.0026767140875068904
51.31280052692525 -30.185832745910737 0.0034478205163555706
51.28443603167389 -30.17260790694012 0.028059343882751154
51.30772408819724 -30.114483399285163 0.006261400875189352
51.26333125534017 -30.092793743184064 0.003094930597640706
51.33836978404648 -30.037386539106247 0.0036647278585752907
51.67907325566767 -30.26510197044361 0.00683206563012149
51.738891399129834 -30.273314365698205 0.0032061659654278336
51.6207466193008 -30.285808712809903 0.003857220441137714
51.64770920718679 -30.234286221218493 0.0027013140635867862
51.69140231730149 -30.23298683301343 0.0030263768738036487
51.77670123783033 -30.18508298415925 0.00565212352495
51.8272034132287 -30.169773337166124 0.0028978602962470373
51.77709565489711 -30.178213601433058 0.0060436768453576255
51.79443553946259 -30.15767731024631 0.0030488511339560533
51.72365649037067 -30.1517799615181 0.0034401417634930542
51.73579449813442 -30.125450718941888 0.003188387880266964
51.58838375993946 -30.229099776946192 0.00470875494848177
51.580272550357705 -30.211259545564815 0.006155353786843406
51.63507724859428 -30.166748629467737 0.004484340789854344
51.535229716514976 -30.194504272068126 0.002767552891878661
51.521819955047725 -30.18036375094468 0.0031750916775126624
51.6111445241356 -30.15177826722215 0.003327745153580185
51.57865514152779 -30.14411731727602 0.008491697885826077
51.65968800307976 -30.135980757295684 0.003276379346757429
51.65086233750971 -30.13409168959717 0.003328190216483153
51.686742225484664 -30.067711982876293 0.0038685727167831617
51.8540366665796 -30.129045329956895 0.006818778758876109
51.82576961158748 -30.116881874295967 0.009442883672484711
51.926137839584555 -30.080362018085303 0.005606942012594744
51.78132396221943 -30.08931964113584 0.0036234422136375054
51.89536193212547 -30.043217363045873 0.008271588573789965
51.99976799684675 -30.01517401224418 0.002880562878056672
52.00980150234268 -30.007843898390295 0.0070759697825483634
51.99277227165728 -29.97434907277824 0.0030533063056480585
51.94780664813005 -29.9348788819364 0.0059856768200533565
51.775653835304475 -29.999029368185266 0.00345134516395764
51.81190479177693 -29.989780323547517 0.009730775872141878
51.72579644154449 -30.03581865517464 0.005798725954085742
51.76487733386579 -29.96440776448788 0.0031602733920285575
51.79043079112949 -29.93979951747056 0.013671171443644851
51.886765784408574 -29.956111583509244 0.003273009754389536
51.914496298778424 -29.894990813845737 0.007323759925909926
51.52343777228388 -30.119863683693755 0.004651299229240136
51.56124488593089 -30.0917515029212 0.00349679449374057
51.48913096469447 -30.0912367892553 0.002769037291821395
51.44546089828267 -30.061189278298187 0.004889241896385256
51.508604645979595 -30.02913761328148 0.0034303348430410885
51.51101073406223 -30.032812158663912 0.0055017833491802035
51.500256870394125 -30.02338511761069 0.0031699126473503595
51.57235594620661 -30.05826845910868 0.0038446577012320165
51.562338580892195 -30.02112600746745 0.00407645975991387
51.55750790141709 -29.99479786286414 0.0034280723927500143
51.53257902328769 -30.00215574470666 0.003114483680846459
51.52237829537386 -29.98313804531061 0.004318025518836547
51.62053367140928 -29.95819223166469 0.0052998833951097245
51.5718691744083 -29.96459536546684 0.017171467990105597
51.400670409327965 -30.052168758726275 0.007062573728892042
51.4188205198006 -30.026004592438916 0.0030849095119141715
51.45400549724772 -30.01881456573332 0.0040597207797566015
51.43585221119136 -29.989982535186385 0.002776490901365516
51.45681697843157 -29.9671425910618 0.013323085796302502
51.375542595924905 -30.00059776724953 0.019646045458552107
51.36213983647916 -29.991885092288474 0.0061111153263474025
51.416415108974945 -29.996408443340112 0.0035823161800158446
51.416131947840704 -29.996506996748614 0.005559861198842334
51.51663978300094 -29.92736161511804 0.0026459201252606295
51.55761406700531 -29.88735907549456 0.004985342492028981
51.446092581651165 -29.911465758350538 0.0028242231566579343
51.43985088813148 -29.91035954765809 0.019345402925135535
51.462652445488814 -29.86831780772229 0.006363680098925206
51.70600773980526 -29.951392092729204 0.009177799792394461
51.72660193697867 -29.929665390889017 0.009747633899028618
51.66994522410651 -29.85919888185744 0.003282925857516808
51.78845534433038 -29.8915428298001 0.002917324132827226
51.7798704350067 -29.841258529829293 0.003945357251418001
51.822157042734325 -29.849041092337178 0.00532581804257977
51.80530239603984 -29.82528997398025 0.002799498567585432
51.8195672352175 -29.819347261918303 0.004333722108785135
51.77058113288266 -29.79032217007516 0.00655834893741403
51.79295495951151 -29.77684202317056 0.004184391051010222
51.77258833218705 -29.7495649960444 0.005173381665636048
51.62284088959738 -29.86858646473165 0.01169810054010861
51.57066131280507 -29.85449061165286 0.004954941479660823
51.5755005708218 -29.83993765202865 0.00297353017222302
51.62564310909361 -29.78504780718195 0.009206412388552906
51.565778733311326 -29.77962953069431 0.007388497736610594
51.66615424456739 -29.714356806636957 0.002741728235469052
50.964193431828896 -30.282612244392624 0.002979087845537051
51.009726774965834 -30.285323974179732 0.004640120987791626
51.03881544364423 -30.24667511037845 0.0035387263883652634
50.91144960169249 -30.251408012964745 0.002812839224679652
50.98789092724565 -30.23314945412041 0.015664177279386994
51.01208466457157 -30.217008906643784 0.0028353485839011216
50.97235031965592 -30.209493362913665 0.006343020786569035
51.07011410623524 -30.21331445658134 0.004276496142449438
51.07042310780899 -30.18237463492955 0.0028568210986436664
51.123637301793146 -30.187448277425197 0.0028687496151283114
51.127909526505384 -30.168099054427067 0.004568580530287638
51.03897849696888 -30.16652262385864 0.006008599255195756
50.869974289101485 -30.205147482657367 0.004286317078212613
50.96730419495907 -30.16729907804911 0.005188000802810127
50.86887246657992 -30.168539976017332 0.0036392489017631246
50.871562377558575 -30.11664875817511 0.009272330425925273
50.99378260731379 -30.127462807654883 0.0046749209284150306
50.99466461475867 -30.1151549181429 0.00517318565489641
50.92863318450388 -30.06583073036491 0.004003258501565074
50.974610591848965 -30.067877353330807 0.004410672883398826
50.9792603778218 -30.0752591934555 0.0034697482038285473
50.99941887545336 -30.041734758133487 0.006064136097572956
51.15538521498421 -30.16222358355567 0.006264453928795305
51.15393054038919 -30.024132346655986 0.007027234877939036
51.2908865080477 -29.993894885966792 0.0028853279623747246
51.27833294541377 -29.992462466400216 0.004966585481068649
51.21074300405327 -30.01405447030231 0.004008487601320545
51.21198374421102 -29.999746160466007 0.004946241985934982
51.259230212359256 -29.962755928513303 0.003667133196979519
51.06810067931331 -29.9201547345173 0.004792060358887314
51.16631755985081 -29.98181766214983 0.00653843370429769
51.213595273584914 -29.90430600417421 0.006722789833127384
51.08073181585005 -29.913112844138595 0.0032612237363699678
51.15903843955339 -29.907269136794337 0.003355613821998764
51.17139412674793 -29.86906888110234 0.003176917117044678
50.82058348010599 -30.070405199965524 0.006261968153815542
50.81972803525436 -30.070326469611057 0.007537110364586514
50.74244230245518 -30.06953649869805 0.0027018898797575687
50.80147382561369 -30.05237008934151 0.0033287230598807063
50.795997090472255 -30.007102763020217 0.007576101241276067
50.88333418320477 -30.078611452622305 0.004678858482130498
50.89735185123728 -30.05750559772604 0.002833545786076362
50.70980167954593 -30.063681937286884 0.012632858440642507
50.69484346379428 -30.040618976668444 0.004636209789078531
50.72214144485279 -30.018827807827197 0.005693440477118286
50.70850582793058 -30.018056302872512 0.005659025352920801
50.7001557215869 -30.021848781905696 0.004198571414630802
50.69314301421781 -30.007757656209694 0.006200896743822636
50.73340945815825 -29.93505501210806 0.006242564159512665
50.77980518643406 -29.95968052105839 0.007489330300519181
50.82724963230218 -29.86763528929351 0.0033277342346547533
50.81210303425804 -29.879139622281304 0.0034460243715770033
50.79801913583434 -29.86544674572609 0.005269721571185973
51.01070851043619 -29.919070040425833 0.0179269414315028
50.949085553926494 -29.92909444563895 0.0037956946664914454
50.89863234172785 -29.92029610467638 0.0028346828396006926
50.99092284455863 -29.86693593080657 0.0030170974974252037
51.038005943038975 -29.857951774280036 0.0032475328260654053
51.11953190751853 -29.81118523682745 0.002784072654321244
51.01940185276402 -29.82667343519586 0.005286165909657556
50.931139052204536 -29.85454753230848 0.0026539416772136232
50.85216654222528 -29.822734443583585 0.0031415667344845415
50.822183141963755 -29.81039364628323 0.004716980866464774
50.89128150212378 -29.783563951536017 0.01131334652382794
51.00985883669376 -29.786369173741814 0.01836020008033231
51.007894888502776 -29.758917887549853 0.0029475509077249457
50.924608822959875 -29.74378440150589 0.0027889244173951787
51.35592748058777 -29.964208496232928 0.0038394500295337265
51.34266385694038 -29.96063317956225 0.005644318854665135
51.36681930806055 -29.883858077554603 0.0038047147285286435
51.31748679671063 -29.863148931383456 0.004856417155620104
51.31088334307982 -29.873984959024547 0.007948913474289289
51.397517770545264 -29.875640896119773 0.0030673128188557935
51.41807966816136 -29.840386844880417 0.0048721913299703025
51.47444676214768 -29.835261191564204 0.0035484819840214646
51.43406226967629 -29.840330102146112 0.008677415927149683
51.46464778812348 -29.81234370877106 0.002647881831002554
51.45284822442024 -29.81224239452662 0.003203172369620824
51.392056050690805 -29.846860642087407 0.0028655527969726016
51.40551171828831 -29.82289717877695 0.0030081130559943972
51.25692504931435 -29.8690540487713 0.009196940559488713
51.250999889682554 -29.845727005181615 0.002756738805114184
51.29851058992238 -29.84310751500528 0.059299264411976776
51.269344704742124 -29.785152396403685 0.005692992342014178
51.24772768255867 -29.759944785244063 0.007465117444335014
51.37651780662923 -29.752604493582687 0.015654232674830584
51.30906781531962 -29.747689882611244 0.0027286421884265507
51.32280067153559 -29.72659689268558 0.00854968776605361
51.34305676100039 -29.71893876587495 0.0039476568956131625
51.2897351125734 -29.696173991132472 0.002694514063261387
51.5405270763956 -29.788640346973672 0.004150767136944593
51.46767966492842 -29.757140312480416 0.0029547326053493968
51.59631414108352 -29.678035823621457 0.0036340047832910376
51.55489639471564 -29.686883810443 0.010728661414384104
51.45887866509985 -29.64409116172687 0.003601474421102213
51.39278857572138 -29.6503435769944 0.005422151020665738
51.41424607804872 -29.613919110128737 0.006705016171096931
51.509264865404745 -29.639053619837647 0.004328004609264855
51.49498660036159 -29.58785378270437 0.004103380163071059
51.585824006043936 -29.56907868548497 0.0027561904248057257
51.56013431737146 -29.575816593310673 0.0043111343740133085
51.507788163747904 -29.57015392582999 0.004816798174598111
51.516182627848075 -29.560068538813912 0.003555657654551369
51.46276694559554 -29.6020199691576 0.008463508595650758
51.48027276632149 -29.564333703329584 0.002782386737865308
51.44722433321091 -29.55354529368608 0.0037670598448671
51.48673668879413 -29.550390590429423 0.0033788109239245995
51.102639980675434 -29.755706332216477 0.00814093438918759
51.16725271345905 -29.72019882080136 0.003105866000665717
51.14305440184041 -29.717564325404723 0.0038726358330496624
51.13061103559014 -29.713531240423443 0.020436076023504047
51.29685528647752 -29.66014640233996 0.008200255603150264
51.29157519211666 -29.63992479858017 0.005644623761364095
51.17900021065674 -29.666828390337347 0.0035848574810726347
51.094989569260235 -29.69577077645012 0.005985830635066856
51.0501731697122 -29.696638484035457 0.007260718253338001
51.11046865730197 -29.663794886471845 0.014674040034857368
51.033802633360224 -29.670172568334415 0.01077776040084097
51.039740381147155 -29.60438666023342 0.024143947613351213
51.18013659804199 -29.60278519283072 0.013279574955305084
51.19039529878086 -29.566344071895976 0.003126100634713193
51.16809126158616 -29.55744482724793 0.008901730761164224
51.18400298603923 -29.55597835836288 0.0029004406261757916
51.16994553147745 -29.526239954114526 0.003907049195053751
51.129497853207475 -29.538745079698455 0.003500779680966062
51.3701933583492 -29.540089581567837 0.00311327127514611
51.27853731577971 -29.591133420986328 0.0030320921749277647
51.32946207177205 -29.55327301952568 0.004114533802906729
51.44911997947659 -29.503641126020486 0.003351592922182045
51.47719615600101 -29.47481096280752 0.008629104126685352
51.43957162188874 -29.48495909178067 0.003569630384251883
51.36018377369886 -29.45477451000253 0.0028094743383462613
51.419306260562415 -29.47698566408011 0.0039880560147068185
51.24446939779178 -29.531744013796622 0.003211140696279313
51.271240039377155 -29.50167106799855 0.004417662255732996
51.24976711789593 -29.482838780671575 0.003765672871304367
51.24759227025193 -29.45889047272798 0.006477119200923779
51.23969856816174 -29.408138866974507 0.009252828861495723
51.33903398431306 -29.457001720309748 0.004041990650494465
51.406124293834395 -29.394440953669243 0.005526353728622372
51.33139860043759 -29.37919236629033 0.003189197717634291
51.329058947833175 -29.328914553552384 0.0031299386831713113
52.06899774152747 -29.960414950286996 0.003381869497201879
52.06576976337925 -29.884096919512245 0.010644007444206521
51.971192985307994 -29.897456619413727 0.004282602632442273
52.086608478465784 -29.87490582167303 0.006745792444374326
52.1132363946216 -29.86223448270772 0.003824202002907528
52.13119737416487 -29.856692045347025 0.0027455798547618283
52.11014799145065 -29.84357957275504 0.00402122662695051
52.072885800473294 -29.86278105029502 0.004122831063834139
52.07766606096652 -29.828349763713025 0.0034243887736931703
52.12256552275532 -29.800887571838423 0.0027758827917425282
52.14056099252536 -29.79908320253148 0.012921504543202332
52.086522260120624 -29.774521350229985 0.0032565360456529163
51.93322971980414 -29.865601788290967 0.0031246224199853625
51.9502524552521 -29.778844419902864 0.0027017287209751733
51.997640194830154 -29.75311961549292 0.01203497561395359
51.97165269586944 -29.71817319928374 0.006635504829738665
52.22665360684313 -29.78132941872732 0.00695810206026515
52.197742637860735 -29.689706049515237 0.005645246687815234
52.29195740438358 -29.68037833474482 0.005153608154032501
52.333861433204795 -29.67967599060997 0.006694289034029621
52.31585346454401 -29.652343457480583 0.002680739259328595
52.303361940942345 -29.59455751724724 0.003779286921815125
52.15389948607925 -29.67072548007268 0.0026527898037202475
52.09254780554265 -29.679744580280733 0.0034958063315391704
52.07591917209428 -29.66537951312587 0.007578067941041626
52.105339210521414 -29.65771831098711 0.0036412418419345632
52.17102165661118 -29.60659929035464 0.006222552287302526
52.263583326557985 -29.58501716908335 0.0035557900441096847
52.21372373345817 -29.569167011017544 0.0027136236751409714
52.141647782578744 -29.57513601395451 0.002873374078915014
52.12376835987022 -29.567529393385097 0.003874813860900015
52.23613444526525 -29.5406084481079 0.0026848253800413635
52.177910935733514 -29.521394666222573 0.0032294498487120127
51.827714899175525 -29.79972434299136 0.0026657157295038396
51.787394739715175 -29.74532508701432 0.005566272768734504
51.955699825956735 -29.707898216517048 0.009351107068444112
51.90573184235544 -29.697547632569197 0.0032452990274022086
51.85835648345647 -29.654937878994172 0.011094280437104889
51.88304055531557 -29.641902767397596 0.002994406450218115
51.94043034590371 -29.622931969050533 0.0029023108447394277
51.76073360557843 -29.702533429871163 0.007293131758026904
51.78745310102581 -29.679108385916837 0.0033908208083560524
51.798459038907815 -29.67330675529713 0.003047386291848141
51.725671180864616 -29.61617707238306 0.00475186435149183
51.82751912260784 -29.61117834053302 0.006255492815211705
51.780094182469 -29.570076287558695 0.004301367106295664
51.89200065206452 -29.524765317395353 0.011750006574690641
51.83564770091685 -29.50777715937984 0.004121250611743917
52.04267339176283 -29.57911067661055 0.0030971262535256093
52.03530177848871 -29.51808381114683 0.003398978281829305
52.12683059204134 -29.52200118115711 0.010676497792904267
52.09910769848926 -29.54574750083905 0.0027945521569846827
52.10805053389623 -29.51845997280967 0.004651051031328096
52.13592264098397 -29.506095787384556 0.00430713168159563
52.13601956210485 -29.45676305467888 0.004875569028949746
52.15455512125786 -29.444610732452183 0.003121177443306231
51.876543682704835 -29.497410266456928 0.00798323170898122
51.89820995469211 -29.45677865855745 0.004983006281271718
51.94359203850591 -29.455475600228368 0.012173453876793862
51.94729216070208 -29.4454514243684 0.0030175437441798745
52.03068448307902 -29.48180653689401 0.0030385529207981837
52.05193295779246 -29.427766233374 0.03146468621935692
51.995481006989586 -29.43951106458984 0.003222519541515753
52.11173645604836 -29.402685046380913 0.014391236146926367
51.96449396246581 -29.417876765653983 0.009217365935651672
52.03550899948271 -29.386993948964193 0.007172825568349325
52.39432788465905 -29.632596231514885 0.005925026193368422
52.36154112312714 -29.634408369010885 0.008697326413943132
52.36388800916131 -29.63075623403344 0.013296290332238251
52.36274829428628 -29.63201707020955 0.0028264314677170412
52.387848999056075 -29.572173703913148 0.0032291360984282964
52.41662840072514 -29.553889164381644 0.005590696475489658
52.32538143784988 -29.54769187143433 0.00581403778132083
52.401006821314304 -29.546593804182045 0.003024728508387179
52.45248309772781 -29.535068573905622 0.0027472280974650564
52.42342634961368 -29.51347360289697 0.0029531612053756697
52.438537307751794 -29.45844440722352 0.011289291436179428
52.296287787790064 -29.49185945418819 0.0030509236861637466
52.3529460499856 -29.486297483549738 0.00579491085711809
52.327049241023545 -29.47509061904415 0.0042942139122877305
52.261615391587554 -29.497067088194107 0.004762629411511815
52.25614073328464 -29.48675421233556 0.006317463692192349
52.23878998695152 -29.48303682267087 0.0032576689962379862
52.21956185403046 -29.480195317525975 0.005676592964611705
52.39044308399574 -29.47313701925638 0.004704369109852131
52.386857991664954 -29.47271358302636 0.01156481632545431
52.415089218433614 -29.43189653120883 0.005524169613178764
52.455908156319374 -29.39410334080361 0.02777586106229844
52.440360655433736 -29.39050399071532 0.00304184849651491
52.4169913830488 -29.37199633581628 0.008160428418802984
52.33598420471142 -29.419470650077848 0.0029096371600444634
52.55399501401099 -29.471229672432 0.007852364294684404
52.57114409112783 -29.461205606947697 0.0028584015560611056
52.60524778334774 -29.43187872742512 0.0036159214254411686
52.62648277064796 -29.38312020050423 0.0030646122950638522
52.50071252073737 -29.376394626274877 0.02152138048443976
52.501189108142015 -29.37620974943933 0.008509065948480103
52.554337924679146 -29.37803729931658 0.0033596771421517528
52.547217213830855 -29.380074285568455 0.00640812765444636
52.63219706572599 -29.357677854976675 0.004519478811175188
52.64380821149567 -29.33779301588457 0.00384244088416892
52.5805977960235 -29.32228761459931 0.004602437765100899
52.47505452785657 -29.359519171592307 0.0033858654407427483
52.457623294242154 -29.336298360632696 0.006244125159259512
52.467448018352115 -29.336069767047857 0.009060093708726282
52.53795802245343 -29.299824422576137 0.0028330903487127747
52.45006948900049 -29.31307082088393 0.022282219372149872
52.44997462349365 -29.295729604918815 0.004681323400800563
52.52039064259237 -29.26844717077182 0.008207925003795526
52.63251120288892 -29.237593901939977 0.0038573436750050168
52.54267738855098 -29.23232432924003 0.002662797862233487
52.52577523165326 -29.220844741500112 0.003425791083086995
52.533978462331035 -29.188079495207752 0.0033851605778030857
52.533098254132085 -29.188425531503103 0.0036687498397038054
52.20439259965228 -29.464222017834913 0.003855531002142662
52.20041859317091 -29.396377553397716 0.00616397260120788
52.210936422342535 -29.373590474502343 0.004128723551381965
52.2462105480704 -29.358407720504008 0.002833613902469286
52.221838243595414 -29.35583902812022 0.004840907894475075
52.295402997517535 -29.38027326454986 0.003792035763560288
52.30133265723114 -29.36454795047569 0.006017573514772344
52.36147160332763 -29.30804745310706 0.005178296689343987
52.3276250514665 -29.282893668636664 0.011236633725115377
52.23765361530177 -29.33186193516345 0.0038092767379483837
52.25071315185636 -29.28859931986189 0.0033974650250572455
52.3252257212827 -29.2619788668956 0.0050532220741731
52.0876800590437 -29.366111808071924 0.004784344784648327
52.20117048526404 -29.31193908924852 0.0031800569646913087
52.047409490098865 -29.30668440225362 0.004902588189078575
52.11522321842153 -29.2728671417316 0.005091433896992351
52.18924447946542 -29.249823012760515 0.002850047378113803
52.169161735457365 -29.204524474833647 0.002725964241776177
52.36244101745049 -29.284367068288205 0.0064755171753664706
52.363716285251606 -29.25978977241232 0.009404613878936112
52.36079853344597 -29.263133934233505 0.010693550005057418
52.36951357938672 -29.24881017343443 0.003289834378376737
52.44507101384178 -29.2463630448431 0.0027286511416176698
52.31538812925508 -29.222225706528885 0.004361440525425489
52.38384212717615 -29.22618489758536 0.0034104038084007767
52.36199734305749 -29.16482078462036 0.0029985735761939706
52.47851516818822 -29.134876641722876 0.0030619828902381896
52.49835387392329 -29.125921355294917 0.0027510739503506737
52.4264858157613 -29.122685818794285 0.00599768026110443
52.460433248076264 -29.10964752905305 0.0031907181635729785
52.36435768892205 -29.0955914723982 0.004547168938545022
52.33131008683312 -29.06853794060818 0.0028473262017746507
51.62526771052144 -29.57920429757154 0.0027296867056422407
51.67673325578528 -29.535810057307103 0.0029176988863323233
51.69591521143862 -29.536900629768 0.004007577961051461
51.77818126964624 -29.53447636961711 0.002880558102487008
51.804407932139576 -29.51725183635724 0.003208321078708365
51.83832869817687 -29.49646389633209 0.004342221112496494
51.78987431814636 -29.434037792117792 0.015072998107375645
51.593913938160455 -29.544832382206945 0.03178059351866909
51.57156252317997 -29.53455054675051 0.018139451661753427
51.66102009147907 -29.47006351938727 0.002959280208547836
51.55063393662304 -29.502033089538344 0.007012115397600021
51.629159656126895 -29.436730992636804 0.003921042454790951
51.67496472138229 -29.43037440534502 0.0034840695394316944
51.69794057509861 -29.41583694041161 0.010464919203163697
51.662135823545746 -29.39836010304665 0.009258715824687326
51.68667444882112 -29.343887032480463 0.0034520102740639336
51.85141434541435 -29.474099126140704 0.00885713398831526
51.81700413930034 -29.43858369501482 0.011666585270184597
51.92678418586118 -29.40965293386887 0.002710045357370063
51.8748123631499 -29.38219677808297 0.003998645925028846
51.81188427237363 -29.431324582679466 0.005448779202520145
51.79839888168177 -29.38628337286625 0.004602604519856459
51.820202729741446 -29.370870078500893 0.01661666787910361
51.96397667859164 -29.34429828521923 0.0034137563785139402
51.96219434505576 -29.25951968379595 0.002970128571969878
51.763669327826534 -29.37377311000769 0.006358450279291005
51.74336850606779 -29.3681242362146 0.0036841461440353944
51.7735150257505 -29.345862709613183 0.0031937075105690715
51.753191005240744 -29.335430067948668 0.014457963020834082
51.838032917349125 -29.302421016654407 0.003029955705207839
51.78680302459171 -29.31380814434057 0.005051170167833769
51.79150417827313 -29.28543067553703 0.0026938662211014796
51.74986412400154 -29.266782705600857 0.0036492961136981466
51.86464041614812 -29.28201145450057 0.0036106013035920527
51.86953361614797 -29.2221579469674 0.003200380750832169
51.89839432000853 -29.225389302483855 0.0036562047170117765
51.855843359590416 -29.16423011312863 0.0032488252332967026
51.551985194684846 -29.38717283177156 0.0026719942216503773
51.45013200082429 -29.390848432766695 0.006586963010130517
51.43725773971228 -29.388818178155763 0.01211445300723011
51.59904496073768 -29.331614154724225 0.0030694423408454993
51.63990674787472 -29.33764271985446 0.015444906894478519
51.65518414754519 -29.292518491046188 0.0039401767554521515
51.53823612117779 -29.328704511339627 0.003605983910495256
51.53808429879424 -29.343865501541973 0.002940354776914007
51.53909708708285 -29.320593535707623 0.0030236706169977567
51.53441027225557 -29.298382487062824 0.0037546325392777257
51.60024289058743 -29.275676051467173 0.0035508741851333
51.389833987782254 -29.348013363423146 0.003417919380077825
51.36167755974225 -29.3273406178492 0.0091272190720367
51.334515274125955 -29.308010946755495 0.006157040986243536
51.53217207377465 -29.241036522182128 0.0038206715951046915
51.49676143234337 -29.210882929451873 0.004895392911033993
51.5393752283748 -29.17824922374393 0.012287606913433297
51.492613960727006 -29.170589930858117 0.002750570112178688
51.71066901499919 -29.199300427446687 0.007191313213589217
51.63338007971081 -29.230785309522673 0.004242960899698213
51.66487347118494 -29.21724306825144 0.006311421640764997
51.774430190148934 -29.199392404458383 0.004788007032512056
51.78774695327612 -29.15766292945632 0.005191759898790397
51.708309722398 -29.13126096319011 0.0030466878077899592
51.74845957089062 -29.122359052102617 0.00521855763901771
51.795007342210674 -29.100319997744215 0.0036379329852499614
51.79540152427648 -29.100093361871448 0.002933444795333249
51.735688417918475 -29.10534325459252 0.003568672174538748
51.61828375165471 -29.170738699258383 0.006331967536704305
51.555304639961726 -29.187269225750622 0.005034980867566762
51.640036814077874 -29.17777888802327 0.0033040442466754235
51.65114209859473 -29.16709820815429 0.0028609522844716723
51.53789240249446 -29.16553659553593 0.0053520561317753745
51.51662778188727 -29.142248791384564 0.003537566801697501
51.55014553326107 -29.113764450717213 0.003288474659631125
51.61471623583607 -29.107406128071663 0.004532365025605014
51.6119264061152 -29.10551942664516 0.005657005286830484
51.618796589237334 -29.09475710619256 0.006795654718438975
51.60010862514274 -29.106411922194916 0.007734334300476602
51.612683361772085 -29.081483215026925 0.005658468135837897
51.68657946449815 -29.064636503966057 0.0042263678558882144
51.71220755062695 -29.05408796446543 0.0030576188676219303
51.704566578691136 -29.039845671482023 0.0029545457524917077
52.024547726086546 -29.256647053100536 0.0048287902880372584
52.07064114372451 -29.224412902740703 0.006071455267383454
52.03525387427117 -29.198457055093726 0.0035627808935259214
52.001778226467046 -29.17746099664803 0.003395325925712432
52.10740469041289 -29.187853093814667 0.015150200124028389
52.107265600837906 -29.188290382091676 0.005993969236193579
52.118988258708434 -29.14385694109759 0.017917779369990342
52.09274644876254 -29.13593717666543 0.0030699852905627166
52.05616836992371 -29.151120672205757 0.002647835646833095
52.14882153515816 -29.090698484153556 0.004729289933056549
51.95230471339295 -29.19205458929768 0.0027083578708016853
51.93656826540731 -29.15083922496251 0.0028570827863991627
51.988679302639135 -29.170354699368048 0.004127219669365996
51.98377365005481 -29.1654855194188 0.003144764835660097
51.91836233414916 -29.15479884669532 0.006846088667323736
52.03628190621651 -29.119544561344984 0.0047295001613122025
52.00428347869856 -29.113279914170533 0.003893693118604919
52.00403019132498 -29.088251716404475 0.00603716283177235
52.02760976401858 -29.02162549992357 0.0036776776850665697
52.055151927746934 -29.016109812326885 0.007724931812381877
52.20364721269314 -29.096080299596636 0.004294513671192618
52.26148203789305 -29.081184926478397 0.006121129950848153
52.15224156747921 -29.081010531425967 0.003069717355511332
52.21158276699815 -29.030216889226764 0.0037458312166889687
52.32674272557827 -28.963197302719593 0.005090206422887381
52.27019986004965 -28.99350432870499 0.039465937530340514
52.25334387841881 -28.976483429835685 0.008509404813540629
52.22373305709594 -28.968125702248596 0.005343199559050357
52.25257214770496 -28.933730390783996 0.00320545422668587
52.30167667506563 -28.963034407342963 0.0029575788005041658
52.13073308136863 -29.038356988241013 0.0053105201936587375
52.11360947730638 -29.024309288592985 0.003291079623426958
52.20044231784985 -28.97029389046504 0.010622407907921622
52.17479812726162 -28.94511940263587 0.005765858028147967
52.10278084299256 -28.98600295654568 0.007452111420066509
52.13338941340315 -28.93093904912454 0.005207259483823943
52.095062781915715 -28.929101709604787 0.0039044684207583486
52.20145998767551 -28.92085015362214 0.01491268741203177
52.22289899678823 -28.911171239300295 0.007328279579029671
52.213835754934856 -28.893165375957036 0.005968192734332703
52.24234549490633 -28.87813005788501 0.0036414253362889756
51.861635361220685 -29.0693665239729 0.010135844043939628
51.84584639783808 -29.061257746510357 0.004127883146281236
51.79007028548804 -29.04270182140001 0.003935461921351142
51.88006550619122 -28.999539720869596 0.0034616910849638726
51.83085664191098 -29.015799188800138 0.003338850854018316
51.86383058902904 -28.982500470889185 0.0040426710049163315
51.94025782775805 -29.04099952828173 0.004258962534047419
51.92191706267413 -29.031497402651524 0.0037536172789272974
51.960934469553166 -28.99427006527211 0.009261964447835398
51.93359931724504 -28.9667985402109 0.004403974743086751
51.93957202550869 -28.915172087601857 0.003047121276334132
51.757929377162625 -29.010060117233127 0.004387288104687106
51.7795160884334 -28.99524617566534 0.005103106060768614
51.821986543791425 -28.966485301864772 0.0036672636573423733
51.86352912291652 -28.90030416270744 0.002886274747147451
51.841789723195134 -28.91307225136315 0.003368930289812724
51.88728652304212 -28.914552022859866 0.0027581911116917753
51.93384089263203 -28.88993755624901 0.0038543919410957013
51.93868572853836 -28.89063006362866 0.0032640028148670846
51.82780972784512 -28.873712078227875 0.00308696286145879
51.815374225187554 -28.850515562013243 0.004714243974142108
51.83824289152468 -28.86796440000421 0.004503952012010399
51.855496250201305 -28.85067887211185 0.004406644741539863
51.87848834749891 -28.823471151294456 0.0037748030702907803
52.03871978027151 -28.96032705304502 0.0030056884649297404
52.0286039915307 -28.860034839185424 0.003532082830480091
52.049933512291226 -28.826351292364254 0.0027773524741586523
52.11578857570979 -28.79917584430975 0.003983504293713763
52.048127449162074 -28.81091078834654 0.00952881377844758
52.04484380476192 -28.793513510206264 0.004004516658314255
52.09514369430866 -28.763130468324043 0.007347698282324248
51.907026519786264 -28.849118265923146 0.002749625391265479
51.91784325311685 -28.782198041705037 0.0034395141037478747
51.930108708117125 -28.773558113111896 0.004819429477219821
51.95452270297533 -28.750731323608676 0.006556048604229725
52.041195616397786 -28.790277335783536 0.01557056438233386
52.04802302556797 -28.727462614388575 0.0040993813371759166
52.003936197456426 -28.738654513116067 0.0032348880426369808
52.0087442062318 -28.708695776648437 0.002993657967129455
51.99098528046069 -28.70789869014956 0.002650478768070837
51.99660094051265 -28.676871514926955 0.006430483594856925
53.41622928351616 -29.97798440479214 0.003431169988682416
53.41950983257783 -29.94850706704752 0.0068589791014983525
53.38520576928351 -29.89500091926756 0.014372017905961843
53.526348695003584 -29.8816425130071 0.009223276208751498
53.53851754815758 -29.842680402075413 0.0031554418748442545
53.56101087206904 -29.7965871970594 0.0033364575573423564
53.50415089107188 -29.823244831451255 0.0028365376969564904
53.47190802166717 -29.837006266943163 0.005667344979968301
53.3247228054868 -29.857062711166822 0.004399433774976484
53.42968752260517 -29.833229351043737 0.0029268856448020444
53.333691585093085 -29.84037086728695 0.004587898218569678
53.291740918437895 -29.81568621950534 0.007507726350504327
53.36709558103305 -29.795768109637393 0.012605786130361283
53.333256405713755 -29.76223982506404 0.003640903552388308
53.40500777024335 -29.75136930549102 0.0035281886182060135
53.3695489829253 -29.72336768942492 0.00653426983140892
53.443158824292816 -29.69071269658276 0.008879582868138418
53.58001819437553 -29.79049658505553 0.0027955427284530503
53.64197210084922 -29.755614836006774 0.0068988100063768895
53.539820630628064 -29.731348358638485 0.006574882631409258
53.62539031883494 -29.69211404976508 0.0039480651403538776
53.60288908859385 -29.669801441574887 0.0040252340205929275
53.64702259913394 -29.66418387836841 0.0033956044543430415
53.64439616345343 -29.640214486548167 0.003811188107428748
53.49038876300061 -29.691887158950536 0.003066928911859572
53.56043460591648 -29.68430481403067 0.004546557883849065
53.51119596677423 -29.635523807257982 0.004553369557109286
53.66861040894436 -29.577791336483024 0.008865189626836795
53.58941335130674 -29.593127233203496 0.008950846710923784
53.63162919781467 -29.527225818864245 0.013497246659912393
53.24189401802565 -29.773531367228912 0.002867213544864319
53.28974759168612 -29.75726684662375 0.0052651567431788735
53.19978473077175 -29.73612303894851 0.002885320388551671
53.252359346788595 -29.72843322813458 0.004098973585123897
53.38053991542757 -29.707812261890464 0.007235611654525004
53.39019905883852 -29.64974008249699 0.013995526619613754
53.33115866440866 -29.67179345796068 0.003015586251388075
53.30591807341629 -29.648941867388228 0.0033658855113583505
53.35250843428155 -29.653171324313035 0.004423721112128297
53.32111021263698 -29.618397950583397 0.004622187881760433
53.21284968136306 -29.63527517771843 0.007140391586928506
53.160071052528146 -29.61174112761022 0.0027309133759251853
53.146984609570694 -29.61596421344401 0.0035663619664424774
53.2424099482576 -29.631294854279105 0.005354642856719673
53.244787311058886 -29.562271093127144 0.010628157817306806
53.194545404037875 -29.58302109868007 0.002757299103488231
53.205736832228595 -29.566000882342735 0.0027344977138071226
53.2071469333692 -29.574791411426943 0.003439093827025924
53.22476063308905 -29.560543039565868 0.003505738068446554
53.25972201604869 -29.56383566308886 0.014669797016188809
53.41768958259968 -29.627946747852715 0.006835836073887976
53.41207923428108 -29.610187531683092 0.0037270096275388606
53.454554452014406 -29.581161000988935 0.0034676825229016713
53.418073041432685 -29.547294348508327 0.0029787011947946087
53.413290302444565 -29.52578392990593 0.005786198316697075
53.528937544952065 -29.552542002310517 0.009173178925226394
53.53516958538253 -29.41704763702803 0.0030292551480138406
53.365525552578845 -29.54376670843341 0.003021710193340407
53.33083198216566 -29.514513779694948 0.010203448683598265
53.33883438485444 -29.471166481619157 0.004306703265296428
53.47756392662846 -29.44014686455103 0.0036702522165376937
53.450287301517555 -29.44631310545023 0.010406165163769032
53.4292086215372 -29.411234084463143 0.002979348796273421
53.497287643071665 -29.41028195702804 0.003241571531724356
53.425708098890595 -29.38759319601264 0.0028744351805899087
53.38053117661407 -29.394612690460704 0.006920246663538386
53.4485513378963 -29.38426428848507 0.002666930416848226
53.85118657596315 -29.58592066694125 0.006225408145913641
53.876475359200626 -29.53015087794153 0.0031653093062457604
53.865126086023224 -29.530117575914193 0.008623350322495109
53.833134694689655 -29.502574251309237 0.00278616065250335
53.83925090842139 -29.44408308711373 0.010005610431452943
53.709013814468925 -29.542165116437143 0.007310828978517685
53.72195228427309 -29.53568825417342 0.0033329251048997096
53.6637182752009 -29.472996246096763 0.002853919570525572
53.70047640156284 -29.450397831155207 0.007119290419561386
53.724695863931736 -29.39434038300242 0.002982949696461398
53.79685046415389 -29.366781726475427 0.0031286605033411237
53.94472511939677 -29.432622748218105 0.006706354623140279
54.01259029209029 -29.421877944440695 0.0032619499987791576
53.98200085530846 -29.39238877518016 0.003458363107134633
53.90944301794504 -29.381822674267298 0.004068151281933855
53.99464915172802 -29.347582722284244 0.0035095739239908484
53.97335552485972 -29.34575071384878 0.0031270131286509533
54.039984269542096 -29.355597193334432 0.005054512205640964
54.12648982492222 -29.323653857230585 0.002837059144100557
54.08875836972822 -29.303163456148116 0.00500954814273473
54.04143475485157 -29.279198269783436 0.005208219984057972
53.89192851245227 -29.338211843560536 0.01679651277578153
54.03890935628011 -29.224315535712005 0.003718073361575299
54.018759449007874 -29.23290277876933 0.003041655189083359
53.94908216888928 -29.227802692069357 0.0032280704896967727
53.968138528215874 -29.21024798232884 0.004847657404494539
53.93013054420564 -29.18401478059076 0.009689605922901743
53.97604476134863 -29.160047379507095 0.0031055539597337686
53.6223864419852 -29.439013474912993 0.006181625199029604
53.568857837563534 -29.38256258173821 0.0031725648237007154
53.69340481056323 -29.367794968644805 0.003154850468128209
53.69500907880133 -29.35069830148107 0.01537578737208666
53.76536408378816 -29.303492477843857 0.003955743877867923
53.77264275535068 -29.302050187077803 0.004724850860735866
53.673100298819904 -29.333883075957104 0.005013998729964942
53.67291204993711 -29.33901233661961 0.004686581346495948
53.663632222741406 -29.306587879073465 0.0040337790364554284
53.71888788550246 -29.289515781350776 0.0055948211712451455
53.51128249836475 -29.33031895259104 0.005951582726275645
53.53925864418 -29.309117328248263 0.002883645268502832
53.52009209544989 -29.257087150805997 0.003785900359190379
53.65106903540042 -29.232562449118618 0.010685476280705512
53.61939238139803 -29.221956252863716 0.004303215044499597
53.61259833925576 -29.189047706029623 0.00747485865129888
53.64858713935119 -29.1930916977404 0.004183095740671381
53.61477811353335 -29.166038968627333 0.0028069019330902354
53.799050035993865 -29.300636918885104 0.01504196000557534
53.77670043262451 -29.28820337204998 0.0030115364195835628
53.80362711711483 -29.264993005061847 0.0037144977499895585
53.81319832444226 -29.267065847953667 0.004216252334055228
53.80189634048337 -29.2599450442609 0.0030729080108762847
53.801562626705014 -29.256290056271176 0.003499951769075442
53.87681799889034 -29.212287663422092 0.006285998160852157
53.88991144186337 -29.155686051888452 0.0043342174330370156
53.88363514904735 -29.16341650410268 0.005964281797707827
53.851667307890814 -29.144585481876796 0.0038311830234668887
53.82321992752191 -29.125277943120977 0.004818513550310818
53.87839374380142 -29.118536543042797 0.005163453075843174
53.858459619027194 -29.116237800248506 0.003679855240864372
53.72704612594069 -29.17310476336627 0.004759778244172374
53.695892939773664 -29.181391511078633 0.003446588579505204
53.67035565728893 -29.174098163448697 0.003711232430662202
53.76634651895795 -29.1500253303977 0.002724763980709014
53.738864932414025 -29.096910879049247 0.003554230297370216
53.78874975559339 -29.108899170926744 0.00449467614137517
53.819809881814685 -29.092116728953943 0.0091971435407646
53.81659281616095 -29.091337147580923 0.045738073295811796
53.86202554463617 -29.06382129707224 0.0036547357346526604
53.764650518949885 -29.032830927624342 0.0036647243144709535
53.77574440174963 -29.020209771560108 0.002715369025280807
53.13277166637637 -29.536033702839447 0.0029317969224214643
53.05632975498423 -29.598031008519165 0.00328483065203398
53.07474542513635 -29.58055317726981 0.014984773561947702
53.03084473396864 -29.53876462058526 0.005795055967054389
53.06511724381061 -29.51019201601704 0.014170190852333824
53.142989536584786 -29.532549966341332 0.006433540653633761
53.12617669887035 -29.502554206232944 0.009970874606593206
53.10344583850009 -29.484863955678655 0.0030013632090322814
53.01608283779171 -29.537593231072115 0.008121441766485393
53.07420154781536 -29.39716995028289 0.003976101658292188
53.03065032532526 -29.38091210476025 0.002844277918137933
53.10375261172777 -29.365490505794476 0.003478385440784484
53.1124658732676 -29.35101016727478 0.005190094490030747
53.05305157043375 -29.348510984653085 0.004198979357477553
53.266675818252665 -29.363132108292003 0.008750106412194527
53.235676993531435 -29.35208096081531 0.0038214833754232113
53.36052945245259 -29.323455851670342 0.003038423837623234
53.27318499253899 -29.314599672046587 0.004867031248507159
53.29306203706961 -29.28396873537986 0.004460431709851542
53.33201759651956 -29.274917753352163 0.005697975133641364
53.15930419785795 -29.329585295380927 0.0029152233214757824
53.12044104178757 -29.343981546268353 0.007177467251349098
53.1602909032181 -29.301961473813495 0.002645967189903648
53.11316323653738 -29.32844598687292 0.0030201539727493227
53.13354116699289 -29.27766830025836 0.0059196947742625695
53.16935204391957 -29.2745329669095 0.01602916426839354
53.261770553110075 -29.300784806918205 0.0050896129246129915
53.24352466064905 -29.28969235975989 0.002911118335271404
53.18117873884341 -29.228377671136492 0.003982902128092941
52.90975515909627 -29.45464813470744 0.010395965979530426
52.90354705602138 -29.453210945118613 0.008021776813391687
52.94352982834708 -29.450665303656365 0.007575347671267974
52.97647298309174 -29.407152442360974 0.0038395284027880915
52.90338999484231 -29.372736457252113 0.0026419994302129338
52.92473539861744 -29.35035066833102 0.010739056063188288
52.89477364565656 -29.353699604763996 0.003480256991641307
53.053814027015655 -29.28360491742902 0.0030700793437493904
52.81159859908241 -29.3530233671483 0.0026877399994869474
52.801690379773504 -29.339019896652054 0.004499436941002411
52.80628353524751 -29.334448437248508 0.013712635897082505
52.89762950101928 -29.31234072626148 0.004667999809139727
52.85829748981473 -29.299783914861028 0.00879707307619889
52.85757083881094 -29.286714065360528 0.0034319080199326788
52.85585665663934 -29.286342095378178 0.003870849130045128
52.8034174478133 -29.314957848291993 0.002920552682046421
52.761855031389494 -29.325676892948945 0.0028736788697940885
52.773359892855595 -29.31376864356076 0.008152757781373232
52.78577678939664 -29.296244362944552 0.009295540761492417
52.75981922145812 -29.292011670034267 0.015400983997910154
52.91454642549284 -29.299138327710622 0.00921775147348561
52.89249510807114 -29.222882443705927 0.004724340428214479
52.82776922293736 -29.232324461554843 0.003434976336963452
52.91775315060413 -29.17803523236283 0.002674577763900815
52.89611511333505 -29.18468325205428 0.0033111095098904723
53.12120108503675 -29.262692502620247 0.003927145929696705
53.12836740273353 -29.227288129552075 0.003354672276403605
53.143515071152 -29.20358880677591 0.005164914238510451
53.14401071292439 -29.212811957814285 0.027164078923805134
53.11336053689216 -29.18006507662835 0.0037778630865653467
53.200949030622944 -29.17027430577645 0.0026491808048162047
53.15030650148355 -29.167213245453308 0.006236328800662183
53.1494308675647 -29.167441331437043 0.01866300702843223
53.167458971596474 -29.13896669865628 0.0070294249676601615
53.11842050239182 -29.122354384820724 0.007295368684233821
53.16400318768227 -29.131988566651117 0.007189141465838744
53.16357298686015 -29.131816057820124 0.004714795329185316
53.165984146994354 -29.11400000388286 0.0056292778436754735
52.97742130135056 -29.166741939058383 0.004082325028449639
53.0472256328367 -29.161619713489568 0.004543270497313122
52.96159777861887 -29.14182360108977 0.003858146723323619
52.98217936546555 -29.114872543112785 0.0028142321465808463
53.06232242920771 -29.11887736849179 0.00609454937195029
53.04746392096053 -29.06007592101606 0.005938558508294106
53.4854978320944 -29.240653931811433 0.008884304694496767
53.508582333064645 -29.23986704934921 0.004270502491865893
53.46179701625499 -29.245460363592738 0.007125868843752593
53.46755712845272 -29.224624708175728 0.03123728472191982
53.38534130937399 -29.246585285277973 0.020131232499206616
53.4321139490723 -29.229973764666823 0.007837880353473936
53.45548080336331 -29.202301859311824 0.006189583621057555
53.43955406272714 -29.16421991421879 0.01321388125083591
53.44446342196537 -29.157386002465586 0.002684049986162676
53.57220049446464 -29.120694787957685 0.0037647985677839377
53.47448221581658 -29.144485329204052 0.005462823193403065
53.51413688927392 -29.109044576273917 0.0031736696568004483
53.32995701859274 -29.187912483977644 0.006287232339127096
53.312762612819405 -29.17511340253504 0.0027110685229068633
53.31432141718575 -29.166393181540247 0.0051170092802911285
53.345140543879594 -29.139154424687632 0.00386778272741842
53.3013048809288 -29.132049224402184 0.0030788593139774644
53.4647503539397 -29.01004419325848 0.011367307140091596
53.58391873363472 -29.089197911938736 0.008039835809348502
53.64115921642272 -29.081467814332452 0.005580573720381548
53.58885303355984 -29.041521621658973 0.005086128749174055
53.5868138824202 -29.02951669544843 0.0044417502925040335
53.731421065573734 -29.006629576141705 0.0032518540821978885
53.65882177929007 -28.98797755615197 0.003398445460651689
53.65506817153594 -28.94839982273543 0.0030849461649878574
53.69412953561169 -28.948849057191985 0.003020432499760522
53.728249379131086 -28.93021288856424 0.00453502921973502
53.524943553058215 -29.04121601514967 0.0030188301210878317
53.54773480488272 -29.034725212634708 0.004367790653356549
53.57480936044986 -28.990671575112643 0.0033154814669754135
53.57737271621727 -29.000483301012217 0.004576311355677118
53.55629671442648 -28.999454844728 0.004284817949310034
53.58365996084598 -28.97942529110739 0.007450788311947824
53.47478513515737 -28.950171130664263 0.0036608116901092674
53.47349050941658 -28.939605536176913 0.005059429452847776
53.48179620355592 -28.930267751252902 0.002781877261078199
53.55332074449742 -28.93068366545038 0.004380178101466758
53.54671636488509 -28.914617450321355 0.004043751039149836
53.603082068390506 -28.89557177704137 0.003917580142141166
53.31358412089942 -29.07579683937701 0.004135550653971873
53.296887626018645 -29.058667129465302 0.005449059054432149
53.190033841600865 -29.05704483900198 0.007075459503482526
53.376217836172096 -29.02434384792599 0.0027307092698653696
53.37839787359027 -29.00265515510704 0.004773584059762632
53.37758013069131 -29.002648359113216 0.02808081291699095
53.35629463866511 -29.000463360109592 0.0027803392112365146
53.384100894092136 -29.003868692322794 0.005503137062805961
53.40379948246247 -28.99127263712235 0.004832659978075527
53.384161008018935 -28.98856627901446 0.00683279694396799
53.176503784881184 -29.04598024201954 0.02130016857725817
53.1597012433818 -29.023939414861022 0.0051456596782638985
53.23448790816376 -28.987932687243543 0.0030263120675379724
53.23452714542701 -28.97016856672401 0.0034058169270730024
53.14822970323991 -28.99512115864361 0.003528238580880053
53.10586768068081 -28.954060033422877 0.003311971222830161
53.22968339370824 -28.92215157737398 0.0038753908507164116
53.30163797941908 -28.885889292745528 0.0030914878188144073
53.44288952141352 -28.957500724975304 0.003387479530767844
53.43677365468052 -28.9309799146582 0.0035035863415885525
53.45897835255765 -28.922403196467748 0.003388894700010075
53.473758439467744 -28.90500019714861 0.004950781502375476
53.37887995816186 -28.90199710906065 0.0034004184555457314
53.385029260549466 -28.91480635236522 0.0035712098404259286
53.461998159050935 -28.839962475002952 0.003345640051985138
53.44396042437683 -28.82607517202087 0.003764866704925335
53.51424036318707 -28.845477439537294 0.002756598938730632
53.521594535022025 -28.73002994016015 0.006182417356190159
53.39665502273938 -28.816384414785983 0.011536627884175891
53.361154624440815 -28.802981936728383 0.002671899997865167
53.40036979189871 -28.788634976193 0.003395679397104726
53.3477511820122 -28.80139650731337 0.0030421801944645515
53.29731527549199 -28.800609936784305 0.0035663055514661315
53.27861605172454 -28.799831528085296 0.0033283547163132313
53.28688420228383 -28.784309359916257 0.003442946304725929
53.287853008936715 -28.78357808993895 0.004421260656689751
53.32334007469813 -28.77562242879415 0.009036768973590185
53.44059790988959 -28.770747565983033 0.0036064780194056266
53.469532529817826 -28.72387217905079 0.006139021786288684
53.37343758776151 -28.715488566725337 0.006330405566640435
54.12258338777644 -29.290023403665728 0.004079639185738619
54.15852095350816 -29.260297935366093 0.0030776477014202285
54.13923349855619 -29.250913068647513 0.006210397589897015
54.08658530400505 -29.20973001354995 0.006398551939243783
54.17991157065174 -29.18918096916429 0.008612671335730248
54.1318395092185 -29.159221189868003 0.004417475958689035
54.20830058343886 -29.16480017414131 0.003191428724653066
54.228169760708006 -29.12661557529949 0.007204248746477789
54.03942143858796 -29.196065541296356 0.0028341972650696655
54.0905076713298 -29.151134073874196 0.0031420666608052267
54.12082353773325 -29.1320310249366 0.003203046802884494
54.074329894516296 -29.088595242355783 0.005641365387681946
54.144735905457985 -29.102446236273305 0.003683908329124443
54.20327601482402 -29.0683918151138 0.0034645952818303646
54.20790000085969 -29.0561808056515 0.0034522285878212803
54.126689371592605 -29.06311505861019 0.002725375199683072
54.07879774296653 -29.073141004823224 0.002868529460924794
54.10503100440519 -29.045578109057985 0.0050666539081715145
54.32164304749368 -29.06720424182216 0.004801685757741303
54.38490118935917 -29.04964130016779 0.004081371707844954
54.32105080788806 -29.032159713007953 0.003366443225919978
54.38664169566975 -29.010260443492996 0.0026539181196963504
54.38513169679992 -29.00130587898063 0.004444700783056296
54.43557287692787 -28.993260889081817 0.013901121192630326
54.43909511048638 -28.988947726384417 0.002990404686250679
54.31897079612285 -28.971794351296992 0.003555452693799002
54.398782239853254 -28.942409184866673 0.0027615910059817787
54.427793247949744 -28.91459155107286 0.0028519377026772074
54.27844686933522 -28.998281570507995 0.0037176729767322975
54.23894594720073 -28.907543234013193 0.0046953130650175855
54.34414838975159 -28.871257321154076 0.003458704863689338
54.278337947766246 -28.91872954527615 0.003954131193600256
54.28566175334904 -28.8357362050055 0.003205576677012905
54.00025326956145 -29.089876470419775 0.008074554675172685
54.00954208125448 -29.04067104160777 0.002808018984264207
53.91409111321007 -29.06643489740008 0.0033183242024463506
53.93462258484888 -29.06757088383689 0.004760294149653345
53.94497903824453 -29.040844911859224 0.008309141591723227
53.941967522040635 -29.03616414944041 0.0058875605906740505
54.08678087433775 -28.94353397413511 0.008331485726386185
53.88623113941486 -29.040327880625476 0.0072096373446162475
53.86491127364089 -28.98420757329021 0.004275511654628981
53.90156115628749 -28.97133204353697 0.0044552631386519355
53.88184350645652 -28.97074630349399 0.011917032660981404
53.99157888331895 -28.93707285417103 0.00360930048287601
54.02491819029763 -28.911923665074408 0.004423040638191826
54.01053991913861 -28.89464540210562 0.00925786203886479
54.011291223853 -28.864361357416747 0.00510241360170518
53.93764589909728 -28.899796105826912 0.0033347490278373
53.947531655256405 -28.889358366484203 0.009431410321548182
53.946779974892245 -28.866519912705822 0.004060683629252756
53.96154499845294 -28.86157151679115 0.012872336954716583
53.96622376206596 -28.8156247748458 0.0027621696536523394
54.20988764915429 -28.88451467096244 0.0036790286902826596
54.16592372935416 -28.899785531910464 0.003796600010618783
54.15622555127956 -28.88360089057277 0.003773823544028787
54.180546352495085 -28.877360949986283 0.006332806081931212
54.244973616884934 -28.83140767738061 0.005328911829696048
54.20272911177733 -28.85925745212908 0.005685775523875407
54.214573106548904 -28.771455040003215 0.006983183906643179
54.22615802839193 -28.737709633746565 0.0035170995792004416
54.059394111073786 -28.859059804456862 0.0032487043848915954
54.078846851629216 -28.82842645047025 0.0036248699473104525
54.07604151155832 -28.83841615253117 0.003719716058373935
54.0874646636856 -28.800475913339135 0.005560945510474732
54.05117829360975 -28.79491502437617 0.0052319533091669335
54.05325636031651 -28.749057586691535 0.03788428085707344
54.13466157187687 -28.767856151419117 0.0031889708146735376
54.12422837547048 -28.72713113176289 0.003224678296451934
54.13968970990732 -28.71591218206441 0.004849045280831724
54.131883653296526 -28.71641922512069 0.00289263428657206
54.124577636823865 -28.705022251205072 0.006999986132038081
54.14427026656822 -28.696762513600785 0.0031859995462753254
54.5121156788807 -28.918035717674176 0.0037170925081316817
54.542580642953666 -28.921959081942056 0.0032058575775775785
54.54842875279606 -28.89769099732226 0.004067914109710578
54.48265359072752 -28.844738664770503 0.004339114142600917
54.45053193691467 -28.843577041823956 0.012880056099642729
54.57871989667361 -28.847225067120156 0.003017253499121337
54.597426151749254 -28.836079170899836 0.004629621962531708
54.555820252378034 -28.84678767744251 0.0033841304416658206
54.558760146336375 -28.8539160354168 0.0073081781348032695
54.59691797966858 -28.81307741553535 0.0030891211763241985
54.583302171622954 -28.719667625742225 0.004287028785507827
54.38493697866946 -28.843038256880305 0.0037377805054514433
54.39043232903777 -28.82437887098077 0.005876232551279692
54.46392474421951 -28.779662571934654 0.004049413157161163
54.44909242201864 -28.77231845555063 0.0037082277931411176
54.33861592134432 -28.79892846338591 0.006578723363443185
54.55170144490637 -28.725977104975826 0.003449012033546403
54.637095222358376 -28.7476732347022 0.004005061364490354
54.72062683493317 -28.736726145802173 0.005112601988635677
54.65412177715509 -28.709906029214732 0.0036224434099266984
54.735602137179946 -28.68221351606687 0.002916425787065444
54.70478109663947 -28.65020785502537 0.0028417887759528354
54.73301303774864 -28.615108097346695 0.005871652765660243
54.733569799362826 -28.56968516988169 0.0027423270632741656
54.75863234254159 -28.54916219243175 0.005219699240223353
54.58464629949326 -28.680769388983254 0.020696543214116483
54.58804969114403 -28.67489642772637 0.009577697904890254
54.600297895270955 -28.65827599595547 0.006652511280037682
54.63111499064048 -28.66182963662461 0.002985119934201745
54.628509611831326 -28.65205157692788 0.0030126505199213715
54.65633700550133 -28.635559951076505 0.003053326342631917
54.560370862692665 -28.602635083077224 0.003460416543487253
54.70255604147698 -28.561798897560134 0.002929889285829862
54.62572435520708 -28.549029992677333 0.008929252922862865
54.649121470791584 -28.55181067695215 0.004717551116547544
54.6775232853374 -28.47040965743779 0.00305933249489343
54.66803052691199 -28.471739990943433 0.0029410512306306522
54.322356652947256 -28.742400259235342 0.0029452275184772706
54.34728482084258 -28.71386044376069 0.002718743929646652
54.329920034214815 -28.719956413207836 0.004570347524369218
54.267498881716584 -28.72009291098348 0.0026716307262656586
54.32908455133313 -28.6844739749685 0.007232950111644252
54.42439927037841 -28.65715659810352 0.005755774550730781
54.388848993085105 -28.66901457484513 0.009836615474624472
54.36906402210828 -28.67918767663047 0.003977808483212021
54.45495509537798 -28.611058670659354 0.002854933157792891
54.2232224474573 -28.699254473300936 0.0028734706438061372
54.24562415458095 -28.66938679694776 0.005663470981535
54.237976064270555 -28.676378427836653 0.0032589568827187387
54.199220828145215 -28.68727233738908 0.026035023835535815
54.276023906066705 -28.61704658352543 0.004273319451027596
54.23954727349254 -28.616570638931616 0.003354758482020278
54.31395741941129 -28.54411887813942 0.005991207753457277
54.30365094694099 -28.528951710278495 0.0032225779755335193
54.325346275778465 -28.485196010354336 0.00365763335860524
54.5005065035872 -28.596112919986915 0.0027173061055917624
54.51215797877109 -28.573032695871905 0.017250335642049437
54.52774864063371 -28.49099052738207 0.004654267867036047
54.52939973912003 -28.437074227244516 0.0030661955542755372
54.40894539998379 -28.517321914445752 0.004072556935813624
54.47448073246791 -28.449391928045017 0.00970898577118875
54.48850060194672 -28.34652656947517 0.0028593469121319863
54.51281818946023 -28.347124416640852 0.003073032509146397
53.74960681610224 -28.904400535663903 0.005001235377591293
53.85267130110326 -28.85676347613261 0.005165120104463047
53.8527119736949 -28.85716280956448 0.00357320180430911
53.81823033537768 -28.8081379002037 0.003534358015707055
53.89419889048339 -28.78220943238888 0.002976599363936686
53.88072662939011 -28.744107299336065 0.01913580688962518
53.72776782143382 -28.84220490301085 0.027839721256686028
53.74370712729678 -28.81843381419416 0.003517961559272849
53.699885980309574 -28.741222205847755 0.003925981914288957
53.84074777332528 -28.74284999547895 0.0028668754762142864
53.728839619759064 -28.73252709896154 0.002664427145286912
53.77276950389897 -28.71032371544711 0.004408768749300188
53.78152551923379 -28.679869141528005 0.0038071417286436996
53.96417488163009 -28.78943993112732 0.006281576954629466
53.95478866960853 -28.78054371753658 0.0029957076924815246
54.00779999133071 -28.747297883959025 0.012229152608285655
53.933221095109296 -28.70766341387759 0.025220134166845782
53.93606853485297 -28.697254167966957 0.006580040923041403
54.04959533426275 -28.64044578538219 0.0066066036752092305
54.04632626383344 -28.64405911119598 0.005534740769039729
53.99300453475681 -28.6295056707727 0.0033631925290730285
54.007069986073326 -28.618486326692345 0.007478084695943516
54.071375359147176 -28.59718625416193 0.002803729683604962
53.865020206655835 -28.70290609971298 0.004975674761177074
53.93062135980636 -28.633834477924648 0.004631679552145279
53.91408822951452 -28.600125628913673 0.0035492055307910077
53.93844080235904 -28.586521347944903 0.002755109311836631
53.93572538233764 -28.587086287108814 0.0039236626429692955
54.003028463165336 -28.513936147613705 0.003998138823371208
53.6369385960837 -28.76010623526201 0.002807846937187454
53.59066583029759 -28.770782222381367 0.0058936473310205245
53.58844662433051 -28.776198375031097 0.003200763453620247
53.598886377256896 -28.755421651541223 0.004170448135711426
53.62930001819059 -28.71227249396596 0.004253787636121335
53.664640318299334 -28.6381593001335 0.0032161942385900357
53.70461260662115 -28.6021936790212 0.01356189677971938
53.6826582899794 -28.598052815401008 0.0037187727901723225
53.52092468006924 -28.65299226297125 0.003377313294792789
53.57912906665398 -28.631018462629942 0.02011066050607851
53.51117265078147 -28.62768069743937 0.004167580953955597
53.51319240230135 -28.59414698708174 0.002930425869740595
53.58607209642322 -28.60200319616201 0.0028998167867442504
53.65903895455904 -28.564467524981843 0.0038871640505957214
53.63044681990167 -28.53605248958866 0.005861328397182526
53.6574678235034 -28.50893429881517 0.00939954734237221
53.59660681167632 -28.49629189465835 0.0030467579962540165
53.78466821161967 -28.626382309303775 0.005497922828920437
53.80190549257235 -28.609301768273745 0.00394113071790354
53.820675348890546 -28.58820687815008 0.0031588277865349317
53.8219404778434 -28.54941153480016 0.01740650481699341
53.77940335675823 -28.548275485484755 0.003521683192295185
53.7892326499743 -28.485853431131257 0.005422734973880216
53.893548865072106 -28.50167508589256 0.002654147103959443
53.85313384349966 -28.503162345866063 0.002930945241325061
53.8703716202972 -28.494568539749057 0.003588550602303704
53.9145547577173 -28.43913745990421 0.0046593312755861165
53.90644831465906 -28.433249071735563 0.004961304179492196
53.84433429581039 -28.480736563213924 0.0033865000364462863
53.87903136781493 -28.428564501928065 0.0029897497250313035
53.899721718175016 -28.426171759466 0.002798453143599688
53.89060317176008 -28.425342018584864 0.005621795578635253
53.69141285344927 -28.52005165678403 0.003580165676538278
53.71138241083295 -28.49907838523859 0.002940551396399546
53.67216807866534 -28.499404119265325 0.002719326091014123
53.71633230534454 -28.487929524695353 0.0031041211623239954
53.73137357184977 -28.46899608979179 0.004513889305348007
53.7229588060562 -28.44738070611638 0.0033727430777960436
53.78590452564247 -28.43810196264009 0.003881623956990371
53.8313535930607 -28.417089220354516 0.006640936378280781
53.82069208543712 -28.367603927626185 0.004442814029554304
53.786928132467594 -28.348380105024223 0.004874950717355556
54.15878831532402 -28.56880152782347 0.00411112270709474
54.196342663281186 -28.564583174905376 0.0045442447549335985
54.19044421170025 -28.55159744056852 0.01687092985012484
54.189175587574375 -28.554929370857717 0.0034775010886025984
54.1959156140345 -28.52678751394741 0.004634418931908383
54.11657694580894 -28.55889705157228 0.004163915902684234
54.137990350163854 -28.520055257654548 0.006918366334448299
54.13502739404464 -28.499236933154467 0.003916834393094372
54.26477904169855 -28.51004163874132 0.002828544688615244
54.28843108605468 -28.48411609065012 0.0060280460952354085
54.2974960194663 -28.471840855162235 0.006000193755063463
54.24658859672586 -28.468372448144446 0.006235246318515788
54.055577693153545 -28.500629690350287 0.009389109837053362
53.97246660183698 -28.46718811128962 0.0026886059760403516
53.99237278605341 -28.443457397983817 0.006274333219178325
54.15596982761645 -28.438404306923733 0.003921379549593622
54.13511897629745 -28.382403343935216 0.005676295741529355
54.17928435454604 -28.40140328300989 0.0026680735017024443
54.25353792734503 -28.39376945882348 0.002930354515216014
54.28663755926754 -28.33811494058937 0.007563008693651574
54.45738538183285 -28.28598940122576 0.002755846314755669
54.37156086788444 -28.26403118842131 0.003470525458831597
54.230058669758385 -28.35836972577841 0.005123731929137059
54.19405874060571 -28.321979517741987 0.004073820831516729
54.32556440900911 -28.266075212467378 0.007498907811878294
54.384592174156 -28.206288859082708 0.0036828466836387607
54.30260991577421 -28.201600804771232 0.00323068830549237
54.29008958678262 -28.196608814655328 0.0030442461090004003
53.98283190171939 -28.435140649219345 0.004970398729760112
53.97674324011248 -28.417123884756368 0.006003805572897233
54.03874737495748 -28.38379475832608 0.003450408576293891
54.090374058835486 -28.2571556032755 0.002832929876840211
54.00654350814773 -28.33013356305212 0.011800307908598769
53.9822785342622 -28.292911715482255 0.008975330292877854
54.0253046568288 -28.268290158732675 0.004348243782279226
54.041359310092304 -28.248998456156745 0.003521962719763964
53.911191889778486 -28.33390561639979 0.0028613452939108028
53.87883188842689 -28.33336370248462 0.007446107204199772
53.85363512400823 -28.337194296337593 0.032682860715463294
53.87424856818271 -28.307570162012432 0.002795177196541735
53.87548791158202 -28.26668126429468 0.0030289697396417
53.91334965758746 -28.248882256014145 0.005707442234008475
53.86537188433575 -28.24577800763922 0.0029743148170234238
53.87675247756134 -28.22220876823846 0.0028611511047277574
53.94769983083094 -28.272564099367095 0.0033127141641150796
53.94053511921966 -28.232353209677026 0.002654360430933567
54.00604526947901 -28.201984646035577 0.003861757508395913
53.956112100994474 -28.155508724988913 0.008873866475252462
54.20953803551931 -28.21584563035653 0.00352345488125405
54.21100117507377 -28.19137219396484 0.002843749545669803
54.06200264832419 -28.21225380491551 0.021352874725382533
54.0939492198049 -28.197938355270217 0.003218392108072108
54.20936781348416 -28.147083551339772 0.005059282667914944
54.234806566897326 -28.138700536590875 0.01730911405432634
54.24369141082856 -28.141842437789432 0.0029747361392877076
54.265482427727534 -28.148380923106245 0.015696121962454644
54.241722548234904 -28.13248874167107 0.033160704961410256
54.2743099206772 -28.09427580822214 0.012160717357706704
54.20212034002317 -28.100998326710023 0.005988108345383956
54.07696257150988 -28.176044319052696 0.009692140353825108
54.0687221078462 -28.13847788752609 0.009935765195932776
54.02268753315999 -28.119961148831763 0.0029301218406881926
54.0235608002537 -28.10402129639579 0.0030594644740757266
54.04425165621335 -28.08813557582352 0.006724173869306576
54.06288597170961 -28.08887102528473 0.007792766522343849
54.06318093564876 -28.08884969049753 0.0041247829416197835
54.04311123680437 -28.070801212439605 0.00546663565486967
54.10883549078238 -28.073886747478895 0.005698166427510929
54.18200860126608 -28.071899005742132 0.005698121358726755
54.186725943206646 -28.007946954378493 0.005645164796845725
54.12356305967196 -28.041505111310062 0.007865107711806091
54.106592875917705 -28.03202887618039 0.002679876742172563
54.13622092220823 -28.00645414853262 0.0036676031293560616
54.116793202379505 -28.003083118848625 0.002825979028352423
54.12892679663833 -27.996601585351144 0.0068081094591694365
52.784729632302344 -29.239898073786406 0.011327232103349261
52.6897966243053 -29.23737888892433 0.011429624419996138
52.716402548322534 -29.19711692721713 0.0035872127507394448
52.70877450588609 -29.201348412365306 0.002707561279116963
52.850247584022895 -29.194075059531713 0.0028580211912787265
52.84551842765336 -29.109790303578443 0.0035600909626005563
52.84449477436283 -29.10919898150111 0.0059493347314409995
52.63934355106659 -29.19753329582106 0.004095435067180088
52.61590899856964 -29.186192330347648 0.0038499230982603095
52.70638249848877 -29.12784623345801 0.003031851526994158
52.656318553863606 -29.14979306321774 0.0032447581326219338
52.58326954664174 -29.155329581504155 0.004793751195674611
52.632322479574945 -29.116115387649064 0.0037284806163232014
52.64002841378067 -29.092441664105944 0.007071815304295825
52.72546688404168 -29.13168129707106 0.003434687816893975
52.73720100015773 -29.07565868485473 0.026187082933954553
52.78373327333449 -29.06971038898354 0.002858633175918705
52.76373398458351 -29.055912709903545 0.003219807699831543
52.686640727335 -29.073295619381607 0.004385102200495915
52.758069420970216 -28.996202611584444 0.0028823889196099993
52.7405597526569 -28.98656745306883 0.0041112729385900946
52.94567619776392 -29.100006837236627 0.005436953699537086
52.89631708443191 -29.09962927329899 0.015389411930172339
52.90888494177895 -29.082162141535 0.003034519094594334
52.888613012793094 -29.069470918685955 0.0030483159228027706
52.87926456662273 -29.058735371756093 0.002840419690442445
53.01953662481825 -29.01601463072896 0.03192966272736195
53.018904049650715 -28.991323312144445 0.004181565121197788
52.92203541565072 -28.96028564548127 0.00496810057996319
52.945239415139255 -28.942600340779244 0.0075873742201316395
53.01992983378896 -28.932661818805332 0.005151542707930501
53.02979496955766 -28.92733567208516 0.0026528229718568155
52.797710520985966 -29.02205040726424 0.004062770820508001
52.85999859408704 -28.983426717541796 0.004371874179011667
52.93302012392672 -28.941413556646275 0.0038462675830269787
52.91733315849088 -28.928474258488176 0.010309246277753181
52.54809379205307 -29.12861179567543 0.004950231958369802
52.54788517848122 -29.100781077303655 0.003244004773645929
52.55926139348287 -29.06071528494189 0.005911878972220803
52.63690834758535 -29.02388802320765 0.002964148173571588
52.58497282550439 -28.98879230916432 0.005427279146176069
52.62068818323005 -28.962832018518977 0.0038088350905907953
52.595255378519944 -28.972608634340297 0.009453829262471661
52.57200987059028 -28.96122898643904 0.004438099959280358
52.59389291218436 -28.945352806525793 0.008593902943678795
52.64229511820696 -28.912600158145935 0.0034376814416999155
52.63632957886776 -28.91058702687768 0.00558556653682844
52.47817877935132 -29.04609969819432 0.0026745645540734403
52.531523389311715 -28.979377602986972 0.002817443136682348
52.51836215140883 -28.96451857256987 0.002946467598342701
52.455755628068474 -28.95754669252509 0.008505680683961424
52.6350077701082 -28.88356216721896 0.002686692046185896
52.5661588311365 -28.879750938871144 0.005307659263366341
52.593080052872686 -28.85293333064193 0.00998216569792903
52.546578265813906 -28.890612165572083 0.0038809271416579646
52.53806930377186 -28.886877613313125 0.008696057337614473
52.67809611402517 -28.914838802384335 0.0030780694152131903
52.6946362856034 -28.900402968209836 0.004040550318941981
52.68103256084924 -28.884546336909636 0.014634883500155921
52.72242570257791 -28.82489657328256 0.00854703819259739
52.7288124231525 -28.816723856402422 0.005095992434984476
52.84976488451843 -28.8577024033039 0.005220956137524368
52.797767119803815 -28.832710430533005 0.0030079693705055044
52.87879212635819 -28.786223926839785 0.004312776174554767
52.7995959293138 -28.78379608343137 0.0051429621678223
52.79581402127714 -28.78160975806799 0.0035333721744388435
52.79348532682298 -28.760529887820688 0.003054251772706558
52.651290601132395 -28.86699858906582 0.004115025820476076
52.6286452077309 -28.83635293148866 0.006598554827634706
52.61588668110792 -28.834274488962993 0.007239011217649419
52.6487989380058 -28.819211449275524 0.0036118241257988236
52.61512801663894 -28.776080793985848 0.003539920222244536
52.76399996500719 -28.7026069569763 0.0035597438600953523
52.69225849061404 -28.69589620406148 0.005600121887786188
52.70528085522427 -28.67600226730961 0.004864069532632033
53.068358667344555 -28.914600818977316 0.005124721095581096
53.10701162067359 -28.851283971115205 0.0029034104099001324
53.2478226391455 -28.79229807108102 0.003866505031078015
53.22092157544197 -28.791568401769915 0.009943085630802397
53.10461332793944 -28.809222152243585 0.0029727339268157613
53.16142074026373 -28.754572100596818 0.0036342908411344404
52.98809240308319 -28.798166575955214 0.0027706850707905437
53.00172580059797 -28.758239912083393 0.0026804628940554844
53.144691250973445 -28.73965987115148 0.00479343844357937
53.13890623711987 -28.74595361119999 0.005943014154445992
53.122510657719346 -28.72980232144441 0.008233120363918264
53.16416133377322 -28.71532924815951 0.0038040480116409083
53.164911644667825 -28.717508727714037 0.0049586608396099225
53.10968977338024 -28.7292673218672 0.005031965091746283
53.04885645242938 -28.74467824810652 0.005496959403733781
53.05074434365101 -28.705341138723497 0.003759340033950801
53.049561313348576 -28.69499249289277 0.0034708489968413394
53.10100285698986 -28.666703315334527 0.004003842586725252
53.300611053679575 -28.73386287651121 0.012104054754522609
53.31379065580752 -28.705462083013575 0.008940439313945479
53.215855887834586 -28.74689130780264 0.004028450574592987
53.34522491358395 -28.71005266491479 0.0050899784030713265
53.33479327565173 -28.654877794787 0.004899556437375926
53.41565825100906 -28.61207208872077 0.003188915192867919
53.36496406518833 -28.628112115743885 0.002877861866941876
53.34979658987714 -28.62352410267642 0.006262054666700293
53.36825343144374 -28.5832282784228 0.005513889451133842
53.15573266688581 -28.692493670133537 0.0034274039634756832
53.201431964163746 -28.666805907485823 0.0053022353962535575
53.137513739446945 -28.67557156806044 0.02996790705780988
53.17054409488957 -28.638749360003917 0.005773640511928074
53.20961815259893 -28.657254169053505 0.002885732891884356
53.23893328623875 -28.6258411775615 0.002737180451134089
53.177839340412376 -28.61095197264699 0.0028903570800712644
53.25711721912371 -28.608663122442128 0.003285402056228844
52.96224382868448 -28.7478478305318 0.004794949743317863
52.86312359064693 -28.75045469576988 0.002798688122127671
52.916746384773475 -28.706233502401844 0.002762967710912818
52.93451402053846 -28.683284720792635 0.003089645303998101
52.915697842674774 -28.658434515484245 0.017525645171600455
52.984694675741686 -28.69482129172953 0.00679704037406315
53.005436709696035 -28.684546336496048 0.004307154442403649
53.03078078257192 -28.604301794880342 0.0027973592211956175
53.02298173522751 -28.607927022682812 0.005622588042010776
52.96875048885653 -28.656836316982467 0.006463664404073208
52.94894572907512 -28.643360210434192 0.0034202280516609615
52.98496382780058 -28.63408999687228 0.00496709429413355
53.03185457698494 -28.58605826258931 0.002725153529899909
52.8546414249276 -28.62728242202624 0.0077196283897771785
52.82478946002149 -28.57333221564673 0.004114231543991164
52.95244139396045 -28.573396025164943 0.0035872884531790027
52.84882351818577 -28.568010200683048 0.0027924210271376313
53.05688234436567 -28.538204419325343 0.0031390636337199147
53.01871534812286 -28.53163353255935 0.0061167522389827455
53.03411197604526 -28.52061914234751 0.004356904740547996
53.18989258710313 -28.512522112227447 0.005477518772136313
53.24802737322138 -28.46486079520101 0.005672778085094522
53.17743218222571 -28.428866304470095 0.006926741646278889
53.1499900908976 -28.404775640720064 0.011100179955874258
52.99086779759827 -28.52864008377093 0.0026934776091789626
52.93116843150992 -28.475532341059253 0.0037298931829321514
53.06343603798576 -28.408357886224344 0.0059207224744652395
53.09696505078245 -28.398200808999423 0.012406552698704002
53.12770469189516 -28.33780360096882 0.002964469453305794
53.06344057497595 -28.39572757832724 0.0029929362377093902
53.08390052488773 -28.35806478517042 0.0027880765881885057
53.0872571324104 -28.332784089244203 0.003926967433072624
52.401719948953904 -28.89226212563656 0.002967169557758103
52.32347846543672 -28.871273511610948 0.008385862161362351
52.41300041356718 -28.85494712386044 0.00451896965056966
52.36143211305304 -28.853527410681775 0.007859930657989912
52.486103174311495 -28.806550219666796 0.015058636833555393
52.49253465050761 -28.743155165202847 0.00501708812675907
52.28661297253083 -28.839529724175804 0.0065077621191878725
52.264746223124135 -28.835512011142836 0.0036884214128085047
52.37302038604914 -28.80914935257094 0.006879292801713201
52.34694600511983 -28.79039259929504 0.00283929347651769
52.269913260106 -28.79458417433339 0.005974978606379841
52.21907838990932 -28.80094476139112 0.0029443119363788085
52.306941673402065 -28.771906731891423 0.0029930663863346313
52.423529692622985 -28.691063853014132 0.004669125470539618
52.338694749041295 -28.72057358331065 0.004916649447637065
52.374915095188605 -28.64814024215689 0.0032183147421115527
52.37184943437996 -28.651007092156572 0.003155758819435453
52.52565281539527 -28.75521304693387 0.007858351661736974
52.567303785854726 -28.727782896353677 0.006416014024985237
52.629190929662336 -28.723643946572157 0.0060277821017219934
52.64020010467687 -28.72071347516497 0.0036206517093060066
52.623676144729096 -28.702726704648647 0.0030726641235139197
52.593813405890025 -28.68862693884207 0.0033059014625451927
52.605828935247594 -28.690983982529172 0.0029034257528178387
52.527063554925626 -28.74012089832592 0.00303227597244084
52.53692271009615 -28.697788172671473 0.0074238238684096155
52.493248039863715 -28.735121598590904 0.004342979152326428
52.49838208797009 -28.71167540782669 0.00855081734692594
52.59127777472929 -28.66756078460807 0.0035646766768621953
52.524392429439885 -28.66650468109781 0.0027783663129630483
52.67513981782778 -28.677735154762615 0.003885909478854614
52.64305804510882 -28.67592043684782 0.010595008381687776
52.7022226317974 -28.649348966466277 0.0037097585088321544
52.68499280132254 -28.647166364485685 0.005294669726033504
52.60696985852652 -28.644055266850778 0.002809175386934687
52.60183646436373 -28.628166031208956 0.008232624167350114
52.639691388758585 -28.605363401233113 0.003156980465550453
52.52976033022382 -28.6453292560827 0.004389405663014901
52.55354445251554 -28.633087772204323 0.005069892544293149
52.46807190116273 -28.57072500106083 0.0030940550367236697
52.63088294880283 -28.55565725939162 0.004056690402749918
52.52026177668539 -28.52255996946902 0.0026766082338584
52.56321032162869 -28.520888541827137 0.0027329156310395555
52.231754036513934 -28.716516157211977 0.008655669484696581
52.240083155052965 -28.701092327688222 0.004458375203619704
52.20129316281955 -28.67502804592647 0.005480153642612221
52.34240960812682 -28.647800428691752 0.0039509805307764885
52.36570916797817 -28.62456056640036 0.003808983090032578
52.2310574211564 -28.65190296044446 0.004865558231629668
52.25636533236571 -28.61143242971527 0.00458638881477651
52.28610113660454 -28.59551719634761 0.002761349127888327
52.11765331258359 -28.675251298108112 0.005931780604139546
52.117741631188615 -28.67585675589035 0.005998903207197213
52.13811218630967 -28.65076874955555 0.0032061913243124243
52.129044600067864 -28.621968038649293 0.003261217315971675
52.10295791128941 -28.615398677723995 0.003834763540564156
52.068976816720934 -28.61268880887387 0.0027164228162796316
52.14254791786057 -28.586490204637176 0.005160870298174313
52.21423097274435 -28.571052121177264 0.003350520115230743
52.25256245261404 -28.537822672402395 0.0029486764728551005
52.193765197141595 -28.55772419784047 0.006641671319837626
52.19622875193285 -28.54122410686166 0.0037703109954281963
52.22003554522504 -28.479361149281235 0.012175815808382198
52.378268059413365 -28.62366823021939 0.0028038183880597835
52.417086472355514 -28.58124518057156 0.0033025503280644597
52.36444969749726 -28.595130277914546 0.004333074036529966
52.40059899556466 -28.566801833838777 0.03491973273723607
52.422281271890455 -28.5761638725378 0.0037916360572433725
52.409880855068984 -28.49453066688836 0.027119494373666706
52.3571921083419 -28.515862795842416 0.00985480283141244
52.363791421295275 -28.48022800323924 0.01001028827961149
52.46900358446445 -28.509531028787546 0.0036989039546438235
52.50736943638838 -28.463644522268385 0.0035624135959936285
52.52594877230379 -28.436466817744147 0.003025306389484787
52.50979070613839 -28.436093955294293 0.002825568625523818
52.43565726317929 -28.45680098141515 0.003465979818619964
52.453450261906326 -28.402071368085704 0.003341881103425234
52.30192034746689 -28.52925706985784 0.00503888317652681
52.29209133887269 -28.51528135862748 0.005792201071360736
52.29309523848292 -28.46427060759962 0.0042897846376722506
52.353303786845906 -28.487364357545047 0.0028404028164978287
52.30374135122688 -28.45389555947583 0.0030226817898453013
52.241896108512805 -28.45849374989936 0.006708113151544462
52.22824963142068 -28.45770889113625 0.005959343163613301
52.39413851720899 -28.40295048814831 0.028079897271121153
52.40777049225519 -28.381875138260348 0.0035397440434655637
52.37233546203771 -28.375606896803394 0.003109528521308426
52.37241058715904 -28.376819996084595 0.006636280886105744
52.73146102609652 -28.589681512800844 0.002690319252936021
52.71573260263782 -28.56787911595211 0.0037716301138252485
52.796996690892975 -28.53847723287054 0.0073634976001912735
52.68789156196662 -28.520831907587215 0.005749430646856244
52.80239485633505 -28.51824041601912 0.004368741766641193
52.79620540875131 -28.52023523595999 0.002691712675329601
52.78312713906316 -28.500383985947945 0.009706984018736238
52.79516492110232 -28.503928684913568 0.0074816645924867175
52.82607780811893 -28.470687792575223 0.0030619273682418323
52.84597728825147 -28.458440340269153 0.004416127255988417
52.881455141607205 -28.437247151854404 0.002980849706652568
52.7425447384244 -28.454941312841076 0.0035988264988817812
52.77061334443646 -28.437896405711843 0.002967412041037999
52.64512912590363 -28.532834181489555 0.005046670026955743
52.64063412562209 -28.539067136236167 0.0027434012653763454
52.65853657288986 -28.510330268919052 0.011386422633345685
52.59412128230656 -28.45052711490037 0.0026572122420677755
52.73892705309314 -28.442469979810504 0.0051093914817639625
52.7153677246852 -28.441458753128032 0.006146135626971914
52.76501553197433 -28.4104645696354 0.0027941443879965105
52.719735953401226 -28.43071099403168 0.00429370180459058
52.70317798489051 -28.409444008518538 0.004992253896411314
52.72447831919683 -28.408611435642857 0.011304812266281302
52.77003067820756 -28.41043002663856 0.003365270353702261
52.765305394305045 -28.39437869978132 0.002760767982209295
52.78003476378431 -28.355177380112437 0.004518082580732403
52.76449910020074 -28.33484931716432 0.007355905048068898
52.71966692763411 -28.32675756910636 0.003218018967849437
52.941415951322554 -28.37407842103152 0.003928302556526546
52.92329674419894 -28.313647431240497 0.00459672597210756
52.90949525248909 -28.29761614118514 0.0037487329595288442
53.00370503884151 -28.32694438276317 0.007247712367560941
52.990100373468984 -28.291328583254824 0.012108440990501372
52.97974988596271 -28.288864626742043 0.002677364832718237
53.00519954738551 -28.27559346073603 0.004541392721914407
52.783001848057154 -28.29969509493306 0.0031787133041954814
52.78317507353025 -28.27917010268496 0.005211861600367172
52.83979956563917 -28.228254236770265 0.009145781459748398
52.94835081262316 -28.218870555997977 0.00524879153833473
52.985065984986626 -28.19912470890088 0.006789667466456298
52.87920874366175 -28.21171935696488 0.003477732425523195
52.9382872341751 -28.16732565888831 0.008066125309626077
52.88679036021801 -28.174108385527997 0.005710460273938732
52.59631903568882 -28.401699686323973 0.004584120336085131
52.532431757340305 -28.39546896440634 0.017606783524635097
52.4961676053404 -28.377511571059305 0.0029241999787330566
52.49891228956774 -28.35544161451821 0.015604748716829864
52.5229614308966 -28.346521225266397 0.002729684914322092
52.67848818251878 -28.335320045532452 0.004029833423742161
52.67276051327536 -28.33462814475692 0.0075716180803627004
52.48457840387983 -28.338915691292513 0.02770957323541542
52.447671198415264 -28.31405723299032 0.0029826362004588447
52.47726129750847 -28.3136669009357 0.009155860553470226
52.48754692647013 -28.281275269090333 0.015552096401512604
52.467018204889186 -28.29164104148456 0.0030519317661815066
52.388042772149454 -28.292001381406664 0.008543002227806051
52.42830193753408 -28.26726944058754 0.0033569182846271053
52.47362133472265 -28.279420658254654 0.0027625527190817062
52.5864434432424 -28.252352511402353 0.0038186673645713427
52.57283019798349 -28.21509689882901 0.008428005679810478
52.57280803181546 -28.215368675781573 0.007356142347634731
52.502472010222306 -28.17831948855254 0.002687084969181532
52.545647584641294 -28.169533211836352 0.006128164428734003
52.53446056504582 -28.147687378728865 0.005462382456504809
52.709351875649205 -28.236703934828633 0.00700841159743577
52.738589009216355 -28.225318596452503 0.004192523924924501
52.70326250210849 -28.223425240262987 0.005263367259259226
52.715191564046435 -28.21214308430606 0.00329394057264297
52.66257444896608 -28.21256079104047 0.01102302099557966
52.751762356904656 -28.17413463015249 0.0030379504746355116
52.724756107924435 -28.134055827310448 0.004527275719240272
52.85411475609625 -28.1593441095001 0.003266174242778043
52.85395850532169 -28.15905027354024 0.0041471442303006294
52.88049827541502 -28.142512497277373 0.002919010045781881
52.86738547147218 -28.142058786350244 0.004960676708464862
52.77164959843101 -28.12707824065435 0.0044920134671611305
52.776735182286686 -28.098262043240837 0.0056639019253451614
52.784682232623254 -28.079609973673374 0.012064068365321362
52.64382399409732 -28.169893918017586 0.007637278707493917
52.70910161159108 -28.10001301443487 0.006247334423615887
52.61365381325407 -28.10916396897384 0.003116173748379871
52.754787879828726 -28.077806981567637 0.00370383553992288
52.757980668350434 -28.050990537225143 0.0028615507633801486
52.66578199489255 -28.043533682768185 0.007931777255621114
53.49640605252193 -28.544508562809927 0.0026743072987653587
53.45649856966765 -28.551157367534543 0.0026990905186626752
53.46216774023726 -28.52396384906078 0.0033566927814133425
53.385687704088085 -28.579372815592546 0.0030954760245771656
53.42305825190816 -28.54565949249192 0.0062548211298523735
53.3986241075895 -28.50093469055674 0.004232722040307007
53.57344064594787 -28.49060666007583 0.005174772357968366
53.484287284220734 -28.458995358376143 0.003213868659857945
53.454649345354376 -28.463015579986976 0.0028541207608030828
53.519778958532584 -28.424299945196925 0.005602762131245655
53.5216768719721 -28.433635836915375 0.0029320247678008
53.50179028242177 -28.42430820114316 0.003016049254388705
53.33470849073058 -28.522026040977565 0.004772623437076624
53.338701481736656 -28.494232395861133 0.007965570020850053
53.34078905534451 -28.50461677285455 0.0060237270491271845
53.34475798198728 -28.49372280622879 0.002758848038955688
53.378160383811704 -28.438950237973753 0.004937728476782884
53.31542561664776 -28.45134384072078 0.0046254090375099964
53.28907791564906 -28.44348569080687 0.004279556797380961
53.473126098476605 -28.387829759650828 0.0028817605025449515
53.4625471298422 -28.37055352806619 0.010592227247276653
53.44652778732122 -28.35845282586322 0.003961008867108506
53.43044848677124 -28.32255847141099 0.004245310840000001
53.60157059367221 -28.445926509028013 0.0049919069866670215
53.62257854436425 -28.41771291756748 0.004436417651836162
53.67291538780251 -28.355336258286048 0.0027676722837290868
53.59785685057722 -28.334561658444414 0.007537209548138107
53.59348940123161 -28.32305224147624 0.003819800749641102
53.68532620642219 -28.359330473560743 0.002879936649554565
53.7142833561695 -28.337460360900938 0.0050996563299023755
53.72652709733833 -28.298209824765664 0.004046998324753927
53.73339828841505 -28.25840830852249 0.0028189989857493546
53.5471090576323 -28.31937492944505 0.0048354066632165646
53.57617315510219 -28.312401651467063 0.004494187470488221
53.68031794325146 -28.202730042557697 0.003819313954372091
53.65356023250859 -28.187691739877597 0.003976892755973321
53.58853401515064 -28.14992484795795 0.0035798178532094184
53.29993282068867 -28.396558435617823 0.0047898367260284895
53.29124242287824 -28.350991695694955 0.011069273027817862
53.39050378896146 -28.333450449342397 0.0043962324197856
53.42694697499828 -28.290100198254777 0.0031427911362595148
53.32174445075023 -28.312448372370643 0.002872160000273515
53.28648172995376 -28.304823824990716 0.00587238207867835
53.33769085695421 -28.264467569122814 0.0053175725589259355
53.176013633673946 -28.37347098716551 0.003175071718767165
53.182333724059994 -28.298162588431897 0.003942324006380769
53.124015523559635 -28.30011696256049 0.008226037398141957
53.18352772416738 -28.257476618390005 0.003601945394402341
53.15070424726708 -28.244097954963618 0.004227133556639118
53.26731627588175 -28.22418261329674 0.0073895976859619135
53.32174889781914 -28.207339534071192 0.0036812263720092503
53.22835288645469 -28.234506497238673 0.005801261062856623
53.18707488626985 -28.196420413833277 0.0044535727871182346
53.26518184537492 -28.20240256931307 0.003999091211100418
53.26054803253369 -28.16758553438418 0.0027495121909094414
53.24521338781911 -28.176254771646107 0.0035969243559748473
53.22319946814952 -28.166232095596357 0.0032160576088934648
53.473942953580995 -28.248829532955597 0.002653453061957383
53.47376308123543 -28.24934462056732 0.005573820706459991
53.41939466516355 -28.258238629510807 0.007480425114198086
53.4654376327146 -28.210538180975583 0.003366485433221791
53.374862036055085 -28.199100229722045 0.004101622006976346
53.36580284552842 -28.19249372372388 0.0032479842126523478
53.38689533104237 -28.1905656298599 0.0036954673928924773
53.47466389301448 -28.159100700542464 0.003845957268747276
53.44411476050997 -28.157582454872013 0.0029386448638259424
53.528067391984216 -28.20005736748204 0.0031746189521451784
53.519389903611334 -28.185753585528616 0.005055527994745001
53.50513205997999 -28.167907098676142 0.00265960888181383
53.596447504525905 -28.12439767445692 0.006121502900630671
53.50268110771429 -28.133266173335624 0.003127355085501168
53.509785781458966 -28.102743847853382 0.021154922498160252
53.53174682851862 -28.074101717387077 0.003886699277568467
53.34878457768149 -28.197477131727343 0.0032079458929614823
53.345765095451775 -28.14119126844074 0.007201852453675405
53.27773887192347 -28.108464367852545 0.00550902787196938
53.35592088732216 -28.09287409730437 0.002705724783287856
53.33493317428862 -28.062104949618032 0.003014781868100588
53.425919419424055 -28.089986695575156 0.00605676989615744
53.50646084128151 -28.04212619408231 0.0030035754755328966
53.3895880093373 -28.049847491353837 0.003801169751388974
53.39485295308346 -28.03657556123864 0.00855244243322593
53.379052951621254 -28.033316848751618 0.0037299927667182532
53.81048204615635 -28.26368335726318 0.013467181852846963
53.741782709703585 -28.200672714916852 0.004862856898961703
53.785799448900555 -28.143867910555613 0.0027081856629382808
53.78538371803283 -28.13816750264153 0.009953552113540737
53.90169987986664 -28.1013615206604 0.003132296351502868
53.92281939495505 -28.08365129007258 0.02025650215800941
53.830426338201534 -28.141996976717905 0.004985299789679731
53.89321937846626 -28.08615829540381 0.007721100841824891
53.62381500573529 -28.126703693659127 0.0030308430659807028
53.68937221786053 -28.08750284246632 0.003071243530203321
53.774834340090344 -28.10830390928538 0.005689035183131458
53.82650934687339 -28.077527588094817 0.0027001309045253455
53.775359098875995 -28.059015817173258 0.005436853422883024
53.750761256418286 -28.008635746980307 0.011860047942854371
53.97264890785191 -28.09043064720875 0.0028035902412272703
53.972610813109696 -28.08018701680453 0.00632545105516737
53.957285170642294 -28.02182413587975 0.003940954171841026
53.98152940641663 -27.98182059184923 0.0029884905000471277
54.06549904430385 -27.96156168619499 0.0028268467800216784
54.09797675107417 -27.92571194515222 0.0031652895183178396
53.87865002473416 -28.016628767023484 0.0036363264053995803
53.85348182538824 -28.011700943189 0.0027616228637449306
53.84493659014144 -27.98935395129008 0.0033229377429904185
53.87961101668214 -27.970388188480374 0.008353551504207135
53.88811387742719 -27.91676840497113 0.0047660286052934354
53.975112562735795 -27.93186558197445 0.004414051995211036
53.96433994690013 -27.905793656416172 0.00361596188986609
53.5903463364153 -28.06074461506387 0.0028442357744000593
53.66566387940706 -28.019319398569596 0.0026701791758734082
53.628962508759734 -27.98823856415633 0.010084200677120486
53.678278365709986 -27.975782811135264 0.003561229888282078
53.757448467578406 -27.9480478849566 0.012070260958230584
53.71382220310015 -27.95093181483506 0.0035344500594960714
53.74197981765968 -27.929632092354357 0.003759368469676401
53.74613268385035 -27.92694995617442 0.012422275581801595
53.58199373938811 -27.975905860217836 0.003864340616062759
53.5122588086382 -27.95034038426043 0.00469399545351721
53.64523435774564 -27.90591294067035 0.004957561775740765
53.60278615206269 -27.91189600866851 0.004958228069117196
53.66824625185463 -27.866380506335727 0.014551308379231624
53.63340003454893 -27.87973965518515 0.011316279476281695
53.78730515052006 -27.940551665623836 0.004778991351872831
53.77840981290687 -27.912770107925866 0.0044364527412870695
53.758552142423106 -27.904677047525855 0.006917653099770643
53.76870488240217 -27.89105234855404 0.003343556794361794
53.79961173726328 -27.803547718650535 0.004569631080265099
53.90314828752304 -27.816483474046596 0.008575019959937851
53.90309196669725 -27.76725513700175 0.0027940799225129225
53.81873493053968 -27.78709288865603 0.010687883951664085
53.63850532389231 -27.797647420615352 0.005970546218703255
53.633625794094094 -27.795449880964775 0.0026790294924109387
53.657671164341224 -27.76831758649403 0.005242987407270519
53.7779244192316 -27.725326510379524 0.02137203521558235
53.82904885316718 -27.73739882930432 0.004692871576432891
53.7211345066235 -27.69499355848641 0.006386514015857842
53.781972670457925 -27.68286873758517 0.003223996410599199
53.76695905049418 -27.678239762275695 0.0032279057063548224
53.77718059085348 -27.65652763461665 0.0034165697362540017
53.783183776567824 -27.63537773848581 0.014673735943975717
53.093132187770536 -28.22383743807497 0.0026648062275653056
53.13559041672675 -28.172053886793567 0.0030107806390073837
53.07922337645874 -28.15459304308757 0.007211029207311954
53.22176788677167 -28.14298737957269 0.002946879174392534
53.20526799831219 -28.10249988034903 0.0031530936841322305
53.16575620355784 -28.12105347074437 0.01827191829686645
53.1583550951927 -28.120219139554408 0.004110388810026794
53.20514453385859 -28.07185183499329 0.013485124010350118
53.16859808004807 -28.06597222330537 0.0030402057748630975
53.16455111732373 -28.05066221298336 0.005497164074739323
52.976479681656535 -28.130369153253337 0.019443296304428693
52.998477967336235 -28.099603703748297 0.004623218662950835
53.03802887881942 -28.08174881615571 0.00391976665969276
53.078606023321875 -28.08775080240057 0.0056845602596222004
53.11079573058215 -28.08295403140592 0.0030859065454410064
53.048143752341126 -28.034184203973943 0.004604798805682924
53.08454110880618 -28.02625850683041 0.00270817228712039
53.09411890739834 -27.968208430998097 0.01710634334579838
53.26430773570112 -28.078742618738744 0.01099773205865969
53.2380312286129 -28.09071317443103 0.0048544580740356984
53.25184976475904 -28.087289220509792 0.008877830921437312
53.31633888413357 -28.059163267839335 0.005714247995469734
53.236361011562366 -28.030395646737993 0.0031663385583426897
53.2124112098905 -28.015257655673263 0.003329240580172794
53.26904284910485 -28.01673304001796 0.0049308339735320405
53.2347586650709 -28.007784876066506 0.0027980401666301263
53.34265787728626 -28.012048530262778 0.0031438751765557947
53.37368734750299 -27.93069243823972 0.0033644312609766316
53.296375132006766 -27.949889203653957 0.004149963238361854
53.310318500067005 -27.907814497535433 0.004430961633572258
53.334625547359146 -27.890338615232576 0.0037054756577462335
53.178888573254056 -28.02111885879038 0.0036601738561015903
53.170709985305706 -27.962688305165248 0.003514863182689785
53.17551137614453 -27.95050227809929 0.006440140907158994
53.320619664447136 -27.89409822965049 0.008569714519157579
53.23184378749057 -27.857341835839566 0.0033712403367956835
53.231291192912856 -27.851839535336268 0.0026991572673592795
53.27140147478333 -27.858389372271688 0.005374084670631169
52.92138521346529 -28.05208565478553 0.0032890639649017657
52.95639789292384 -28.04755380172587 0.00524153692503916
52.92021601122897 -28.01018809178876 0.0032405637133158926
52.95599627303424 -27.95268184843605 0.003320866442328032
53.017010428395984 -27.89867171434739 0.00418916406647575
52.82383282368495 -28.015972286502265 0.0026876152371815678
52.81780135630591 -28.01069538984523 0.003315704201605799
52.84106848556537 -28.011122591122778 0.0051539613167827965
52.78770545842438 -27.989364900723505 0.006270874649561022
52.82098545479993 -27.98619130288601 0.013871386082241336
52.85997856080793 -27.913930759374733 0.012707097570025689
52.79374576883904 -27.90882238535255 0.0027521298109864745
52.97944449022599 -27.866552475494185 0.005087970265732306
52.8439337212631 -27.880131673018862 0.025186819458491206
52.875768666967474 -27.844280678374066 0.005594583493212573
52.89573446650996 -27.80387094388985 0.003144298797525977
53.10289993417143 -27.90011752129712 0.006072465269644735
53.21023273406398 -27.809255944395776 0.005476867440725402
53.21824272601493 -27.773999507209275 0.0034392444460176258
53.16772851598522 -27.706733721597793 0.0053715007983609515
52.99924192111643 -27.82143490592332 0.007221466395193841
53.043541856377054 -27.752125438892524 0.002787089528633051
52.92917601258527 -27.799343024164752 0.003949079662682296
52.99474957298376 -27.776501666731708 0.004015756071187238
53.03399386801938 -27.73832081949171 0.002846290050098197
53.05759652743068 -27.70387436364137 0.0028444165351628995
53.04558487136931 -27.689534916017088 0.0035055532992794795
53.04157067859647 -27.688321025137025 0.0029996513851344143
53.07973450196421 -27.659367032673696 0.007959666186397077
53.42786264791312 -27.90325053312356 0.0028768534539030948
53.48852910380877 -27.881059665045893 0.004989649903469941
53.49012163659469 -27.835361361692 0.005923392956849217
53.38203593669786 -27.886092599516047 0.0318407059550298
53.41108882532005 -27.84277800742865 0.008990408795214087
53.52108656168218 -27.831804346921416 0.007504937236670122
53.55614921749583 -27.81988123396565 0.004027815043470668
53.58843746403825 -27.794513405986173 0.002777826390786708
53.597297269079526 -27.78394940929111 0.002910290854943217
53.54585284116451 -27.79542197496119 0.0031374634458670404
53.58258536999521 -27.762770245126564 0.0030095174416208065
53.31661187654211 -27.74633596575914 0.003255756337561545
53.35277560224399 -27.707733295157595 0.0032501279210707095
53.45241501681035 -27.75847844241303 0.004870642899589607
53.43675725986196 -27.73777209434111 0.004553405571580882
53.48849907168282 -27.699817054956096 0.006607528797940306
53.468609948716555 -27.706567276418863 0.004728578133966142
53.49242820045344 -27.67559758908178 0.00774460548834455
53.431519006570426 -27.70204126797407 0.0049690482019862795
53.46364616316123 -27.666894413576376 0.004011993258762101
53.46568371544995 -27.663065456069766 0.0034627949430483056
53.45311330648281 -27.65318616414855 0.006596664162387291
53.45376625460491 -27.640398733388835 0.0032949400683109646
53.59260829043688 -27.727152981301483 0.0037483132197318786
53.62485271658315 -27.72015365040119 0.003524470579242594
53.678667093978056 -27.685437277942164 0.013185403044425864
53.574747145959265 -27.721109245270434 0.004812053416596679
53.58585670021008 -27.72410438139663 0.0034794110999854964
53.575587368936674 -27.72088308728463 0.020863127137949765
53.62511391830432 -27.657935281255423 0.005081284359282105
53.63414227834458 -27.64102007882283 0.005723960783430237
53.69526059907348 -27.613880620931607 0.007924128318372269
53.55398251144331 -27.65390392100034 0.005474133375095363
53.483947746965335 -27.656183590686563 0.00297461654797095
53.58512953003162 -27.629311032891778 0.0039972065428463995
53.490888856707315 -27.606420485986867 0.0038127262951297425
53.4859483549808 -27.579123933797337 0.00474898206704771
53.61856392751877 -27.593255573167895 0.003153821900339794
53.582603301431526 -27.578384242591177 0.0052158494759933375
53.65967943097089 -27.562694608933025 0.00274329372200884
53.64987368485925 -27.544991623670978 0.005979729444900544
53.68379467642434 -27.527312784071537 0.011005523224785594
53.65477179102866 -27.531544137650833 0.0035485474317855804
53.656895890700405 -27.520146686232973 0.0030086571074929127
53.66805328327642 -27.50493290928136 0.003862123921679237
53.5443116433338 -27.52798458512896 0.0035318454384860786
53.58763767303886 -27.48103479934896 0.005281021366633461
53.60944270728476 -27.477564937936407 0.002649275965967291
53.301430655799294 -27.709147240956675 0.0057227901320374055
53.3275364310488 -27.70519227040876 0.007279413330042912
53.2686586937967 -27.675617548854778 0.00445138906510985
53.374842501314056 -27.591144161835764 0.003449912018593978
53.30860000280354 -27.57358379524139 0.018611489842081174
53.22275010989577 -27.591004451589217 0.003903911507009887
53.135940011903685 -27.631763715280304 0.010395387184564887
53.11452964467825 -27.61556293383081 0.0028260442298175623
53.173294813700025 -27.5947723484727 0.004618421163561485
53.16708338653584 -27.569869020673696 0.0030629694460026498
53.13639011610019 -27.575206973356103 0.003410402630489235
53.20050499530146 -27.549906044900364 0.006469149231156794
53.231747726462366 -27.51102040574059 0.006228051923155379
53.229785391933895 -27.503629257174502 0.002908475867092156
53.29854553718729 -27.482916148661342 0.005647632966236011
53.254268174799336 -27.487443144243187 0.005460925221469113
53.24989056204894 -27.489735492760303 0.0039403103970025045
53.45042206657658 -27.4987387046924 0.0029542780969217175
53.44959176161264 -27.499329313542 0.0027694897976560415
53.49278791420246 -27.46581348869173 0.002905237589225851
53.458195174863434 -27.433772182719643 0.00322940623637923
53.51114651408871 -27.408559159327364 0.0029101001787618383
53.530473904371675 -27.397036670013684 0.0047063422314806876
53.53042089529321 -27.38121120916039 0.004533929936414755
53.34805630102272 -27.513969645129592 0.012083810044473528
53.39290039352888 -27.455851272733888 0.006751569842231273
53.36428806399839 -27.44592192288664 0.003327499658815024
53.38686652503603 -27.423231665121087 0.005877996113945108
53.330484064102166 -27.450456832320533 0.009624619954481377
53.282093392710266 -27.444352400483464 0.0027322333596172606
53.39702508481419 -27.326208103542907 0.0036313866246061445
53.45911323391703 -27.335082456732756 0.005383957086312276
53.43404523112132 -27.31452897759817 0.01420049635233509
53.458911081898094 -27.300914785431377 0.003180142857037418
50.22800601082621 -30.387813993730195 0.002865465009543695
50.160991707331064 -30.377006663246807 0.0035984684110954555
50.23694045142607 -30.371129694909214 0.004838605944045498
50.230976729220856 -30.317093211767485 0.003686067549004127
50.15865773028843 -30.343493982129655 0.007255135862480431
50.207092724350126 -30.301342982518804 0.0027984659987638173
50.14281354503842 -30.300482491426457 0.004506005729622426
50.126412843565355 -30.20583005361135 0.0047512663227997605
50.27756789551744 -30.299932102115893 0.018267910685741826
50.27059477769508 -30.29957061656924 0.002931461768734475
50.31226436499752 -30.26449377758428 0.004325928027647557
50.21279531126312 -30.24355155741566 0.003111792893234734
50.27787201099664 -30.190069178443743 0.025811598653887553
50.26075875397555 -30.19101508153717 0.004812445005470379
50.43318187774056 -30.16628946061839 0.003021359856409253
50.35771587456627 -30.13235653906603 0.0038056195952795887
50.32521366575 -30.13010982705779 0.003975977239543256
50.17367469301384 -30.217893194978934 0.006729108092536432
50.16418218128088 -30.202968249271596 0.002799165776067503
50.19145846425739 -30.209121088756135 0.007269605935136193
50.17021400448947 -30.18459574110528 0.004333256774114011
50.16367433106507 -30.12069376922186 0.0050850332217218805
50.26048198290118 -30.149325155276124 0.00411990554803565
50.28397446296648 -30.09931481474921 0.00358309142493042
50.30562200590753 -30.06178385536425 0.0031768333965765936
50.302946570585696 -30.05935858815892 0.0047496954611307655
50.24570395860394 -30.08612779224346 0.005776107596558443
50.44651536936779 -30.167688191771074 0.004841338451137009
50.443308189151026 -30.14308573482005 0.0027558681118770283
50.45203814843565 -30.094108013168754 0.003322314025476832
50.48117955567691 -30.090656279394953 0.0075131636668015695
50.5054755031677 -30.062984181006495 0.007231661169512986
50.4127133528924 -30.06662724750371 0.003514586525089758
50.41299178991028 -30.06664018744457 0.005405976140825327
50.435749017221355 -30.036409422958968 0.012811628432741659
50.45147269234732 -30.013755310393993 0.0038097434373710244
50.57645231402763 -30.044787825046075 0.0037623576272476406
50.35251050870295 -30.058245693112116 0.00456691658869276
50.362465561412414 -30.052398916288677 0.008284753088484515
50.37001341261776 -30.021223087715747 0.003052531924250383
50.42216610428708 -29.992363389196836 0.004065398518954695
50.407277290202835 -29.97980893282434 0.005344162430494824
50.41038612726588 -29.967279321040976 0.004158422429273046
50.330095753223624 -29.987703474747423 0.03299646404129888
50.296443740038285 -30.00350983827219 0.004283617011572194
50.439792066738974 -29.973656037724112 0.00681510057851607
50.472758459086194 -29.94159310039667 0.004968537472697038
50.49679646759555 -29.95064514247312 0.003335948708843661
50.475474343841505 -29.92213963351237 0.0035174354772528
50.46475227183362 -29.926825438431727 0.0031039790017424206
50.44972445848859 -29.85215312971766 0.0050137493607376815
50.16460266618805 -30.09205388577611 0.004036562252381445
50.17205240194544 -30.07453486740339 0.003288981605755428
50.19750194981619 -30.055952830804017 0.0027040702469480473
50.16292933806459 -30.030861227478383 0.008036611132260087
50.24329515489367 -29.9859365551941 0.003340047626935959
50.21860695715306 -29.97838958061607 0.003929260158259605
50.15736006058689 -29.91345399333119 0.006477336876135308
50.261441289758025 -29.971431003666865 0.006109102890004431
50.29956176478308 -29.958296937999155 0.006817938738338009
50.28464612175246 -29.95215162123194 0.006399960073409102
50.32744304533752 -29.90617415889304 0.005455896457122708
50.23802905765697 -29.93916520140331 0.003958186421413452
50.21827923378882 -29.906075737305574 0.005093450086382982
50.24086994596923 -29.892391223360047 0.00715393277201423
50.3303911245068 -29.87742566617151 0.004981411105321411
50.400799170253094 -29.8263777058542 0.002878229662404122
50.369676570968295 -29.82408637427316 0.003971351654715928
50.32908586844959 -29.853346504233855 0.002687267344322113
50.220301671573154 -29.86962673203725 0.005238718405248021
50.22844791601236 -29.84285346525633 0.005256177279540286
50.131547006916456 -29.823566099883667 0.005467228175603229
50.12629674394413 -29.80271161871064 0.003058664444248573
50.281150159944175 -29.752133515729984 0.005685329759364419
50.31972916170834 -29.704593244391717 0.007237902434647374
50.17218081393076 -29.73347350339482 0.0028215545082742248
50.161513434921275 -29.68828057595086 0.0031919059375268032
50.23516810943178 -29.671531065223004 0.0038630794007646044
50.128357003065695 -29.62012023575877 0.007067477012954603
51.84212233757441 -25.98014942980142 0.003176778973969347
50.63658780738422 -29.95366000497738 0.009582355405439804
50.66386715072239 -29.893548312821977 0.0028864468144513366
50.58456728363365 -29.952175898483432 0.0035853806443401012
50.5986911905416 -29.89015086361076 0.004918549535726649
50.64033731863678 -29.88285034108513 0.00384402713431734
50.67870696507871 -29.847443720046183 0.003053159406934908
50.67875594674259 -29.848163496161497 0.015524110830523675
50.694105180191066 -29.803373235579745 0.0076221423374537595
50.72417260625436 -29.784877824715696 0.002722412621949406
50.535992767013504 -29.911022632667137 0.004432717809343917
50.546740117698526 -29.894399069742295 0.0032424493043154436
50.55236891147255 -29.880978493073467 0.004325265435019791
50.549912586728624 -29.861501652694777 0.003930932619650272
50.49818942788524 -29.844981232619787 0.007828999306893857
50.546594910860904 -29.75583514042841 0.0035109128931471315
50.5264747489196 -29.75569439113745 0.002843046183679788
50.68632467219262 -29.767747518021142 0.002894977179446896
50.58673881963747 -29.758589198905245 0.003225942444045495
50.58700508746982 -29.75897607942787 0.019574268877725627
50.61686936757182 -29.746788742275395 0.0034989374571208413
50.58432590189863 -29.732971786196885 0.016360006979592858
50.63852582952109 -29.72102965129281 0.0031677812552037585
50.62725363408248 -29.67817098685515 0.011033664255115316
50.6390468670952 -29.680530188490444 0.006948230777654228
50.83961181630785 -29.785449710108654 0.004012512650258397
50.809654464757145 -29.74560678368582 0.0040793718962957035
50.75018199600566 -29.772024068326388 0.0033905237011213336
50.767312653904995 -29.75843572343654 0.0041316253614038555
50.76422546475342 -29.755834773282302 0.0029163921435136023
50.83514261074078 -29.70569172721637 0.007183720796158313
50.82177300915967 -29.679733543625083 0.01657391604566028
50.838638169421905 -29.654450312369143 0.0038779932571619408
50.89927881081676 -29.61914708582358 0.003338676033743453
50.70286880456393 -29.730133962405024 0.0031698083099539
50.74475377172429 -29.695691160078255 0.004272325807917904
50.75981373280263 -29.675833729879812 0.003593252278318216
50.769779052282466 -29.659458786999945 0.0028234594809155755
50.73424534114437 -29.630439036206923 0.0033193693888150513
50.83126420129029 -29.602285463126872 0.010000338592036306
50.811892463632255 -29.580365090393983 0.002841687681286759
50.757511725561045 -29.59830089640717 0.004157526725260496
50.75774149379249 -29.57553252555605 0.0028268905212114085
50.779399181760695 -29.571633699388595 0.0032733601019246305
50.80986944045918 -29.499235209066015 0.004902891806088897
50.549328980722656 -29.694772908085284 0.004543701417332235
50.52137330102663 -29.71025007085709 0.004882711053743514
50.62243636412646 -29.65821173982748 0.0027394542984410996
50.553087896105424 -29.608750645593652 0.00947526499239346
50.52929172686031 -29.609637639703863 0.003372056553147262
50.354037868312325 -29.7047126606128 0.004276529967015384
50.349425511108336 -29.675243785461326 0.0038071191117399787
50.39794953653675 -29.625250804842032 0.003117280369180827
50.31890037550096 -29.673279472091657 0.003458372304614378
50.34759405112745 -29.60075036838245 0.01300892289561122
50.3555659015438 -29.58581334619497 0.0030484645889919527
50.460078979115735 -29.634768513857285 0.006690781765061509
50.44472945370887 -29.63819818116733 0.003892464537684375
50.428712601724214 -29.630396764558903 0.0028304254437374935
50.5023586869472 -29.58691904640914 0.00424281127817836
50.42775179536636 -29.567668634591037 0.007404238502199181
50.37421233966039 -29.58102639824936 0.004948409359011572
50.651036600524215 -29.630057997030168 0.004337028036336681
50.64710853078011 -29.608834960593548 0.007648930143861293
50.70576425041407 -29.558397032223237 0.0031148632125362757
50.73444305484047 -29.540176112605433 0.005855288584328127
50.691352887358725 -29.546402323645335 0.0035766897047040274
50.67103425831568 -29.523411600034272 0.0027474516577341065
50.67387044722378 -29.49469882466899 0.009342554384281382
50.66638293026078 -29.5010061475173 0.004347218453527451
50.71460360413938 -29.4588112940087 0.002667348548320915
50.71192480999868 -29.430517346542537 0.003920389069094293
50.70128959028331 -29.42024054903015 0.00839849203391064
50.53323454115864 -29.535642109074473 0.0028013304990828383
50.50809045218936 -29.541689823386815 0.003020535988999795
50.51463955107245 -29.527485967564576 0.005036234857682281
50.49581991921205 -29.485345475495077 0.018541630605286134
50.51836606929341 -29.441426220745036 0.004274012171558624
50.53865444479593 -29.420318158727063 0.002655953912253889
50.6081099272381 -29.45297546123755 0.002894440388442262
50.598635529633874 -29.446108344768714 0.005490935087505561
50.66409920514045 -29.362262796309725 0.005865979144903835
50.56404720525112 -29.42440992462677 0.0053254093274994925
50.627626274647106 -29.37897109104753 0.00404265369096858
50.63303533500808 -29.36757926752932 0.0035254087624135163
50.64280690313509 -29.35706446946614 0.004968331376718666
50.99621820328551 -29.622955821454887 0.003946176033381286
50.947011799382715 -29.56959949398187 0.003419356241630574
50.95279356668185 -29.555191651161945 0.0034826021164651748
50.95442885033971 -29.55926443755823 0.0030584759837861187
51.07089546686414 -29.555298472810996 0.00821458664188262
51.06574026901063 -29.55427016717295 0.004407570824351294
51.01924881111557 -29.460000439185304 0.0032007360372252676
51.093760259680415 -29.453188031537724 0.004337772284934456
51.08846720165271 -29.42537901082921 0.002702520889750255
51.07394342860261 -29.42362884166738 0.004906958326138622
51.06931617821168 -29.40633642918657 0.0036682350363144377
50.86934293569168 -29.51506078816748 0.009993130631836022
50.96124727715929 -29.487719672742212 0.003174180831153244
50.858329239587405 -29.46572522337102 0.00349898930173385
50.92447685329135 -29.434229343665645 0.0028320285656815596
50.8605880945086 -29.435078712916095 0.004105326944183088
50.98929196581116 -29.42544964386655 0.0037296082308235
50.95027397201094 -29.414249475691804 0.006091653393413518
50.9577654459974 -29.384542707414088 0.002842360764672041
50.96774692788003 -29.34562760071228 0.005213829315467419
51.15890558232659 -29.404941851457263 0.00277170097510116
51.11462585899225 -29.3996011090482 0.00369847024975391
51.27880564392722 -29.356197546794437 0.002908277575291847
51.2772619835675 -29.274509165872892 0.009661350091503585
51.250924387346394 -29.24291902088676 0.0037503496945491613
51.05166893752165 -29.335066768389527 0.0029902913848412226
51.09260874611372 -29.33439980784825 0.007203508278546664
51.10866715521254 -29.285187080148216 0.01004647157053542
51.00160761531292 -29.318260979054816 0.0032712496532748938
51.147401077744355 -29.26205684525095 0.005884121334867535
51.202981275522 -29.25680988154685 0.004228197446648058
51.1775679366289 -29.22525563030756 0.006603703636798949
51.097256721797606 -29.23925127305172 0.007621795895864916
51.09875341627106 -29.20331866828024 0.006583921734496203
51.154164476142014 -29.16889520401095 0.005586181209414095
50.832535193247 -29.389455389473017 0.0031045516505470053
50.720487708275584 -29.39643494098533 0.00331913975890312
50.80780411754837 -29.388354871886374 0.002904560149911202
50.77879469093378 -29.36526837902397 0.03090194221734548
50.78510894292217 -29.35386228183014 0.002969683388144165
50.77366578979496 -29.34283345215092 0.0035215717767381164
50.88890825251437 -29.382206967731022 0.0037598724279655827
50.951507347980886 -29.32552627629662 0.002880359823843696
50.909509041457014 -29.318927198217597 0.0026656429026860906
50.86265482015856 -29.269661111091715 0.0027496000347404176
50.70436090024803 -29.35968395062961 0.010179050983703846
50.779001299747186 -29.3302853033549 0.003488637699419268
50.73913585197389 -29.32622523804047 0.002989713273662591
50.72048305648727 -29.27369610703479 0.00539659677651062
50.77472963901906 -29.259465520443715 0.006192913722541424
50.81294012948919 -29.24844707571038 0.002708150025416106
50.844121633486736 -29.26319558476371 0.002980571844324846
50.85679658760726 -29.258238904660523 0.003622133263707174
50.85057093850504 -29.195198474073365 0.006885592859987361
50.73623754536236 -29.24168982901391 0.005189655143560837
51.02952865676293 -29.245957337705853 0.0034370542308446526
50.93062020859528 -29.24322397365959 0.00717663261742757
51.12577599412717 -29.15315624755806 0.002966978024323603
51.15191750686379 -29.142076709302412 0.0029056366821438562
51.024975599263115 -29.11698774268153 0.004895147749895404
51.044611594551256 -29.120680856919726 0.0031845716503609975
50.938519170306066 -29.159691197993904 0.0030276271746318205
50.96218533765466 -29.1422647379121 0.0043941809262354045
50.96372177877266 -29.14974977798856 0.003968656579213921
50.934016897052146 -29.12770439567461 0.03715950803512002
50.84740985550882 -29.153574180364732 0.004206762361948289
50.80996340047288 -29.138626386383457 0.0038351842186133953
50.86237241563655 -29.093583011115847 0.0033703953319637074
50.893893215727445 -29.07167886025135 0.0029811197695921807
51.00808380462909 -29.04675046561058 0.005439246483221835
50.97351002742252 -29.019871331019996 0.027549336016561572
50.279114512441126 -29.624906808481587 0.0042595798076675
50.2735715250736 -29.497286781309047 0.003432701696178172
50.26881194054034 -29.496617205501625 0.007374451685073469
50.38567607737147 -29.513642368070972 0.011804825036133214
50.41833768458602 -29.47908411452274 0.004772079494182722
50.39682767771407 -29.490531254070692 0.0033907661161847466
50.40407570880387 -29.47952972068008 0.0036555942001420838
50.33085791389168 -29.428517289608447 0.00699004866957902
50.24681308310784 -29.466912199353533 0.003725587086718376
50.2855705131672 -29.454196248894252 0.0032747901438110977
50.31284746443187 -29.440041717098925 0.013596193588129194
50.267277663981325 -29.446800369543 0.0035174285524483258
50.26691817429789 -29.416223892794395 0.002956218153776288
50.34579973406937 -29.40737026484245 0.016618539535590986
50.346264348031774 -29.4071958883192 0.012310629602369921
50.23648182948687 -29.420779934375123 0.01992814913381783
50.20256110373941 -29.40069374825414 0.0031826620058421373
50.27581200251388 -29.375322729721272 0.006087862145142362
50.28126898077939 -29.350932218854723 0.004051596008571103
50.24999966743016 -29.365920396689297 0.004847638317266428
50.397713007855174 -29.42822517242716 0.005984915866021225
50.40567662693131 -29.36625357764709 0.0030145783069290416
50.43759125783857 -29.35642560902027 0.006828672735265846
50.5499488539999 -29.306672872329436 0.004182941295462598
50.55730810856218 -29.298133387116675 0.00471104019418052
50.50308269162134 -29.268524389561197 0.0026910744295488777
50.53408310878093 -29.256384416705774 0.0036943402755180723
50.377585123691325 -29.35746844705654 0.0031553118582970216
50.34228213109304 -29.373625641313797 0.012633936205592422
50.43655440271738 -29.317946451460813 0.00789130909505919
50.38912076001539 -29.2935977060413 0.0035002238896535863
50.30679314227121 -29.327674480261148 0.004504845176210782
50.317876206483874 -29.2787832596399 0.0035125738564409956
50.3266863266521 -29.26234549174045 0.00562706063046545
50.346724021180655 -29.253120208824424 0.010572376230485538
50.456051961886175 -29.264094316844407 0.0026421125844061726
50.516122463115835 -29.243623126494633 0.005182327077863744
50.4480968241901 -29.15918745488894 0.006278083384270681
50.14914795513485 -29.420796174563684 0.00420534639605349
50.140180749765726 -29.385984200651613 0.0030266968489487413
50.208610237871255 -29.37015318144828 0.0031620018494639803
50.20213843261925 -29.258691695751185 0.003646849572329693
50.163052903930065 -29.22324833434312 0.00426580682375586
50.31630932382579 -29.257792923658982 0.003394689676126903
50.31493849131055 -29.2316634157938 0.0030832099909391475
50.20289851133021 -29.232044578251852 0.002666103006406351
50.30032950328573 -29.20135638189701 0.0037585513204445257
50.2458321682187 -29.17620894319476 0.003922450481687387
50.25651033238716 -29.171632655880117 0.004724962810791334
50.351815193993176 -29.139001888797683 0.009802537437477648
50.38521630193558 -29.10701185766712 0.003467161684415503
50.33562707199888 -29.109861199773174 0.0028465469388625373
50.185175324975944 -29.21704417784849 0.005075550107335443
50.1801258119042 -29.18179034274175 0.005252119024801338
50.17766331185756 -29.169364001876804 0.006627612824193038
50.17767998617778 -29.169944373146738 0.0036530134783987847
50.23070738900947 -29.123271964450105 0.005734228562162823
50.27818388291461 -29.095695511515466 0.0035546295312961873
50.31875351003086 -29.070487942289542 0.010872105414737676
50.33091516432343 -29.052106444249155 0.002962364977379564
50.25043362710898 -29.03380304461332 0.0036184878158961606
50.64477071512394 -29.22067229339559 0.003650673889168569
50.6666065733834 -29.1979732687138 0.007934625517490546
50.55413267868699 -29.235295579931854 0.004695413449548495
50.55522817206427 -29.240642332132676 0.01333858573551538
50.605127581504775 -29.179221272644178 0.005315010534161489
50.61988762518411 -29.16487264127901 0.005644121765812837
50.713416467088166 -29.20943009645581 0.002792118489898886
50.694066150382895 -29.169821157207735 0.0038749237379793913
50.72241780052454 -29.172380915169576 0.009383068667715442
50.73090280905532 -29.137027586212493 0.0026695565471570506
50.51751814209385 -29.172409750509036 0.0030191632715710955
50.59083777476161 -29.163614589612965 0.003284496320018893
50.59004349796744 -29.16463241937545 0.002644458157034361
50.48297810198231 -29.171787516040492 0.002690173929457036
50.51737184551718 -29.155332066944517 0.003718478798372057
50.52879166218749 -29.094519706984496 0.003582351566632431
50.52828716847513 -29.09555440462654 0.0070705272373711965
50.611402710125894 -29.116183701438537 0.006437451789720555
50.58364469889023 -29.066729522532544 0.0038226177283169163
50.5686555185441 -29.035858263849445 0.004397419972773678
50.80432125922655 -29.136697347925445 0.00484929114783788
50.817953699282185 -29.06407754356497 0.005777529007205703
50.77283101905655 -29.03071799853153 0.004011199196477291
50.75588063838415 -29.02329413491271 0.022125859695518255
50.81107326520991 -28.99635194587561 0.0031128569950920892
50.94702666499206 -28.98759437169524 0.004068388467985016
50.91937332485426 -28.953377273473738 0.012738515492917856
50.86254318767288 -28.9560408370586 0.006396352059871587
50.84238261023303 -28.97019800357525 0.003933823674025286
50.69120397445002 -28.99295610416164 0.005498000684997853
50.746016765902205 -28.98873547734698 0.003940170223191134
50.74577578447702 -28.988187858113957 0.004151594420527929
50.75429456204241 -28.986341892008113 0.0069819949380791006
50.69461752616879 -28.959356269154693 0.004348334043210874
50.742383052993674 -28.927300890750743 0.00432941193075815
50.68717203676326 -28.93667761426228 0.004090277042446226
50.70751163760321 -28.923978951047847 0.008053289559458485
50.79002804710195 -28.95165636514599 0.0030553636299097625
50.80775463821963 -28.84240524756792 0.015861583602576966
50.78527714008273 -28.853699723115007 0.003899157917203427
50.77805501820926 -28.832331914277944 0.0036521629351405267
50.479663943525075 -29.111349706936437 0.005285976032257374
50.43574407044781 -29.10593587500641 0.0044168721112238345
50.42397758555794 -29.09570406233749 0.0035986036375612674
50.49046718148227 -29.046194929005047 0.004333400904278413
50.407815566826415 -29.04206433504464 0.004047195696625414
50.44997506374074 -29.048661135916323 0.003474709563820545
50.54228075982199 -29.006913689290585 0.006648898904446899
50.58331812623824 -28.98508334980307 0.003362349657563721
50.49842440771016 -28.934586005423228 0.0029879884859484447
50.53710896012236 -28.961461637914184 0.003950268672486216
50.39738893811859 -28.932543724005733 0.003737179729946969
50.365874732505816 -28.892788335795935 0.004411338351415455
50.35914529425973 -28.898185194534705 0.0028721647619202794
50.43859363693883 -28.877135047614505 0.006837578960570194
50.44376611230743 -28.8669449356556 0.004317569027515857
50.4539901670933 -28.836534137352423 0.003925509923896584
50.44129471595827 -28.82916213846573 0.003601610880087481
50.65837040155976 -28.9289660608058 0.004067145081164272
50.628930791634296 -28.924036846748077 0.004489793063209075
50.615345790664584 -28.904165483874618 0.0034926987568434506
50.70608316320439 -28.880187296164532 0.002720973797475453
50.63115085866721 -28.882145755602696 0.004183518652105798
50.58347652841432 -28.876274945572337 0.003199471158670823
50.63109045534307 -28.874065432869184 0.0032219697571231666
50.603682745001805 -28.847433414151276 0.002930370911421103
50.72960991819688 -28.81763362358891 0.005367514231651609
50.74194433300649 -28.803762080473504 0.00609780643982862
50.72662761022532 -28.794208294129927 0.003276069636636739
50.76448268884286 -28.77589544291665 0.002716967788651649
50.754825799963186 -28.767755248722953 0.004449393895374112
50.723580223925936 -28.78727617150326 0.0031521913258471565
50.721515689440835 -28.76031412770653 0.0030701783837030817
50.68324455482029 -28.757417701433692 0.002742325263658952
50.5377803420812 -28.807778683523868 0.004842984450148882
50.56035597571051 -28.78781724032821 0.004199922723002179
50.56056756027463 -28.78929183553947 0.004188098859758357
50.585383780212254 -28.77729562565724 0.016957178414766166
50.48673424168776 -28.833638663716407 0.0029448832009877535
50.64791896080569 -28.75155424761664 0.008764497462246962
50.67245175421738 -28.713865987353454 0.005376749453263408
50.65272621966648 -28.730632221531533 0.01193296068062849
50.60416437379382 -28.703529998284957 0.008479846573718476
50.557432510863734 -28.698897982806503 0.003025469816854557
50.59800980110959 -28.66204758548189 0.002783945247273278
51.31996317819525 -29.26023819160861 0.006776833562806343
51.31790929642287 -29.252880868282 0.004816152550201563
51.387438839104966 -29.253173926775247 0.005613777617349019
51.39255869953651 -29.2459624536437 0.002897757206875486
51.28521871341235 -29.23444413759793 0.0035759841453209124
51.44572754282599 -29.17835581043001 0.0026649967554092536
51.48993218924868 -29.14519912733149 0.004101950399604287
51.37117979789632 -29.163324908458534 0.0029034592467891665
51.355218217835834 -29.16837809518444 0.00264568307840752
51.349476470990965 -29.14623565923755 0.0031844970771950296
51.436968619754786 -29.0922558876215 0.003071030004638249
51.26262996123277 -29.20153488256045 0.004538059696983606
51.24494887038787 -29.18846365650974 0.004558024388477296
51.266319718515646 -29.14706207802832 0.0034457962149814785
51.26855263069492 -29.08578013572372 0.00406730719163849
51.21181758253724 -29.112671810466317 0.016913299897672984
51.343628246877515 -29.10463966265256 0.006336820782530268
51.321147851603385 -29.087455123840456 0.003182407319225693
51.29190190320504 -29.06971101714909 0.0034343314711173896
51.3034052358144 -29.037905790328967 0.006106207799327247
51.46789319592725 -29.09620600825193 0.008542042435789092
51.54361229920568 -29.030866082004927 0.0037820414965779262
51.51734870906028 -29.026448736231984 0.0055686237410881535
51.62367297063543 -29.02494411425067 0.004278658941848744
51.60554105876905 -28.999843168873586 0.0031471379112206085
51.64578038726375 -28.993305770038383 0.007711787955230962
51.62382179560105 -28.965729407286904 0.002717416196719881
51.55768792872898 -28.964850602008163 0.014429194069450401
51.41308336781857 -29.044020965857097 0.002832939172218958
51.40933072120577 -29.01292534491384 0.003152765573459906
51.45765385709182 -29.00255394807083 0.006413393903459851
51.138867810949726 -29.10472138555152 0.004099826937617961
51.202959544690295 -29.08369258032233 0.005166411681284608
51.17815902755209 -29.06695183681529 0.0062749905283396865
51.2104580279599 -29.041446112565666 0.0027851476249382214
51.15591551249251 -28.98631727658684 0.0034554197374024207
51.25010734662444 -29.036047043282313 0.0033403711152875126
51.17327134828313 -28.991083128112532 0.024401210959489415
51.20039558633917 -28.958669189006176 0.006165062938412206
51.231540238595144 -28.95399397845557 0.0037128378656379217
51.04387522542329 -29.026308222717994 0.004625629985291386
51.05879966886472 -29.010484113789836 0.0035874562184515612
51.05382051942687 -29.023048672065887 0.0035085764548834315
51.076050710704834 -28.89969293236341 0.004011201828774481
51.14987250541778 -28.94108528303595 0.008236179813220805
51.309324563124456 -28.887748599933246 0.0027381732892204423
51.38211151918528 -28.836877845838913 0.004740236495310921
51.39658463163597 -28.82990374073779 0.014017099449548761
51.40075594910587 -28.819133180165267 0.009272825233020695
51.45062649797572 -28.813429858523843 0.003269031832746052
51.448266757321456 -28.821326208917576 0.0031086529106368584
51.456126037276384 -28.80942419192221 0.01527021544943396
51.37425521067113 -28.80051136947768 0.002676928303723032
51.35755037481088 -28.803221834455034 0.003067902862319048
51.20722360874211 -28.81015477255768 0.0042976169079122686
51.1873356451052 -28.767656292181737 0.002928206697394358
51.312962728927474 -28.729499640687145 0.00428102732255947
51.67335294969978 -28.96131332566363 0.0036299252315176726
51.69342883103839 -28.94341659939185 0.003968495796378948
51.7412589407799 -28.875273367999498 0.00319447765483089
51.722883475035886 -28.88247294889072 0.002814443467607638
51.635970389173906 -28.902539883021976 0.0033723398120758382
51.71104293459633 -28.84042266208102 0.0028371394958505523
51.698630904558335 -28.843712013799323 0.004834827009621417
51.73460191226788 -28.797472578240644 0.002663517990999194
51.765708694462354 -28.783416202430793 0.0026822328653866353
51.764137350019695 -28.78354142360489 0.003956589686644313
51.76302609755735 -28.738217165607495 0.002659146408758049
51.58727317701291 -28.871534634371436 0.002839668504606164
51.652615486546814 -28.816709476001527 0.0026600355121800113
51.56404855880525 -28.805524474724994 0.0035532317950955302
51.613217109126815 -28.738544882971834 0.004859162910001625
51.702171557608025 -28.77045723674003 0.00399484533359977
51.680735965362054 -28.753802974070613 0.0036356174948867087
51.74039210910158 -28.705977458980897 0.0062342934331650725
51.597599123719405 -28.72079120629997 0.0048149786372274775
51.87284537190706 -28.769006733471144 0.0049939989834905975
51.832200274055495 -28.762694986747533 0.009453785508397787
51.90248648196347 -28.72482800909565 0.0032488199594099126
51.81829367239103 -28.70200204645073 0.004455148653895918
51.87958549723041 -28.677988620880043 0.008141725662285538
51.84189376568249 -28.65968736333215 0.003468249078967387
51.94183619721023 -28.648503957776757 0.003743265655502395
51.972456751200866 -28.63433553728675 0.009949723445558124
51.98324244652089 -28.603526350872325 0.0048525396715683065
51.95304235761014 -28.58653994184712 0.005720195073521733
51.94176516678937 -28.57583841883271 0.003095684086124218
51.7714027639295 -28.695269338012245 0.005727947972988176
51.75229195441425 -28.62439433573531 0.0034290977840212428
51.80026690300932 -28.591408188705632 0.0027337519738314564
51.857022904837216 -28.59794322843172 0.010646398784770951
51.8556896749069 -28.59049729409466 0.0028781055013293545
51.856470878376655 -28.579642862930616 0.002907032483263134
51.88674595548538 -28.5461456811792 0.006998012833914974
51.81398742714019 -28.580981118788475 0.005212852296820738
51.80585688774952 -28.53464611114462 0.009671364011765932
51.82970063266545 -28.491931799580552 0.0035164102686648124
51.46883541697672 -28.75878581828099 0.006885939848040185
51.44578066343118 -28.74268680359989 0.0030552811077206076
51.46366017813112 -28.702317047774553 0.0034104632934626945
51.61389161664053 -28.676854009392816 0.0027919170416182888
51.616534146447066 -28.66015248081208 0.007087962148057673
51.56904396154696 -28.686645376508004 0.002683852812417845
51.561999774315254 -28.662264095236143 0.0027375266743472925
51.64676933348262 -28.66093916442899 0.0029092682651584325
51.61869667728031 -28.64875049817434 0.006147565074441868
51.52681416405947 -28.63690331236356 0.0030750951592037144
51.53823300425448 -28.6194557780853 0.0027181251853014145
51.46695925346092 -28.62089581385946 0.007101230988955111
51.36183033678308 -28.62415366000324 0.005998298643305156
51.35490973377583 -28.61826990416747 0.004424095616059814
51.50229812677623 -28.59998215435615 0.00521365248060854
51.55888833869013 -28.57760578057631 0.0041081473239495915
51.50674820277345 -28.548548802782175 0.0032387144549467207
51.528440262658606 -28.52779166878953 0.002857771656834134
51.54997753327481 -28.53130603102987 0.004422208903292729
51.472425267226136 -28.53156810311068 0.00502925422711603
51.48241890153983 -28.48321218619948 0.004305388382684959
51.69141096265829 -28.615447742210375 0.01108550250967718
51.714935612362794 -28.592287809045377 0.004753398498070749
51.68539729555369 -28.558160970543685 0.010798523297945261
51.684390264161905 -28.56086305693494 0.056140481886383195
51.715077762559986 -28.566905542470803 0.008351061935166056
51.71127060577626 -28.564217647160444 0.01084885287483953
51.72088938792573 -28.515153533953065 0.005333164807399498
51.64404782734981 -28.54363717280068 0.014084457531423965
51.6383334059539 -28.52550513822464 0.003563985181312512
51.78238019206043 -28.525217052182967 0.0028431080474147882
51.7699342142339 -28.488585473502127 0.005269605268248721
51.77727216216765 -28.47300571624652 0.003032288959125269
51.842729611227504 -28.44943100841525 0.0029843068763989312
51.77841853400982 -28.424869454647425 0.018745773903779375
51.61110672787553 -28.44293556827845 0.0036093884944896184
51.63083947304954 -28.441195512340496 0.0034437685822672013
51.56204945356455 -28.41531564618126 0.00396790631504472
51.7185572042766 -28.39816221794365 0.006776371537130708
51.63880340628475 -28.405106954533625 0.005572399949502831
51.599944846145966 -28.382457488747296 0.013569108483538641
50.981620253571656 -28.942699629449628 0.006111864250175994
51.01827590891816 -28.927705948146077 0.004145916438821124
50.99573507947502 -28.90596161380097 0.0033921780891376075
51.03938439334051 -28.890230604321463 0.003147675905049663
51.06885706970857 -28.787196016555185 0.0037712549621153
51.0416333655312 -28.74007674307247 0.0072558553234233466
50.89296495129571 -28.829859762111056 0.008411844864632418
50.86736673436318 -28.784170746510853 0.003573401987453789
50.979224167322855 -28.789735018616245 0.003941722756217226
50.95967094007454 -28.771737166447615 0.0038490647291016178
50.94734851608574 -28.767847882056294 0.004223439764926937
51.040492854893394 -28.697934593251055 0.0030456723080240717
51.022665481249355 -28.70199331614558 0.004507824188595497
50.958352120631176 -28.672434250081192 0.021795767101991992
51.15114155209348 -28.781859609228267 0.0037555775096677732
51.14252483125514 -28.79082707789391 0.005055109991494891
51.155720390924145 -28.76682035170846 0.004113577081039879
51.15280019255678 -28.76596885808483 0.0029689938952621358
51.15129278654389 -28.753914164267695 0.0038521822840481405
51.18410319373776 -28.722106321736156 0.0051711003961410614
51.0825555642868 -28.730960143097107 0.006678381119905353
51.1388183596379 -28.679492112978117 0.003373071946281452
51.27446521315115 -28.64158343544481 0.025835747155330966
51.21426359091808 -28.634415199267984 0.006416434637989235
51.1940456017623 -28.60444518333235 0.004044824795863358
51.045592996256566 -28.693563391385563 0.008496325547807404
51.126126014000754 -28.63551240556862 0.003648531747680472
51.09522789147215 -28.593612912577623 0.005537337373844003
51.06807480134314 -28.588673835070463 0.0031386903678616777
51.1174767292305 -28.58636956269897 0.0032379635056926175
51.126470939497246 -28.563594658949224 0.002697639142825066
51.17979337910018 -28.494932238277087 0.004068282659939771
50.858126711525074 -28.716453666687325 0.0030100220331898873
50.81122388328924 -28.709657301249948 0.003457638733131123
50.74972027758107 -28.746409039013944 0.00456111213614257
50.78679907819788 -28.726393658664893 0.0029442304814673455
50.76744620893839 -28.69883978057861 0.0051008156119395215
50.820925155665954 -28.65622491387732 0.008827577308131124
50.88438794447058 -28.691413742618547 0.003921677934497455
50.918325917813696 -28.631450563849196 0.00366639282734361
50.91533512649629 -28.60701734404131 0.005330470627708116
50.84138537049336 -28.60227904513505 0.005254077621955125
50.91419500378342 -28.587877572290232 0.0035895188606382806
50.89630093425455 -28.580769243737553 0.0038534564452435112
50.771575468080705 -28.657741331715613 0.0038505318905257117
50.71243314971691 -28.615983988678742 0.0026542048573135863
50.8181908389051 -28.610479092820192 0.0027007313741258493
50.962953165391305 -28.59042895824701 0.0036072931294241625
50.929642749329744 -28.55306962553141 0.0027269853173454415
50.967789178040555 -28.5531705093664 0.0048481557081974476
50.98419525009457 -28.49117068484424 0.003185933412605641
51.04892826596144 -28.496070934721928 0.0030627918276997877
51.02004129327053 -28.480641561849243 0.0050750336901158955
51.04085111402441 -28.427140101956983 0.004096178319830261
50.86475955212849 -28.51190690270295 0.011839014422229266
50.90397564648761 -28.432852279784257 0.0031319300561984814
50.987763448676745 -28.43373478997951 0.004505266694225451
50.96827459418699 -28.40887649638271 0.006084562473735211
51.02400646701832 -28.376629721965266 0.003145837170234667
51.327702421360904 -28.601241783079235 0.006652555166175956
51.31183479713347 -28.56180220471565 0.003920533684772981
51.31352887113363 -28.573297179945143 0.0029444603101044238
51.39788283024512 -28.53452137502216 0.005064873461508904
51.31433703766355 -28.497454731753017 0.007879945424223161
51.407569422813225 -28.456248245179 0.004340583694258699
51.39993438418581 -28.465996918594325 0.005271733708836516
51.378169876909624 -28.439721944738956 0.002792478124230192
51.41270915313169 -28.43425740025056 0.003302586259064824
51.30121915716256 -28.448857336873363 0.0031579300042967008
51.26006772177017 -28.447531399252785 0.0033708027892486625
51.17733458867747 -28.45104305660016 0.003410671087048816
51.190611256605386 -28.450565655788367 0.0052355872885683045
51.2388348119326 -28.439631549370183 0.003398496990049254
51.31507600383191 -28.44189658062131 0.0038834552015164004
51.298106830000066 -28.39164490611544 0.009867463977412153
51.27318437498044 -28.390821896287548 0.0027139767610941646
51.29401899463928 -28.357620213982063 0.0026764275065183493
51.58128843670603 -28.372554311136415 0.005950867213589253
51.55399011076711 -28.353421558688023 0.0033668391581867943
51.461330469381494 -28.41042580089695 0.01315486330554816
51.429243457874385 -28.37701632736627 0.005479778128320692
51.49322512828415 -28.335930133129256 0.02109118335004712
51.62121772676066 -28.323617093522785 0.003357162703160597
51.560257296481055 -28.345187006707263 0.003514761330342842
51.551604199300115 -28.327485080149764 0.0035116045220710255
51.56792328260797 -28.304590492083673 0.0029511337619920557
51.52198168519712 -28.27875086210762 0.0029254620226219523
51.6039758668705 -28.278380160674967 0.004371090865423435
51.5800932162364 -28.242133938845804 0.006885195949927338
51.45946981464476 -28.333929011792645 0.006228250902429688
51.41641675235465 -28.328854511359587 0.0032082619059214104
51.42371759382337 -28.305763730719526 0.002697983066862422
51.423855235302625 -28.30551555451241 0.0047670333430798895
51.46572721658158 -28.32685298679052 0.012342949713015881
51.56527254540864 -28.193065978128065 0.003398124211845494
51.541057181886295 -28.20736345699849 0.0035365845849214517
51.48020012569449 -28.18538273660107 0.003601621578093392
51.45481510127659 -28.175432790276897 0.00492895348409632
51.14251851440846 -28.393509534148343 0.008828510637140621
51.22080188788148 -28.371867658850064 0.0028171981181420156
51.10567964908907 -28.38590009847472 0.0028004218312082264
51.1448120410138 -28.371556697642635 0.0029070525644014733
51.26027002411104 -28.285784197858277 0.00862304057449096
51.260620624317184 -28.2859242506428 0.010246389942531126
51.276601607164366 -28.267793617360628 0.004070373616510815
51.19243592010344 -28.313305779386383 0.004248761955222232
51.20096514603262 -28.304148747821333 0.0027391538100617844
51.22733277127397 -28.29936657905499 0.0037377816673369105
51.259793774182654 -28.23818706834192 0.0058435220831856115
51.01125226333793 -28.261961684278067 0.0032757891462335135
51.17076211803266 -28.22540834825758 0.008205029930401585
51.140630024220016 -28.222256671699157 0.0028161886875026896
51.22198795095383 -28.21359967684201 0.003181062665641193
51.17323036094746 -28.18887922443304 0.00592712640891882
51.20341507334441 -28.18998539590972 0.003483251354124847
51.142108885027056 -28.1391577774994 0.0026773780563763504
51.15693164962344 -28.12776336082664 0.002910559350598857
51.15599996470157 -28.128437909002297 0.00448387120723443
51.326461466829855 -28.26934395732179 0.002710899700671408
51.32730296022249 -28.26901891924645 0.0040625112310056595
51.329167811694255 -28.227046035516103 0.008518359205363731
51.32891104343625 -28.22614420097002 0.0029972938640230287
51.39443082612128 -28.223121279138955 0.003971970457063186
51.37573003866171 -28.20943755598753 0.008122378145021106
51.263060348408175 -28.201944646312125 0.002873342817595255
51.32062570145024 -28.163745145928665 0.003587514083182817
51.34436081264919 -28.146520960200963 0.004518204612732798
51.31254614873134 -28.14229236027232 0.0033518335956934315
51.40303788120262 -28.179481188232906 0.004726338903411254
51.38098946032783 -28.16903895450994 0.003264903914658103
51.41766645431046 -28.083033638741004 0.0043647229747596885
51.217843854096714 -28.106311815599177 0.014854221293721633
51.20480423621347 -28.096023696158568 0.012847129581417281
51.22131788560971 -28.10127119093604 0.01898217769678864
51.24907153806144 -28.07970004190128 0.003829073559955119
51.34494929627709 -28.091740358975855 0.002837147923117158
51.3571330580498 -28.08402604836984 0.011044659963661597
51.35993016033945 -28.05705637321366 0.0043425272222690535
51.37236635296679 -28.0026472733677 0.003534809712452845
50.193381968518935 -28.936692763356188 0.008902243918163157
50.16678735003254 -28.940281920719055 0.004911739999906817
50.16255582901797 -28.88971186250292 0.0031841740569653622
50.12981693037687 -28.85479359448488 0.007940311946040291
50.28547242084087 -28.92666300579233 0.0096986297360623
50.28329444448712 -28.92966078930059 0.007182097798593937
50.26579626963639 -28.91440084787217 0.003045481702832365
50.25669520287418 -28.9053283010534 0.007804351379143778
50.29476828031603 -28.897230473402033 0.0063675883517979905
50.32399281806683 -28.868340377840255 0.025220026241184704
50.246103753747754 -28.858424150932063 0.005280838787373533
50.37709947803207 -28.85923550337018 0.011254939753654
50.34419158116754 -28.86716963285389 0.003843342112514248
50.362145998121896 -28.85349603745398 0.0038393867751296
50.37309278197801 -28.813824040012975 0.006009038611561301
50.412863115201155 -28.815971562913315 0.006303505986394386
50.308795406521945 -28.82811386795849 0.0028706996385279306
50.32749096856753 -28.802068914775777 0.013182880327199642
50.3744501189846 -28.76378744463896 0.004442768608775829
50.15557770871791 -28.82155370111015 0.003063551564586413
50.13259210607226 -28.799428982233422 0.0028828922099564756
50.12943000144522 -28.777222178413947 0.007995734587782745
50.1333984586205 -28.768277798867572 0.004209285028069906
50.189629844164344 -28.7906585515416 0.008183348273387224
50.28426121872276 -28.7328556032024 0.0036239651249753723
50.323384322660225 -28.720185300930588 0.006015260704304054
50.322691221074926 -28.686841846956604 0.0032676182999630586
50.267549920971334 -28.65789552429812 0.01286904737384004
50.42895177713579 -28.77690279176687 0.0040729593872000525
50.50671335151549 -28.68879016757546 0.003479453521878597
50.39635559715643 -28.718467763505227 0.0026806386164815207
50.52861662939477 -28.65185316389948 0.0047389642189423755
50.32284018978325 -28.66944309339868 0.016347084201419757
50.40660999233299 -28.644085469669367 0.0027225122002705647
50.379887332738186 -28.64737985387267 0.003134373880732237
50.448472119800506 -28.611807433590663 0.0031621424080134864
50.462538069245674 -28.59046071957055 0.005785546448558794
50.45720519440196 -28.59558086688951 0.006434415985060364
50.42363413800508 -28.584815978893698 0.008684384221574378
50.49785767342184 -28.54740584471311 0.007748968930930362
50.47927691837808 -28.54350776143493 0.003502773977427864
50.46129877440962 -28.5443084694254 0.003499678581781266
50.40502349658797 -28.568255889813695 0.004177095212034921
50.41025559311172 -28.536382348708106 0.0031285667085754897
50.43747425941169 -28.500623860299147 0.002882894997961768
50.455350982148495 -28.474410931474885 0.0026787832803295236
50.14632425538968 -28.739877695840175 0.003248673303902287
50.13503583541755 -28.72757682045928 0.015134484036524655
50.1635453196931 -28.726717988624983 0.004681240132642315
50.14838215278388 -28.68733462646668 0.0043393572348083415
50.16124770709344 -28.689689094977204 0.0028288978761820457
50.136913252048544 -28.593408271941872 0.006603790537315014
50.13081045863769 -28.49842955846314 0.003988010008952151
50.27988155414579 -28.61931081965084 0.0028769737850103685
50.24022561067531 -28.585810892237195 0.005765877146165055
50.39700412913417 -28.51138464918121 0.004511194526206561
50.38105847563103 -28.480105470217385 0.004146520049179852
50.32371930741412 -28.4864276696446 0.013264326841023945
50.35673091228492 -28.451206504278225 0.0048183278229630274
50.37428519490516 -28.43678804058311 0.005143299323688611
50.38760158935857 -28.402438567370073 0.012318916872046263
50.33366749405401 -28.42462163305957 0.0034318504129389684
50.2215128102244 -28.49121265507709 0.0029571891195298065
50.12861167711481 -28.465015470405163 0.009031662590358421
50.17572553366136 -28.441213222922443 0.002882457314147475
50.195545095586375 -28.428590095603138 0.004157317080552932
50.22227814710282 -28.41966885379595 0.01113848334024185
50.19654912088705 -28.417334285005673 0.003027110640241345
50.3115098954988 -28.42049452402736 0.004775719817369575
50.344843449405786 -28.38846229192025 0.0046366940445031765
50.26513862845037 -28.381676630988327 0.003176622075300173
50.25334947249252 -28.361586616386813 0.00776293785708101
50.19880093350002 -28.365391383450707 0.0036188215229208814
50.26802560410446 -28.30247599054239 0.006633588455636565
50.12900148050976 -28.418970150604093 0.004552558127503003
50.140524270894865 -28.41429231102011 0.004722613395240971
50.15653699731352 -28.34473084168411 0.0035410700621659515
50.1843441986868 -28.3333517724154 0.002660514863963085
50.24796459049181 -28.28277040627655 0.003227920534281366
50.16786164074524 -28.295058113990436 0.0035832448851525764
50.141038503154725 -28.2499864940304 0.004254037114649581
50.21359150504092 -28.25905946093449 0.013380936650369124
50.17031462281067 -28.23397102234499 0.005943963783593654
50.64175060583639 -28.597224796801864 0.007124627282626939
50.58883899649153 -28.56871262838883 0.003769899907212919
50.550138836395064 -28.537003112355308 0.0027721593737982902
50.61412780993832 -28.526306953865273 0.003660231755969824
50.597341908358366 -28.51800128152643 0.0037655489245124454
50.74919134511184 -28.50936914412459 0.003283147539014393
50.7612150485367 -28.47318454695094 0.003250152505105379
50.74807662162931 -28.417596929663265 0.002967713994240491
50.524853418380424 -28.519561113031383 0.00850783815325976
50.560534527768866 -28.48099575721794 0.0031594542034875514
50.49351235609251 -28.465846255409804 0.002746594807107011
50.59884270763065 -28.42496404400868 0.021306245292421675
50.63750888005283 -28.39079639084782 0.005127385484979646
50.55325725984295 -28.38329477545838 0.003163837465839402
50.5543321582942 -28.376392793911865 0.005820267021502354
50.55978762596553 -28.361939723188815 0.01098265445293244
50.8046248262189 -28.389651883560912 0.004763711914196037
50.77917635978052 -28.365849359403462 0.007403109269897836
50.746434881836805 -28.37461769008555 0.006936913508432678
50.808422983672465 -28.336977586283904 0.0029055601106583095
50.8169241826558 -28.310081715635384 0.0031535757300700006
50.802805411104465 -28.31246609440057 0.004676934036027297
50.93686154334204 -28.292799213919896 0.003557430093736171
50.927433948636946 -28.272054836375258 0.0026630644959740745
50.89970098639641 -28.257578470034247 0.002758182918952981
50.72297193113508 -28.3261125254674 0.0029904687235859737
50.76940551542298 -28.314209346196616 0.004368331664166542
50.75633669707617 -28.28658571054788 0.00437590817020739
50.66497181803355 -28.254328072330203 0.0028260591638978125
50.7016283163921 -28.254233807834513 0.0053849059137987005
50.70220298099093 -28.233037077637732 0.007072302114982699
50.70119456074597 -28.23673565399755 0.005613925559664895
50.799498543844706 -28.275643531273857 0.0033167933546112455
50.812174926862426 -28.24898101619633 0.0030830221477715063
50.75396345258717 -28.242332824491392 0.002659116559735036
50.75230770646885 -28.242103566107417 0.013514583304135396
50.48209675017487 -28.42376563920507 0.004291773161795115
50.439054040496416 -28.40623558078883 0.003061054060404922
50.49070395309178 -28.403058389088542 0.0050001203147461565
50.46208917905341 -28.37299434246783 0.0036996156218816866
50.41690607587402 -28.39604077818162 0.002811055302211549
50.39116831129417 -28.377162857340355 0.008344278670471545
50.3991916783905 -28.36671977872646 0.00989633560341854
50.54119495383367 -28.359133456632488 0.007353821510605472
50.534539590517646 -28.355846586444645 0.003117367688381021
50.54837434332373 -28.30615863917818 0.003272611970562288
50.571427690304645 -28.28411668233191 0.0031062505975044522
50.58339844456973 -28.276578795249943 0.0029651354671255746
50.52151166095438 -28.240572035627228 0.0030179075018207267
50.5320672265289 -28.23174497909246 0.003015219753415112
50.34091956006901 -28.3542734291122 0.0028563572834335795
50.403954907317114 -28.280843344299264 0.004609650455818004
50.3013611638032 -28.31374555745101 0.004735896413055175
50.29263882708334 -28.306334506965 0.006830362130560165
50.28446994974989 -28.29720428590437 0.00564052566453835
50.31840254594291 -28.268504219530875 0.005117300901745566
50.44377607531376 -28.241466274883347 0.005361276977870395
50.49352544290724 -28.23498985344571 0.006631899627289195
50.40653803234941 -28.245135047708967 0.007925590229875643
50.40237339984406 -28.179352277708833 0.004813353295189978
50.47156512525516 -28.161043393060353 0.00500992777103523
50.63756007833677 -28.254465346292942 0.002868293274662412
50.60438396507561 -28.23164693301901 0.005268241129983364
50.638694183188946 -28.13682704672137 0.00817070554298614
50.69623301053336 -28.160642027976277 0.006400731573203384
50.708154480386845 -28.144136053539597 0.004195610123263635
50.769327191817624 -28.099940172237236 0.0038220636446996345
50.74439479127758 -28.1046034939028 0.007825431057156532
50.65733127216073 -28.100277120774592 0.005423236946722452
50.746356659096584 -28.07419100920394 0.0028021943599210114
50.56770327528102 -28.1480749276428 0.004445738815964159
50.59400553906977 -28.122982665984285 0.004317756778148904
50.499456554978075 -28.116913402502856 0.003014081800275418
50.49402213697917 -28.095231233274067 0.0052776148686777494
50.50686761159392 -28.067399187284405 0.003711941598064389
50.669390084265494 -28.04738580090631 0.0026561814208252692
50.654319861377125 -28.020198375602487 0.002943947288108478
50.58046818407162 -28.05778882510461 0.008235414915437634
50.63929363090527 -27.994661952794115 0.00459186825883856
50.62385276238344 -27.982390191952614 0.008000930070471084
50.99436213559538 -28.263698864359643 0.00275861449982663
51.0163184990362 -28.25243584761596 0.007775129023624945
50.96273738359013 -28.24668023958535 0.00461495254531033
51.02700436031525 -28.22719394589276 0.003982316971418146
50.93732040677906 -28.205809101176737 0.0031501745577203
50.9881105872271 -28.13889870435942 0.007363720647644221
51.082693300280376 -28.175485411288292 0.003473545880246246
51.08471098394847 -28.181981806326217 0.0027603669543157243
51.0746223867445 -28.159979236521657 0.0047034458087124925
50.992955905468904 -28.120071977684297 0.003290028345134324
50.989867739047966 -28.124831915621694 0.004826586286420916
50.85877957060169 -28.16057104074683 0.0029443293259214655
50.84865429075812 -28.16734572092303 0.005600782267234939
50.97030966012666 -28.12563670288275 0.003911987645948429
50.94274425497642 -28.117977814093297 0.0035374502408176316
50.91822549995927 -28.068999073935693 0.0049724684887263405
50.98302116155664 -28.113463722492018 0.01621667169758154
50.964088930016295 -28.029574972512215 0.0042147152596573876
51.161230508290416 -28.088705672988237 0.0032497874681491484
51.2062464116056 -28.041320987133357 0.009733382255958252
51.09732485800874 -28.057450140220613 0.009063562202353131
51.11762383369894 -28.034351272281615 0.003593187122977037
51.08903928840562 -28.02086903266245 0.0028115071973007113
51.155834943263905 -28.030475597017286 0.005941742061629673
51.16271025160751 -28.00919964485308 0.004917149918076714
51.25929910647657 -27.980628022912445 0.004904849596587478
51.23002800943037 -27.95293085601823 0.0028703829694486207
51.263210272725885 -27.89535706377329 0.003763924467256883
51.22037124752182 -27.91666299427829 0.0044944229510649044
51.19861750848138 -27.913189391295052 0.02127880149312251
51.049737971242095 -27.974590756033724 0.0028333684562512405
51.13916684967018 -27.947739757612553 0.0030691238889590565
51.05166765103075 -27.948825746218365 0.005133959514939511
51.17281404909178 -27.910140741695024 0.002745400823506273
51.169308719529774 -27.885601437727185 0.0031989211079917557
51.13946664333453 -27.89408288303916 0.006230259550779428
51.20057661114644 -27.883748951007473 0.015329839207184276
51.18950502887393 -27.877019126538652 0.0033970979919613485
51.20429364138541 -27.876062218759667 0.004698147198528198
51.18277688003986 -27.86016227682309 0.002675115172819272
51.11598342883909 -27.871537188155923 0.0032606426852022368
51.0943065777541 -27.859907026807633 0.005986739754237614
51.17674999745012 -27.83801744306264 0.012738993752262038
51.136155205772354 -27.833313900290587 0.0029680522675111444
51.13658152287979 -27.800704413406688 0.0046370223548905356
50.79356633653057 -28.09853513305531 0.0027310897645214235
50.85227350349603 -28.06663103867316 0.005465386247089119
50.85127654035151 -28.02625359467805 0.0034300805953105013
50.91491758389255 -28.01066403487852 0.019291296437421557
50.932421238423096 -27.980041608606527 0.0038895642483222055
50.91546010809809 -27.930008369352414 0.058374752416704
50.932660810094 -27.917314663024623 0.014340604370174353
50.830234966508435 -27.95979990884723 0.002979479383120715
50.85296358123851 -27.920111889467368 0.014517643068624204
50.84970544653184 -27.91794648533437 0.01952758040154985
50.84002208178778 -27.926617352040157 0.0029575953490372253
50.88196668806547 -27.8934712904138 0.0031271748136320705
50.65677703424287 -27.95721530526648 0.008934019058924967
50.71544670332332 -27.895231208392943 0.003720106898155859
50.74978789671875 -27.85763976686911 0.002770950640117237
50.77570608614836 -27.8216156231266 0.005702783634436643
50.99409096015575 -27.929942078724473 0.004896283033707296
51.04561245694017 -27.88144823156188 0.0033580607578044814
51.02982875107068 -27.86228699411371 0.0034645051768521307
51.02570102404972 -27.837658136120456 0.002766942152656807
50.92656316558613 -27.88906610471393 0.00354357745230357
50.966228105947955 -27.829434015058673 0.007601858117972066
50.96325794258059 -27.809281690616576 0.003190953566934835
51.13274228952429 -27.78949295190796 0.004707183997391509
51.0434294872392 -27.79533536800938 0.005337670792407082
51.00813837309779 -27.757907238604822 0.003376794833037802
51.03099308793677 -27.749612698132005 0.005187864084778259
51.06038331169839 -27.724474002925103 0.004032559458566541
50.96321849293825 -27.797127796640744 0.002800660747563447
50.91189029626348 -27.775646001274325 0.007057155624634853
50.84529171152386 -27.823789369311367 0.004876542287650815
50.908631361592754 -27.72129773509415 0.010319883618785374
51.02440324446974 -27.71779358894182 0.0034971826861463495
51.05486783020938 -27.702058290305686 0.004060496398425746
50.99754233309355 -27.711094217340563 0.0026464291989457675
50.976225090377646 -27.63214121934715 0.006288812545172354
50.28152858836447 -28.275140469040153 0.005286603018748076
50.30419090308262 -28.218072571802583 0.004403723772204924
50.24816325844672 -28.212354853727675 0.0031433988476089543
50.30358496519384 -28.159087421662367 0.0038582026911096893
50.39284888461705 -28.162114338628687 0.022940726650449484
50.41744349322811 -28.095670159369806 0.016499982728641602
50.392051318597886 -28.07900436101223 0.005866004267821642
50.18093525534409 -28.20127939056449 0.010680342367991714
50.13268044997832 -28.1493274688066 0.00956582749155154
50.129272536289015 -28.136665071479868 0.003594582822570621
50.165204554939834 -28.115539292159603 0.00324948992376846
50.27002485057768 -28.069779798282728 0.007117871766510899
50.284221970595354 -28.062069864595948 0.002789194432346584
50.31549500535699 -28.059881595371944 0.005472779235141464
50.32226732706939 -28.04856295057279 0.004089719334019286
50.343560736398096 -28.022466750177433 0.0029301016001934883
50.20978384908699 -28.03860194561631 0.004116304175713337
50.27840655176475 -28.008633028697577 0.004579883803325262
50.28902520753729 -27.990413299844075 0.003941454020515997
50.44964495299519 -28.05374878816052 0.008292638136610356
50.4627724164177 -28.04336455592713 0.0036402752221004167
50.449315718668046 -28.01855116652722 0.0032645426330694107
50.42312822196788 -27.98055797570273 0.0070008623648190734
50.57445023895289 -27.99072113880755 0.005573941990936164
50.55717961995255 -27.965152998575288 0.007821153411177787
50.57138016808217 -27.941814096561544 0.005319436508407204
50.51490665660911 -27.913113318579573 0.024938829846724814
50.403311500414304 -27.98031747403319 0.0036821358257618066
50.33293819523778 -27.957370927095717 0.007268976245508438
50.37149088440543 -27.904281919522045 0.006467970934383389
50.50371830156101 -27.86565850302089 0.004485323169512156
50.474429486749024 -27.883011942853457 0.005476966752883244
50.43057376723278 -27.878478726412062 0.0033814496070151234
50.457761154191665 -27.855533158750593 0.004616621870250195
50.46455571871886 -27.834177589116457 0.005060297667958278
50.48309427312784 -27.829328809065768 0.0038029292830902162
50.16079152379829 -27.997974551750268 0.003556208122903132
50.16475389673049 -27.99200272461519 0.0028796179669484975
50.24604087196003 -27.93579164313778 0.013761313369401264
50.23867351146675 -27.932431121441173 0.004395286858925319
50.24234391723707 -27.93796488046979 0.004248202152150121
50.16253225559002 -27.90866863198863 0.004208730426349466
50.18035175202277 -27.89817842536519 0.004030064478321565
50.12850455161556 -27.914142056303437 0.004838084726310248
50.31890569879005 -27.788224712866324 0.006244916913621449
50.36613708587335 -27.75203275240589 0.0029074854470599967
50.34026245198896 -27.746338054315355 0.004092732541701766
50.3554144264506 -27.737874178400723 0.005880610359063575
50.250949568351786 -27.80119706944356 0.0035005582969104138
50.207667231298416 -27.755968974395543 0.006085149670507015
50.24523416969269 -27.73994357467301 0.012117881175591212
50.318691676352934 -27.73602273190538 0.004438078039358964
50.331748874600976 -27.71666639235806 0.004121121651045923
50.21452247750408 -27.678405541519243 0.0035226808591711277
50.68258185821663 -27.891129742081542 0.0037717084053988017
50.65735733933344 -27.89031006891489 0.00619196538179345
50.63168064408576 -27.79832033368599 0.004824143351996585
50.715572526794034 -27.819147806541995 0.003945511918416079
50.75292780021428 -27.822284954749087 0.004582382678114999
50.731294764143286 -27.78116192819223 0.0048507002664878425
50.76243420950983 -27.775071569719305 0.004151702395348513
50.756848223188726 -27.771213181880555 0.00484112960547287
50.766562244689034 -27.764265911336956 0.014948805270278222
50.65394607756407 -27.76244418489995 0.00761547189364376
50.75038204194002 -27.73930694572787 0.006459007809101967
50.69831769600876 -27.72989467859175 0.0031301241955657413
50.73301987729517 -27.719443182879953 0.004837101600829868
50.56564425512345 -27.838349722271257 0.01455024444698278
50.51999681242527 -27.837906321931037 0.007304226628679865
50.57707050218181 -27.759171281197183 0.003677735861825856
50.47457035955719 -27.80130318462638 0.002875766727372426
50.49832292718689 -27.76313727944267 0.005855060872705546
50.53188987561058 -27.745276363521853 0.003604595735922677
50.52736120165057 -27.731564453329412 0.003290163799118229
50.636317815835206 -27.755650120751387 0.003352999700345756
50.62436076547597 -27.759441209459972 0.004291033841305053
50.647991696221446 -27.741700857917845 0.004494590138897703
50.602771372167055 -27.729676949601036 0.002911104862076239
50.64004997351351 -27.700190461002435 0.004175620582211685
50.614521842654824 -27.675038449428563 0.0033941765185486537
50.62771127400795 -27.666537566152055 0.005667783657369046
50.62869274988268 -27.648519493506413 0.013156449092680827
50.842411979599056 -27.741666715184117 0.004411890546691082
50.785347829385806 -27.75078993754483 0.005930354630639785
50.81446355006322 -27.714161425173845 0.0028746273920777403
50.807383984378674 -27.724447920811127 0.006056247353533745
50.80627619844841 -27.705550209650266 0.007201795491714392
50.92878494062444 -27.578812967631855 0.003063764570183219
50.84995824576504 -27.649718701237017 0.0028540127215366997
50.88417183484341 -27.574945225590906 0.002811929543094127
50.894343801626455 -27.556541040778285 0.003958680662228088
50.712192536469765 -27.691120167607348 0.008171660866721631
50.72186317762132 -27.660143508727124 0.003662512323095733
50.70690921394257 -27.618361615145993 0.004637983236745997
50.84308117233247 -27.503619097906135 0.0031655324482937385
50.795665024316655 -27.51755053838371 0.006332096788784309
50.800836138460426 -27.525492973146555 0.004345702377277838
50.47730521778094 -27.703030068424535 0.0037057393112716512
50.5467753109539 -27.6448750462721 0.0026697692684526796
50.59501452093207 -27.63633296710989 0.00425181950218064
50.5835009284842 -27.610718758325564 0.007865384800907437
50.4604789068064 -27.61100180196565 0.005010183525916612
50.46743125919006 -27.601142172234333 0.0028815317859789374
50.388607105885946 -27.632846394182646 0.0033104268410990914
50.37437479809595 -27.608315430413622 0.0071021689550743615
50.35907546868749 -27.580943088024195 0.00873011821632767
50.37187663827903 -27.55993983197767 0.005438180642118324
50.44246456009663 -27.58153351602339 0.002931330451589796
50.50701354557744 -27.55126603338128 0.003352808621754105
50.656275422379515 -27.561135213586596 0.003340505411380372
50.57819587310073 -27.51098371056509 0.0027908422536153123
50.70885726627969 -27.46951700734511 0.004024060806609821
50.74229705156666 -27.460187399876563 0.007152078616262631
50.740123247198134 -27.445264080871738 0.0026653725125548506
50.654143060059766 -27.422995449929253 0.002999372806139442
50.736354023480224 -27.41331337055625 0.0031618538711072944
50.70252850333142 -27.394605423864995 0.006252491422523853
50.54323002850004 -27.500363677044938 0.0036348534830655576
50.62851483058262 -27.443020616954243 0.002770763542680912
50.60977903052363 -27.378795029713626 0.005528609550128262
50.68855944410106 -27.383191464629885 0.0028472999442712018
50.70202044763136 -27.372756652851404 0.0026971762051436893
50.587441564201534 -27.356377131492657 0.00467696472788799
52.03038060103193 -28.614722273399327 0.01376953802232518
52.02602270730084 -28.61775495636427 0.0036817489752753677
52.09305202234733 -28.53184015160715 0.008129505788275381
51.968366274269094 -28.55338512671404 0.004925490146733698
51.96202826005227 -28.54412699604042 0.0028238129112947677
51.9605741048639 -28.53731987673383 0.016002111958439716
52.02732464448352 -28.503060576716532 0.004011166085096957
52.01036609308581 -28.482465691308285 0.012732064046991943
52.109449687624235 -28.50405586702293 0.0038380352099675586
52.164839550792856 -28.488681859150457 0.0041036301748747115
51.94404098918215 -28.534348916135436 0.007767915535423457
51.941724097319174 -28.539178446282197 0.005374555594764544
51.92724749082358 -28.524093681968488 0.0047513211334928975
51.96690567714231 -28.487801217485256 0.004298030317680912
51.93583838448905 -28.50317426901332 0.0026568735152708504
51.97788302069837 -28.466480489930625 0.003224240728099161
51.986899524530905 -28.454916601471787 0.0031099392433937044
52.06982823878438 -28.39898848901412 0.002798265059003776
52.0283072596969 -28.3547346101788 0.0028017993139943607
52.046296863795355 -28.343202351333893 0.003837095997375702
52.025092023214896 -28.31964484440393 0.008813718582915214
52.22097504522972 -28.397966989020087 0.0026596596806779203
52.21347310058435 -28.35510199958657 0.0035571406254841518
52.36300270999989 -28.287765604225275 0.015145949156858376
52.31258760413634 -28.295663739721626 0.003951566132754251
52.28913176487482 -28.272235212097907 0.00445747216236311
52.298579950742585 -28.210663211967212 0.007009949343689486
52.09180918954003 -28.3459502628152 0.005191594033183307
52.1250492123672 -28.31131148744726 0.005033110550374457
52.08854606080626 -28.288998143336677 0.0030308051714744407
52.144475562144095 -28.261741515426305 0.004058093738233626
52.11116115326043 -28.2224510239137 0.0044269031892741565
52.17740208004109 -28.16928393559542 0.00825079362998962
51.85806993802819 -28.42212452632011 0.003613798427832852
51.88344318194701 -28.421925866688923 0.00601360072527348
51.843336559914206 -28.406343580701343 0.007007142097442242
51.89803944012272 -28.39170366126605 0.002893882707148877
51.90730358114723 -28.385911491284528 0.002919728368958725
51.92673319534154 -28.37946388046588 0.004888816873015186
51.867616027452584 -28.365472486257563 0.011899444413839604
51.909805337907635 -28.349498554984212 0.005465222399135142
51.83518067444219 -28.384270280606433 0.006916618860924048
51.82573496320238 -28.325721630822375 0.0027118652098126607
51.86030040430224 -28.303167100560497 0.005003435142986484
51.94784297963843 -28.34552151117596 0.004607675380460296
51.91877139635477 -28.34339780427675 0.004463185881764477
52.00440266435667 -28.280042974272597 0.004621648952627933
52.003563583087285 -28.28350989621266 0.003949692402750242
51.98760241150841 -28.286069836426236 0.011807422932908412
51.98388499696023 -28.28343745530014 0.015309215788352702
51.72230892762884 -28.308695339339227 0.0037647600786460556
51.70008818021655 -28.294568968646143 0.010406713647362224
51.75227021690032 -28.23492097016982 0.006215544492797486
51.85370162135585 -28.251908024267166 0.004512194632939426
51.837876700666 -28.240081687378396 0.0041664882808517805
51.855094650167864 -28.224611788125756 0.0037534318906580857
51.93194171393607 -28.21718876299384 0.01994468467967791
51.925837529928906 -28.203382082315148 0.005735790622720267
51.88799034466167 -28.216758776300846 0.004290844436864726
51.83253410934791 -28.222832607604698 0.002905973600580142
51.872469395903686 -28.16155013286179 0.004694524334601232
51.83631237647251 -28.163429103476517 0.0027481395327774343
52.0689602224482 -28.254065782540536 0.0032048493508452266
52.06012498350787 -28.230259968790143 0.0061004723017284825
52.04815364873227 -28.196339072935597 0.002904206242677834
52.14299259593989 -28.105761298299203 0.006326174243259269
52.05442089035344 -28.132927001903695 0.003607811218043902
52.05400630143992 -28.142629403653928 0.003126657818286951
52.06387770771393 -28.12062172029723 0.0037952983759633103
52.04777811945183 -28.127008076161484 0.007785623526822765
52.105672093984886 -28.08608599061202 0.0027700207326200456
51.943929220594 -28.1679095158182 0.009103226624605826
51.91378346226868 -28.155455254541337 0.013450881127410365
51.8991276025306 -28.150384653327468 0.004343386874686967
51.87278810720572 -28.12209181617082 0.005540929884869819
52.05153531428419 -28.102128572786196 0.004064603292466127
52.38451085978828 -28.2479432163995 0.004209160145449275
52.43103626718635 -28.184013734929913 0.0029282983286568007
52.46602867733299 -28.189348221609247 0.0031299149003261614
52.47238848105509 -28.157754745024196 0.003243011207989065
52.49566384703724 -28.14576883441207 0.0030172137945176382
52.399735093764 -28.126230984293464 0.010580023190013516
52.43486712887344 -28.114213308153264 0.0028469352162054287
52.492412853725725 -28.07293015161714 0.003981094664809099
52.43345771620225 -28.08610741572004 0.0027206528777565402
52.2738250082304 -28.162065374281905 0.004834411391842998
52.35159886428644 -28.146819715939746 0.003172285854179656
52.326237750631265 -28.12543644736572 0.004934821232048315
52.23390314712593 -28.11173211345399 0.003069101628245204
52.30606493775988 -28.06448566520587 0.007353039256863909
52.29663208212342 -28.056830469312818 0.004471358375776455
52.3818627801829 -28.09739072671117 0.005691064917749783
52.4457118564896 -28.051779489241635 0.007943945749256548
52.44053726625334 -28.03460613547499 0.004450770282357436
52.34600491477982 -28.063013113172065 0.00318748698105096
52.31534349689024 -28.04163415144285 0.006592035380403433
52.33418104936661 -28.014173107869944 0.002976830793965798
52.406786128791154 -27.991604693404316 0.01315430446337368
52.39683864556487 -27.983953182424507 0.004241745176114973
52.36947676091187 -27.998016702300426 0.005783334401447663
52.56278879991362 -28.087870171931076 0.006038097473798154
52.5824827784251 -28.086739959134196 0.00958897959832287
52.58156194101593 -28.04596164746113 0.008042911215490927
52.533875818973954 -28.00684292121998 0.013394871590563889
52.521428204064335 -28.001137416852902 0.00805553399255041
52.653781383347265 -28.000942300247917 0.0027400697591331955
52.656789538360975 -27.979497186370487 0.002864948830319342
52.65801298528692 -27.98290557781078 0.005269961101440892
52.69491395043031 -27.977373373253823 0.006187043786897455
52.667286390462834 -27.921562852680417 0.009050203497783729
52.66808278386253 -27.921554366605932 0.04609674422546162
52.66575548393025 -27.90546992770837 0.006404200713058295
52.46779720297228 -28.00321877616004 0.004342940602192763
52.53134806219497 -27.940339190126306 0.009029348273020935
52.50357061088037 -27.959888538208656 0.005441568989311625
52.50496325491565 -27.959941144765654 0.004388359108944616
52.42425397192542 -27.956106280265516 0.002706598330618487
52.3998512384719 -27.946303075868126 0.004364175326410335
52.53569706187582 -27.876437566061156 0.004235405240312174
52.20439080618745 -28.08764844330635 0.00834169246578805
52.21549696430938 -28.057808629131166 0.0026756853119801758
52.27508280343952 -28.028702473630055 0.002832800136105945
52.17010155375827 -28.06953760658886 0.007332079995483487
52.144277718226405 -28.054714298446104 0.004124353574592222
52.21652290707295 -27.995256175544817 0.0034351878783823947
52.18930399053444 -28.000791249169527 0.002911355131827291
52.37386862289457 -27.95145921390107 0.0026563083020128843
52.27565043945991 -27.948148140322314 0.0043917412997999785
52.10393749226517 -27.948435771166015 0.006253234778322622
52.13044295178839 -27.90569796405218 0.002794217058206656
52.179664340185695 -27.90030245502625 0.002671626389350936
52.22142980411026 -27.890453193140377 0.003418636613646983
52.26514391559617 -27.86652042016867 0.007866672578353126
52.160185912475704 -27.83292792992612 0.002756924955521863
52.21919366385277 -27.805520574664246 0.0031509819807340783
52.37807085981354 -27.906209791543137 0.010160051155629115
52.386699186113525 -27.888949014449672 0.005031636971977074
52.37951504973622 -27.876316880178223 0.0036149389283461537
52.41657154293957 -27.88419124794286 0.0032244233658522063
52.33151699218364 -27.884029379329192 0.0032958203398113645
52.32683683671159 -27.880671511949785 0.015303836584534769
52.32192316384338 -27.881985694636235 0.004800891926461173
52.39732301614879 -27.85399501594095 0.003792918881458106
52.403393330338915 -27.815228278584048 0.004785512716525944
52.38102133175717 -27.807231264521263 0.00386419673851628
52.37637331291766 -27.816769488948125 0.0027414031635848465
52.38621031936786 -27.79687828994534 0.005050504816500631
52.468284729277826 -27.85634496626282 0.003276444189301646
52.410439301581235 -27.806671049395764 0.0038821865409653543
52.44423942985077 -27.79383893351382 0.004283793520620598
52.45615049515123 -27.73735009728132 0.007777836681427803
52.2873323881435 -27.785646556998525 0.003677053930533943
52.45303752355356 -27.68793440525771 0.01056893299621947
52.41337209509192 -27.7120973668387 0.0028849697223841
52.333658829447465 -27.735784449963298 0.007115054230794216
52.349038442054194 -27.713616276812974 0.005896565873386282
52.37316692107717 -27.650275953900827 0.003486102598950942
51.65579660812508 -28.234848350446985 0.002953831514070754
51.756496501890275 -28.19763684783215 0.0045701819383013875
51.72572251124116 -28.19901408999029 0.002978870952777679
51.71952206139398 -28.20230437367725 0.003964258851932437
51.606058153957946 -28.19647586449973 0.004231406068980019
51.61398977699179 -28.203891559482432 0.00514927800474215
51.68796929719013 -28.151428996023675 0.0029499276841321127
51.67818766828331 -28.130659548138137 0.004633432863058685
51.7587914167545 -28.151035800748527 0.011766637106017615
51.775927815272624 -28.12488464002893 0.0038361696017770075
51.69844079767968 -28.105246356602173 0.010118911547308136
51.764436698891295 -28.052609356343208 0.005191352865079216
51.59267182471134 -28.135812187698377 0.004434806134665116
51.53034060804665 -28.147123576502896 0.0026507878396246974
51.60306084176788 -28.09576001038865 0.005388807682311097
51.58457625715846 -28.05083854378379 0.0048285136071014225
51.67272429860015 -28.098667542337928 0.002645370307756366
51.719038092936806 -28.0377242449355 0.010798537470730259
51.64047368656753 -28.025536674515 0.003789540907921768
51.70090327445015 -27.97514289865644 0.006832781132224414
51.879188411906846 -28.080850324635207 0.003940780355880722
51.821775440009105 -28.07231365438765 0.010646388121082267
51.83089012320098 -28.02443528398254 0.0028306007318257462
51.875639164019326 -28.016932601609273 0.00646504220850423
51.95040824947503 -27.974232874922063 0.0038885752228509426
52.01305618952187 -27.96439068943228 0.004449566938614044
51.96195564187606 -27.942329559022443 0.005649772620043733
51.9102439163612 -27.957019335529257 0.003997887367890602
51.79844424736245 -27.92377475601198 0.0038477844448650696
51.733949295593035 -27.90646834691564 0.004415283706232685
51.77189458233864 -27.888182460521143 0.003168817549572788
51.87920596797615 -27.883215004245574 0.004734958910770417
51.89215985259475 -27.857313023644135 0.005186850906816035
51.81869466236429 -27.90206547436148 0.006150212117501481
51.84956475937096 -27.85751634805131 0.003258698229223299
51.84888052900209 -27.820569626367 0.0058658014641131155
51.85600470064823 -27.825594874289468 0.0028518663878033157
51.50280956890987 -28.061188593158484 0.00604910404709219
51.55044276962032 -28.06329124419244 0.003440758247998124
51.54213586530928 -28.062464033813548 0.00766990817603221
51.52565313469984 -28.046292548844637 0.005356975123470476
51.46422096229052 -28.06146915766844 0.007633968957488209
51.4871703902718 -27.999132321068977 0.009341625110957446
51.48729940398984 -27.998703117205157 0.003409067258328699
51.60364276968739 -27.983064720505023 0.004791660995311828
51.52362952995507 -27.96374551765519 0.008014595802612145
51.55214427876812 -27.94569061277355 0.00685295191650752
51.60983805877307 -27.897428533937223 0.01997434167975946
51.42964723589655 -28.00607221767259 0.007464913498827404
51.45648789502392 -27.94413166906195 0.004050289625886105
51.39258443954856 -27.946698427443092 0.0060007767476768495
51.38445806196471 -27.912943633979943 0.005643004669163848
51.42152308920843 -27.900555250153403 0.002793154215543396
51.41974971618802 -27.866650559978453 0.004223787539145593
51.475176536754354 -27.83381060337417 0.00491533949901749
51.47264883170763 -27.81759958663637 0.00391645372616786
51.50260857537589 -27.7989237243769 0.0028561804003423156
51.75575924916904 -27.8789067551208 0.003669516033332025
51.62338588422669 -27.891975892084258 0.003382339672560977
51.62071967234035 -27.85149830197187 0.003283775925817421
51.72057660858138 -27.827793217734108 0.0037266192209618903
51.77320819968492 -27.86314189789992 0.0030608535065330534
51.7679562373069 -27.841165615457214 0.0029632891414688523
51.79738541458542 -27.82561864723693 0.003052507780711537
51.76696638797333 -27.8236867865094 0.0034742357878917254
51.73118304151485 -27.776338763006656 0.006094557370890105
51.78313661866179 -27.73743656302612 0.0030467349506879725
51.772497413630354 -27.72853715250953 0.003100529263100198
51.772754258839754 -27.73420343297486 0.003173167880527732
51.56906971234349 -27.83583484142093 0.0038554115546981095
51.59684907826306 -27.80121452355781 0.007903704589754095
51.58641306620085 -27.80193744098003 0.003056375288233256
51.64213059694468 -27.817292204970126 0.0026607733657009972
51.57035430161429 -27.80096097017186 0.0033595720123379895
51.59692846185794 -27.709972610633216 0.010638378296945975
51.68517771052424 -27.758856264293716 0.0027051455337285457
51.65316986928788 -27.730802834949152 0.004615454188052265
51.68345297661323 -27.729447092609483 0.010863710769124688
51.72186300349009 -27.669806670281275 0.0032992656057544913
51.60202607317512 -27.703141254103656 0.014410138654379283
51.69707638600833 -27.67398549876199 0.0035843852756974656
51.67471394829299 -27.640917207665787 0.0038737279718457913
52.10600408598744 -27.85742489706495 0.0045800919776510015
52.0891304476806 -27.85683837436017 0.004627342808359173
52.00978259179553 -27.878615225207447 0.0031660674628906775
52.02748113510079 -27.87172455693875 0.0026443902036638227
52.02758999820612 -27.826359470029217 0.0028466529257511987
52.04295442154702 -27.806982734856277 0.003077567553631767
52.108421916790334 -27.72384992954876 0.004910588242092074
51.95674481470488 -27.851154618082703 0.0033055290225226124
51.98344225833255 -27.826797760860956 0.018727752214838175
51.93955191031383 -27.772051017292352 0.003617951449469158
52.04441666465048 -27.743098065115618 0.002965742013912093
52.08610070319603 -27.71399424396225 0.002683837795547127
52.00808433973191 -27.651525966745197 0.002690399908995909
52.020971240036744 -27.626608719837947 0.00735455787026867
52.19223511887006 -27.747239952743943 0.0030879838093642634
52.23089639474571 -27.71633875656003 0.003261092740219129
52.15836195053964 -27.729815357317023 0.006129860265993536
52.19042248556523 -27.63287001338782 0.02235687659521731
52.32358778319242 -27.623244618175324 0.005852671850273206
52.30129319648059 -27.59474171745485 0.0042613016145805335
52.14426912060142 -27.65113150413227 0.0030088225452546843
52.19901472175227 -27.618228281757425 0.005914829832047108
52.147338137522816 -27.606013375040348 0.003415821435968486
52.1510272886335 -27.588079153818786 0.0030307002836267066
52.097462938080064 -27.616855728612432 0.005414658481832277
52.116151017096385 -27.56109672282458 0.0035244462331464337
52.19130639970572 -27.56977800438576 0.012261476485877639
52.19754095301318 -27.56183652295986 0.008675249912959988
52.25517109206786 -27.559107003216948 0.0030610117706723603
52.23807778945542 -27.555450468333103 0.00654706269271996
52.264237951198986 -27.542932884615457 0.024110696324301673
52.22220834304694 -27.54477303283809 0.004758925429378772
52.17434053417762 -27.53641464597254 0.0039033278441872503
51.87110355553883 -27.761336046544702 0.008620053268821997
51.86391880287877 -27.74696405354373 0.03767611281194197
51.83680589063769 -27.746276748085567 0.00565188341261073
51.899886244243106 -27.68778036871336 0.004363325876348107
51.82105038311496 -27.72781135653284 0.0041353926794228035
51.98711909289402 -27.638869514801787 0.00433149871221614
51.99550681044025 -27.618177516722906 0.01181130514407814
51.95814378022006 -27.59574209874399 0.005786926409530605
51.93476415235493 -27.59106030940581 0.003365290229487719
51.9591036009608 -27.567979085994697 0.0039029421541881067
51.93225680516996 -27.56818331422845 0.008677347594147863
51.77736306704782 -27.660616612171964 0.0034578824832716087
51.81499620325207 -27.64118715356526 0.004914012078360465
51.782909906121965 -27.583129487807703 0.0036228658219931383
51.741507536722246 -27.58733912269575 0.003275646703868754
51.85792521258785 -27.598091354403497 0.004055402547280233
51.8385425752525 -27.579464329024713 0.0029868076817481494
51.82759727771646 -27.565848857867167 0.0047331313804606775
51.88467598228531 -27.55033069414167 0.005178615592335428
51.8948741974461 -27.533971574331513 0.003724549063546726
51.90253814433843 -27.502274198820768 0.002669900302879357
51.82431084910012 -27.524106905118817 0.003918972713277691
51.86400928081609 -27.518915705780355 0.002856901122030683
52.07397130061606 -27.51451283128023 0.004422733282851207
51.98189907487047 -27.507407189851836 0.002889011194105361
52.10677668951028 -27.474922769746975 0.008392386173919835
52.13561704780746 -27.403150789241703 0.0034920395567552423
52.12913824987513 -27.403894779126823 0.004910269563305348
51.99361446446409 -27.451103662603273 0.007635767120960973
51.88266016781568 -27.452694278223905 0.0026781444928079324
51.94835015623688 -27.415769795562376 0.006651453045439259
51.95524136263263 -27.405251015587737 0.004605856093284923
51.92741576194255 -27.41144658995895 0.02962597514306894
52.08262782221424 -27.388752160027508 0.003864456469409092
52.73383008494608 -27.932627405624725 0.004436471741804258
52.727814871854974 -27.90040056676948 0.002733537742229231
52.80225494787527 -27.87694742643888 0.0027455347165437844
52.688729891475816 -27.83272183422686 0.0070195196581680445
52.8614077793875 -27.77367783255372 0.0029574862530076856
52.86175759069265 -27.747274389915844 0.01025474993919295
52.64629901625454 -27.851050941432224 0.0028818810389009825
52.643457437450984 -27.83967439684271 0.006550952110510882
52.66431038831163 -27.72188070955398 0.00709090928821131
52.75846541981549 -27.73755906561641 0.0062475402766308296
52.734195093116455 -27.740582608024823 0.0058707051591268345
52.771239535250466 -27.711595458190683 0.003815931320394012
52.79914427531195 -27.71360967932405 0.0031570875429203396
52.756759381914186 -27.709543874712665 0.0039172485152296835
52.77911869901742 -27.68179589099798 0.008659490689619088
52.73687343678919 -27.620460988773285 0.002950562202044107
52.88138240274824 -27.729991726448596 0.0028123611801911916
52.91774947084679 -27.704594836523828 0.010611066947894628
52.862599621223104 -27.719405746067174 0.0028559536153500626
52.874399761871906 -27.704741521422033 0.0033447641494108293
52.92185330155003 -27.666490606933554 0.0030023222487909
52.93844065189502 -27.644582051186937 0.0036107273833076493
52.877185828547624 -27.664317669047524 0.027323074332078465
52.88583991442838 -27.64791790296945 0.005376912320196461
52.97914836651403 -27.609167887661368 0.0034036916137949536
53.011951628596314 -27.58750392262007 0.0035889359653461916
53.01596226964536 -27.596825076120982 0.0030184563481146587
53.00991385725056 -27.572989525413607 0.0030500243362851635
52.80286479273036 -27.65630047248424 0.005278951896837279
52.82680481893596 -27.650715752674596 0.003526318086264291
52.87863230937296 -27.643380717610263 0.012619038914135239
52.86318903887214 -27.59099536167965 0.003465369108428933
52.79775638963901 -27.597490070923232 0.003292950137707009
52.82267797372532 -27.607593118705264 0.006204979122818161
52.9324066907993 -27.58147259232749 0.003248249644691061
52.88967495639893 -27.572537029766423 0.0032715697553279137
52.96128576159829 -27.53267084902166 0.002948077183721883
52.930718784138094 -27.513333612903057 0.005990096854742162
52.95476666749998 -27.519672026185688 0.008609117289229735
52.914481366954725 -27.46712688634171 0.003155657018768428
52.51042768266024 -27.735387069207523 0.005004376195685446
52.56731181472619 -27.68479101696511 0.004390349958649762
52.6544194091977 -27.680391876403224 0.004184594978986132
52.652391408378406 -27.669204785275813 0.004439500606101902
52.65696471054705 -27.629896461716964 0.004323899484912814
52.710997148537224 -27.60861574482459 0.007889160009868536
52.59563210327706 -27.614537664764963 0.0039422837023247856
52.60238150810297 -27.579793296712698 0.00292697723472529
52.44660125677706 -27.65441764031172 0.0042177538411955155
52.519180807784615 -27.641816405883795 0.004891551886591145
52.53337789452781 -27.63399801200676 0.006793313853556739
52.564637709552464 -27.57941762004604 0.0028769378143254014
52.798512296111824 -27.53206873816812 0.0035902672673769833
52.68363821606641 -27.51571040731222 0.005320153091298052
52.741419279425855 -27.48925827180185 0.004193990762924379
52.82491165018117 -27.47351626232146 0.0036760826286254887
52.889276533804086 -27.458895007102974 0.002740159099481582
52.823108449816296 -27.393878189626054 0.004233969981834534
52.66529658383055 -27.486250713817416 0.005727949753515282
52.622702557839624 -27.474086261071932 0.007047935397607302
52.64088271837527 -27.462572752838906 0.004330607010602667
52.708735947830846 -27.46894125229579 0.006554584620269366
52.66829162394372 -27.43517468547065 0.0034503529230029604
52.58727390317313 -27.46072570690478 0.003337558945405849
52.759510238763085 -27.346265809908704 0.003969281405042337
52.76025440590509 -27.304509394362547 0.002690531955991046
52.69251588233448 -27.3208436943571 0.002753806524870557
53.08343226481122 -27.561020276514757 0.003110709708410762
53.07266791967496 -27.557824885188413 0.003906204937304347
53.159270892842734 -27.51500409977525 0.003976675325771092
53.10958048217352 -27.436301820428387 0.0055228814948883225
53.100697967140704 -27.433845049337304 0.02009758895611068
53.116569440103895 -27.42947292478814 0.0029795499785515624
53.13717152434718 -27.40156874443213 0.004972396357199072
53.033675481813695 -27.47619398895481 0.003715317640446328
52.95884182002526 -27.45317458438583 0.004847341302892125
53.163760830489394 -27.366111171807596 0.011499110560792555
53.07773647028316 -27.31697282032586 0.0040964117635107055
53.09475193970294 -27.29788423759128 0.00321861788058062
53.23952833210593 -27.4261469082056 0.005348827346269593
53.30571826116408 -27.38764755019614 0.0037160581352005282
53.18576982248314 -27.374987258891952 0.0030963122046175906
53.25890929830339 -27.290401649572303 0.004832959264435681
53.34527406101377 -27.33622644432185 0.0032750889867858308
53.428962776286035 -27.281213011602834 0.011511589903669064
53.38032025580743 -27.2785138317027 0.008326073005977496
53.30513961760524 -27.29927223431145 0.0033300499633546134
53.36819894012212 -27.253896755720895 0.006135613433267055
53.19223298283829 -27.287470924452887 0.005283371931400184
53.212384922408496 -27.25416334496408 0.009891958703413308
53.10195513796223 -27.27344126971098 0.005009660436350672
53.164538520790195 -27.22873097672661 0.011601925292476662
53.17908749038581 -27.206379369492097 0.0031970355434028227
53.23986749223284 -27.25387829922129 0.0032425112355048973
53.240207063666986 -27.2540008601952 0.00388691057996389
53.25033903970866 -27.244102852496063 0.003955112030526603
53.27015493143663 -27.18441076484829 0.003828612029983117
53.288138598897824 -27.164762163442497 0.006069239765086105
53.266200967893475 -27.148667098050105 0.0061565136203084675
52.91106211885603 -27.39110469060826 0.004961523179051667
52.896341425561296 -27.383320804777927 0.003800386044310644
52.97986472549528 -27.36308804628119 0.004306538752861872
52.85522293400901 -27.384338518935103 0.012558958044955116
52.85144846214724 -27.36480139796796 0.006166679743261292
52.84722775529532 -27.34278690852958 0.003541254379432963
52.90414843797925 -27.32595826817734 0.0027132643563570124
52.99819021645126 -27.28908253142957 0.00862773117163933
53.03845219137642 -27.302548454711477 0.012348040908669913
52.95540224238245 -27.286842165314997 0.00403526211085901
52.78921347148456 -27.329652058862436 0.0029738691084475644
52.86587860156915 -27.274917909846216 0.0030714387180736033
52.94495583629646 -27.20213059309421 0.012437006308449159
52.93199236536899 -27.194273039677466 0.003605449522042976
52.899814759654035 -27.19454455299355 0.003445256054661271
52.859931731257376 -27.18065915675624 0.010470229099950556
52.90949693836968 -27.11789480512876 0.0053916147731138085
53.10782067307935 -27.20093676664719 0.005413290821913381
53.09903785528403 -27.20053718542443 0.005512013716311373
53.052986565005256 -27.21649066861888 0.003714102624848327
53.06240928089585 -27.20536634072232 0.0038981422175393523
53.078142054779704 -27.13072918135945 0.004594444922271875
53.21162028062415 -27.148388497608337 0.0035648516340654876
53.17062952847481 -27.126566617739787 0.002877034399612995
53.23573215660669 -27.113752916750663 0.004770916488576108
53.21692845693325 -27.1025513923893 0.0033323860642238976
53.17493098716005 -27.095178478510707 0.0027506407940734263
53.14192413950461 -27.078673945345837 0.0041008858400157465
53.009726714445016 -27.171390451673584 0.0048332570669173186
52.997749028020365 -27.16145370701568 0.0037126544914325554
53.0355747737868 -27.097541906010285 0.017858051645742726
53.03533559385076 -27.07189920204326 0.005678494894074903
53.00893299423704 -27.04762398734804 0.009830241212998393
53.1060700506166 -27.09204637943388 0.002792532328969234
53.05915448761803 -27.081194297506556 0.004815237246068693
53.119738734678705 -27.02234016609361 0.0047767973761109915
53.04783647927503 -27.026166060429137 0.004923822568656561
53.025420215567294 -27.024528869820124 0.0034461832688963646
52.38015774190385 -27.58218574591044 0.0030959124781048853
52.42028759141368 -27.565113233720275 0.007302169834944161
52.43707212249567 -27.541460117250967 0.002816899415070742
52.44375261652914 -27.516745832191763 0.0035894785681479034
52.40121284390912 -27.54841910223698 0.004766899815828559
52.33207204955142 -27.537191315663975 0.0032216089981824034
52.37977653724072 -27.484803440985367 0.003109138256707159
52.394225668782646 -27.47195992380866 0.004551847459139435
52.477363581541425 -27.498956865774534 0.006269143914450922
52.44068863739888 -27.480937755252352 0.006803401863210762
52.46332274500104 -27.47192603841931 0.002771981290112087
52.50011706608392 -27.441466489486647 0.0033396142431838653
52.2734574135187 -27.440808918215662 0.00278383063399025
52.22340914260403 -27.44681956049708 0.005493648703631545
52.31737808370602 -27.396643356281626 0.010405301163066065
52.29722641208161 -27.394087825892573 0.004857106761954435
52.38344863919834 -27.442947901242544 0.006282417072110108
52.38631314580917 -27.37219451326244 0.0027708848913942743
52.43086242044671 -27.394872852 0.002713881056858976
52.599434954080294 -27.38647220098837 0.0036936431458691253
52.571678289032754 -27.355963371508437 0.00406846757991504
52.63326719564271 -27.345353460021663 0.005557162477031664
52.620293736366065 -27.31982556846687 0.0044955955703187105
52.641066787482686 -27.307723304956955 0.005060207658866635
52.65832463764582 -27.287597916580697 0.004511360935572214
52.68333803428623 -27.26482914432007 0.0032308000030282407
52.61789686655392 -27.2926435256504 0.006357941456115779
52.65397149824389 -27.270540283060853 0.0043292706247661005
52.4658626999672 -27.357168671025303 0.005359431871822657
52.531998474999 -27.293348499930328 0.012960882833685882
52.41745233697612 -27.294046367742585 0.004419429035109212
52.45239817610552 -27.279593041847587 0.0034057539941335802
52.49092554886799 -27.22226613257325 0.0029282703130548097
52.49073959066237 -27.23532243742449 0.003628404773418259
52.564353231154904 -27.24693121598882 0.002746732268517342
52.5321716535234 -27.18001006304228 0.003231043720147719
52.50262980916892 -27.194960552121376 0.0033855999890649376
52.24718742917297 -27.401395893548894 0.005272080945366848
52.174044151754515 -27.36081591781259 0.0028785330793355515
52.20682306163258 -27.315074510149493 0.006042667665906619
52.205405972075155 -27.316276280845734 0.0089825114529886
52.322416578193355 -27.311965074267462 0.002768626934595905
52.31908842341278 -27.312641684648515 0.009885502826465685
52.323765885881095 -27.28946406215592 0.012154306239436485
52.33089620680011 -27.27294432017068 0.002912910021135335
52.3454857047132 -27.25826043802383 0.005299385884519307
52.26530645579212 -27.300456360693108 0.009037126044715198
52.11356143674491 -27.29895508351541 0.005059336139075942
52.03993593319576 -27.274787638637275 0.004731285763002664
52.08349356692495 -27.26186082138311 0.0034065304444277932
52.121218732205314 -27.226059528272643 0.007314420511202808
52.21931665147847 -27.17225475136 0.005588131979034389
52.24251003563672 -27.153450229554213 0.004644642637117723
52.20353337409257 -27.13815307765871 0.003429077531381134
52.214942330906744 -27.120453394635707 0.002933662230947746
52.33198649017644 -27.179119803690003 0.0030625890444107395
52.46500427804159 -27.142337970722178 0.0033905851815622273
52.462984507177296 -27.140030774813756 0.008103156647372725
52.54445480182271 -27.124912895022316 0.0035609225232404937
52.42594427884114 -27.117857396748615 0.003097500674485206
52.39701828285889 -27.11780243429588 0.0078888273164429
52.46478174696568 -27.08944371131074 0.006801573485429021
52.48054070466863 -27.04642580684679 0.002741311889043081
52.35110256263948 -27.13819064333233 0.005498373649888358
52.28483645266874 -27.10437111301301 0.006547185707254332
52.32561857942794 -27.06053122120337 0.008105887549564874
52.398400484049326 -27.096505702432093 0.006768456695016248
52.365939674309445 -27.05413694624903 0.004126349783788034
52.45722103454764 -27.025919948986456 0.003452562941058056
52.40900978751205 -27.02486849455821 0.007499678644719525
52.324940979539335 -27.04885480279892 0.0028280090805396863
52.38543496811458 -26.989997059467623 0.0031390315417365506
52.4095635939697 -26.995772872387892 0.0026425799443110898
52.36054856643773 -26.997781831306384 0.002976047438424355
52.84242916982683 -27.14773936605904 0.0039835659324337445
52.87159345560882 -27.137686531762977 0.0031214920243724828
52.894015969099776 -27.1245929968881 0.007279593099013562
52.89381301562932 -27.124262909447193 0.007401724303246635
52.803401817334624 -27.08592122396995 0.0037902112349505477
52.82161580238236 -27.05580638423828 0.003766552451454299
52.70115115318838 -27.123745658157087 0.007734181501084591
52.62375060224796 -27.07095611301922 0.014416908582812185
52.66358806131692 -27.049651855313662 0.003375777269848901
52.7876529435235 -27.05389170663016 0.004518435421397736
52.801389366575144 -27.019912324949903 0.007985183296161191
52.696087851827926 -27.00080332218367 0.002655783385341088
52.93580647582104 -27.058958440210542 0.003325144014099529
52.96291663033912 -27.058878372844863 0.0035668565595157694
52.86221772112079 -27.03248956260891 0.003302384936437399
52.8854367132048 -27.038932572450527 0.006681549567796238
52.901970153935835 -27.033568185874085 0.0027340689616523594
52.85526317878232 -27.01986554741005 0.0033692221301473827
52.94092018787675 -26.980308495830748 0.004672411612382174
53.028315726767865 -26.962100720926173 0.0038673495242306467
53.06685336066535 -26.931079330863753 0.008068370811966466
52.95322064140103 -26.945488480236502 0.015270899521436279
52.93168372523799 -26.9532024318992 0.004627304610877532
52.95913932128492 -26.935439757487018 0.0028733447031890303
53.02060387084366 -26.88552620305042 0.0042420036182577855
52.97467812260926 -26.911320335170007 0.008570287570026546
52.99465872883671 -26.88689393702858 0.0030907099452536966
53.01021098599476 -26.875969580736538 0.004716039452979515
52.99565259502364 -26.869544107113665 0.003314743285961379
52.86847608759764 -26.910338954917833 0.0035193326580721163
52.793258587878874 -26.946622986856656 0.0031354199303593486
52.75554448193387 -26.956576239827847 0.0038007816846043095
52.84631787512107 -26.91697510808252 0.004117327942191159
52.90856504071101 -26.91793134042145 0.014745298021090944
52.93786687132444 -26.89815096120828 0.003706543698413169
52.947331505515926 -26.87503689871383 0.0028798465316084627
52.952666492641406 -26.839880415517413 0.0073842594866573375
52.878234859683936 -26.889963687586015 0.004795761640585453
52.916867697334204 -26.848909758719135 0.003979949986599851
52.59124175784389 -27.078286308576885 0.002822939655860788
52.57016093602085 -27.04494541866777 0.006885096072029564
52.590617337511695 -27.01083979692545 0.003054289010945585
52.53131911327241 -27.011952654047676 0.002741299296424743
52.558263545193086 -27.02290045666262 0.009487657415694583
52.60115791005597 -26.959547013780252 0.003002951337881852
52.65456381847623 -26.920856904095743 0.0050615380339214784
52.66022938666664 -26.88570955904304 0.007946358413225543
52.63994563078156 -26.884827651872858 0.004856804302752665
52.550699033635354 -26.94574455520968 0.005512118996466501
52.39739396755369 -26.946222277538055 0.0030943648535068837
52.42154008918537 -26.932237040053195 0.004513743693161381
52.48944399361434 -26.90422905672204 0.0035530737297407573
52.621367492751965 -26.85516890776935 0.005851158794972487
52.51631236741533 -26.89956197693496 0.004581649155887059
52.5178596564713 -26.877393738158226 0.0030446813333416763
52.489863887463024 -26.85127427776504 0.0028893823105881245
52.51051904564933 -26.8567421115412 0.005265281495177786
52.520178847278736 -26.82819782571502 0.009911723414882246
52.741328389860755 -26.930135433276945 0.0040453417311000954
52.722620735565805 -26.876053807659268 0.0030857602098529457
52.72144255127704 -26.885931675238524 0.0030155922923643585
52.70432664819186 -26.822489892339192 0.005618215448705863
52.73932580916182 -26.811362680031372 0.003844249925466667
52.738837983756525 -26.802783830011844 0.0033038461443820485
52.85220270072499 -26.818759079719243 0.007244915001358274
52.65595099751791 -26.82312688482081 0.003038702055423641
52.61311419454476 -26.819140204981583 0.0034579211791418087
52.728627205564734 -26.782121615971302 0.0035963793854864724
52.5996937199176 -26.801479328911615 0.005281630252985983
52.72672044238136 -26.7164975795674 0.0041824714934591
52.77428367524819 -26.674444442477057 0.0028420227797332056
51.337945839152454 -27.87788155949656 0.02176861054504711
51.27827810979648 -27.87611325915802 0.004275803167004017
51.32542560221224 -27.80258680981091 0.005881799886164973
51.45968732865529 -27.817834883138808 0.004453577247928153
51.4252565727221 -27.78919612577491 0.0070518320377085195
51.36839084301556 -27.778785903954105 0.004569539224439063
51.27063805064371 -27.819908350330003 0.004506183776061354
51.20776671425654 -27.80644641853105 0.004201021407515605
51.162596258032885 -27.781431836620303 0.002729730829056985
51.21023488305436 -27.770552986673856 0.026451605933440422
51.219907342380665 -27.74188144481015 0.0033219976784798527
51.313723642801754 -27.7649914964942 0.0031583305385479185
51.30904581907778 -27.72396378471512 0.003634463189616258
51.28971338347049 -27.704818691441556 0.0030723463985210904
51.3183754493499 -27.68587296998359 0.004082996095515202
51.35070784443326 -27.66562609906062 0.003419147800812177
51.34121287058987 -27.641017250336866 0.0028328953374369254
51.319811307560215 -27.64208118212317 0.0038654583186020315
51.327476663159885 -27.62541762638846 0.006463670878241178
51.46303906689898 -27.70163955847916 0.0036329300396787524
51.48813577423582 -27.687238956016213 0.003569630384251883
51.43732602575104 -27.689095856724062 0.004209585837391791
51.43260071803642 -27.686981185288406 0.0031105529572441185
51.592329002906766 -27.684394063578537 0.0069291993283504116
51.60206478340588 -27.68524355487881 0.005361637149404435
51.60005696360866 -27.640262967051704 0.004913461694368622
51.620613479270915 -27.616939637316772 0.011677777321401291
51.53122696889533 -27.599884518901696 0.0028613160411602103
51.58954216878484 -27.59564620474381 0.0029166457891984547
51.563472957299496 -27.568948400113268 0.016786922468514615
51.58730979234531 -27.5438356877214 0.004936907039005892
51.4192689131841 -27.674058067953265 0.002766290559407386
51.40727948284631 -27.6553185877154 0.00966829336242867
51.47843596101318 -27.624962083803045 0.004907504761166224
51.46730941827398 -27.594057465418803 0.003914501191721657
51.386527892362295 -27.624018612682825 0.003991415041526451
51.51817432597224 -27.5855024493259 0.003084481747340276
51.51381005642203 -27.55034073807152 0.002800150632646582
51.56146328453825 -27.537053760246646 0.003337606208573361
51.51364329690654 -27.51944438060709 0.019649293947719262
51.545254167568615 -27.490137255681645 0.0028768060581433933
51.51883507846441 -27.468214149371427 0.008262360207012844
51.21394956217775 -27.68742983836894 0.005980462267246492
51.16981078969496 -27.70440106522801 0.007749543039793364
51.207710724467695 -27.683373855835654 0.01563314260832018
51.20304256775593 -27.67162381575252 0.0027566571123821644
51.13876962602497 -27.6957280526272 0.0031845506421095374
51.11630393495218 -27.67418935688608 0.006309592544010773
51.15898072476443 -27.638637428583586 0.0030049371617839648
51.24584814232857 -27.66800406831017 0.0037204512617734953
51.21850885208168 -27.638818737776464 0.0028332060115160563
51.24266548910045 -27.648018978311708 0.0028679938097273907
51.270822707116785 -27.64164792178625 0.007402628835830917
51.27836498147814 -27.625963173570874 0.007859192830673578
51.203157850076074 -27.63105619101572 0.003796681312038952
51.201050860869685 -27.60402666995828 0.008304161841040306
51.20170087926176 -27.585246395315743 0.0031780590298858343
51.234233378670055 -27.58000235754783 0.003972296289550685
51.0940709288343 -27.670370288242644 0.007322872365139733
51.046079890810226 -27.631641485094303 0.006385594915223799
51.021918951175195 -27.609469360602308 0.0035401020342442032
51.03471063463483 -27.565842799808458 0.005540997441340876
51.0600889804409 -27.536822599994935 0.0059551870852477444
51.12477605275847 -27.563270023813512 0.00550843995333986
51.13949663341169 -27.549441572855898 0.003721990751213405
51.194732500623715 -27.536350732857585 0.016026223667706653
51.226611176762525 -27.526236344046648 0.002698879842263633
51.21045900043084 -27.510458847519484 0.006081789291927732
51.18575419640535 -27.50220464578984 0.004348127842533721
51.07674171837821 -27.521411563463285 0.004786403359036072
51.100569566473176 -27.521912918747073 0.002646328107581079
51.10409189452408 -27.495864461367265 0.004707407225540012
51.318704323794506 -27.588444534140184 0.0036325518718103933
51.35331463180555 -27.53436195043259 0.005970599422503392
51.33685922921918 -27.533650282588933 0.003888308901923734
51.3808777759458 -27.500581121647546 0.003282079296682097
51.31364263755345 -27.524493018576884 0.007874891061350493
51.30475023575003 -27.491424135479622 0.0028560336144377095
51.30827092157213 -27.470696637381312 0.00710830558216145
51.38730288312991 -27.502729601198777 0.004394783037615638
51.40142330033393 -27.483812713885182 0.011877218186729075
51.416926373849016 -27.454365386653375 0.0031450777748747486
51.487716127714755 -27.45315214204301 0.003443643812740373
51.38971702946661 -27.42509386420254 0.002648759391808828
51.3726867664181 -27.42017786936319 0.00330601142143896
51.265473672889335 -27.501761996728067 0.0044905222707692745
51.21529168491323 -27.43453785673258 0.0031263395851968473
51.16770954922632 -27.440467875820797 0.004209836794819257
51.32957170196243 -27.42188481992719 0.0057222301938403665
51.35066374389618 -27.406508239888733 0.0036129605091859253
51.38669963530238 -27.340935565189017 0.012901303279926528
51.29428419590869 -27.382052454000913 0.0031579226965455934
51.30438978329882 -27.372824758575145 0.004567500248116123
51.30194624967896 -27.356617518059487 0.01097865782767179
51.27781267409691 -27.339420608499346 0.004763939468466385
51.67669172412715 -27.587526587123545 0.0029115498121266696
51.68985345760676 -27.56357523010956 0.0033155742235380617
51.71974952046319 -27.51865514153068 0.005929452230693876
51.7266222528797 -27.494895265184596 0.006396221275281927
51.65706831724967 -27.54189373206706 0.021690279987763617
51.6067320436774 -27.51827088059791 0.00470329700570941
51.69141193285995 -27.478685786620424 0.003842557275413794
51.77678032498777 -27.479469921799566 0.0029942871022990186
51.85065744674717 -27.451176087551108 0.0034000387728802903
51.81359243274059 -27.436385467490265 0.005920704887963527
51.6948557324842 -27.456193416390864 0.005626797484296441
51.57655697313941 -27.49736700142249 0.01230610126805069
51.574030246019625 -27.476752868408784 0.005090187962923207
51.65631970130995 -27.450978925583023 0.004775200755737438
51.658685999636646 -27.465484109724212 0.004687631183136762
51.66054636728431 -27.432001571049305 0.00567112643289249
51.60836835052152 -27.460505954284148 0.005287914380258821
51.59649918674001 -27.415647070551874 0.005049210650477158
51.69386163294338 -27.38580896231364 0.0034345362112092534
51.68995899532128 -27.3846323235876 0.00399187910052049
51.6390084799629 -27.352147953743263 0.00766006914020857
51.65705993300845 -27.332139886699757 0.002650570405492735
51.88317974528768 -27.417029249423575 0.004727178041582374
51.818164176918394 -27.3896256570017 0.0034300852156742977
51.8277925482151 -27.350744522664744 0.003764550605811118
51.85343178617936 -27.340636144052187 0.004243032121981366
51.85462114698047 -27.302479634794647 0.0075740502935533
51.854407913862005 -27.295401222663266 0.00767577895619327
51.90508203819253 -27.288655407643695 0.007067600529650094
51.91511759403048 -27.28948533067895 0.006954667231697584
51.76662645404136 -27.355560621194297 0.005382712259576846
51.78523695622277 -27.32984354582512 0.0027899893123329764
51.82833840171864 -27.286111526576963 0.0031003464684416487
51.72633572705472 -27.267279789904507 0.005788083392165097
51.72613173021644 -27.241086330406713 0.020838964729964066
51.88619424304108 -27.24820008095822 0.003706604764210064
51.877510155882206 -27.238164802306937 0.002664879951941403
51.83877870076427 -27.242965311367204 0.0029292630582026945
51.906258031062464 -27.223394933896905 0.003176476594367554
51.90074050239081 -27.226285249320803 0.0054120302405112055
51.78425072441545 -27.209423684016233 0.004823673006642909
51.86224609545116 -27.165156479409724 0.0033528815777494323
51.83087462823726 -27.139030791105096 0.005519437178386744
51.83112384311363 -27.14055870988816 0.004539017943825167
51.45449300543672 -27.39022650547104 0.011432083282374442
51.48048932244628 -27.36272360995278 0.0053396262524453685
51.48926157518152 -27.318039938370028 0.0027515895702828813
51.57907179585323 -27.325581803643303 0.007327721999331902
51.5938913242793 -27.317249379336975 0.08333333333333333
51.64720397089903 -27.274868929321663 0.0036617319093103975
51.647437901915914 -27.278972782157513 0.007213095955290144
51.62999506225197 -27.273673258037356 0.003485515790874264
51.645743259017465 -27.254992717367863 0.0053783718429274065
51.546038600545835 -27.295817110303844 0.008497257604665487
51.580988478011264 -27.285259161001697 0.003836759787046238
51.42614861339224 -27.340659316615618 0.011085937086646036
51.41708116554747 -27.330747533043823 0.004153692617371695
51.421912823877534 -27.327092706978583 0.008149130630863794
51.49171355588283 -27.273220317635182 0.01109894053608884
51.402381880715325 -27.2724838785746 0.05631552188131473
51.379974226516055 -27.27750397841268 0.008519038277658143
51.41282533724867 -27.23818886569823 0.004308987751784658
51.41803851196133 -27.216131811774712 0.00315874770664781
51.48840434628568 -27.25421416918283 0.004439411366076133
51.49335918098019 -27.267532023842683 0.0027477385361190485
51.48359383376215 -27.254701917365303 0.002699702319179257
51.496111040044966 -27.22767326721227 0.006925297497835355
51.55877106692813 -27.180486934643387 0.002769615682219063
51.491690343959384 -27.172769669594075 0.01289560582096363
51.47558266964381 -27.139532266362124 0.0037337050279502436
51.6748780601292 -27.273011606979537 0.0033011028050466337
51.672075390132385 -27.25792443011331 0.002772335553863119
51.71753742525601 -27.205004427838517 0.016189847003203774
51.68793271053502 -27.136697452130075 0.003459926432611796
51.7261958475296 -27.095634686257323 0.003227782291594033
51.73020362546267 -27.078102407443065 0.004136319044813269
51.62797265137856 -27.157681813584812 0.004890380708832978
51.58192733905364 -27.11601472603763 0.0033438696507124043
51.66344097263633 -27.08765503984076 0.00702819778278128
51.69399905559852 -27.051177310559044 0.004750637357922142
51.632067500542234 -27.063138321390976 0.003629811645197494
51.67908744881104 -27.023807883224933 0.020706641982357017
51.672994697370626 -26.96921690717734 0.0028673203012429356
50.97247022906113 -27.59932954570788 0.004285983991824201
50.94540267110062 -27.559774312226068 0.00652952358056138
51.09179471677853 -27.435722887424596 0.004163535956667525
50.94874699224457 -27.458270600951387 0.0027444216684319265
50.824690044397094 -27.44139071157553 0.005587187674399876
50.84733748455582 -27.41054836605631 0.006043885798914078
50.881225418590155 -27.43793413848793 0.004202266969454851
50.98246347746648 -27.38889375094108 0.00492249761756419
50.96369663245061 -27.357646625789062 0.0029082756667738446
50.98036440446014 -27.291071690293556 0.0037789085286480647
51.18894699315776 -27.400232986561175 0.004416717882471431
51.18709408123 -27.36427852046242 0.004361969299731713
51.157710705652576 -27.36360428466287 0.007266007797956072
51.227082325507965 -27.343804186240888 0.00270304440106549
51.2927410986237 -27.282321743061097 0.013269951165133647
51.195984968529544 -27.273294652052073 0.00396166902264218
51.21237209399758 -27.253432891929496 0.0035537421192888452
51.2359956734087 -27.247793904767253 0.006356232793430597
51.06511191266807 -27.348860155569813 0.002863976002209312
51.0160966743967 -27.293316093647835 0.009770804519442271
51.03092415677212 -27.24396398139189 0.011198656913107551
51.161396563309886 -27.24528543416148 0.004507065552011918
51.19435905087153 -27.168718425305386 0.0032407868996616063
51.141352598808595 -27.17878754638569 0.0032835618003655784
51.12069580180728 -27.150709031862355 0.020885260166491296
50.811330245589346 -27.43123623165295 0.0053296420223100435
50.81550647422089 -27.414807159297336 0.00701469592116501
50.76734659434113 -27.395754777235233 0.004510161928174409
50.84675837966868 -27.385443128075643 0.004038106182794163
50.83380687738271 -27.379328026703476 0.004616658385010339
50.8272499730818 -27.3582432820087 0.007088025309200338
50.772247151134366 -27.34726002949309 0.0038749952065949647
50.802378230758826 -27.3277336552053 0.004906101847273637
50.81893183879406 -27.300739236987592 0.002644435505716827
50.86135271615699 -27.326361955885805 0.003985037151931516
50.85179830829996 -27.31283697632548 0.005404746010391112
50.840441317011255 -27.291867486997656 0.005420436606789443
50.8621401960566 -27.260196402767388 0.00299340258673363
50.85769720363234 -27.25058049628143 0.0035322619219467066
50.86243898205144 -27.259982837158585 0.002910343627311342
50.90149510942637 -27.263018031446517 0.008168326609137543
50.91436172192971 -27.239884046471516 0.0030419537701850434
50.86938737757718 -27.236676149705257 0.0030505427787007044
50.712011233742665 -27.3549523499734 0.0032859734463273355
50.72175796784471 -27.346014415441505 0.003427216575687622
50.727500913855685 -27.30181787406837 0.04793249549432115
50.645971844235255 -27.294540253274857 0.00796404572102181
50.674138900585675 -27.261516591300943 0.003235209838376828
50.685652701216256 -27.25825598216788 0.00317504561905851
50.72346855101988 -27.259319203586504 0.005964030484228355
50.685937438708606 -27.23821817765537 0.042467756164124834
50.71371944756509 -27.228309851702637 0.0027237544614289047
50.80608060825247 -27.244300636719945 0.006716798108725332
51.047841126607665 -27.13826743748326 0.030636922051702844
51.08056723844495 -27.12094857753155 0.002974817410701241
51.0727236397394 -27.10860170761535 0.003158420971201672
51.08727371527024 -27.106371179232845 0.003639907101365872
51.03406855602784 -27.09202797022449 0.004238129370852513
50.92257144628691 -27.1391859842696 0.002727106538369017
50.92290183352037 -27.139589115383817 0.007904871137686013
50.95573954211026 -27.119085433557185 0.006188621255418047
50.83649230984229 -27.14450809207449 0.003335133514668761
50.904356347507765 -27.091811780381455 0.003222621495652327
50.965312374693376 -27.080928356376077 0.006789685288996977
50.975194033135246 -27.058174688306433 0.010516953521715592
51.04159375279664 -27.008882502928504 0.00365127765709645
50.94970355877588 -27.048967611439775 0.00409594488945315
50.94149788130385 -27.054245837632877 0.0028379040291818913
50.953083599602465 -27.02704259490278 0.008271681138045502
51.295213218956235 -27.244240131902053 0.035665256652550915
51.371766182786665 -27.224399005936412 0.0052442084337339
51.389623441962655 -27.20371390563374 0.008752856423325272
51.310462995366 -27.14066656020685 0.0030793846785604315
51.42815838837643 -27.15012979738468 0.002666175017016451
51.454959591745386 -27.143681901305072 0.003740088334505772
51.45456325488793 -27.09031523970158 0.004890290512917822
51.36525994476662 -27.130943316796497 0.004445243950637382
51.24123610928826 -27.165265415942443 0.0030824900940749963
51.2712902109844 -27.109869973083153 0.0033777115554622147
51.23140067057573 -27.06426190351145 0.005937531813669592
51.22669872008678 -27.044607430287236 0.002955015815576655
51.395724754602696 -27.01540944286089 0.0027971886967447495
51.310739661524586 -27.020230327117943 0.0031322488583479646
51.311668281990165 -26.998100610268637 0.005416711742139723
51.31759418459018 -26.989204174358026 0.0036594312261321376
51.523448371647305 -27.071633450401418 0.0050833184758951955
51.48626468009827 -27.07831512659832 0.007937100869454672
51.53289195406673 -27.053583500515575 0.00367827982094361
51.60650202687193 -27.00980155384491 0.017558650104025884
51.59353594542251 -27.00396222702323 0.01106047095472404
51.634920469322054 -26.986018811040875 0.033098078763503735
51.58292194852975 -26.970363881804488 0.003189489741269399
51.517926104072885 -26.931226443117875 0.005909655567310364
51.41125321909543 -26.999482888147444 0.0032879233890523423
51.45841554329875 -26.98767267412074 0.008169206601311478
51.45991861021606 -26.975062481217332 0.00414617176315534
51.48083809741084 -26.927011556403553 0.005626230420873446
51.35921604922321 -26.95505858723184 0.008425088559591705
51.37571399994565 -26.93448424358155 0.0033690134873319367
51.42907542696053 -26.899632693952658 0.0046560220096556046
51.446392356032455 -26.89330120562066 0.0027579722024524663
51.49674214121139 -26.92083402244337 0.0036244831043644485
51.55038955414642 -26.890146916105618 0.011176977189829584
51.51945998955546 -26.860765494081974 0.0035769324582064963
51.47735971961087 -26.870886197790284 0.0027851348309539995
51.443877421158746 -26.87111273670887 0.0029247788572186713
51.50357095942343 -26.842392252279566 0.00392787030776856
51.16991633837396 -27.08734957080471 0.0028743850448927927
51.15454574713771 -27.067497866188894 0.0035641013855356647
51.222946865230654 -27.04288953140625 0.012171509422171886
51.12882660930944 -27.014827602491746 0.002995076293349366
51.12074690650032 -27.005909566659916 0.00603988166120568
51.148812858950485 -26.993549706183646 0.004020684999265808
51.151728065078224 -27.00347720041483 0.0053393571843795675
51.17815882778179 -26.984586805060236 0.0048828864454734545
51.26023198699535 -26.991176642298175 0.009482908380290731
51.260789790408815 -26.979744183026835 0.003608987847074591
51.25048224628311 -26.973854562469644 0.005585916116331596
51.27579950172037 -26.955815480288585 0.005057853135511669
51.24896772126687 -26.939117689344243 0.0027836444936127163
51.25889432469164 -26.89006186241961 0.009668353804132678
51.08534277467973 -26.98868828546711 0.016455927094558596
51.098458919255464 -26.96703901831507 0.0070740588690784605
51.117959530413046 -26.947367704397564 0.0026441036130967267
51.02716063874512 -26.967003230635292 0.0035674887283626317
51.03211213185029 -26.942783551513592 0.002776198240372498
51.147394893874846 -26.89600392514184 0.003880758385851398
51.22945383728257 -26.851894315067742 0.005712738564254354
51.16913692729695 -26.87071965615155 0.005746753441997067
51.120538856258456 -26.85259343440279 0.007793665005583052
51.108162252341685 -26.82546287325857 0.0033815453770994373
51.15227539382129 -26.847329047675313 0.00538299243669715
51.147538693883625 -26.850281749997613 0.004395842814356977
51.13018871312223 -26.81303111456489 0.0029898836592306983
51.25717331822494 -26.85256953968611 0.006875007077941
51.29337183714171 -26.83204499061639 0.005749197719229368
51.29835528034314 -26.825558315392367 0.00298628532173404
51.342048213992605 -26.79596400740604 0.0027008256818089505
51.46984412376715 -26.79855568548259 0.003322709013846951
51.23230972923482 -26.85009961722718 0.004476555978311799
51.27968951063412 -26.754196085045503 0.004036433292864518
51.18298388895896 -26.753134225236497 0.00340442491040071
51.18564740500849 -26.756617880817732 0.007504961861788684
51.271402518385585 -26.730969654858825 0.0031638530922136875
51.262773517245066 -26.717205116254217 0.004162040094483335
51.36664316772759 -26.67450070821207 0.0027716973373194615
51.99901482961308 -27.238207434810327 0.013493761494167904
51.98998819262603 -27.19007520010817 0.003790090145820895
52.00545811593581 -27.17299181551235 0.00884498833762853
52.048241453234986 -27.123269217613252 0.0038748075708326317
52.058862987457786 -27.11549006292211 0.004041363591631835
52.07836492622405 -27.106609573939934 0.0030470721278570336
51.97431525439008 -27.14710626126737 0.0037073801440671377
51.90971995082566 -27.1596330949714 0.0029377961653385175
52.001461106241344 -27.114763053750742 0.0028736589199396035
51.9679859927447 -27.12806469458634 0.006624474300788869
51.89350430606072 -27.12155541385283 0.0053418831588386345
51.91434000803099 -27.088212545940344 0.0033524894868869237
51.93565359117084 -27.08109027284413 0.004161591756855281
51.9540312367856 -27.070171578245073 0.0029235045872107843
52.06315524822725 -27.0717175232348 0.006619124115134905
52.21799790652939 -27.09233228364881 0.0035646308766761376
52.21153449847821 -27.09178814034047 0.00312169978600282
52.21652336730288 -27.047692436594748 0.003715659122378102
52.21606542123427 -27.054339562008668 0.005280113457405709
52.15661998637717 -27.006267620700832 0.007037267012442785
52.2982867196182 -27.012452299987743 0.004073529583019678
52.3100771401716 -26.937074178333695 0.004097849079260639
52.35209407696439 -26.926996058613113 0.005771486240489393
52.29554237943351 -26.885517913296404 0.0028991253913039023
52.12107889415265 -26.998271471656093 0.0045364754987174995
52.146361968596466 -26.978137653726726 0.00823155026721997
52.131573777771855 -26.97655880598844 0.004407438688866462
52.100002168112844 -26.993738270534234 0.003846254962736961
52.08329934907542 -26.988047430530447 0.007969745526423001
52.13057681605297 -26.97043181796014 0.0027360203270452885
52.19287595939751 -26.957672686906847 0.0037189982124718707
52.11831788124564 -26.873628169518557 0.006440768870611022
52.23439759701956 -26.91365266287145 0.006020303483801812
52.253247538869466 -26.857783061658704 0.00893847252632714
52.171096331273475 -26.884386121283622 0.0066284097065441305
51.85859171870411 -27.067193787202527 0.006691156374732301
51.91314971708589 -27.007885877352244 0.002808619388935109
51.94482208530834 -26.961053061008563 0.0032427612121111926
51.90498401576945 -26.9781392895412 0.002900763516778469
51.894091918299225 -26.919696474724176 0.013488606945207182
51.89868581107997 -26.913766658779 0.0029716903201365643
51.95849219834171 -26.92679981082948 0.00458538129053024
51.79402540171138 -26.99517252294116 0.009882859121553607
51.76048499558164 -26.982624169528364 0.0032980129348185636
51.751434157517565 -26.9873173270936 0.0037745656610956107
51.812904042128594 -26.927286176687723 0.0033963181782813404
51.80935925359653 -26.90945850289531 0.03311830825573602
51.7595270562586 -26.874033901378223 0.002713084714807344
51.76754518443446 -26.861550291622176 0.0030893216617305145
51.84529894329334 -26.908397132102316 0.006297784194262157
51.84525860159128 -26.908666876820455 0.004984546015685276
51.90618836540643 -26.882449457383075 0.0046518645915946425
51.85987205593188 -26.81542888483537 0.0035686616976606527
52.03047214143841 -26.93294153633127 0.003910620788528534
52.036212667825566 -26.902558298276713 0.00328933593513178
52.05955788542175 -26.88131657885892 0.002645210875656482
52.10800028668877 -26.85563972704188 0.008187508419804455
51.954317393154966 -26.865880980204597 0.010282407341559711
51.95409392173283 -26.865769877884343 0.007066634423053298
52.05861795210902 -26.81596184830957 0.0029253377437510795
52.13012098344214 -26.8449162195616 0.004042604402474959
52.148084641767554 -26.79759274341874 0.003928611780598769
52.16306820361075 -26.781721407268694 0.002707152926181197
52.188577042964525 -26.78006523441707 0.003142222938009939
52.05124082184401 -26.78623942113011 0.0027115230749559524
51.92399624272563 -26.83671746211549 0.005750888992233221
51.98587907237152 -26.747148872863814 0.013075320397490632
51.951741617843275 -26.758233646614553 0.003026834424617209
51.9451289017713 -26.735002039071382 0.008675006914392103
52.011874791952174 -26.72188816202345 0.0037966612487847487
52.11153562752427 -26.689515108099812 0.008485951877393667
52.08645772228657 -26.690919054429013 0.009785868366864644
52.00261316850374 -26.71661495822942 0.0053361537530637665
51.97186277178548 -26.69270918685644 0.006279737854135011
52.03433401873226 -26.6892574044486 0.005149417085133945
52.059234842469856 -26.649613811567644 0.00286782561587873
52.35428371937036 -26.89144608691574 0.009593778771918639
52.382921634895695 -26.87510567671718 0.0030668086859679923
52.46435580366883 -26.863935253780703 0.0030183936922378507
52.44717475318032 -26.84598373132189 0.0035699243213000924
52.39352532262731 -26.806461681848504 0.013724913297314678
52.462406587860265 -26.75299401319352 0.005802138141895246
52.49363406672945 -26.75415398571972 0.006770173750590331
52.304203518594434 -26.82956762527624 0.003635210294896606
52.32165391224504 -26.833066868515072 0.004120873277849639
52.32183954216111 -26.80471728649361 0.003159102517434557
52.31292340997953 -26.805309094211907 0.003546663778804891
52.35908540988778 -26.79960781923938 0.004999084406542021
52.4466409565204 -26.692662358650804 0.008996019116043636
52.331051030145126 -26.67592969766359 0.003288002428354465
52.42487582305063 -26.653413423864983 0.0088307326072144
52.38618633663427 -26.64620855049162 0.004401019366040596
52.58500756961298 -26.74911943277104 0.006535869235882633
52.57498287924939 -26.712371270012348 0.004850792915472917
52.61937539940058 -26.69138112129685 0.007658540346136518
52.59274949491051 -26.66168702441088 0.002947044166986247
52.57224384089592 -26.677835795091077 0.003081743861709294
52.5468764308844 -26.669303773325183 0.0031636843751636024
52.69609691530018 -26.597671522269657 0.0037359095639561426
52.6226591650993 -26.57720928558033 0.004682430765576731
52.44926423139013 -26.64617192105496 0.0026828787438355735
52.412367662419776 -26.594716669835087 0.0029379218867378568
52.468014047891145 -26.545243413310708 0.005043442915633036
52.46800377991059 -26.546980134352115 0.0034317724198257935
52.47122557940867 -26.535795289130412 0.00342193522692654
52.56142350329628 -26.565283232361644 0.002722755190422082
52.55258493200123 -26.53753766289166 0.008226939519925201
52.63109628334167 -26.53836140162533 0.01275310894205632
52.613576157802754 -26.49931367622216 0.006402591291994704
52.55136281686792 -26.526346655362538 0.011988976381127968
52.51034114515957 -26.51865541376567 0.005575541267656856
52.52460419701519 -26.47747917299905 0.002816521751840233
52.566869571199945 -26.471622262790767 0.003262229416874747
52.169148143835336 -26.696483643666536 0.004765664331096948
52.15036035964231 -26.69691177754505 0.007384728781217875
52.2346447573729 -26.649962107069943 0.005597112286770783
52.2156739983835 -26.642568719345036 0.0028793732100289094
52.29393417384012 -26.676563695709135 0.004646679298053136
52.32157305399564 -26.66000417448072 0.02404605782329231
52.3342776196245 -26.65522683735192 0.003846147226999426
52.312449530690664 -26.65585829295874 0.0027107720844061264
52.30381632130362 -26.654984764098018 0.009818187340842504
52.30329703952816 -26.657101572772333 0.003880047788619506
52.33044648980121 -26.622080805485155 0.0038389214828319705
52.34028963560231 -26.600159072963574 0.0066495012901288475
52.23753368621725 -26.611415672855408 0.003495526586129604
52.27063216481257 -26.589537693831577 0.017274370481076752
52.27237334335929 -26.586517452316414 0.005254010115767479
52.19034595922928 -26.614540654424346 0.0032267915769784252
52.168945475323575 -26.59658679839878 0.003539178643396234
52.110954301577394 -26.610637560323568 0.0308454816504258
52.086937566910095 -26.616711408047195 0.0028804119539858667
52.07939044733566 -26.583441558313417 0.003372417619269196
52.123368456426384 -26.593088629427836 0.012809822283354417
52.11834978070636 -26.54599223588042 0.0059586639685314064
52.223833510043285 -26.52957559554869 0.004216603739884839
52.177170493548566 -26.534977269722734 0.0030758579479774053
52.187293006434295 -26.525409008199105 0.003220610612051649
52.19874747379935 -26.514482356417524 0.004490831390017585
52.19136148421479 -26.50452559938577 0.003012989960785458
52.190319209227866 -26.4904286308753 0.005360295100959491
52.16708103941496 -26.482002524569307 0.010429121561659946
52.21611517541993 -26.45436927677707 0.0036797764411357417
52.38211357493088 -26.57017843228329 0.0034470052480222893
52.35668496561459 -26.546087036539884 0.013542371538779626
52.394383957473984 -26.46706114178633 0.0031082935671377177
52.4704521913535 -26.4893439024732 0.0029498149993811133
52.48439154628459 -26.45447259074951 0.004264958254258636
52.50047189136806 -26.40754020268862 0.012415219281859352
52.2980408277894 -26.51123794331046 0.005027569751392991
52.27644033071786 -26.43091624946147 0.0075968420109343154
52.3619830273236 -26.38658726729256 0.0027449840141861117
52.344668290838406 -26.37595084213976 0.00363988673511698
52.41682827461716 -26.31573433810882 0.004931228585941771
52.36901997538978 -26.30135064437287 0.005504576663452194
51.68882867719281 -26.923201913236475 0.003698287585154037
51.67935190237071 -26.92062397912973 0.003911419392413384
51.71783188761314 -26.82772953919641 0.004003313809007222
51.797405525243086 -26.76233110400351 0.0027931523825735485
51.74692571634039 -26.755603151219 0.003286129276600565
51.793254687397685 -26.739320633438695 0.004881496976077635
51.59443094264334 -26.831356578703623 0.002776288758694946
51.61811248743861 -26.82322682000923 0.0045960447607270435
51.63998687126705 -26.801614614230942 0.008661724269311631
51.64322437147646 -26.769166435213258 0.00567794870312536
51.59216010954875 -26.742884615962044 0.0031894624214403038
51.71853650404066 -26.7039755068662 0.004255888531937934
51.76002162269592 -26.69909153760958 0.006226277524305158
51.68749099229707 -26.691510109619088 0.0035806362129879523
51.60529246073623 -26.70476716857473 0.0031343914184863543
51.680881825314025 -26.664035685065013 0.008627020789680202
51.67446368945202 -26.624192888653095 0.008025202035167824
51.84978915036085 -26.68017404190245 0.002673869513591526
51.82660301633924 -26.639131079467365 0.003645239054746207
51.918172122678214 -26.60326136372328 0.0037944034333747
51.88368838565225 -26.604566204527973 0.0069502176441707175
51.909230913670626 -26.586181646969333 0.003471770628112873
51.89808378584463 -26.58054487764391 0.006028226816704184
51.94711742406656 -26.58942616778983 0.0027949562206385434
51.95572375331695 -26.563332775160784 0.004908073803001476
51.953102797265 -26.549083721283196 0.003273720210991943
51.75710000202784 -26.64170039736628 0.0029867554828988565
51.795492764599686 -26.607219503204007 0.0027855742850614582
51.826038428043894 -26.59136537145933 0.005350145457737358
51.713596254468875 -26.627122605782976 0.0028169865902837182
51.71130245487769 -26.580252805734215 0.004922175105796347
51.86407070379949 -26.573834296971764 0.004115082672051461
51.836587735360425 -26.55692743470345 0.007667725634455959
51.91605634751193 -26.546961039548854 0.0046108378502666475
51.88218540210611 -26.51220106423107 0.0042667694768010475
51.81245865876419 -26.545412547398513 0.003493489237245274
51.824076039827226 -26.525303251722764 0.025371628817318994
51.473766469649064 -26.729451452552727 0.006991755047575331
51.53271536490064 -26.691526793577445 0.003557850823037012
51.51863277152459 -26.681104305425336 0.0034721719924559673
51.55747339726988 -26.67296193494131 0.011792870503524308
51.521790149566115 -26.640225154874873 0.0032169909164048525
51.48279232139496 -26.636171971578168 0.005498125636812018
51.61415573951823 -26.64407485264375 0.0059500734877620375
51.521083594978585 -26.615410170740077 0.004436667574456699
51.546928419771625 -26.598081664362972 0.021433495327774846
51.54593874899261 -26.60751899963541 0.00407309893922401
51.59647357389838 -26.56959102862709 0.012656298950696874
51.38480700753887 -26.606339157703147 0.004135142017907505
51.33655373690368 -26.617079230083014 0.0034167374242493253
51.54014981733356 -26.54909825873168 0.0026590597097533755
51.539963416468254 -26.5477146962186 0.009613466994909297
51.71960196034652 -26.562741115494727 0.003675148013486149
51.71415234698508 -26.54006301361368 0.004152681753389864
51.64007936410895 -26.546157322910037 0.003106843087819017
51.67396901300415 -26.521573207837665 0.0030565151630218613
51.63430400267632 -26.518739146768155 0.0027986945985738
51.66830938558492 -26.479782623891023 0.0048282973100216885
51.6781773864144 -26.46463713196526 0.003035497850083112
51.77048535310007 -26.49005732207091 0.0034327672612122348
51.79170905919824 -26.49211028181899 0.004478455514382916
51.748802528557555 -26.48906463170937 0.005868841418244621
51.74919910082958 -26.488316092617453 0.004777370237463661
51.749285563978155 -26.439240614328018 0.00396159732374192
51.744457723406214 -26.38859988395215 0.009447071332445812
51.536669535338184 -26.4429130444306 0.0035262623047274456
51.59870150619587 -26.400684276277428 0.0043695620870963575
51.60267262664584 -26.377859072304656 0.0044526942484895676
51.692386174943714 -26.42358319322389 0.0031142282114929587
51.69656443811933 -26.35967809744705 0.0026673301229935414
51.6202837610698 -26.38414729466165 0.003484266895239092
51.6486115557192 -26.357161170592143 0.006112049384446123
51.6415021175724 -26.35178813634949 0.0031381455639562287
52.03015459779571 -26.541154646926504 0.0038955826652031654
52.07257400327286 -26.558664264426145 0.004639922264561585
51.96751408480572 -26.52105938792266 0.0047223659588653
51.98417481747898 -26.49354231590105 0.004000181984700956
52.02885699781054 -26.521393220736165 0.0028145825748827854
52.02117418670905 -26.51249004759102 0.003113765623274303
52.02286593727618 -26.493036391377636 0.004275734200528787
52.061106142931266 -26.484021827997147 0.004483880034686342
52.125259628111515 -26.44280833892051 0.005019286543609628
52.06888811070484 -26.476880155034696 0.005142286323917666
52.130934025179734 -26.408819335499828 0.0033074327665472084
52.105894277065225 -26.38699709208776 0.005667486895536857
51.925257049553835 -26.483586751660734 0.004000351926821792
51.963645091603816 -26.45586327862105 0.006666389804549786
51.936142985320245 -26.42971841045254 0.002979830730286372
51.954762513438794 -26.416041449945787 0.016665028841616594
52.09151975801452 -26.350805861212887 0.0029314193456674792
51.98527012920963 -26.33928856939904 0.0033177821373691057
51.97539511130208 -26.34018228179539 0.007779584092490533
52.04061032789646 -26.291164070184585 0.0030982373461074845
52.20718825262831 -26.43422768379156 0.022460929366720558
52.25191335403253 -26.353623359533728 0.005563820170505817
52.16870334396475 -26.37545555916101 0.004236792255947197
52.17554340831225 -26.35705463184939 0.0029622624580590835
52.30234474201073 -26.305645553668707 0.007414796557259328
52.331224544897395 -26.272349732970337 0.007801683532592811
52.247486150351264 -26.28995274518697 0.003992573497494044
52.22356775915563 -26.280539910076968 0.006521763932000419
52.25736991201707 -26.255848092966485 0.003134061140595368
52.126200543309835 -26.33658104479213 0.007222270322574911
52.108012531505494 -26.34287708709492 0.03192850578879765
52.09551198694738 -26.29978263602264 0.009520923258263671
52.14479342767449 -26.225513329954055 0.0048497113949002735
52.22495123437229 -26.220909431054164 0.008288298900367568
52.24547514836344 -26.20433324876651 0.004969999266255135
52.19687173854031 -26.133976473121542 0.0054803864592530924
51.81425027023426 -26.36180486448437 0.0032643457717294747
51.82314430822862 -26.31741293440001 0.0076207363983072365
51.870945576414805 -26.29881762105372 0.005390444508837873
51.93473908768594 -26.332139989803466 0.0027967934871226566
51.96287064465165 -26.260979366861942 0.0059409259557510604
51.79161209950087 -26.32592752003125 0.012272826780966218
51.830875741018616 -26.25738178485033 0.008996597057983956
51.83047561509988 -26.257635818728005 0.03381070201165615
51.717644846405406 -26.275632945099392 0.0036865071844632215
51.76820688535333 -26.238637194998475 0.005042922972309955
51.85147429492356 -26.252339398368413 0.0030887122435070023
51.86974879296219 -26.244325295204593 0.011469793515864262
51.866985349842416 -26.245838230349424 0.0031882251226035174
51.92706579365253 -26.186072679600628 0.0028010666619110018
51.799324581840736 -26.213438565741004 0.002808413064162631
51.845819784674 -26.12591923439062 0.006655452751250652
52.01687534267723 -26.23944967729615 0.0068724710586169895
52.13145904981826 -26.16968741459268 0.002651055010485741
52.09618405885808 -26.13372490788089 0.0029461842915624076
52.063738207976826 -26.08959578768164 0.002746053850857846
51.95435060080038 -26.16168928354729 0.006388125794072485
51.99396431325313 -26.14218322997898 0.009258782979721138
51.984925363602 -26.089218213935645 0.0037101617574922517
51.90799022931195 -26.120838176063096 0.0026588765857658934
51.92637192299596 -26.110741045850997 0.005944850733821434
51.926969268090495 -26.081686529814423 0.0031600120930009457
52.09996397330383 -26.014830007257892 0.002867548880213229
52.02083879787359 -26.028980001429147 0.01184934132320555
50.14130623837615 -27.69992195040583 0.004182037565797597
50.18524728024419 -27.679604641369963 0.0026683776206140064
50.20894592133774 -27.6600255164294 0.0029144398708349163
50.2116343946768 -27.667110944793276 0.0039280735374497095
50.22635634211311 -27.636293681712964 0.0027137577055459665
50.21376710157917 -27.572845865753305 0.002899074724831365
50.17058977534301 -27.563382036004658 0.006706085243694769
50.182330369872766 -27.532895331013115 0.014199149591710323
50.33309989008098 -27.516651256520625 0.005834040633542813
50.24484018840848 -27.51782113009301 0.008569045613619503
50.27014268236229 -27.50249429213188 0.0028168047512933687
50.36790386657536 -27.519761945784733 0.003020965841125518
50.37486119018205 -27.488347135423357 0.003788114517881012
50.35058641772253 -27.49369530256723 0.0085382704035712
50.41899714874519 -27.44090495282748 0.0037175884879421897
50.396886494432486 -27.42946242191899 0.005551276950552236
50.32320880585199 -27.46396196538793 0.003332180853416965
50.32182481941033 -27.465917706750226 0.003642453402664764
50.348370887727974 -27.45230750116137 0.004180581839218105
50.29688607757869 -27.45620993296187 0.009454965959784753
50.21927417343461 -27.424594093183977 0.003162530915073546
50.141806519876376 -27.47523518017579 0.009032632471895634
50.15066694772805 -27.45346828444338 0.008674035287774438
50.20345341965239 -27.429711027867125 0.004255229759485789
50.18234066160523 -27.4233559662228 0.004181618848068028
50.26006739629699 -27.382151859209348 0.005443184241537768
50.32295903886148 -27.387379161515543 0.005115743659049691
50.223253897922454 -27.378347602269063 0.0051010205086611205
50.24490932723981 -27.3723529701787 0.0032457469645880976
50.252108021039525 -27.30833795537795 0.004422111304989357
50.25255051122117 -27.30849920136284 0.002838276128887511
50.447116765441365 -27.40773335311164 0.004655586547595784
50.44319416947199 -27.383449358879815 0.01379818694242071
50.51394077597294 -27.35837180447401 0.005151038840529383
50.45836758865607 -27.369881642224865 0.013821554469842677
50.41624560870565 -27.36264369845609 0.0073620885135725084
50.52770914162134 -27.32760505647647 0.003829807758497355
50.524592362072525 -27.297028341120292 0.005393049787431476
50.581806869756385 -27.301709558524976 0.002662946949420244
50.61122171121265 -27.27265068181916 0.005075377962423774
50.590621344067976 -27.27469097723044 0.0029666536037087016
50.59115875334352 -27.288915123045648 0.0030664561917559813
50.49493262150324 -27.25042196986749 0.00660764838418533
50.558900037697875 -27.244909952937057 0.004128875852122527
50.56546401202367 -27.239667985441297 0.003867027358318911
50.342228271093454 -27.32763118457697 0.00282831648353364
50.43740821735336 -27.29015266533876 0.004290099793890059
50.315968504637475 -27.27499519782192 0.003343773792758488
50.36324158807128 -27.264116846273613 0.010749499766786417
50.36873105178464 -27.214996873410577 0.002775476788291657
50.44006751086583 -27.235457345718103 0.004464595833418975
50.5137223251917 -27.175634849978184 0.015597467329050197
50.40088531504557 -27.21146800107887 0.00907780500362333
50.46645098890792 -27.145625551417616 0.0055792394980434395
50.15282770451934 -27.35584945634818 0.0030277448187726445
50.16215759036214 -27.313759874036997 0.0033112043170729993
50.262511235695065 -27.288965405158475 0.010760159143326018
50.220668685439435 -27.287956838363133 0.0038606879458975146
50.22856566786903 -27.2587908803726 0.005515504263256815
50.13018092479979 -27.267405902419416 0.0034785103877725695
50.29917441174536 -27.22347617186975 0.0050233337037136035
50.29999352665872 -27.21802604161913 0.008738602498592839
50.322538962611134 -27.210283335691123 0.003540938220663594
50.299707612158834 -27.196008994192617 0.0070788185391135626
50.33765893201639 -27.17636292616125 0.007039543624326376
50.26355006713925 -27.19325109923975 0.01114497913143091
50.21179114184866 -27.197205576915884 0.0027738262554017805
50.27139420757638 -27.157666434032457 0.002790769574785156
50.36410419383177 -27.116186357234607 0.0032221353503231282
50.39585218968778 -27.127847342661507 0.008932318382498314
50.307180350259785 -27.125841126846723 0.007890932431435294
50.34308834681093 -27.120347912400376 0.002792134112632295
50.39474219382846 -27.06942300388719 0.00271333679734233
50.1652121564568 -27.099285441548545 0.005097966938201717
50.12567095079227 -27.11550965187807 0.00858779620245876
50.16403285650138 -27.088668462499097 0.002966785581030319
50.29099713287617 -27.087450994402236 0.004324306760265068
50.32368042361487 -27.05598271416039 0.013743533475919854
50.32114150047124 -27.05712116696957 0.002982782590646616
50.34572940892822 -27.03662244405894 0.01165230663181902
50.25431254627418 -26.970023044988334 0.005941150850782907
50.13462173944736 -27.07419009073349 0.004785985622431956
50.19107474097442 -27.01228991080933 0.003616917181628745
50.210552390912866 -26.999817038372445 0.008962414582971829
50.22762440871766 -26.959128154145084 0.006745767980319918
50.16526659155208 -26.949605989438343 0.0033851885216321376
50.141372776285245 -26.90425583683842 0.006722008071505142
50.16165594599423 -26.91001391762688 0.004032524917356454
50.17205120912879 -26.88020458336415 0.0039087649886992105
50.14336626951283 -26.873402015858407 0.017320086618666197
50.14629990863629 -26.876765167983123 0.0035999942293963075
50.60960729862207 -27.243344982310443 0.004329488940727213
50.686994745778016 -27.19370073826591 0.0028855028634243293
50.55873957642702 -27.188835229656107 0.002920488225347763
50.71575426026519 -27.16791396998004 0.004474929880998073
50.72648223971349 -27.154242760450646 0.004554347553384884
50.69877937923529 -27.15743798334495 0.0032081118734470573
50.776581246586694 -27.090369948215276 0.004530514290374301
50.68911520741034 -27.072047777697 0.008699581471202016
50.70342572059103 -27.044693213902956 0.00787327778727306
50.52658120003598 -27.15169826058123 0.0034354797628598295
50.50484970426107 -27.094439814057335 0.002945792245614726
50.49881919006764 -27.076584741177605 0.012284235950988043
50.494982413343834 -27.069492273133537 0.006091484866742924
50.64463818680798 -27.06033591644294 0.00316612367036702
50.683905838503094 -27.05076768810648 0.002760072370371974
50.65957437029344 -26.99867834070208 0.002746314308512436
50.58087217637846 -27.040851709230836 0.0048175708417309004
50.602988173857014 -27.01300128577265 0.006509839551570113
50.65038781133027 -26.9955517648694 0.00332493373697999
50.785503896624256 -27.05196195466772 0.0037546906365525513
50.80266703661362 -27.04239400161882 0.0033182619693342356
50.87690221383431 -27.02625918128567 0.005360477094736292
50.94384037987932 -26.968895339987952 0.005520520851859305
50.81417258764283 -26.97404351655032 0.003441058568721895
50.91462982209756 -26.982670642140167 0.007551841818482973
50.85640585225553 -26.93334505339757 0.011874037731215112
50.81912074846173 -26.932859282334583 0.004787636448416629
50.88259762069136 -26.877920587735183 0.004460788676181156
50.89120233117199 -26.87031107129156 0.004097116136640339
50.668236591216335 -26.981258457616356 0.003860913036181825
50.82827528569433 -26.913393395634262 0.003675006356627419
50.83811739359965 -26.90202444609298 0.0027278198453081367
50.861858937561735 -26.8652021702965 0.0049025770133511
50.41900870528208 -27.07469989382268 0.0027793722661786494
50.45590024015657 -27.05791977594353 0.003946095483213243
50.50025761846947 -27.053936190812085 0.004311767697782782
50.406275513958974 -27.06417384147024 0.0027768979163590676
50.372891316005855 -27.030242754288903 0.003381291475520153
50.6166032667912 -26.942808554196525 0.0029617736472585853
50.55254416277731 -26.933177429586028 0.002810642407022156
50.56959204132989 -26.919221540648778 0.004598238936729114
50.584141147137224 -26.912653104430085 0.0035992188081082335
50.50321415624453 -26.913409959144488 0.0028449253794423845
50.52104525401437 -26.884372562893834 0.003744276822767878
50.33065560758675 -26.997292732571378 0.006213077910799472
50.32575819860803 -26.988149572627385 0.0034298026741047577
50.4111320704991 -26.93903799448668 0.0036372129577743554
50.28390501791016 -26.937398560730543 0.0026637856168871808
50.32881006955789 -26.91770469544682 0.002691184294457529
50.48548493065422 -26.90368140902371 0.006244869677298331
50.50534926456027 -26.85025549274897 0.003307657245312365
50.48226690156674 -26.86725139648942 0.004262747610412103
50.41594992574827 -26.81588908927153 0.0028460922625309073
50.63470867889465 -26.88035920128991 0.004229728335069005
50.59967479402767 -26.859424444744377 0.002737985662509616
50.5814846658631 -26.85824536930893 0.011969594686706742
50.62580696126019 -26.850870320173943 0.0026981002961817976
50.623949535719504 -26.840677354421175 0.0032114253010525457
50.60481452216628 -26.80358822262087 0.003519360493920814
50.69716419911689 -26.805278223588022 0.0027953245235164885
50.75809121850427 -26.751684628480987 0.002948239392189198
50.6959089740262 -26.778712351256388 0.003982020574362947
50.65697713646913 -26.7576553485613 0.013812169987770974
50.48653599481579 -26.80486862764129 0.00469611571476657
50.540783628512415 -26.708443685038937 0.0039038922254628003
50.608521812470194 -26.751813461340376 0.004348030377445175
50.70213372631207 -26.686383558792812 0.004430694586831897
50.591621310786046 -26.687010189613115 0.005106492514444872
50.58750478701837 -26.67831368618135 0.0029888685112166606
50.91961350949278 -26.881144744491017 0.0029067653169178283
50.97785552963825 -26.84815422107583 0.005972678453750502
50.93945746142103 -26.81773338782847 0.004164472797642782
50.96618796344671 -26.790870435405512 0.005007782920356214
50.96845760176468 -26.78847168012798 0.008457703665774944
51.138075455097166 -26.780821620193485 0.0051734940580063365
51.00796136013608 -26.76694009351384 0.005635988452476337
51.00110586293331 -26.76130350999568 0.005391302119173712
51.062395463344885 -26.707418249605677 0.0046809070748202114
50.88372621063571 -26.76996591364835 0.00459025180039589
50.909714999648514 -26.73450191944809 0.008092932620937736
51.018174758991954 -26.715320835992195 0.0043257854906990165
51.21443885488963 -26.682070414620934 0.0027297118785286592
51.106474750847 -26.727706352065628 0.004466347753909584
51.10968254161877 -26.711800449349855 0.005214262244041332
51.079936884028285 -26.70171194695484 0.0029854768960167625
51.08073926969215 -26.69753237648979 0.0073371463132271145
51.13741090058153 -26.674188484341546 0.010073428068687008
51.14218296848112 -26.65404823431846 0.003503267858836447
51.26951314561178 -26.62868990852337 0.004741189125433586
51.22951752882911 -26.610281728052065 0.00465237185352725
51.18985766176379 -26.587584965163185 0.003172229427742533
51.24280172598865 -26.5906837757929 0.009912324237683406
51.23429801893123 -26.54933944176545 0.0033467301378203645
51.066593881750435 -26.68996595077534 0.00344063810328065
51.01008727964605 -26.634286055092197 0.003795433395875779
51.04515283407366 -26.588671722125483 0.0033571041477638386
51.15187818863425 -26.57418507533533 0.0034313259492983537
51.14843673166049 -26.5726717308759 0.005822660111719288
51.15147994740909 -26.577926896809306 0.0054768422819313056
51.1543110861379 -26.497554967810824 0.016078992758512746
50.81140418998941 -26.691738688669236 0.004295816775397396
50.8017557117512 -26.655067069134173 0.003796803791981401
50.77269450761684 -26.656200621617273 0.00523047137449603
50.801357605263306 -26.64079750071407 0.002762697372297766
50.87542334961877 -26.666203446943072 0.0030834253218456568
50.949364948707334 -26.628631744964352 0.004826389079162965
50.93129365410604 -26.609696054339125 0.0037032232090340243
50.84536183844024 -26.61401737216082 0.003087548580239379
50.84766996001421 -26.607835700227152 0.002888535368588745
50.86933747923167 -26.58715276236105 0.0033854706619991276
50.87737904754382 -26.571854307540736 0.0026438972286779564
50.78506105801672 -26.60210366034357 0.00312144782155429
50.74261954477998 -26.598414920243613 0.004137366937692407
50.733678204950685 -26.59322122672382 0.004156305334503114
50.76637464351376 -26.589315306986503 0.008910957033650664
50.84358710266837 -26.519757088800706 0.004043784419512497
50.76863338077844 -26.524860509114472 0.004167008531376354
50.79965090741828 -26.486288639652667 0.004931970890271449
50.96597099249001 -26.588006389879443 0.0034881149182624787
50.97594811890397 -26.56808355566549 0.00395890886781449
50.96762887469907 -26.546546508604443 0.006459763223236068
50.95306198021662 -26.532062587282415 0.0028096251360355904
50.97309656798651 -26.525162315674628 0.0029540134244097215
50.92007051083947 -26.5294001903663 0.0059493953491587025
50.98774175934283 -26.48804859960911 0.0031292335985630155
51.105272334310214 -26.4470870297487 0.0028438357838122433
51.058030506832466 -26.402140208700967 0.003008745332905931
50.93662897827037 -26.45957370823345 0.005951992422223616
50.80748337726576 -26.44113371990284 0.002800139510584364
50.90206022596061 -26.41750988922279 0.007664089533448576
50.90870212499252 -26.406624401970173 0.007544919659050801
50.99091977239144 -26.41353089111108 0.004285125636492056
50.95725268764841 -26.40753363683066 0.003170406572229678
50.95258731924062 -26.385035566814377 0.003132527444646695
51.02826753534262 -26.343338394117534 0.00692283426560004
50.98997747956244 -26.291058548621535 0.00447379062002552
50.27677193282821 -26.933491449457247 0.013668411325677901
50.27799472138555 -26.91523576444075 0.0026810739911007496
50.27086449722869 -26.87996535116256 0.0027736262226834537
50.26944590950985 -26.87534285080185 0.005734677962569265
50.32615432206685 -26.87402530466568 0.0029648874352705807
50.31103726160922 -26.87750707598901 0.005022250140847894
50.25338321044638 -26.82805836322111 0.0038215740531891973
50.24396367790851 -26.824729105611823 0.0031355593072789354
50.41563860313254 -26.76960595807627 0.0059632996753685216
50.41498449223447 -26.752078528320737 0.006974016966765815
50.30766542292464 -26.795388304385547 0.003264540490757264
50.39227025888716 -26.72787078544859 0.004147326002401629
50.2026535471025 -26.840559392004444 0.003819286252442117
50.24578111744114 -26.767882526965742 0.002782815762380015
50.15212420907941 -26.761792537901886 0.003633789282008039
50.163059177315766 -26.745356080136524 0.011347517459171891
50.29522545591811 -26.7451764333456 0.005997178558643507
50.29305103045627 -26.7187485464358 0.006326936848349189
50.28552337020652 -26.710146291354658 0.007862289563996476
50.28627763981217 -26.711597487608923 0.006623366080307198
50.30528564704267 -26.72314837703573 0.003907817510756576
50.2079029212872 -26.673121470784817 0.0034774117289281445
50.28489090712889 -26.624643848980895 0.018032654616024924
50.26926983620364 -26.630147966037423 0.004852088846406194
50.44617254684886 -26.73578345896826 0.002930009912503718
50.39805046767936 -26.677264368311388 0.009709526348656928
50.478730277005496 -26.653989379850085 0.008030530106621076
50.43720162404537 -26.6557499914937 0.0029285587753294156
50.46725232871327 -26.62771055069402 0.003091260820933648
50.44089374462653 -26.624978201326805 0.0056065004922100205
50.58878137987206 -26.62014927773643 0.004641719897617347
50.56771436039334 -26.61134979965517 0.0036873110902781196
50.48407872378032 -26.64282821085545 0.0038580705018350318
50.52429583529858 -26.612888983486773 0.010003096296077355
50.502942798300005 -26.614939480011344 0.004828527782653136
50.32713054086141 -26.65847125038572 0.003327221315406431
50.38993053831813 -26.593391252708873 0.0034823061081140803
50.44861343589235 -26.529606146710403 0.009941510478815124
50.47482012356997 -26.54750232945617 0.008402224660487605
50.52642977404497 -26.525044299765103 0.007385373599774484
50.48107092418408 -26.530770098022007 0.006605818312540752
50.16937962683459 -26.639785308471243 0.0026685296930688534
50.169495547775185 -26.626497505952944 0.005550693725410552
50.235083402490226 -26.634496364264017 0.017527417621609285
50.21077321734868 -26.61363946786082 0.0034424213343544215
50.13525785989033 -26.60988491450771 0.004485939319020399
50.188546237438814 -26.606410851759968 0.07642063378181199
50.27219322614413 -26.52877350043709 0.012602917247124283
50.31144041897347 -26.526397885049544 0.0033221717401838214
50.31746029933839 -26.486706989425933 0.00464865728431151
50.27004183607212 -26.52856196241826 0.011608741073749384
50.19793601229647 -26.522932229951454 0.005118511220000658
50.37931264877704 -26.501614257380464 0.005012288029339876
50.407537168057864 -26.44676848653294 0.003409345736654977
50.36329038105608 -26.441653377492663 0.004425558945295794
50.35894198480809 -26.43682851796005 0.0038828656117164155
50.37485655025397 -26.386144107009265 0.00562398099764516
50.20070039434243 -26.47994532463736 0.003061728660622572
50.15366141961829 -26.468292642240357 0.002845455837674085
50.15543297901316 -26.40268184830731 0.0031737093375578305
50.28203570218156 -26.410290197120457 0.008306260162134113
50.24704974521524 -26.41594709164522 0.0028707696396011494
50.31851003387152 -26.398631982418895 0.010033636877079347
50.33450609914832 -26.375133174573858 0.003333158911979875
50.309312996148186 -26.345403842420296 0.01104342331026943
50.23946991045959 -26.375597714608503 0.005347703494319371
50.29709795098671 -26.300811810996674 0.011592837402156574
50.64319957882268 -26.56508480026276 0.003113718411089859
50.64614619787787 -26.561909544465344 0.0028720692328915837
50.62456113328487 -26.54233149710794 0.007843453562180998
50.6592912211741 -26.556296042717538 0.0027823226397479693
50.67456777930517 -26.493982531879745 0.004196393876443613
50.614123180429814 -26.508439630848105 0.003352136111732032
50.586828060910314 -26.480836709716744 0.0071503825032999966
50.782174147490025 -26.459079358219793 0.0054018751775216515
50.79286246362445 -26.438119669805783 0.0033641265896175543
50.7298495435454 -26.43899019955712 0.005185473982903552
50.67287644480706 -26.460923065687425 0.005388381664008502
50.67988710851927 -26.442399402990965 0.004100314505756622
50.662114817268744 -26.440597741776273 0.0037161547825773633
50.73338706746982 -26.38712256911664 0.0036708531366635485
50.704543679201976 -26.38298819225344 0.0028021805197910774
50.54293770889951 -26.518931083735687 0.014016120565867115
50.5808476810082 -26.472655565178947 0.0034340463262288955
50.589253901463714 -26.458168456533656 0.0026457955679247275
50.489932492072775 -26.475085669479412 0.003099908426218192
50.49746557599797 -26.431363409973677 0.005818010954350574
50.54962417778532 -26.376219722091793 0.004199543697824728
50.52055782642359 -26.383744312016635 0.004957336444658985
50.651494427291865 -26.3862850476827 0.003072281562888113
50.657652419154736 -26.39033220549861 0.013603374665839114
50.6643672477569 -26.33202032756144 0.003805483030069409
50.59741137309653 -26.35874205725767 0.010079136681008632
50.59020154272725 -26.33371446185916 0.002887129502325071
50.61344111363871 -26.29617490449377 0.009052514093311032
50.62208356312286 -26.28645946030954 0.009633728984789296
50.62465159471587 -26.293650536806876 0.006859821809214166
50.782554171618536 -26.399613890120232 0.005191200818382394
50.84176279897415 -26.34708683695221 0.006494594488111369
50.75911691542518 -26.395509339843585 0.0076251203836822205
50.76229542336341 -26.34503132954084 0.003146899436202349
50.74891639479663 -26.35235246125532 0.003835549302832454
50.76936408694117 -26.330425341130532 0.0071924054196845786
50.922020179060006 -26.27311339119043 0.0027646937110190764
50.82994746864525 -26.25456427756502 0.006745590210855968
50.88041929559999 -26.240571996432863 0.004459669188661775
50.88590760720944 -26.227543753193245 0.005352763058127684
50.88716243125566 -26.20590332137218 0.0030181033654263253
50.715964508964795 -26.333934663591787 0.010329106602322191
50.74283119186481 -26.29320850869984 0.0037211253044555238
50.73532213214988 -26.294741047721907 0.004090541090512499
50.73474301733429 -26.29496317766939 0.004370238559882459
50.71829222002046 -26.26362519269293 0.00412317738919714
50.70638780909149 -26.250673445848552 0.005606705562485581
50.83615695503237 -26.21237433223987 0.004131048317709491
50.71671439450712 -26.194207555280983 0.003052824613953626
50.80272823900153 -26.1157612766879 0.045636794591698136
50.54447472297091 -26.333846035688403 0.009026116083527632
50.57175200821334 -26.317129834907107 0.003232929131480072
50.58360641106626 -26.280091731486 0.0043510948899427426
50.60581503675816 -26.270067631255444 0.0028742629358634963
50.473717459086 -26.276991268786254 0.03741265478374403
50.4697047809174 -26.27819781532735 0.006082598697563896
50.36395358738892 -26.354786781856276 0.002697713775554712
50.40248758249879 -26.304809469052444 0.0077686729671512765
50.40926737874425 -26.26742587994732 0.008749089205641642
50.36530949184127 -26.249430098289658 0.004233778855510294
50.479877153962946 -26.206805532011632 0.0027053050275655083
50.42182648438431 -26.21590941505522 0.005717525755301339
50.47813440667615 -26.160951084396523 0.003782210923702773
50.66290124926691 -26.205376196314845 0.00588495870349119
50.56714607268257 -26.202004736613947 0.0036052606182967375
50.579576855348634 -26.1818090650217 0.0041670661011243915
50.61585091027993 -26.18073906346781 0.005794863221820865
50.58828721419206 -26.158071718686397 0.010947086875006671
50.58833686736024 -26.142383344055844 0.004454668742425876
50.58889761359408 -26.14207350340644 0.005420020630470844
50.620719861624536 -26.11297300949988 0.008517043583286537
50.50857279425321 -26.10676069789203 0.002679417778107248
50.47928394629979 -26.12326441700503 0.004391946686594429
50.53850790720026 -26.09282853868283 0.0037743878421328063
50.57648573176523 -26.030281082850145 0.007481768214628009
51.353196704187305 -26.56554103417832 0.002817473789826223
51.35099306772797 -26.544764744142423 0.0036767148536496286
51.365423315385826 -26.50393651655988 0.0034149968672421297
51.32807067242382 -26.48853406277988 0.006459114222108559
51.45042703591032 -26.42058733316533 0.012063932945679513
51.24341343357011 -26.510031877718813 0.010118085025808386
51.22233362180528 -26.501555347725827 0.0027613745927623037
51.293163574414166 -26.414577074205653 0.00712540418662604
51.19612922708912 -26.480324367540476 0.003241408186325082
51.19532200808502 -26.45070709662697 0.002721966115794395
51.21586760637373 -26.447425097748567 0.0026603939382501022
51.3153916825083 -26.423331322019724 0.0040047923218350275
51.32922419392645 -26.370665841476665 0.0037840240207795512
51.38095545028475 -26.392493472448503 0.008147117870394606
51.34192460673366 -26.371787858732937 0.0029184408770062207
51.35686386440915 -26.333646781610064 0.005734379678774681
51.3603823958867 -26.337803374400796 0.0042730703175503145
51.28856828572002 -26.33696607089517 0.0029136508946021726
51.30478968537086 -26.323009262965527 0.005910780741255426
51.31365183186922 -26.2999417065968 0.004495804261227903
51.50911067438214 -26.400666396021713 0.0032708822468179273
51.51029938562541 -26.406522908835196 0.004048683703848844
51.497522972010806 -26.364859211572632 0.004778437275850611
51.44205028879315 -26.341437840132155 0.011774608599106607
51.46678292529813 -26.321615627799495 0.025934455189830372
51.59672687937195 -26.28172771237228 0.00405876082207377
51.66040700852024 -26.2944742867771 0.0026860796686176487
51.65113489923407 -26.27735154166764 0.020673194213529544
51.54442817587369 -26.31217294087953 0.011451311264125536
51.5573889519284 -26.269122795857076 0.005849097012921316
51.574015849857034 -26.261317060590333 0.007867447519879332
51.54700774139714 -26.240635208959436 0.0037955709113839625
51.40724400090376 -26.346363033655216 0.003262625938709436
51.44746059247413 -26.24309576474539 0.003282290151200362
51.50720564802273 -26.26909790270191 0.003449826704139194
51.520903444655296 -26.240170862122277 0.004319153606828879
51.513684906252415 -26.212229934923595 0.0032692428652812693
51.58258533775624 -26.194600589908656 0.0045272830684747346
51.443047911382834 -26.202736575468055 0.004430312179442133
51.17209006415764 -26.360171685155457 0.0029535950371758855
51.19506431232481 -26.343991149444363 0.002972865147840885
51.193666662896824 -26.3404984308772 0.002658071045116302
51.11821264283806 -26.341239498054417 0.0056422722731896266
51.22336856751508 -26.33581144811844 0.005306694354307778
51.26645142594571 -26.305441215225976 0.0029621766187623816
51.249286271254256 -26.28543628645126 0.0038846975761940446
51.27684941244127 -26.301252619320486 0.0031853112071141255
51.274978515451394 -26.300318562373764 0.0029005274815163255
51.1865502847078 -26.290486561340025 0.006036017560836478
51.24779372790727 -26.226527910495033 0.004062654353977072
51.049185768075134 -26.33974431857329 0.0032558732874957154
51.057114860249534 -26.31352554001654 0.010095590461089961
51.03974435710555 -26.30916548058806 0.010812582138101955
51.03413459463018 -26.286398697306876 0.00412669098855383
51.06603541438132 -26.25626661125193 0.005430485327414963
51.079939067203675 -26.241618971070753 0.0028048954607575336
51.149423678186366 -26.216799258311564 0.0032441852814801015
51.20717524499849 -26.192245269586586 0.0029790465853091488
51.131194627677225 -26.177953661554575 0.0026503433775188325
51.122241676579 -26.169263027608856 0.00447810749706508
51.1668830883504 -26.153019588593686 0.036037484542606434
51.1686157410742 -26.156501774584303 0.0029790485402696413
51.170257275614176 -26.14332924878104 0.010595074616786005
51.139005027487315 -26.156162404669605 0.007411299851625149
51.37395641277849 -26.210769946542413 0.005521159068050003
51.27502481177101 -26.222528176663623 0.002845739778608294
51.30909476338164 -26.194434086552416 0.00647714895465776
51.31107040991362 -26.17411950948552 0.0030078881283859293
51.34000197883888 -26.127845671173073 0.005183767978601303
51.40891890746501 -26.171948608443607 0.0027400182761876004
51.39448894897248 -26.13124095108483 0.004294976328797088
51.46231013063488 -26.123488645889 0.0046799204896896965
51.371770061531286 -26.11867970013254 0.004645311156503838
51.34966586277306 -26.10272511030504 0.01699932882131725
51.40115016661101 -26.09497984781577 0.002696693880470121
51.227607186748735 -26.142151223154237 0.009835319773826012
51.22453646830448 -26.144696227983147 0.003058030760378577
51.38940560894951 -26.05211245756834 0.004725560466603881
51.40291976626735 -26.030760062190943 0.004745099565946986
51.246696514813344 -26.03272200910208 0.004592331228310842
51.32895373869778 -25.963681661176857 0.04204623900134123
51.67065899603917 -26.20612467869472 0.0050632554006675105
51.72438162902681 -26.17972130264125 0.003284749533403164
51.73689223865536 -26.178216699243524 0.005827873341994197
51.64252947384385 -26.228645169436177 0.002828373240012242
51.654303548079106 -26.173107645058774 0.004221008771227821
51.77744452873983 -26.16521655725574 0.008836848808392405
51.72975206871784 -26.122961038392837 0.005248195138525926
51.70857021015342 -26.108964152886816 0.0030785845435927313
51.76518718527206 -26.087114927116403 0.00619231805177132
51.61326696385378 -26.135201401239215 0.0029162845673356974
51.579056270235775 -26.15526674690556 0.0036430821089178606
51.57350608245367 -26.14813558199598 0.003015730300722183
51.62317665356417 -26.08203955341499 0.0029724539463878404
51.63906476425819 -26.074303846957495 0.0034723641169355775
51.63159087806939 -26.068359806417604 0.002942638444802489
51.681964254726815 -26.082247785079034 0.01819373059673355
51.66208511466423 -26.032630884510915 0.003802363081756378
51.66639322832449 -26.026957731426226 0.0027913488410003253
51.62476964777017 -26.036509543190256 0.00644098109739459
51.61637396543276 -26.01858827238355 0.0038081676516738983
51.67070132385296 -26.00050391396449 0.013719281415467516
51.68280557361852 -25.98017986512019 0.004875342541336972
51.88714289425301 -26.05834894478327 0.0031213902510174255
51.79338754069415 -26.04160872790263 0.005932591560533967
51.78438134774496 -26.025437669145617 0.0027438052302358484
51.86402892553776 -26.00452059928211 0.0043651659071692935
51.84239144548883 -26.008016977420887 0.0068062887493142935
51.84161672036251 -25.980372156133043 0.003279220041776866
51.841799490819845 -25.980699926645865 0.0048719649992637224
51.93919636659604 -26.008401791934567 0.0026530502122323577
52.00192688414089 -25.948575985940497 0.003378920040181785
51.89519248053054 -25.926882039129644 0.004280148967832167
51.77199103829481 -25.970479741628655 0.004310793552396255
51.79951812183595 -25.969545791486897 0.013766572130651734
51.83850772480248 -25.932369475994285 0.003609018760413004
51.78968820184308 -25.924275756399343 0.003309735510850868
51.73149474083381 -25.97354395922856 0.0031555769102741184
51.74376502757018 -25.96126216282493 0.005561764357721098
51.757206186912526 -25.94038088755706 0.02563245656472653
51.71381139479909 -25.92468097405273 0.00588669377711141
51.72802467635116 -25.90889602516505 0.003346468910177528
51.85750877225448 -25.928281736098885 0.004048741037253056
51.84598620379895 -25.910824338469254 0.005686541652811321
51.895876967835065 -25.828299492966085 0.004413043157005095
51.78012577425757 -25.86651229038796 0.0028393776181543334
51.51387017785904 -26.07812181546529 0.004566164409037117
51.548354522746905 -26.032370798463017 0.0031310172088665675
51.56322682865918 -26.03444659599211 0.0031397616070926956
51.58426167809787 -26.015799117008203 0.00341343698347944
51.5651342154502 -25.987421568698895 0.008851892775765917
51.63219101571512 -25.922415200631285 0.0049570506861562925
51.39822081293781 -25.998032219739635 0.0035606996725029375
51.40946479825769 -25.991507128296607 0.005519853540070853
51.48141536717514 -25.931075843366543 0.004109902741021589
51.46648426454758 -25.91430933128006 0.005069351489801191
51.42122915522258 -25.931096274181765 0.0029013665157779697
51.42239621085061 -25.91493587698905 0.0033671874542829943
51.512201093896856 -25.89360025816634 0.0027966958284267743
51.5070367388135 -25.847313893496576 0.003086853044894547
51.716576047710106 -25.860655879640515 0.012431784397378192
51.80644596302311 -25.819114072706892 0.005226737684618793
51.798766859819864 -25.798468235658277 0.012201940688061453
51.79052983610319 -25.798485711871557 0.00357747448184185
51.80371628101064 -25.73584619242322 0.0027665293348952767
51.58360326118925 -25.839502370497573 0.003183787069746246
51.625448624792696 -25.809682353986368 0.009713540708836257
51.626455171444064 -25.80154005166404 0.002947089768049228
51.58701228474214 -25.747052246212416 0.002652841296971996
51.74543585688133 -25.697504491465196 0.007201218932683438
51.74306408335056 -25.67937003365725 0.003135327015854843
51.65470059232186 -25.67334439805556 0.007936910071872472
50.98304776102355 -26.236218836216665 0.004314859259426062
50.96234651031118 -26.232583599630225 0.015682737188879435
50.99493131217696 -26.216568496861974 0.03646207399842335
50.98852798944661 -26.21610550442344 0.040443842561881334
51.046232807361065 -26.198958523818508 0.00791253236814003
50.943436582912994 -26.190947948553564 0.006022292700271039
51.11366853914106 -26.08420110502469 0.0032825592937963982
51.03506782901181 -26.11913640094548 0.002944782303755167
51.052374635185 -26.11982733197564 0.0032618876963139724
51.02342147949288 -26.08082731366295 0.0042333871246930145
51.0604850110173 -26.08182077024189 0.004811408428168551
51.06372286681745 -26.06184643963633 0.004191161100336528
51.078626035759235 -26.051270959579274 0.0026948762043610378
51.07381354057639 -26.0523680885821 0.004750756318282594
51.05144631899932 -26.0489749960568 0.007125357181157377
50.87003741365974 -26.146313856830385 0.003842382623512953
50.9572203065314 -26.104284383540705 0.0034907791604663037
50.92533726288104 -26.105062555947622 0.003208448957709762
50.90355483715641 -26.110106964195623 0.010274028346231319
50.90247145312058 -26.113071597148533 0.009819218962111152
50.845160737993226 -26.082710435909167 0.0034892720336947066
50.87737211394425 -26.058738701811457 0.005853296508950143
50.95722582213922 -26.091053126421635 0.009806261034386938
50.96946955863151 -26.078590761613935 0.004081332801528989
51.016167144424315 -26.03686973007357 0.04602523149987404
50.96647043603684 -25.99937253542064 0.010626190798521399
50.98174364683261 -25.99007980212807 0.011888310502957218
51.12406544309096 -26.0813902422231 0.002898017839905157
51.22682088812844 -26.02218523029916 0.0027369766329330817
51.194263013393225 -26.02029923784183 0.004340592239618737
51.178013789773246 -26.005900331446277 0.0065323136550795285
51.25939130711705 -25.97988859079243 0.004412483502176409
51.28120732821582 -25.930378865864427 0.01148673520222604
51.28266977525279 -25.942356649050307 0.005891163005574727
51.27870565112811 -25.914461108187183 0.005858400181939992
51.20057955392248 -25.966524817042817 0.003875053827904097
51.233645947268634 -25.91867845690111 0.005127779002105039
51.05277668345902 -25.979960644037018 0.0043531835524461
51.13195691656012 -25.961886790576756 0.0037279600066220807
51.08768023583123 -25.961407468410897 0.008193832270674025
51.093218663481736 -25.95191985749599 0.0026781992532693756
51.0039063732399 -25.945111875583812 0.005014695817376306
51.189686733007534 -25.90339155615061 0.006638270260115512
51.13140281646992 -25.88900203036335 0.006224042501515247
51.1678459831078 -25.879682305943927 0.0026918563154361788
51.21668458121853 -25.872904191928512 0.004245975116088671
51.171392796967226 -25.86517383466805 0.00511891413369185
50.85277462343052 -26.043475289234625 0.01181552285571073
50.8328982599435 -26.023667640150055 0.004148637604598191
50.804566987376305 -25.989551396250963 0.002901149569998494
50.90787850438166 -26.00356402888616 0.003419932856301407
50.74551822790345 -25.98215818985272 0.002883585510574543
50.67487424660904 -25.9305544681214 0.003969303751447271
50.77038692985309 -25.868184119622 0.0047168736671471196
50.81845117700447 -25.82863317708548 0.0026553853177897677
50.760001074940995 -25.82046569794447 0.003484646836641985
50.791085118336134 -25.800452068823994 0.007106498105840337
50.96495090190112 -25.901311870250854 0.002933211976742115
50.97979071474301 -25.87164921262992 0.0031398805718923285
51.0341062001096 -25.88396021796103 0.019195325219729668
50.957472818574395 -25.84621157510997 0.004045878854869498
50.90498341489793 -25.87208811026975 0.0027402935886978756
50.92684278404469 -25.843677329175033 0.003315332947365125
51.04427103982145 -25.834807651256604 0.0035145702589319708
51.045387666456826 -25.837351807222603 0.0036736375422259165
51.1183853286492 -25.751686030410617 0.003429062845330964
51.01443934884029 -25.763377015316323 0.003095685048414635
50.87160239497925 -25.829999265591542 0.0035850050734872294
50.883067418139134 -25.820135707321658 0.0026477666921664498
50.91067192689344 -25.78748634848274 0.0029736310273894
50.854559843968794 -25.783074483198185 0.0057020247704304755
50.849024352627225 -25.73755770189173 0.005226565466487648
50.89381894541908 -25.702347616550004 0.0030652836563449934
51.03205675645872 -25.700323776023193 0.006794157410656257
50.98400437194724 -25.62059603197716 0.0034721926195436285
51.336346365693 -25.88367694855766 0.003881488418082944
51.280509076533725 -25.88100083042271 0.00295326524575433
51.3157393853942 -25.87121116756542 0.0034148855244336344
51.29544862827654 -25.81852675817759 0.00940592723348176
51.42096683419931 -25.795345773032334 0.00411226292817042
51.48346588172991 -25.796408099176627 0.0034773980369228416
51.43117918127086 -25.77584725124634 0.007639716972290451
51.35744161232046 -25.772262314995817 0.005304291459606192
51.41568744240548 -25.77754122019036 0.012290189227693609
51.41397073485543 -25.72158579079661 0.007229867773963341
51.263891133308334 -25.799517427941005 0.004078392360457096
51.28836845888624 -25.76723305111102 0.003149960875532837
51.21441877984408 -25.750410247761188 0.04103399499230369
51.36926963005478 -25.70573932581764 0.004081619109944412
51.400613339441456 -25.700658070804774 0.0028312684510706696
51.36491822059849 -25.698357858440783 0.007995703105275377
51.37818082192101 -25.684085694257657 0.002724264114172052
51.3737993656738 -25.667626361265977 0.008522541008217522
51.30265887227212 -25.689218011087668 0.018088551246643512
51.2799584106565 -25.691509107152125 0.0072370180301014695
51.31407858378473 -25.64425996050162 0.002681544723380196
51.47646954319604 -25.746152502787336 0.004189406860983825
51.571234109935055 -25.68773932487164 0.0026479202422125137
51.51801001632214 -25.6896150610495 0.0041040276172794096
51.48117666789531 -25.714158544502308 0.00340597502915757
51.44672375588871 -25.703386378360456 0.011820061729245383
51.52330245992861 -25.62474129130771 0.00436022970806288
51.61564689403434 -25.575323100574217 0.0030512190670660476
51.606272827790534 -25.56218245934199 0.005980482096832871
51.46094195295941 -25.598144457929227 0.003152528740808929
51.37708102285892 -25.640909286090267 0.006367701616091115
51.39595880987508 -25.604510461467093 0.003219284841247275
51.34882313708889 -25.62810846639504 0.010498564472570577
51.37450663080472 -25.598956471185105 0.007465754326475847
51.43136683370151 -25.555741082299523 0.0029006870737141753
51.51777755967567 -25.598502156334224 0.006616595414515685
51.50551541466375 -25.585794767054217 0.004778700028945909
51.511401784279826 -25.56600865543879 0.00295563979030619
51.52259263636227 -25.558159183391005 0.004560559378509684
51.51251996589156 -25.561013014461057 0.002965875896996004
51.54571453444594 -25.535147777796546 0.007903975394804526
51.45419971955719 -25.56444920176328 0.0033428674357438132
51.18831886690313 -25.730219741471828 0.003173910050868395
51.120378333392495 -25.72891989196335 0.012374160068220346
51.16615932629027 -25.68655836187517 0.0038227071126828156
51.10107813028327 -25.67161545661025 0.003731463644095963
51.20147069102241 -25.641986884407956 0.00490643144006203
51.20657442212091 -25.64323603474887 0.010267742286091083
51.19214844780552 -25.63676995052995 0.0062154768698154065
51.18239469771395 -25.615478657973338 0.009228864818316937
51.049146726392536 -25.650413862500763 0.003048214534935642
51.047092235852936 -25.64192672148388 0.0029037318258682524
51.033791010043934 -25.638367079288795 0.0029508402223702808
51.01940905911905 -25.62332381550279 0.005153811967283576
51.17911954499375 -25.52192671411301 0.0038076835225408583
51.19690168604355 -25.523567842149298 0.004368256829899582
51.121663624233875 -25.530119565535585 0.0027431933835849183
51.11458932617083 -25.52866815914921 0.005474383898403671
51.121021649293944 -25.50740415099407 0.01150795803755616
51.11982609282229 -25.483424462706292 0.00486479853496038
51.28527357420454 -25.571716487146293 0.003948210776950075
51.365217461664955 -25.51584647186616 0.009168599335185046
51.27147763636093 -25.5515689395732 0.003334224087146213
51.255044190475886 -25.52243506600494 0.008240383324987059
51.34870348991837 -25.47192406315153 0.004086448496046916
51.326321129960206 -25.481210045187403 0.013551197335437653
51.432990665440045 -25.47649808600836 0.003588733796428564
51.43939428800505 -25.45373002953155 0.0031700453458315746
51.432611863941915 -25.46297931637205 0.004160694076837197
51.349488610432424 -25.428879118344707 0.004515749781826187
51.23240021917823 -25.503685334347757 0.0038419916762246925
51.20363295663723 -25.489841847390704 0.002944183907761555
51.26225050127731 -25.44546870862423 0.005643478691894886
51.27139698556887 -25.39871979269821 0.004496830621096998
51.27097611991783 -25.39784520803391 0.007822431244969303
51.25829203631212 -25.401564677353143 0.005160792046953801
51.30948848478483 -25.41724232003217 0.007065389272797298
51.30566971215978 -25.418225832114786 0.003736138347791111
51.29492799727082 -25.41288877156536 0.002755782828052672
51.33798880261523 -25.359428777954214 0.0032494513157061964
51.36103786778277 -25.347149202570016 0.005509409006141773
51.25597388635848 -25.36674693642576 0.006738459300375392
50.18594447698716 -26.28720264323299 0.06324649709309449
50.12920734936042 -26.292873154008767 0.002829172738400358
50.19381825299023 -26.231110069893184 0.003037968417221257
50.16988569301867 -26.220076263679296 0.003217339601398326
50.12530273325197 -26.23954891650277 0.005081108685473308
50.26898435732552 -26.17109858098721 0.04098046572094531
50.25909661503473 -26.15754681222615 0.003038146589700564
50.41079573935816 -26.10385917082383 0.0033319251344731114
50.31914478344606 -26.115629791667132 0.0034991114840350604
50.23966399217795 -26.13117390305964 0.006437820665182138
50.16954200966276 -26.10742709630614 0.0028982966150752987
50.15759034487201 -26.071275193057147 0.01172765359721643
50.26521878435159 -26.03814003188308 0.003913993135272658
50.21641538204066 -26.034290487830003 0.0055370254492194855
50.24417003803264 -25.97484504181487 0.0031717634823485255
50.243906954158945 -25.97700116614964 0.003131985765805374
50.44259768588905 -26.075970120471293 0.0057422481911088685
50.49022240427441 -26.07163856609293 0.003104430914825179
50.394384046383394 -26.047744286943693 0.0035006666294669212
50.432110534262286 -25.981649379150408 0.005499239504516209
50.57255635832806 -25.95445379711708 0.0030086402732557257
50.52124545535875 -25.93988663097789 0.003552616140732701
50.36278390205768 -25.977870677350527 0.0033486025576765165
50.419673774188034 -25.925146748828325 0.008081874824397614
50.374274850238855 -25.8883815010632 0.010085390177946999
50.43660346111956 -25.888408392554755 0.0038959458289595543
50.48570287030973 -25.872214045671267 0.0044658974852856866
50.53260425289945 -25.857626344880114 0.0070778416095838015
50.51564561313471 -25.85487239252824 0.003985949523058471
50.39787183535902 -25.84709846104074 0.0037563531440890697
50.13038029963968 -26.063737099198484 0.0027625772408945357
50.13688534827003 -25.931563002024795 0.003689130935792586
50.130292330676355 -25.91381385413957 0.004017155791018712
50.143793664904145 -25.910868245697948 0.005595868040923638
50.19028831555823 -25.913606091227116 0.002666701158657014
50.15877950152473 -25.853703606732847 0.0037495456430584493
50.32246286426 -25.84572900188203 0.003510650369357003
50.293036087240814 -25.838103744334 0.007752609420890199
50.28697925785251 -25.812754827620257 0.005510753746972106
50.38292926375689 -25.815534765696125 0.002789049355063335
50.44521158301864 -25.779723584780356 0.006373113377231094
50.30613202935078 -25.762211452422264 0.005481603323724751
50.351390290333704 -25.73137206347872 0.00652893206379294
50.34279286014316 -25.73066237210081 0.00329078045794517
50.15549086558533 -25.800072169261956 0.007495909932387314
50.19387976222309 -25.7655221293605 0.005301023379307896
50.171733979793466 -25.722214263059335 0.005295006403010062
50.27348651727557 -25.740205346227896 0.005371378724255361
50.28524125286331 -25.743620289513405 0.003955764781785804
50.3139570154643 -25.681280698071088 0.0035105150529829115
50.16078131699095 -25.68047602302668 0.004584579357466307
50.13152546320369 -25.67879708427543 0.002757300055825767
50.184633321097344 -25.67943620245452 0.005224739292574284
50.25833760174982 -25.602819039558476 0.010188882868517154
50.14859559114874 -25.63916399464048 0.005793206637769462
50.14353220320854 -25.52030392359768 0.0029558481514652696
50.6818005002112 -25.88148737590615 0.005369348025962612
50.66463738527851 -25.84986537032729 0.007119604675936164
50.58796145406957 -25.841713263748034 0.008627117331444795
50.63892067766781 -25.817004065636073 0.0044419974471111255
50.61727151554076 -25.814662517686205 0.0034617662906400418
50.61510647239268 -25.808173053309865 0.00374874655460169
50.68099930427098 -25.823666735848885 0.0041070149110256984
50.698473370469145 -25.750599555808964 0.0203790535082226
50.53351181811971 -25.835058377943636 0.0034043420142171
50.518987343419305 -25.81569183498274 0.011327426154464875
50.55122723259098 -25.80228013187678 0.0032481094095081135
50.538876655528576 -25.80022415766025 0.00501638914745565
50.60105321065303 -25.780409688001154 0.0031175370579949405
50.60426142335369 -25.760784066106726 0.005836254739445121
50.47649396077465 -25.794899444483615 0.003017354899338514
50.51864508891873 -25.76957095995435 0.005049611422777048
50.559839126455586 -25.707776549146782 0.0070584875758355784
50.64905125285271 -25.65353318472683 0.0028544046790993957
50.592801854640406 -25.664891680393577 0.0028327460303005456
50.632095084023256 -25.63176223874452 0.004956570635257853
50.78424636644426 -25.73316670301555 0.003519075338839249
50.84263009637133 -25.698345118106968 0.021325427137070998
50.86301329220253 -25.70297474678798 0.010290417130832098
50.83918901095032 -25.68478427377664 0.007890277264900795
50.80363134041378 -25.683973142150688 0.0031032112756074117
50.80927293530618 -25.652738723429486 0.003941381326164863
50.783503869672984 -25.665253644114163 0.0035252705637712186
50.909086055061486 -25.597007228232435 0.01509883744900255
50.847836908730606 -25.642946301721707 0.006330142761451978
50.92555291996216 -25.565476022209815 0.0031212381362251667
50.72425113505221 -25.652260151461988 0.018969664703087894
50.715692212591 -25.60392497500561 0.0032158838865072354
50.87277411966585 -25.54224028315023 0.011674981326718879
50.757632203932026 -25.5350970483073 0.00524690558769574
50.72299823537783 -25.52576274641299 0.0031804749153810626
50.797923065430794 -25.51945319404478 0.0034127546700008253
50.83309305845207 -25.489303854472833 0.004685218447665799
50.78011900563723 -25.488908122208436 0.004976751713106753
50.80864622745615 -25.46017978678424 0.007505495857916504
50.43993438631356 -25.716679888550892 0.007327680998777246
50.45899337539637 -25.670887576086745 0.003799693838511447
50.44214414195189 -25.63011029281027 0.003030245078936733
50.5595653555769 -25.67015979166924 0.0038657792856410657
50.55954763701116 -25.62604247199785 0.0028467138847473885
50.56788461326649 -25.587805446471723 0.07428931136525604
50.503194640574954 -25.64089832511621 0.014598331607512307
50.529375818714826 -25.613236566182483 0.020159320970692583
50.5226757020717 -25.593722418325097 0.0027198053242803513
50.50395676077041 -25.576022079692315 0.010494180374850124
50.36434544201321 -25.624373153139857 0.00659242404304768
50.4190628247952 -25.62986955367146 0.0030801486377498933
50.37388054369694 -25.61573854388113 0.012489429895856078
50.408833830123775 -25.5762131041799 0.0033023120526876905
50.33435196549773 -25.637355341333524 0.0028636025113407157
50.348960192910894 -25.62256251523531 0.005269303147417794
50.3299885575303 -25.560674025470043 0.004631168628020803
50.36930173823729 -25.56308098322051 0.004165921619896385
50.362784629986045 -25.55027681716999 0.0035661834863076358
50.3759016868718 -25.53078076889431 0.006686225732070351
50.421803323661145 -25.51353217514085 0.002856991410047529
50.65270509423521 -25.57304898676643 0.003761057859735285
50.64949449009916 -25.552685178959617 0.002682800166466325
50.64965758308174 -25.50758092656531 0.009606025266443706
50.64133811300187 -25.46790669364135 0.0027467223073143836
50.70878826762201 -25.49980258821467 0.004784856907595744
50.68347652308198 -25.491874198526855 0.007140640677865423
50.76102125171817 -25.43763622935073 0.003581113985135547
50.6752486166598 -25.426576669651812 0.005857016933192049
50.54179429397352 -25.489714890856487 0.002910315783485482
50.59291499481422 -25.459807067186382 0.004510398245759898
50.56763026222773 -25.470772458799942 0.005075011954766163
50.58091534507583 -25.453604664583487 0.005668683629775688
50.50178535157185 -25.41836295403476 0.009342305278336106
50.66629945630443 -25.39987488023013 0.009883113083161442
50.67893028528151 -25.361809373192106 0.006451680462713355
50.68306732834631 -25.369309338604584 0.00290924334558877
50.63524385366499 -25.321814099569742 0.003824563531872185
50.58349357077367 -25.322983454751032 0.004493518505978523
50.96307751105406 -25.577534789587386 0.004562910912953913
50.949602034974355 -25.566613175246285 0.005456313302298883
50.9716308891829 -25.53907667156827 0.003454477510113078
51.04782094537449 -25.538879989325174 0.0026623812717211826
51.00432616908753 -25.505178969755164 0.004124977268396774
50.92205595337603 -25.546468140508917 0.009546969159340734
51.01646112329089 -25.491155834981985 0.004753662993880008
50.942292055272326 -25.48650204408616 0.013999551889881567
50.99379013225805 -25.472163360098516 0.002815631301415666
51.03528359834765 -25.45097693824003 0.003739982409984523
51.00169466784764 -25.426541935335234 0.0028160199330798104
51.02563649855169 -25.403461178558363 0.0043192816036902015
50.86727090712967 -25.50492535915996 0.00600632951698093
50.92783014484517 -25.412828200544084 0.003582762126428805
50.83974784065781 -25.474552763867724 0.002647846987029792
50.83484385064044 -25.467006429974976 0.0026595905099499905
50.876386829538795 -25.449617163904666 0.003860203539580508
50.83655935787937 -25.444159806749216 0.0027812267616117814
50.870572078982725 -25.3867977568506 0.003112228530109691
50.99858819643924 -25.4241919268267 0.0045042368531923735
50.95046804235678 -25.39085889709976 0.0028395179578300503
51.03722247870377 -25.38359435075424 0.003298791824877244
50.947742609263805 -25.37397777827192 0.0030030551616596554
50.90201967214429 -25.37140263771094 0.003385583267475453
50.97060318431681 -25.339824593905675 0.015383406265321021
51.22549009673192 -25.359338003666014 0.004276377832425847
51.11710162540363 -25.372536778783775 0.003187180389854995
51.12286984977508 -25.35725321696105 0.002649720157550338
51.14223017257425 -25.31220223010552 0.008501588490414637
51.27093706629 -25.29508788806127 0.02169253776097219
51.18236384620638 -25.25884717991425 0.0029758876057639633
51.241121540780725 -25.251268566781956 0.0027855908332869174
51.23200262022829 -25.2457922934933 0.0034553548138048576
51.05566724356178 -25.32141190396981 0.0033989066706876666
51.10270562269188 -25.253527380782455 0.0057441153770360414
50.998231417926505 -25.26492566008682 0.0038563641744148265
51.070895567090005 -25.241709682516692 0.004753476646759436
51.063413009327256 -25.240017218777663 0.003611501791387459
51.127751521693746 -25.24386225845229 0.003030337914627817
51.15756934314444 -25.23071380193536 0.0027331199020131838
51.20566565743411 -25.214401667716807 0.013914699590060644
51.23298480038877 -25.20575511357529 0.007175573785893926
51.10622423874058 -25.185770405839456 0.003992035591281108
50.80143187815371 -25.406150690322775 0.00466754920142046
50.8241041820769 -25.350484643486936 0.0032607221949093076
50.80330134764715 -25.354671896064986 0.0033591481613719156
50.818881496098754 -25.307367926458827 0.003949449041351716
50.80742898804885 -25.308559104549097 0.003556667402999861
50.8688658310274 -25.28828228885928 0.006062252825635588
50.89813196539867 -25.225420994582983 0.004892360708567443
50.7829985104711 -25.291654187209605 0.008833304459407932
50.675132802162686 -25.312515517543357 0.0033076234297247605
50.68758217786072 -25.295195335049513 0.0059089197883767566
50.64231895289909 -25.269641372673725 0.005282968298400845
50.676986812946225 -25.274371921979633 0.013234750688075095
50.72476684203182 -25.238161169928993 0.014001511763576675
50.672775945587304 -25.243974307294685 0.0028413385888173695
50.814750228205995 -25.23970103530359 0.0027043757601586857
50.781769503329215 -25.227717469267752 0.0043917311368918965
50.79665778822297 -25.23436467408261 0.003147645899335388
50.75267079274742 -25.205655026194545 0.007780450152141447
50.78336304128578 -25.1610191870044 0.00609122188187779
50.986727187895774 -25.23685698515135 0.006648515638268239
50.97548058809594 -25.23726920560237 0.03214742498762901
50.9615600949575 -25.222793238559344 0.00398128084705796
51.03933938728134 -25.177835286462702 0.0045137689488998645
50.903194875129984 -25.210119705450857 0.003103361547176447
50.90101938169936 -25.209910201190574 0.004509449000181075
50.92083970270201 -25.2075601040212 0.0031297809630411516
50.97274193510788 -25.162563998028073 0.00710475439933329
50.91317614902553 -25.155201505508263 0.003178869318005476
50.85612033751028 -25.145492904315063 0.007264847205195044
50.89182790355336 -25.11419889285696 0.003988534147844148
50.287153032852 -25.59319412794623 0.004370749681725798
50.27752394782912 -25.5947912793391 0.00427228936052965
50.315864537088665 -25.54564224746292 0.004276579301141444
50.306904307937074 -25.528489023362315 0.00781781527902098
50.30677165199529 -25.473031891874225 0.008908389033455566
50.34295633291762 -25.43564414519201 0.012579861932043692
50.17477453189219 -25.483637152476064 0.0030144739806485456
50.13603748584904 -25.472755368951137 0.004812681204148543
50.19647733338986 -25.42163121762633 0.011640732505485408
50.29666583365589 -25.392707116235073 0.003545022815513724
50.326608346357 -25.35931456355921 0.013726468716299556
50.240601246895224 -25.39171905453967 0.0033234479357084025
50.289114640213896 -25.29953761643076 0.002929588246793494
50.469052066106585 -25.40910494686928 0.0064545585489291495
50.49352120300511 -25.369851020163985 0.0035064818446687834
50.4846128895625 -25.36618861904292 0.0037061873093044598
50.41631405189456 -25.341472248171204 0.004441886371582557
50.44825350792589 -25.334654268191517 0.004039000152953552
50.51816982277951 -25.326534743221963 0.004768886481484355
50.52637772739704 -25.29780695898985 0.004473697754917786
50.58022254138108 -25.306497186316527 0.0038323643329126376
50.515080099591394 -25.28087619231795 0.00988010248786606
50.53245178929884 -25.27036585621908 0.0051159576369630205
50.53214751242688 -25.270193789963596 0.004381801549654309
50.52762033940456 -25.24103996213404 0.013457621504713893
50.43028359206599 -25.2945141417691 0.0033224069731926007
50.370851386988285 -25.221793951486497 0.0038758222773334935
50.47398303286846 -25.206793401743685 0.005886189770391673
50.41949444425717 -25.195655477506644 0.0027135360434553083
50.158937575522835 -25.35343854225231 0.003112211116362832
50.20932300573629 -25.31932097801517 0.005105626424992651
50.22134430039647 -25.284261875730536 0.004105248533419861
50.18196249928428 -25.267968902370914 0.010599877947866656
50.13880695661895 -25.1951680866518 0.004417251832853968
50.29019802950603 -25.195914268614125 0.0063112553175168375
50.20241370454418 -25.205164439057988 0.005662558928546346
50.36030154953129 -25.147065523955284 0.004765684741567276
50.16225124973506 -25.10796322110504 0.005430129533352836
50.665416727943565 -25.186233366211333 0.0027304898068493586
50.56775292688102 -25.22534315008924 0.009260088442422772
50.5619843433392 -25.19297752665165 0.006521248346556656
50.695316227597495 -25.161895022669107 0.008571634212776092
50.70229291423805 -25.12913481913153 0.007336662811324034
50.54852894664784 -25.141023301991535 0.0028366087264882055
50.545396568341864 -25.140637477860707 0.0031405766659494795
50.553597755669465 -25.125387165950748 0.009030526255049914
56.11115685830507 -29.851718889658613 0.003173463697525136
56.10210937394523 -29.75991257867824 0.010527621555094404
56.0934470017746 -29.703392720965873 0.004242617115120442
56.05455543530326 -29.685341538197378 0.0050110780785172235
56.12399250475542 -29.649571538547953 0.003655717052943784
56.01556404193892 -29.70978767797763 0.0026992656908972463
56.03390453267589 -29.683408094785353 0.0030614150270469936
56.01174546714862 -29.649931051468005 0.004527691673407054
55.95729375172926 -29.651767668273777 0.0035538825388016443
55.95877242589958 -29.66118831663364 0.009580395643986784
55.91511028473581 -29.66790391874218 0.00861011822204861
56.021552214998934 -29.612831032163285 0.002752429916602023
56.00799949528079 -29.604209367864048 0.0026553810072465576
55.99448203508775 -29.601975432182464 0.011528908691866664
56.06401628177842 -29.613230013038635 0.004159067507361543
56.04974485387096 -29.56347836007426 0.004333206786163154
56.06253735222788 -29.52831861597357 0.0054980929743615415
56.114078611570406 -29.473872058689107 0.004611650429122249
55.93860503647295 -29.56376733681971 0.0031473929277466444
55.93730947602661 -29.540560481284825 0.003358486559527674
55.85601891532981 -29.58496764550661 0.002781267971729688
55.82754859122005 -29.55972773355327 0.0037108095842250345
55.84720040730098 -29.548004363497075 0.009213453209394708
55.93668677926923 -29.532726445827574 0.01943852554367149
55.928071203079455 -29.520149778479485 0.005366518979123453
56.02679025008408 -29.53006120224732 0.006256463202760457
56.031570130371506 -29.509733951090247 0.003091973581937578
56.01820169156496 -29.480936296600717 0.007417757128836406
56.01023967637755 -29.48362876702764 0.0036023797246783657
55.93907742679344 -29.453422476703604 0.004454982779320877
55.962759517474 -29.4304206780887 0.005544153992909142
55.79434903621561 -29.509648787030898 0.019363533428839248
55.86380931009692 -29.507929781748036 0.01337205870761341
55.86957987945754 -29.504913021951023 0.01961628779945416
55.82996086143881 -29.485346121562976 0.03195078833224663
55.919865133948704 -29.426692646784073 0.003237595588467937
55.92063735761485 -29.426656733054703 0.005554238117843163
55.94261117522039 -29.425564472275223 0.002740372998167561
55.93904370518854 -29.3639058046489 0.002801009389210788
55.85917980391145 -29.42570657637738 0.02109191277332851
55.90576166532426 -29.391153895713487 0.005120716937584883
55.89175862094578 -29.3386043028708 0.006250434157025262
56.099987059073285 -29.390659821770228 0.003900500290803121
56.03176700383012 -29.3786763541414 0.004570889627878221
56.06619698738427 -29.383130211364037 0.0072228745118213715
56.08207718359382 -29.306931928642708 0.0039854086550379425
55.991484414068616 -29.37002649893539 0.005234275164055099
55.98228096043065 -29.34542204639772 0.003149217996666458
55.97559595520816 -29.3248017189992 0.00536089720365923
56.0385890712341 -29.346132744804912 0.003477316726738894
56.06205135459474 -29.323673225183427 0.0028864696445457345
56.002313714964046 -29.32247270837303 0.002984046418989333
55.94607463610504 -29.29959773964788 0.024530860689013268
55.998120783126595 -29.22986185068342 0.010567167819808623
55.7643637993985 -29.402206321175072 0.003023331017081464
55.683328598408075 -29.42149489452872 0.0027760436756530628
55.66163891198042 -29.411369291730335 0.0027268218140733803
55.71191136896763 -29.330198495143904 0.002967953549236346
55.83417731560704 -29.37482448812919 0.024489670315806695
55.86928467855117 -29.305253827380337 0.013642471482073178
55.751605330074305 -29.30455196050738 0.0030062330123976975
55.76654519820122 -29.297255568391225 0.0029136115469985957
55.811960535166 -29.303159522964187 0.006579440739424734
55.796056001684505 -29.29340186179489 0.004720191947019261
55.65289513033637 -29.369792831584753 0.0044980469022180974
55.58911308066386 -29.341462645878675 0.005962081928238716
55.6154828129326 -29.28155488550683 0.006048203422724752
55.643191513749905 -29.26144757782253 0.009883380022961252
55.74231862038799 -29.27934345918444 0.0031794117479066993
55.79274622230168 -29.231328560167967 0.0034262390818628565
55.73895828027444 -29.216114346728208 0.003659126380658509
55.78145366215392 -29.203475584766515 0.0027199459542215786
55.64972329115606 -29.239231065781677 0.005075117126677775
55.7129272500431 -29.20844390319792 0.003260347299972302
55.698274913772366 -29.19277525002087 0.005113201523127759
55.93617942084624 -29.269833956655933 0.00609585649591048
55.83287533300429 -29.21351380428848 0.0031436235937833323
56.06062359450768 -29.13951009291985 0.002879609413531828
55.93294345048366 -29.16191578519469 0.004244299961403137
55.91382319517455 -29.143890120885324 0.004191598870107684
55.94716164206922 -29.12809171269398 0.003979020710448292
56.00904540931235 -29.108681218565597 0.00296618168936646
55.80824642008741 -29.22266705342866 0.005574931616856732
55.77930246124948 -29.184469777417057 0.0033665086881596367
55.77657467922078 -29.19324058768984 0.00412881880998863
55.84408221995853 -29.15650581971259 0.0032575563697680035
55.87616764707735 -29.14360448743107 0.0028561729030299634
55.879784309842904 -29.15984794725626 0.005465294317966303
55.8604127196952 -29.11475987740705 0.00488110617476019
55.771743954620945 -29.16840533397396 0.0033328043512897156
55.88118570012142 -29.090977004029483 0.015356463067900429
55.94834735997311 -29.049135421140345 0.008218611085814582
55.94565809714413 -29.036979313149185 0.004657450089937016
55.92845797736875 -29.037416279150936 0.003898600549042275
55.889310169791514 -29.0095505184999 0.003782451426586689
55.90064997951019 -28.98402145926452 0.003343288193180786
56.0360439588266 -29.09283711426408 0.008226874450193327
56.0788323927505 -29.03106434335393 0.004350571941773937
56.1223280780193 -29.001113553809 0.007752341392114639
56.11064351169315 -28.99713018757441 0.007249620111225444
56.11381512765957 -28.98015960055478 0.003431428820818512
56.00957920276917 -28.990116186781904 0.005590558413686351
56.01884399611556 -28.936449383655457 0.004387317047311071
56.00083834625518 -28.922060955636933 0.0048622385201408155
55.9687149077112 -28.93801615078233 0.0038008529672441034
56.07367055605999 -28.96591535005217 0.002995430410865458
56.120483399334425 -28.907412424926296 0.0028423046110355615
56.03876608636924 -28.906809958571383 0.0035129777539505184
56.040374518073065 -28.909192677374616 0.010498315364124898
56.0269071535409 -28.85824981011809 0.003324654459914096
56.09367154893085 -28.835341154995575 0.005280793553927164
56.07395686416068 -28.81370764086477 0.002717605886781878
55.549284270734745 -29.271164559837995 0.0047472115937310004
55.51918093010983 -29.27535638423444 0.0028769585818759357
55.53750567044882 -29.256247055771748 0.0026582417189189318
55.48114318196211 -29.238008462311843 0.005222158325272581
55.49718210349847 -29.22908306488372 0.0038713796657489042
55.55598045461674 -29.202684949186796 0.010545620040562236
55.55143805262159 -29.196219826510884 0.004879145222549882
55.52829706391572 -29.174423817333057 0.0038923850838865864
55.638823041934394 -29.182532270795715 0.006334147460225207
55.620193702027336 -29.18462986185375 0.0034980651568088457
55.63627247867594 -29.17237483517009 0.009500782689228974
55.57688635651523 -29.16741881353303 0.005385750179785476
55.466452538556304 -29.180531631285273 0.003195982625113577
55.4350791873517 -29.170237152555675 0.002749107385825736
55.468669842507865 -29.16549996117757 0.004701481695799521
55.42014375724144 -29.16584399270787 0.006442249932299005
55.40867596894325 -29.15737572768032 0.002642921139119779
55.42633093710403 -29.138350091293074 0.003003954461009518
55.57493320998461 -29.0525992609166 0.003419112963501154
55.50146624810833 -29.086086082343535 0.004637262116235002
55.5575659898274 -29.038323935992057 0.0038949578713418248
55.559182333592766 -29.014291547442213 0.006849586974505619
55.737712320819085 -29.124693584979077 0.00277258854503736
55.6915273824051 -29.106371985609925 0.0030013829051453314
55.68866006425244 -29.104371106921413 0.003183729449074187
55.70366999691981 -29.09335157695732 0.004649096754887008
55.74799002821042 -29.060722481732174 0.0030237742171848095
55.75449697533676 -29.05658062657619 0.005243585026347586
55.75567057618374 -29.0618035896455 0.006397540289674032
55.76489961195007 -29.04998642012734 0.005207183946376034
55.71261607107196 -29.02129030620548 0.006146157916412766
55.84197253855074 -29.006649579809167 0.004262545468296281
55.814476902850515 -28.997437064880895 0.005521924757864249
55.85225275928234 -28.992779716439458 0.002991815581117196
55.76414349747345 -29.010671032799262 0.003847419392018356
55.770745844269875 -28.9592153253615 0.004680856309835413
55.752119802152635 -28.944956749767993 0.0038150967374811794
55.62837838511488 -29.03198535968288 0.004170363007654471
55.66341370728103 -29.01520585265677 0.010278780563304977
55.599749668502874 -28.997621546023595 0.0037141136569928787
55.57888910425887 -28.942827891582123 0.0031030109605590067
55.641700994731984 -28.935806598639743 0.0049159208252266655
55.63260937002891 -28.939242339756134 0.0038626799438680583
55.795778300067994 -28.892161179568035 0.005993850819427586
55.66793502193177 -28.906173285507027 0.007233631395359292
55.69729549735897 -28.86077909071703 0.005736578549127793
55.68147086327205 -28.843138562154973 0.008040127385031407
55.37944741417872 -29.12241169802741 0.006897551068465724
55.37914193974837 -29.12225556386848 0.002959348485560305
55.35574652459297 -29.117298328923493 0.003436541434784759
55.38933117177508 -29.109211050750897 0.0036407908800228485
55.40940156956357 -29.101614718282296 0.004336510822829029
55.4091764856806 -29.086420673220093 0.0030671814545416925
55.444489145943386 -29.056603224368907 0.002811742495028942
55.44879850910181 -29.066248325096968 0.005434395157827494
55.42207954717721 -29.05196752840723 0.011435977563016033
55.3861595948223 -29.050298386680424 0.009595027076373459
55.47556808216603 -29.01580696843604 0.002872013385097371
55.45370734719097 -29.008893734200683 0.005316870096458775
55.47335733505854 -28.9025356025999 0.0030805736734103653
55.45171729548812 -28.90612361686583 0.0030921497953825166
55.34630212466878 -28.974742101565877 0.004803003571910456
55.32004778458333 -28.95903746302147 0.00843390674444921
55.32760476163646 -28.93204793605853 0.009930203294627769
55.31767275244229 -28.938980283289386 0.0047400429798944545
55.39376034183591 -28.93502653643948 0.003481393223363204
55.34256883730273 -28.94182204563104 0.003600697561714666
55.388858927583435 -28.910809174558164 0.006765483272799156
55.38265478282515 -28.909989040829117 0.0035043757760380725
55.41603927876381 -28.904898114315426 0.007244895983865293
55.393315471406176 -28.868422070300937 0.005410066203175647
55.34143059780227 -28.854489953446414 0.0031349221443467807
55.33881808190253 -28.83295591398535 0.003462805228723803
55.55984316185412 -28.906401729961928 0.0035770655163526173
55.617571032897935 -28.890077247162058 0.0035785658206808424
55.60019155855732 -28.88655042688927 0.005334673995379038
55.571949553287226 -28.89144736866221 0.004158488067248927
55.52073570372926 -28.835495299300195 0.004759116756949667
55.41721046926491 -28.833701837374363 0.03107661207721742
55.39034271345274 -28.818498585649863 0.0027610835251308478
55.42293812501524 -28.784136821195855 0.0027105363424986357
55.45432486577402 -28.787736139531205 0.02776897267363705
55.55211796050149 -28.790998896905677 0.0030192279247505194
55.57012226948789 -28.77629533590745 0.003364023528168422
55.47775869897451 -28.710226545839415 0.0038517014725765425
55.50615351578481 -28.692855936978734 0.002963995941319092
55.866313844756625 -28.938296886940737 0.002912028423010182
55.94633911394856 -28.916957764104588 0.012432873778668663
55.954135783634875 -28.895751201804277 0.0030820758648979667
55.92146132215163 -28.899292836068973 0.004271952937781231
55.91786290889977 -28.87953912708348 0.01137539784333127
55.94988675427455 -28.851938290668095 0.002955454819556919
55.92055289035294 -28.83884940240607 0.0038066100039746164
56.010074776164366 -28.829873799029915 0.009794684799310952
55.9628055729652 -28.83671772739866 0.005330117888579931
56.00931126709524 -28.80187939628517 0.008686667425923677
56.00846008855068 -28.80107947000227 0.004581362425724594
56.01400993107385 -28.786795003311923 0.002943895939986051
55.95101732104925 -28.82314695798769 0.003031478026453779
56.006210872660574 -28.76993661520585 0.012111288922269226
56.01177916743127 -28.76853506413981 0.005610228364907622
56.01797712531761 -28.757329206618493 0.004370371089575871
56.010202600527734 -28.74437613722939 0.0028244165954377956
55.81016800850397 -28.866419066752464 0.0026759973228617485
55.84007380408176 -28.82052089332026 0.004328566257030153
55.76450230546453 -28.813133412681065 0.0028957716008004663
55.77083732729259 -28.77121135314897 0.006053542901632408
55.885618270936305 -28.732394481824567 0.002908194204357299
55.95465751877346 -28.744522669583745 0.009612336806083676
55.8538267522203 -28.73276463726672 0.00445170717598074
55.87257281456976 -28.70343392398026 0.0037006429895044685
55.878525111786395 -28.713530927826003 0.004893669434906429
55.82334104883383 -28.727323498050776 0.003378278930533025
56.01419211847774 -28.70930662040237 0.004901414368913192
56.02969185250088 -28.690102557973088 0.011567845235207815
56.05053030697509 -28.66999191079584 0.006318235721995877
54.995900051641115 -28.70176944311551 0.003153595444768728
56.00925831438025 -28.64764196148425 0.004817883504327325
55.99122914913839 -28.62874256803755 0.05567139746502203
56.00363820222022 -28.623584669254633 0.0042155482998514375
55.986164379767 -28.59062750626506 0.004627053218582636
56.008221174639 -28.56952039467799 0.015644907675736917
56.11554853343517 -28.52092103237425 0.005546420720130602
56.0141429269035 -28.54879669994576 0.010395503515456726
55.720498407234984 -28.745895637332335 0.004008417547114692
55.77480438785361 -28.711583374439467 0.002868537981430246
55.66592523698445 -28.7326444167691 0.003358289716662769
55.70636423147721 -28.704447198051632 0.004845856671338936
55.68998104053953 -28.70188375477244 0.014330253716057817
55.72977800707912 -28.69253996209044 0.0038060859780993006
55.71469386017771 -28.644984031070972 0.017932534689059428
55.81264821645092 -28.700303136353625 0.00544709945216584
55.84482632887563 -28.671074030616342 0.009580234499407444
55.81532304062026 -28.631194111414587 0.003020217603997502
55.655054359860145 -28.589381962820458 0.002680381702705371
55.72971206986394 -28.58461439673257 0.002845647978751518
55.76457964728503 -28.542304712061057 0.0028124130510339797
55.680554879423546 -28.530999663384716 0.00481101542814168
55.72486276697265 -28.51811031061807 0.0038265141586163176
55.906855640042046 -28.539618750508396 0.0027757062903836127
55.94477023034362 -28.51352744410407 0.006874003906583882
55.86470595146165 -28.559611296251006 0.004106921432102836
55.95579833293998 -28.515422895723574 0.0046010372000900605
56.04524757288264 -28.435014546743755 0.0028962677246780664
55.98741390559716 -28.39222828551714 0.005920701002580659
55.836762221972975 -28.509436894914938 0.0029377158038728533
55.863858824483586 -28.469728874880797 0.019924946071510772
55.881389380394054 -28.44580578334454 0.0054888881954328166
55.82681820998993 -28.433774535833745 0.0060576040077572535
55.791212100376065 -28.417869835026796 0.004272293492201763
55.860732507908 -28.37133909645256 0.0033052742072978663
55.217447678921936 -28.93187453360657 0.004151647762319396
55.164849259406864 -28.93599358192149 0.0052956812844409005
55.19585270266791 -28.908990066113915 0.003513534356883457
55.18478657948325 -28.90984865707876 0.0046413054906605565
55.23660473875564 -28.906631890145263 0.005747696128523647
55.223188770193175 -28.912455217433752 0.003965494342522167
55.23696010700999 -28.88018124382738 0.0026499113457417634
55.13383319479807 -28.90170717499213 0.00335208320129303
55.151556496442495 -28.88080822128125 0.022681731110229388
55.154554443496 -28.844663577505557 0.0038262619996980037
55.33060439013799 -28.77256618967917 0.008412917297042492
55.26871820646023 -28.802152134386763 0.0026462086492556507
55.270693595520974 -28.735964597587703 0.006426242420118416
55.12351818480637 -28.850961706319293 0.008322769167495617
55.04068913318528 -28.819177524139732 0.011731010799966513
55.12747621338889 -28.768301384909023 0.00302045336424113
55.27650169461434 -28.711721766869616 0.004534681191541641
55.1500738563537 -28.695929618427556 0.006046619768901094
55.20326396415195 -28.656551508333425 0.0033882919549954203
55.19974157799892 -28.64328251314028 0.0032414178144068184
55.38329839240903 -28.779166321946168 0.005621823345005309
55.40587323479635 -28.765717544593823 0.006442322025109673
55.4266307342406 -28.732589733322623 0.005119217710062889
55.31979353956206 -28.722182956664454 0.002780427079630561
55.39793150704262 -28.6834617548203 0.005162851037293887
55.35483646806211 -28.66367084784444 0.0061740493227428915
55.455854722633845 -28.671543841619787 0.003531018472813678
55.52184837240124 -28.62883779840195 0.010951584151676763
55.406172058231704 -28.61271782626728 0.0051151706805198415
55.483742213717115 -28.59757993289357 0.003447062037888938
55.45308275495682 -28.5706262165529 0.0030955157968236497
55.25814840800017 -28.658722783230505 0.0032495305525153803
55.33015714213925 -28.59975134978425 0.0029493942525978052
55.259043222860186 -28.63282747333827 0.004010387977080905
55.31039332073149 -28.583121698604312 0.00407627982668381
55.261315109480066 -28.59921776824238 0.006585043142348879
55.398298612723245 -28.594813104617614 0.003766155431251512
55.39318246088935 -28.59434985291869 0.007500572868633028
55.33861281624021 -28.58990936291529 0.004166318188132636
55.29988542916871 -28.553895512610563 0.007610699937594458
55.29882547416673 -28.551821297972516 0.0033515731272944363
55.37959001451841 -28.5200494295787 0.009952086672321815
55.03305669243718 -28.786881987080044 0.003809188851700244
55.0676857119652 -28.74072492457899 0.004704045292073925
54.9959281533478 -28.701226866711835 0.003514165085952584
54.97595375081706 -28.696850035333295 0.004202993608914433
54.99079813003904 -28.690582082513668 0.0027453954186128383
55.02085908758325 -28.71428890796504 0.0027512161970638838
55.00474622602261 -28.687681856540216 0.007389668384362517
54.99567043147662 -28.664156425333015 0.004230915479968558
55.148987979429066 -28.65711594361319 0.003700986701830811
55.080659963757654 -28.65101945061817 0.004658424375898101
55.04487654147292 -28.628384233479775 0.005621460257148942
55.0508928081772 -28.609743316823344 0.0033739887068282236
55.096240376268376 -28.60374743757726 0.00578308671762741
55.14621861482368 -28.593067575940328 0.004832532624247728
55.143138148677245 -28.595557471841836 0.011866108760748971
54.943374740521584 -28.687260204825467 0.007312876340098077
54.977144894375286 -28.641366186705906 0.004624123340441542
54.93174080229728 -28.601459702101987 0.007712961607832059
55.0058609741188 -28.594243267251745 0.007462951420376373
55.09279188485043 -28.55747379397071 0.0033804807298253607
55.0371025054253 -28.56247306468346 0.003548264568841691
54.97812456878966 -28.5674856055486 0.003319530127740624
54.972566087416446 -28.511957105001905 0.06319427039809201
55.025170820733585 -28.49076620151391 0.005573995125918979
55.00954726243931 -28.480568801222592 0.002710880974504368
55.16090542012932 -28.550251490305417 0.007205176678150423
55.198700406476114 -28.497951686505072 0.0026452352695155975
55.25322484671953 -28.494551103895372 0.005373038650199724
55.29229083917432 -28.491378513035208 0.004043779112156077
55.3078280908778 -28.481058807778258 0.004438247576675334
55.077840657348005 -28.504247245378213 0.006606532025819541
55.100577530614366 -28.471358798641823 0.0034881896136993895
55.12373377359145 -28.465518563779504 0.010936771526279358
55.13567036108385 -28.453872539130185 0.0026763376558302673
55.16882695315967 -28.43874727269071 0.0033749756563325557
55.14603488301603 -28.42046869249482 0.008125123663505245
55.09366277969803 -28.40535990148768 0.0054143839497760035
55.22198098393397 -28.380128925363422 0.003127915517624205
55.2223692233102 -28.364054241079348 0.0054880366704574786
55.23040032987582 -28.3476188347878 0.0027024274562589376
55.15050949524881 -28.34441923810835 0.0032576614576813423
55.1718582482928 -28.342779606256403 0.002848791596832204
55.55856096949444 -28.577284766285395 0.016846147138759062
55.61149024366257 -28.553801823134357 0.003740412456338785
55.52607984452505 -28.51474767235357 0.003293264742274359
55.54249945839445 -28.479053644110127 0.002829523170267698
55.5463579110137 -28.470385186408556 0.010144431282467812
55.61187046239949 -28.43037999552159 0.008094222988071898
55.6392108847352 -28.40254076262993 0.003573272521241265
55.63230662603225 -28.382566549098335 0.0028247403887299827
55.500415018579304 -28.501614482465826 0.010032929594396894
55.4504883660275 -28.493073989873952 0.014848835280826983
55.43994314440812 -28.473244343958775 0.003416214208285122
55.42651497159622 -28.454453758825757 0.002961995126460891
55.4817684133267 -28.40596783908643 0.009266123401469203
55.59073079214018 -28.398062857264453 0.023927488634692406
55.58522263256408 -28.35256765683875 0.003015766131849318
55.53351360608023 -28.375001825608408 0.006280110272968194
55.55586463094919 -28.305139392940788 0.0066076983645740744
55.724788184771775 -28.454733990621527 0.0029645749160037006
55.763160681227006 -28.397777003309027 0.0059794735565609335
55.75509620483129 -28.37611313034059 0.003040464098106343
55.69280161127759 -28.348072562877107 0.0048953396508461715
55.729405891436485 -28.365243122701948 0.0030121345639789817
55.7836827197971 -28.31321252860838 0.0030831562138064106
55.61070672183301 -28.342961101397645 0.004005045594910645
55.608466726888174 -28.34244736686798 0.004814701084735079
55.63666474141163 -28.306530906284557 0.004830726330625524
55.64774410733463 -28.251314964976604 0.010588072822310477
55.7484825705863 -28.192850798893136 0.0030773972730837613
55.66043711133477 -28.23032911647407 0.004054841471118096
55.66050968409549 -28.20856391775257 0.002970358472970509
55.688021984913696 -28.167561651222577 0.005951741626574417
55.410342898063696 -28.418331023465484 0.006541136990426718
55.40529716129248 -28.415978582682055 0.005727776253641473
55.42623833211824 -28.391756994227 0.005464016342446908
55.47296481552038 -28.335750186978753 0.0027658414421568933
55.42008876531227 -28.301672333888902 0.003310067038676643
55.39317976751587 -28.295550876672703 0.0033479904430607794
55.39238072780081 -28.274223202861535 0.0248640584821957
55.29391359429386 -28.34685012519456 0.002983742700972169
55.300260332998825 -28.32104209104832 0.004736940117833972
55.269820330910626 -28.291002399934744 0.005284602545439929
55.24888186596713 -28.283454679632044 0.004749764198020646
55.29293461110653 -28.22632827224055 0.004776235801080924
55.33272418146278 -28.24797041884094 0.0032433060307591926
55.38058549881346 -28.220408342543312 0.005274888082394677
55.41372300377232 -28.22989295126168 0.002981256200317552
55.441953022903895 -28.213103788841885 0.009098454123618888
55.40546709236389 -28.199008110543208 0.0034790213955769697
55.33995935747552 -28.202340255140843 0.002727316780612746
55.312412562474336 -28.203872796740853 0.005707466677941634
55.31774083526446 -28.21196468502453 0.007296397310969403
55.37803240233697 -28.179167797318637 0.0036219686305177996
55.55624377538762 -28.26901583701861 0.00469944730937912
55.56479233466752 -28.26554876906025 0.005294880763850694
55.54493281848669 -28.247013495348796 0.0035738233713597015
55.4995762571628 -28.219869535998516 0.003271605236269413
55.57049733436892 -28.16284680351821 0.003312789451418289
55.62242741468094 -28.18578780675568 0.004152525706063258
55.66543725627542 -28.13617339619618 0.0067812189912321436
55.6981565333969 -28.11573304324954 0.003114135924980269
55.58663707173268 -28.09414188997635 0.0035677848303694417
55.44782922091238 -28.170042931534084 0.00694294619422923
55.49916352118855 -28.1144450000552 0.004886145998784335
55.390019948830144 -28.111768322056054 0.004542920267596497
55.44935045834551 -28.1010759451288 0.00890279523362742
55.561047745850395 -28.108140545110597 0.0031933708721125966
55.51966858312149 -28.08003480045106 0.00963706791571217
55.58243478869467 -28.022754033084908 0.015111375750357725
55.53967733984823 -28.02588256438372 0.0038957251548384975
55.53514822139251 -27.97195901195204 0.008346480241429885
56.12458912736037 -28.420368544607392 0.006200420873263369
56.08100964930325 -28.454393575895647 0.022423170366586587
56.071790464175 -28.43450867131222 0.00587178620938047
56.09089205281689 -28.40204045796827 0.00287721923235088
56.0465649728568 -28.383324743051535 0.0033678385564221212
56.0327803608081 -28.377100469162627 0.0055074693589936
56.03737036052787 -28.348163743958857 0.006750869372923188
56.08348669316106 -28.35559351711237 0.005674553496035199
56.09150045723548 -28.33598601416909 0.007408066029090566
55.99374502880283 -28.35680112188149 0.002823380394247496
55.986651498082104 -28.34795215225252 0.0032705396198678374
56.108739707488105 -28.24802000234517 0.009486091832130698
56.06485336034447 -28.256766968923408 0.003506929978794237
56.04935315230908 -28.235201366374543 0.00302741877272244
56.056087439970376 -28.22548953406036 0.0032343500001627994
56.10709650790768 -28.193026883384064 0.0077428070998182014
56.10694541303424 -28.192743335717893 0.007996145528721434
55.91225393206144 -28.266038454141977 0.004017417755114767
55.95803727328086 -28.220663266633206 0.005104790631905961
55.96169978766937 -28.202417367508456 0.006719619467372189
55.859443825961726 -28.227905658286847 0.0030984200164133877
55.94145331369358 -28.165098457836667 0.007240892662165497
55.98741197319461 -28.131595452330476 0.006155712663383884
55.79603495048966 -28.139623708556854 0.0305654170652511
55.80283169290703 -28.140669166133804 0.0037259674759966134
55.83460052409899 -28.10813471873063 0.010744016697724587
55.781881663076256 -28.137260346149052 0.0028640599850151423
55.90218400021818 -28.106217216044673 0.0038341458526561303
55.910326598779115 -28.10038157580159 0.004162917504020286
55.9204098397053 -28.06599148068876 0.006908883819685771
55.973670064325574 -28.040269935669215 0.004182146476830846
55.9280414917241 -28.048884618074204 0.0028505346836572676
55.94227715645477 -28.018837463217572 0.002716140051730143
55.87411636162956 -27.995707052491053 0.005874496503093768
55.86633895072184 -28.00317713732985 0.003142703213479551
55.89792558980142 -27.97861626506453 0.004181556888915761
56.07750946109654 -28.096945089736643 0.008117812566790514
56.08542788232156 -28.07864594055385 0.007773764137118904
56.067058086591345 -28.037153722440035 0.0031446364537792604
56.008216163413984 -28.05021390727511 0.002901686703273816
56.011784493891945 -28.016231989133686 0.0047109547703339865
56.05959945716902 -28.003724162028806 0.003491195383393966
56.10901121518202 -27.976254373401005 0.005028642998875118
55.97833960594096 -28.021799883366057 0.0034562211191566787
56.02043815114564 -27.99288651475079 0.0033814150370168033
55.98238949892017 -27.975783779540752 0.0027047793034479456
56.00006442615019 -27.96444408009172 0.014561972099536675
55.93282327643803 -27.971673867629654 0.0028951068680450926
55.92522881376796 -27.971842353486007 0.0059383043817670894
56.07934673843347 -27.90353644155624 0.005080763848956479
56.105459420976594 -27.888564300380025 0.003131538061664093
56.09729978530768 -27.88716118058024 0.003174866765063225
56.09600000008405 -27.85367486873476 0.0034307529829193887
56.05219639027555 -27.85701976172573 0.005543085782632013
56.07935031357726 -27.809616576994294 0.0032735563762409563
55.76274151265415 -28.027628155861773 0.005647556697379124
55.664875035082794 -28.04327253240237 0.005940843674203287
55.65638213777776 -28.03371409613331 0.0049170366412097195
55.80473904482838 -28.024566106309273 0.006523353741429306
55.80137749007597 -27.991872990834644 0.006079642042575281
55.80155529219973 -27.974945163916782 0.004257576642366286
55.73654932045359 -27.940874383658823 0.003700189527254244
55.836550567310574 -27.904012342598985 0.002693135189648346
55.803572403624536 -27.9037314669744 0.009186543685597135
55.631308872807566 -27.9999995322628 0.0042807128328170045
55.610787378051214 -27.99849311785758 0.0028808816652345056
55.624032339719506 -27.99126370293632 0.005956262091421359
55.63363345672777 -27.98474374815598 0.003011515512684748
55.63393010444674 -27.984870825891427 0.0034487064923397217
55.73789586903808 -27.855369143115382 0.004232635494912069
55.675364973635446 -27.904498088214066 0.0034228664501436113
55.70294895234238 -27.879092747265144 0.003937207054806672
55.67656037154876 -27.858344015645443 0.004749143141376464
55.74716404764725 -27.82135282056386 0.002850718700085312
55.880231976989606 -27.90391990413652 0.006840266535427847
55.9745801064144 -27.81867094234577 0.0032116125372768077
55.96214008099241 -27.827489165379777 0.003195509990084775
56.05799984339202 -27.78117350292157 0.0035369515404675227
56.02754343808197 -27.77826943447931 0.0037659519941281787
56.04313769331013 -27.755869019886745 0.0034487893967514514
55.97123308650512 -27.777587744371605 0.0065241962248931
55.91688413211962 -27.769761867085236 0.004720932159682719
55.93997676654019 -27.75227449788185 0.004394827967812183
55.997185255392296 -27.75709023799863 0.0031812554933565596
55.82939088674869 -27.84026696707243 0.011024720287303088
55.8442426717227 -27.825043470345957 0.0032342242165953597
55.837862395732245 -27.816115754369655 0.012345401241128179
55.790102534928515 -27.83443239262899 0.009747222831980972
55.81186334522734 -27.797987770640283 0.0043978241480320136
55.851966583948276 -27.80403578839884 0.00344304952462559
55.8202037934592 -27.775417063502676 0.0038090082176199694
55.85132380006481 -27.76302807954188 0.00439619476350572
55.759658865169584 -27.80381644041668 0.0034744509471183165
55.75726935308754 -27.779095692167814 0.00416520671252983
55.93077946503715 -27.736052770229815 0.006755645150964497
55.929319728216626 -27.73578071135597 0.002793006134750988
55.940925589857784 -27.72708098161024 0.0028727929717020082
55.948776223797125 -27.695946318329252 0.004520494181849051
55.883267436039766 -27.708993856260484 0.0031594698082126537
56.11625581237106 -27.752882229301346 0.006350521703650747
56.09220999055794 -27.747291809764576 0.0033217658016103436
56.062289804101304 -27.715398194594165 0.015298494144593283
56.09513760723206 -27.69467598763822 0.005072926144977038
56.08009996166823 -27.687127663357327 0.0034859796668802604
56.072481450325675 -27.671802907505185 0.0041360656129083686
55.98642458023919 -27.67831706832642 0.003247070735806178
56.047630928234646 -27.609612290957223 0.004003183284669979
56.01720958280471 -27.61826361840141 0.005135997688659511
55.932433266562846 -27.627005923905102 0.002795501306825715
55.94808828806466 -27.590906889003836 0.009350737591432892
56.010209842770486 -27.570637435441615 0.01322375622608121
56.089863246971895 -27.514203357309032 0.00298077413871276
54.789470932506994 -28.541188201281503 0.003309917618404699
54.85563452455694 -28.482893575857275 0.003309723507880087
54.83221552593552 -28.48463469230356 0.004013710361640088
54.98082550861729 -28.458931623025993 0.00875057335141472
54.86803310131335 -28.439475837624627 0.0029647340386698405
54.69854939226905 -28.462831351946956 0.017207823767701812
54.679305892994456 -28.454722628005463 0.0039934572495381754
54.91618311826824 -28.372680010849404 0.004218173409106342
54.89033392803413 -28.369730653996747 0.0029448404819793985
54.76123291177064 -28.378193309254627 0.005124083044550914
54.84669127948804 -28.29750433514837 0.002789049355063335
55.02051235810429 -28.411719911614256 0.005004758716356427
55.02831887751807 -28.390215635437844 0.006120369744904658
54.974904042490785 -28.39782267945334 0.002816341791042001
54.97422310612667 -28.347268833756377 0.012207982684433695
55.033967357982746 -28.361627867982424 0.005257055108074741
55.019972676755145 -28.350777382507964 0.0030167973966064377
54.98546431386491 -28.33307621945952 0.008024826741331531
55.00816787602388 -28.31450742002594 0.007734257900403255
55.14313896601168 -28.32652902400334 0.004265531462130592
55.0808963969302 -28.33964291538971 0.0037534207417253907
54.94932133462159 -28.35775708032709 0.0049222691199598415
54.90865862273616 -28.340117634550907 0.0033880710143581122
54.8933284336451 -28.333976767491414 0.018252554741615072
54.98550816738871 -28.303801018801156 0.003567600364435393
54.96451803081593 -28.296586414092296 0.0028536601437352802
54.95152120139024 -28.286851130561256 0.0031060480479615615
54.97660348350301 -28.26278187357209 0.0035286105203877144
54.96801197024652 -28.259514020705716 0.007213723046553987
54.87156985782197 -28.27347207617589 0.006018746883844475
55.022982175770245 -28.23342675206113 0.004130593902591265
55.07427372966594 -28.22404228145795 0.0031021688999571043
55.058886730598786 -28.18138002519414 0.004158546955592575
54.98812354788904 -28.223169613388382 0.005125440303528092
54.98195466185469 -28.221578027696847 0.0032876082727929597
55.0312464193085 -28.183695044027893 0.003097424074971997
55.01117950421046 -28.177261386014337 0.0030706001345624607
55.05381963757842 -28.172198067036483 0.00746783991553262
54.72346425694085 -28.37359509484353 0.0028944775776808982
54.66498713485769 -28.349135776615235 0.009712334683463117
54.655079653718026 -28.3344859257267 0.0060188878282383335
54.66918944624366 -28.3114803513974 0.0037032683597030846
54.72204752922185 -28.331708959320835 0.009155242340351562
54.723281177003706 -28.28335219309941 0.004556044524424863
54.75381749248414 -28.255055021659423 0.0032251190431531332
54.55792903146944 -28.31429052627609 0.003755014726907258
54.60230074391031 -28.2888888433535 0.0028822531308983694
54.506245330674794 -28.301860407127773 0.003236208502812725
54.698663096683696 -28.24865180388561 0.00469983427988352
54.68313920562882 -28.243396510234263 0.005725927629262962
54.6949116648618 -28.207478818932948 0.002775043527805571
54.641456694707635 -28.189738869533493 0.006017577463726541
54.66900982705434 -28.19725931598039 0.005658889317311237
54.67079375737933 -28.130494124719508 0.003966626916976723
54.78192402334428 -28.217090605763964 0.003327434955111482
54.86677448051381 -28.182782235952864 0.010701111263769212
54.84480589520003 -28.1259802469215 0.003595417596691913
54.93934007828549 -28.152567433887324 0.0035917399861741385
54.970713543611346 -28.14517833128807 0.011493369779691707
54.99499872927529 -28.102050853503965 0.00358265125332331
54.9680158835013 -28.087781761487793 0.0033126650795454985
54.90775824374468 -28.124724003003653 0.0050859729334562466
54.88486328829886 -28.099849122653573 0.005941916091162624
54.93279738977361 -28.08788360867225 0.003197058732043027
54.77416258888406 -28.153733146133924 0.004076244910983422
54.82558394397782 -28.06434976504693 0.004026470018279204
54.87164522445143 -28.03556902395362 0.004248237220216167
54.812515271754506 -28.05973282461533 0.003165943350694254
54.83011943913181 -28.050074275672888 0.018633818011949185
54.8037079821988 -28.038002945634933 0.005007349148705983
55.19118064745145 -28.269297137221063 0.003970773543681014
55.201327734771674 -28.227493512565676 0.003087785543745511
55.22493338682139 -28.23354861415824 0.0032994808692324933
55.15145220406243 -28.186709422620716 0.00607530008721313
55.14301607336865 -28.198260749982587 0.012730399262669844
55.27393186603732 -28.17355796133682 0.011072266609131659
55.33041153458543 -28.146821186666607 0.004932326752226154
55.31337126170583 -28.12270230543717 0.002874487302786301
55.301161624455915 -28.118531914651175 0.005461139302186512
55.266503520041155 -28.116661226692106 0.007671350742505754
55.14054685238033 -28.153234618079157 0.003902999985037631
55.12392639523111 -28.135358511979568 0.0034083980613718967
55.188712618543626 -28.090338145589342 0.004559893921370644
55.26094255572565 -28.057628783048923 0.005195852090879934
55.21611206551152 -28.052145090679215 0.005274427530782273
55.233274909096295 -27.995552770997385 0.0038623477616775786
55.20511232428494 -27.96990117964133 0.06263694362293867
55.19232093748754 -27.976921980577636 0.003084714426864184
55.35143540860307 -28.041440685786675 0.0031586447186057534
55.35693064129518 -27.973466356859205 0.02059044817367457
55.505289700189934 -27.97537468897811 0.006369896041963557
55.47450191040825 -27.962416764172872 0.0034811157134369834
55.43413727088741 -27.962120316769557 0.0030887416874216048
55.45063239919904 -27.90225090740979 0.008098708445941759
55.30075730764375 -27.97245216957612 0.005717454269311857
55.33505542172823 -27.979909178634628 0.0038832710456800992
55.35894045061582 -27.944584541270455 0.013848039530939571
55.334750829806055 -27.922658585068923 0.02473662359183974
55.30314409456896 -27.914974811343633 0.002779712881272217
55.302884592368926 -27.922212067777927 0.020826462784656687
55.31381635213233 -27.90034185071491 0.004530388952893629
55.30004992215396 -27.903500910330873 0.003819159221879371
55.2507995536497 -27.90541434939692 0.0073560211562147945
55.34782836319446 -27.9225813100332 0.0040986792643177925
55.37184467596701 -27.88294538331423 0.007515430961353071
55.408138059050195 -27.8600573348634 0.020871657026958756
55.41772629962391 -27.84452447935358 0.0026867460534511986
55.330910053211504 -27.888258466995563 0.005060464407476419
55.327752516205685 -27.87969812114089 0.007183472435408481
55.31296451745773 -27.84620488995742 0.004364537553503568
55.3652915375058 -27.802680250432665 0.005086184085104104
54.97838762856168 -28.07914710815612 0.0028488290851075024
55.047533613455954 -28.062072245019685 0.004933846055358514
55.06741014803917 -28.028318121606123 0.0038157075346337927
54.98597919642958 -28.011060345486587 0.004361775257725835
55.11127062610452 -27.998583157651055 0.00315666023647493
55.11669084761271 -27.96743286318759 0.0028395039333576435
55.17389377327867 -27.95396017957891 0.003155088455954062
55.08143191827812 -27.97228903137227 0.004598270700348111
55.03240649560117 -27.940852805716816 0.008085959366992723
55.09734094623241 -27.891736046586733 0.004229417613815771
54.928838104865825 -28.027729280169716 0.0026617639548017847
54.88971479134249 -27.98433083550901 0.00468486827856664
54.892800336961024 -27.91394251109452 0.003183319426735411
54.94073740314325 -27.897628739331775 0.0065012937540328474
54.955861092972086 -27.87406308213243 0.0042857933300212885
55.02485623767801 -27.82643282270071 0.005270813378664033
55.253821968759254 -27.857584871548692 0.0030061469372254512
55.20210457150096 -27.86246377234946 0.0027426494976067945
55.15025685760022 -27.901230258517423 0.003325329151659189
55.121602491272235 -27.86222208046457 0.0058687775672725045
55.20718622550883 -27.837045017026497 0.003398069401874095
55.21932646090473 -27.827409353887585 0.0052603878332551065
55.21841242738024 -27.824020147753007 0.004046106637000594
55.17144627495709 -27.809817241103083 0.0028856197690113623
55.196528986146475 -27.8118359631137 0.004602142104219904
55.287899856030634 -27.801476494321864 0.002732209956454222
55.24457700454579 -27.806028861781456 0.004034525870389184
55.09525512114893 -27.84873984647639 0.0037229937283290524
55.142080655973494 -27.81584372401553 0.002759192523817453
55.146152773172595 -27.80976884552553 0.005492861702294003
55.0985429114629 -27.772831558118828 0.013262981370829225
55.0910103546812 -27.75456495125042 0.0028463106947219405
55.08856081997273 -27.720436611365663 0.007342861803177808
55.266878107660204 -27.707529323162987 0.005898772536805311
55.03707437987316 -27.71566019073307 0.002871664336190719
55.183987777434005 -27.652302470202116 0.005906154650448284
54.42952690788186 -28.186472102606988 0.007156397900279597
54.59779208495008 -28.186107372318727 0.004574397488972271
54.56342910089329 -28.14026718228226 0.008124095774137531
54.61488297971543 -28.14985054056692 0.005557513925875743
54.60650128411865 -28.10510745105892 0.002735025530134508
54.55037069349354 -28.138151905928815 0.0036563950271861706
54.55202342127077 -28.147962390453117 0.00602080712081108
54.52997976278567 -28.108119251807288 0.006875742988300046
54.548326373072555 -28.0687412148055 0.004237548721955115
54.57767198014054 -28.050780516992713 0.003714878290099443
54.38939242883771 -28.186574907609515 0.0033241222677953034
54.48712673805702 -28.126293051875656 0.0045273174693053
54.43426556825274 -28.12014791116963 0.005649685199687596
54.416604228385424 -28.125372833883983 0.004332383414940465
54.44935932382772 -28.087553524390263 0.0026968448654584617
54.360625662393346 -28.12083830150133 0.00356512165876201
54.45249511610194 -28.060659839596543 0.0034035380847549455
54.48226964060253 -28.04364016015174 0.004641719897617347
54.4254607014336 -28.042245956959956 0.011277093977006651
54.45154552107439 -28.010732056528457 0.005148546916276657
54.653826863276734 -28.07454600167791 0.004747255372021749
54.68787405515517 -28.059955794404072 0.00465411451147044
54.60269122644008 -28.049085789206273 0.0027845578160344813
54.67074649880708 -28.020696375660886 0.002763458262208267
54.64116480049147 -27.9944029066487 0.003744234922434579
54.76576777124402 -28.01981330227139 0.04122458046620155
54.75330170520216 -28.00192065853927 0.003083489327650334
54.786514446972326 -28.007484150446633 0.004513572674996277
54.82502037741751 -27.937334774368622 0.0027022814787288655
54.69873367958768 -27.94293992517746 0.08333333333333333
54.57517526228631 -28.00577599545274 0.0051044526506481775
54.556879089564966 -27.952882894821204 0.0026872717066271728
54.58252606031362 -27.943031666644053 0.0038418220923178556
54.55425322393483 -27.918079520054484 0.003654851363253646
54.67655479750065 -27.94032715102574 0.0027294052942333194
54.65978668503835 -27.9177344452424 0.004617943601494137
54.63212197135135 -27.908082282927634 0.005005919421169315
54.668701282788305 -27.87194305762911 0.0031638886069877254
54.74831384797342 -27.87135437578677 0.003064464958247063
54.71471281822265 -27.846147142505327 0.003216770590975983
54.59175187750265 -27.867651616500353 0.0047397134324828625
54.661754058736086 -27.837557440050528 0.00300526379676068
54.307106233584896 -28.102528413391944 0.007086694637606258
54.309402678655566 -28.089436675544704 0.0029445941477880956
54.334671357299534 -28.067839858121488 0.005414005836449945
54.33626677810078 -28.043929636139897 0.0028189404701265317
54.3182781061764 -28.014809718229305 0.003983984495575625
54.35503818883218 -27.971419870738416 0.005393355464082066
54.33302160528568 -27.94318728506999 0.0028016166168318177
54.352657031287535 -27.921282743309465 0.010015456398266447
54.221632581960066 -27.986051235015346 0.002661627160420762
54.264855519883056 -27.954435738248204 0.004045461753351393
54.308390284358175 -27.881962184046355 0.005121820152792205
54.38764197503885 -27.88185807137818 0.002780891435777367
54.28356278578347 -27.853590003383385 0.005891087313896017
54.26616153922479 -27.838765618742308 0.006147079071713163
54.318025754546795 -27.82876028452138 0.005166971482714931
54.49652775276013 -27.94882041269937 0.005018436804749482
54.49991279940037 -27.91008411590124 0.0035765554252384923
54.4647828319958 -27.925707465178576 0.007808980163285154
54.56568294254022 -27.87414862332106 0.00506509195945217
54.60064452921381 -27.834241039402805 0.005765011123769859
54.55459369750736 -27.80724756907277 0.005857313908603698
54.46669830939216 -27.78921707163623 0.00267308666642113
54.35524340249973 -27.7973059853613 0.0028403887876550763
54.477607429638525 -27.728218369111765 0.005464997399350307
54.52796751051061 -27.68046527220774 0.008622679910787388
54.53007075746454 -27.67839982306493 0.00326545888225357
54.53491140921359 -27.666447615763715 0.009268034240634946
54.42796929501971 -27.70969687348623 0.0030746576050370996
54.50044173490893 -27.68114757766824 0.004807406813098886
54.50352448791738 -27.638034768251185 0.0026538848462052613
54.82361147806792 -27.930683241188717 0.009796704637221553
54.866186255934814 -27.92375897406993 0.008401848566388917
54.81852318001021 -27.92669427969472 0.009248322263858593
54.78765346301266 -27.889175186822552 0.006846223921220457
54.80848861548659 -27.853102308125298 0.010109496694934552
54.939399480596094 -27.79966116018587 0.00710385829330995
54.984398113339985 -27.780123461202216 0.004693618204129756
54.89440733093561 -27.74283538252955 0.002856508723004249
54.72571289098072 -27.814384147070015 0.002747406393850962
54.824422248461936 -27.77822898356476 0.00292408534792168
54.78643688725362 -27.778515207960744 0.006834530085638369
54.69560475986523 -27.775764159563646 0.003406696463055102
54.73166754609682 -27.75198104630976 0.005139656440440422
54.86799783924713 -27.7247188639275 0.004385704582634793
54.8281569688879 -27.727405905379776 0.0031379377915985982
54.82994667677775 -27.729430215595624 0.0026685235178367226
54.78984616139071 -27.704535306673066 0.0035529111310260973
54.81395484855146 -27.679432635902465 0.028010743273832125
55.076279215912 -27.714024880317368 0.002729443096893083
55.0852602701385 -27.705932782223236 0.0051277317146973785
55.037354550142815 -27.71559658872522 0.0030084618569140775
55.03329841425691 -27.700214850354236 0.005512907043251613
54.9654699250004 -27.6710724503477 0.002651289058902147
55.17001196224665 -27.623603842476907 0.0027338537609694524
55.12176801355126 -27.560724757073427 0.00695099161495217
54.91715393874989 -27.682015569457725 0.0034626159054286175
54.9182482049886 -27.640654124849824 0.003066114751623912
54.96422110856436 -27.638256989750207 0.003993774361191016
55.003434500330805 -27.622801037763963 0.0029086492579314563
54.97878771653443 -27.584512643724537 0.0033788487349345384
54.97631485040514 -27.583126621664743 0.005009363356870653
54.98987975808651 -27.587106025422237 0.002865020571292157
55.07234927978701 -27.51357047599307 0.0027288308713626108
54.95636992848475 -27.548043988070074 0.011278438600901464
54.73088267329115 -27.685914171125173 0.0029514215203146283
54.68741953648722 -27.70222243625984 0.003593080643076878
54.74444551983342 -27.678912349142795 0.005433867190804481
54.75769105800761 -27.64635856097132 0.004568938734851342
54.737943136669784 -27.638627045107384 0.002750344588276664
54.777514560459856 -27.612581314549782 0.0071348499587483615
54.58239367729897 -27.68977344264471 0.005993625792614806
54.60124977061333 -27.672145902039087 0.003787025326965488
54.56146783711222 -27.65661460871388 0.00650408052697724
54.61093413682264 -27.625732560274148 0.005042874725681018
54.5575431555491 -27.614153034232647 0.004046293204310966
54.54345891369648 -27.60659798494883 0.00451948021605082
54.59070917002381 -27.595565517900408 0.0026667178296408234
54.639839876438145 -27.579603225413216 0.0027555785764090063
54.69543265600789 -27.554030466369063 0.0031253593889782683
54.733138999385034 -27.551508158241333 0.0027065073735823794
54.71781590073515 -27.529758636436377 0.0032797471973372728
54.73433175718922 -27.524730934003507 0.004681179986466802
54.64460579677296 -27.537214194275418 0.004258363440516139
54.69520842904364 -27.48124066193421 0.00805975415134837
54.65194036314683 -27.46845274744105 0.005144622580921593
54.85685004479928 -27.598462407338953 0.002989191437922189
54.86877090785064 -27.565180843281553 0.0039913860913272006
54.8628370831759 -27.55491619316107 0.0032791174295978692
54.8972919002173 -27.541222592034924 0.0030471584276362765
54.8659222626107 -27.51990852040247 0.00266413221810984
54.85037162366887 -27.51933685337943 0.007751511391753364
54.81770232772591 -27.50265376934099 0.011074385815208794
54.894880314641014 -27.474924898268217 0.002900346059996748
54.946254379226986 -27.420932303065715 0.005122464645141719
54.94496472982599 -27.419941370079048 0.007523036945144755
54.95973350062794 -27.409540715525782 0.004072987522303935
54.92592790167063 -27.395820789002027 0.003159011956158199
54.74347145233792 -27.49535398934618 0.0033939796939039856
54.80951929987122 -27.449960478223968 0.0057837782614101165
54.71887566851217 -27.43547000499866 0.0027723894633700534
54.72922605344049 -27.40985768270441 0.0029026483800726347
54.8466230889538 -27.37023430698421 0.0031398184320135317
54.913961767416694 -27.38031706885622 0.006166653332610824
54.891627920303584 -27.36400600067794 0.030811606098209803
54.7945209140648 -27.3385849090082 0.0038970842484600835
54.81700078829134 -27.337072088819543 0.007354703169673771
55.56542468106388 -27.917261218023913 0.0033760564103370015
55.51728847886973 -27.901453788158452 0.004198412337813818
55.59550110326611 -27.863177149820142 0.003207250707548335
55.49762790300856 -27.886348436053247 0.0037384108168093404
55.52050716264871 -27.816526764095126 0.003448732578426803
55.59934563224971 -27.824463891169973 0.0036568888443036856
55.63603670320747 -27.81321244844585 0.01125202269922489
55.702138374139736 -27.78485061500768 0.002665291686237205
55.45544721365079 -27.80983291768793 0.01665603422714622
55.47683604159714 -27.79528114216366 0.004929676035706181
55.42784812849179 -27.803411429061992 0.004618060674599269
55.45588766038672 -27.78213595090402 0.009593746961662913
55.40304053231131 -27.794620052589515 0.0044278948556573435
55.37701878856994 -27.77886763931227 0.0033993802713887353
55.48301903817104 -27.737783755539517 0.0031841625093513458
55.4259586305745 -27.73969396929295 0.0026720417500897217
55.51711200886312 -27.68625579452516 0.005873995366604995
55.53080307493872 -27.64437096153304 0.004237582238469906
55.55769753471238 -27.644686913289895 0.0029316220504454486
55.74476810454696 -27.745566618406627 0.006727344060319293
55.73420391799335 -27.69047266877807 0.00697179140520376
55.68902254262999 -27.70767980104431 0.004650916254968774
55.684123194155575 -27.66381047061014 0.003118134824302507
55.76909841745198 -27.601358012027593 0.003072735971695931
55.81592641417589 -27.597279329799377 0.00955734612695102
55.850155557309726 -27.576304692187808 0.0047016752608266665
55.60111500513102 -27.652945342102303 0.004643631457800988
55.71440291147555 -27.6223330235794 0.003280686070251552
55.62917053212779 -27.602666886618177 0.004516868370257594
55.67059716987102 -27.575995099572847 0.002642668752951243
55.65252856553411 -27.55051505611628 0.003361510248158958
55.7017831808572 -27.58900591564047 0.004088434407916739
55.739091406377504 -27.47320288034697 0.004200988180173168
55.355686063322715 -27.741912516027835 0.0035974137444931505
55.36645232710508 -27.722586039158497 0.003790387311992773
55.36126619908408 -27.722963785731466 0.012946495199053559
55.4293301930749 -27.725756039733263 0.002821444875733908
55.42257240616571 -27.69647289233021 0.006427000217629259
55.36358026778551 -27.695959356164025 0.00450363747866894
55.33427088923088 -27.656209195897286 0.0034549929825698437
55.420454840995525 -27.64154066234333 0.0031394233899588804
55.386476095089925 -27.60733840767972 0.004293894152969718
55.476248187060385 -27.582328220973977 0.003552743754159729
55.486374765875254 -27.567035973099145 0.0026947554852535275
55.34099863479802 -27.634050679874676 0.0026785759467830095
55.357569991479394 -27.62120357564881 0.002728769797735485
55.30454563956443 -27.610376510401263 0.003088665411192121
55.238456677475 -27.649880666575623 0.007971740898765175
55.19899750227704 -27.617058313542454 0.005091817972020898
55.232396994685736 -27.59115370144088 0.003550282482689384
55.41043300174819 -27.542495178287457 0.0029830449983588784
55.397039267176815 -27.535627798286065 0.003766628165824992
55.39701767862871 -27.533821097999247 0.004948701114403547
55.34222435530154 -27.549659467321696 0.0038387394388120243
55.3433713021069 -27.55543312490335 0.002821389135311416
55.31118749371178 -27.5466406964449 0.003461231516936564
55.3017063091784 -27.54933752641649 0.007900349506242004
55.303254856132384 -27.52123753111147 0.003438185382803824
55.32696793870368 -27.519558002515424 0.005362379049381532
55.31755382597292 -27.51311924242103 0.007008568697409235
55.365590659982566 -27.52301739136301 0.003919428349816635
55.37268002055193 -27.468279470283537 0.004125500315046515
55.48680025515724 -27.553704527106976 0.011221838639228147
55.49901220316339 -27.49886739235442 0.005911771773933114
55.49751373543813 -27.49910885623416 0.002925081422625082
55.64114615694886 -27.522909967034355 0.0038925837886445987
55.62352575317286 -27.511622977620384 0.004671235950153809
55.48548615898599 -27.497312874348243 0.006163083398461234
55.49033995123455 -27.47030158850859 0.003002736648748469
55.41116878379663 -27.482355067636007 0.00434550335554351
55.45909791588411 -27.36550960911526 0.002651330083600965
55.57649098214917 -27.388385314354174 0.004389558938043375
55.62045328624251 -27.36015140188187 0.009385278827520218
55.57058758119515 -27.37076627727859 0.003356867501604924
55.50802060943567 -27.34639384113387 0.006738565895286157
55.49899562583989 -27.343248494813448 0.01178237957462879
55.5470333337926 -27.317709567629713 0.0073127679850243255
55.894138399260896 -27.588148831540774 0.007305208312427394
55.91132032185911 -27.56826820227016 0.003694223525199591
55.95623746423524 -27.544328019877224 0.003974293437615248
55.976444194291034 -27.537377447293405 0.004711527383780181
55.86820831106547 -27.538665349913128 0.00954940031678488
55.90747337714264 -27.517706187929715 0.00393940071697965
55.98136285850581 -27.46226494871904 0.0027763784169342006
56.041127721570625 -27.453661121567084 0.011073776898739075
56.039768783009535 -27.45395253016516 0.018606604423119975
55.98925496155793 -27.446858540676683 0.002757078455748099
56.02058311561351 -27.42144216095956 0.004021229265828075
55.82778308623275 -27.436856638051495 0.0045295712930897986
55.75141945383022 -27.464899462961643 0.0061082517715120525
55.78741259351606 -27.403194726941592 0.005425000400925342
55.80652945845245 -27.36884547632183 0.0026673380458687138
55.870171560427465 -27.400430398421033 0.0030285268240370735
56.07650483605761 -27.365370868966075 0.004483540267760548
56.11807051225501 -27.34494757450716 0.003507878516350046
56.00105681280153 -27.35046669424793 0.0030518010605942924
56.09712675820684 -27.332257947373847 0.006866839230485166
56.022804952410624 -27.326528419393547 0.0030170746762100877
55.99220303173026 -27.3244640046878 0.0029796373504314628
56.068756075557026 -27.28201864959853 0.003214386419975965
56.05394715866637 -27.269052553849633 0.003451852300299173
56.00175903911425 -27.210927882497213 0.0038827709316152166
56.0799507467754 -27.25980229238356 0.004078571119117724
56.09025849427088 -27.203010777290128 0.004065213738474369
56.04820489152739 -27.204383377356866 0.0031583638096091974
56.00345065745046 -27.191781866659504 0.009678884772943543
56.104467522921354 -27.157760383800113 0.005506736485272708
56.04792929287338 -27.1682508690097 0.004382804759678585
56.042620214915274 -27.149514582217265 0.009018739952761746
56.077348627613915 -27.1351267872908 0.006717410822228046
55.71972847475415 -27.436521045424573 0.0030469637303779935
55.66068392158878 -27.372125971297564 0.007523096447936473
55.6916082795391 -27.347961312813723 0.003348107352585645
55.71196320469792 -27.346488672079857 0.0031068523161967725
55.80649829307961 -27.3213353993996 0.0036095240066515515
55.82413227888083 -27.255801189605872 0.0027805745895388904
55.85100963873983 -27.240320944392312 0.004136400763484485
55.67628291898858 -27.290758826407913 0.005237972989920277
55.69098718398808 -27.281841090422112 0.005864383452301376
55.70214604208124 -27.264442567364032 0.0031173122387904277
55.65803373927759 -27.27239123828345 0.0034109756146927356
55.57821647887637 -27.306703136946293 0.005997741371414291
55.582970797987926 -27.262311825451423 0.002652137978244365
55.63019085159075 -27.241699718730647 0.010014552545888915
55.71353842569077 -27.254730255285555 0.012483819900079872
55.76408909474435 -27.181566313569725 0.0028731421577935594
55.664170102056765 -27.199883871066096 0.010331488571329093
55.691681408010325 -27.17642856766321 0.0030113677123312288
55.7527965836332 -27.16650444815815 0.005453892954243949
55.75050571764877 -27.16714642469804 0.003064225762696591
55.89894195285963 -27.2575999554444 0.004137753927883765
55.88775078896436 -27.246248497703625 0.004815989036809606
55.82862305744479 -27.19195277959275 0.0038495071854596483
55.91749544552006 -27.17443807389742 0.004977697718709077
55.97003242469101 -27.14100315840178 0.003783177861652055
55.96801356810627 -27.13135801996052 0.005221668110888986
55.97633591248355 -27.140122208430785 0.004554513981509773
56.043620015729886 -27.102766722197916 0.013691368974953077
55.9946754764391 -27.06627148350052 0.004448170336709095
55.855166087418056 -27.12015153674245 0.002831977311189453
55.82860097994775 -27.062725470386017 0.008105551315646088
55.78875482723458 -27.054601186158912 0.0026642147576210902
55.92946210528104 -27.058812351900453 0.003924142136741948
55.951244187924026 -27.0527602141477 0.004271822064685739
55.908672229381686 -27.02810710410806 0.0026980052449916366
55.85427082871417 -27.05305583924917 0.006585329494694554
55.85618915567131 -27.038011131798672 0.0036122893409961643
55.19692106677222 -27.604758278603377 0.008011768919683675
55.18684982734729 -27.589444392167135 0.012185344715852676
55.16049014586385 -27.569576482452987 0.008009014401888307
55.24727349452551 -27.558266993008356 0.002741029279159908
55.254131086618536 -27.53549315612754 0.002796524475118786
55.14176446428521 -27.535528356249497 0.004409181125163307
55.17648124400172 -27.47712755116227 0.012377441563597318
55.28250911254173 -27.449611265224007 0.0033527103073762877
55.32494662915439 -27.43160820650302 0.0028975949736511357
55.14062074353869 -27.486048610044257 0.005871689675322008
55.15894461921483 -27.4465472842809 0.005564311372421629
55.14949381590695 -27.432851701175693 0.0026480135288993903
55.05445736647434 -27.438263552020903 0.0027541992748971477
55.05129549943723 -27.4188013428794 0.004832168107072171
55.125750401937246 -27.399198263659283 0.004629987991483093
55.0974897341322 -27.39418710114805 0.00767462368498839
55.2011904118012 -27.39291709257421 0.0035676368379050035
55.24312956555838 -27.34861252129009 0.01104765452004925
55.187624176146024 -27.34685995145012 0.0031981109002677446
55.21710663012039 -27.311740462684263 0.002722467347261503
55.413609419978904 -27.38516784581492 0.0035493108330538173
55.3404612134152 -27.37635402689996 0.0027385439464998078
55.328435359124626 -27.36980954672013 0.013473327288615307
55.32631149855439 -27.32618683131907 0.0034990964980435415
55.32668064338951 -27.330031130853087 0.011440736143151723
55.42160919317797 -27.29505829486898 0.0027949838296041363
55.387293438376965 -27.276255560645744 0.006796319694597191
55.301431791200834 -27.340569844535217 0.003932438864590126
55.283177195342965 -27.328077467059217 0.0037571277708015683
55.28108728156571 -27.314295277289776 0.02025177877463106
55.32588016419274 -27.25390874602801 0.012123326725331257
55.23411935677005 -27.314815898937205 0.005902716153530373
55.263658700572385 -27.237613705538937 0.00633655355273506
55.330809214731914 -27.227994214949728 0.0026441402343158143
55.3374829359138 -27.224386095189903 0.0027596605775571143
55.016158583917154 -27.341669177163435 0.0034804404275016834
55.10420527379545 -27.28300894639768 0.002757384434237103
55.16115722403942 -27.272920040043203 0.0032828295923106737
55.086823557139624 -27.278117274716156 0.004387000507207628
55.03927251937393 -27.28847682469252 0.0030153826359037386
54.91787823140484 -27.326351063185708 0.0054646859635913555
54.89934480241715 -27.28531469608446 0.005587566882407528
55.02146338579776 -27.25422050214363 0.0028618241525607334
55.02072942437002 -27.25398502821229 0.005242120618476915
55.05480080515612 -27.23696406534028 0.003027580327393244
55.02551765691173 -27.21851961848253 0.003717886004865183
55.07692791592254 -27.206630028293457 0.0035841573666251076
55.20109598333735 -27.27020117589343 0.012745814531119521
55.144486069118265 -27.1799414725102 0.006150475524935428
55.19189242856961 -27.15105600083796 0.0028994471340547502
55.17670595459396 -27.15228833820296 0.004527348743014462
55.30941409020943 -27.15940180660612 0.0031698865900502775
55.246577912517715 -27.146951369218208 0.002820033578930791
55.33080208624974 -27.132276573540413 0.004783793227249272
55.33879407849413 -27.093242114381724 0.012335719049842106
55.248259950241014 -27.13497249801137 0.0030686558119473284
55.294698202224254 -27.089871779734125 0.0028127401313596512
55.297402198908166 -27.082559554322007 0.0029278459650913173
55.123164017156114 -27.120450215348647 0.004740967242775414
55.13032080008451 -27.123561241463513 0.005501966346168377
55.148122815814624 -27.0980883546 0.006801423374467071
55.07764475769861 -27.087086101662543 0.0026618665552013286
55.23357929910168 -27.026635301432776 0.005751749118685482
55.117763399817 -27.020250080653135 0.0038543425516730416
55.2002763147513 -26.985190718744956 0.003520075792721985
55.16116878403373 -26.979371568487572 0.0048799182836767475
55.175550631345274 -26.98313856634684 0.005202236293395924
55.194498866908866 -26.95577457916733 0.0034087853884240504
55.554936911688024 -27.250246775697732 0.0027099159093789617
55.51708728989663 -27.23084625061247 0.011747100373608464
55.54761365244352 -27.215665522950506 0.0040530601557813364
55.558258157737576 -27.20230368358509 0.002893695904445782
55.59925234962351 -27.175288297611605 0.006966541356432338
55.581580594286166 -27.179140351449995 0.0028085823327817323
55.542896614064944 -27.18476134567405 0.002958307534441138
55.541608386458904 -27.161319173081942 0.009504529207574216
55.55267890600954 -27.144825690926055 0.010412062338223418
55.63570253217392 -27.153888239498368 0.0073257069163884915
55.68259946613866 -27.150028553824352 0.012080502919003032
55.655512151235655 -27.112424416438905 0.006576216683999137
55.58600506977512 -27.126791650564975 0.0144519115408065
55.57209381234795 -27.129083489523648 0.007422677292368032
55.56561244009373 -27.11402089951439 0.0041978191518927685
55.63888026996808 -27.06965688072052 0.0030652271216739606
55.452846431157965 -27.125094588965595 0.003734481046481227
55.41643804576416 -27.105399320561784 0.007258924671857402
55.41801427170427 -27.104079316178805 0.01608879376215781
55.44449396589344 -27.073549655475688 0.005006239293301946
55.54847310579728 -27.108968843993008 0.014583865474504711
55.56264393612177 -27.05554110195616 0.0028601580306742303
55.52755000941288 -27.069273112907528 0.0029381667494254187
55.5188528224775 -27.064071244814045 0.003807939323392244
55.514484648671626 -27.0547067431758 0.006467421180679927
55.49019353058882 -27.039943572229937 0.010146707231442302
55.53452684543349 -27.010003076210104 0.008599396218925864
55.55253503491824 -26.97342928990452 0.004758024287918568
55.718156953239365 -27.06977760418266 0.007273335227199259
55.68535845431012 -27.06394136000789 0.0038101840056624843
55.78195495102458 -27.011536651870696 0.003226300568139008
55.70290527375821 -27.02247010917624 0.00450560639580064
55.64931431627014 -27.016140120760856 0.005012411983572107
55.72059067807858 -26.989652995182027 0.0026427009730620966
55.79609644289366 -26.995527567388372 0.005294929592689466
55.79502550579345 -26.934233759279007 0.008529267095208948
55.82299988839764 -26.91155423103447 0.007778910228810025
55.77392311318551 -26.906532164475657 0.0058139994267849245
55.81246590750621 -26.89177626047936 0.0037944808871097817
55.63765036105368 -27.016400827511113 0.0059798161891957535
55.6289466293793 -27.009816724788152 0.006399808216066086
55.65434057756291 -26.956203663543175 0.004158601823043677
55.65600832953929 -26.927184018377897 0.0035975547713125904
55.66920608250175 -26.91833841443668 0.005857713271212617
55.58198344523933 -26.967565142413047 0.00803724652589897
55.64887027591776 -26.89425949964954 0.007574154933647919
55.7035183541087 -26.91661818565829 0.0030067708044025773
55.696620653183274 -26.8981827645694 0.007316275816883132
55.7144264021076 -26.877951106799895 0.0027337394159406975
55.64692398719365 -26.85710475676725 0.0034886744500624545
55.698138639050896 -26.803904406482676 0.0031492200632997234
55.73202376322076 -26.787498400433947 0.004034698525743589
55.38351955317419 -27.05919313793161 0.019671577564628635
55.45351479478914 -27.02309925848014 0.0031575503508356447
55.421935298241294 -27.02318365352348 0.0031608542430660415
55.312225065969166 -27.052047290260727 0.003480603195855707
55.311448473978615 -27.01160456872359 0.005415338139460513
55.36154104729697 -26.979022185995383 0.005318194292661663
55.33926621460935 -26.979658281788726 0.0071953388274293125
55.274102958620105 -26.991894217206873 0.003100653916604692
55.26174504490767 -26.98256761809385 0.003245954363852088
55.33825819431198 -26.95978199956644 0.003849560501693294
55.312419587419555 -26.96593950606729 0.009303786903126913
55.34294901569121 -26.93135028923888 0.0030654623720504245
55.23494279556804 -26.98085685167178 0.005685550869903248
55.27415616971273 -26.922256442850102 0.004918228811455096
55.31667879605656 -26.905828886532166 0.0035595422291225406
55.314611001904474 -26.90544659671997 0.00395156490441411
55.26383787876589 -26.912240562851117 0.007710340181454213
55.293302843359385 -26.889721179938185 0.004271032779848044
55.34875313891106 -26.86860804120935 0.005706673289206431
55.34964507330052 -26.82390857790924 0.0027399912101740125
55.59620316225079 -26.88190146731428 0.004595720780209623
55.53699236730943 -26.81578825421545 0.004500441902246164
55.55375062598028 -26.7983425107322 0.002728981864807706
55.60793584216152 -26.831060018897137 0.024706917730753418
55.67293434685685 -26.776224103529923 0.0033120410023396675
55.60021961545889 -26.760523907352507 0.0032804343031314883
55.67477477117288 -26.735076525781835 0.00280896533462289
55.634952398493155 -26.713770247785753 0.0038845734684282
55.45077584226127 -26.801887102428587 0.009457868896879692
55.50355883729876 -26.808168941319455 0.0049153444223445
55.52348835809157 -26.779175698041826 0.003861980126664966
55.46028050571428 -26.772772649836845 0.0030864656262024623
55.44405385140703 -26.760608488686383 0.003968737589913156
55.48208778770494 -26.738528747453262 0.0028502342179468456
55.4670710888993 -26.699412028660905 0.0032220143818722856
55.571767136828704 -26.64457342569732 0.003938600209042861
54.13008904520636 -27.901771135902916 0.0026873673078565505
54.133442032934965 -27.887388289149595 0.0036479512389741247
54.17823347518222 -27.834326410456256 0.008662791457880025
54.10519222045867 -27.88883407529018 0.02669082013235039
54.09729622170282 -27.880451787858977 0.005380687869543555
54.113799323568976 -27.862136205550566 0.0047839822499447125
54.099183869327 -27.84713240396859 0.008193894531997505
54.1309271292713 -27.81113796744937 0.002840398205611799
54.129626169844165 -27.81592189834075 0.004474005715997545
54.24850799628659 -27.803722200952908 0.003045835888767756
54.248073268355114 -27.782512870820497 0.010304588526712751
54.28615108397325 -27.76051575896295 0.008625821854828691
54.21075939609332 -27.77880747708388 0.0032820478963884897
54.22620769302953 -27.77410566593983 0.006306189246292674
54.224197889173865 -27.741223681560047 0.0032989603408702687
54.20658847631637 -27.7254161227316 0.005844255370687582
54.23356549062857 -27.71822274142512 0.003122961639170187
54.02485541387319 -27.826501685626763 0.0028298950507634904
54.0672430264264 -27.778886442643767 0.006794068005066865
54.107357332513466 -27.75849222744306 0.005800586661827633
54.03434623366837 -27.79903996063809 0.004540483372620071
54.07720048556887 -27.75424026976177 0.003277056126205858
54.21404704508252 -27.696907995304027 0.010974387847958211
54.21942521481129 -27.703811538408925 0.008640500598498814
54.11697708198034 -27.660955867473064 0.006314287099601071
54.1369534931265 -27.644875777167147 0.002800360896290817
54.148566910232624 -27.628493203419044 0.0027037781223001284
54.258473436254114 -27.724052923368458 0.017731388262623167
54.3210428101693 -27.681154262121392 0.013619420834748715
54.421951568787726 -27.664605111364857 0.003184236964702903
54.46111863636496 -27.63158121642175 0.00362564263004319
54.41831968017787 -27.600081113056056 0.003538989789334964
54.26687846154621 -27.642999035235533 0.01682398818230497
54.22010195294625 -27.59740564301004 0.004415625468589948
54.2720975887296 -27.5716201725706 0.003053087067452325
54.27624997460498 -27.54454119551776 0.004467479101786066
54.27522014437406 -27.545321777576294 0.0035418283072390622
54.2659568993407 -27.496142898937904 0.0050870737586966135
53.96450860486911 -27.782426021076557 0.0032996428104118836
53.960066988282136 -27.75931906365532 0.002679442487418853
53.99744063798776 -27.739754539152628 0.00701295851127494
53.972206705278126 -27.74913867567889 0.006626927504173539
53.94270221143129 -27.726344830617375 0.0031089836249558805
53.949506112350505 -27.726337580768185 0.0026892605411673372
54.0122237812872 -27.737489247150823 0.003020965841125518
54.01246531108092 -27.73678875582553 0.0037475120641029523
54.003731368855135 -27.734544747843717 0.0033247541334115566
53.92203915751004 -27.709068279132147 0.0027090716071770686
53.947786696129725 -27.701087802487883 0.004846281307531565
54.07173705714237 -27.63362293694758 0.00992218944099286
54.06501159498884 -27.615888689032765 0.012169216415964346
54.07555741350671 -27.596440967391153 0.006460590799828734
54.02848827203866 -27.61503363486111 0.004605193092926731
54.006240878697675 -27.613749650682724 0.006352220493972022
54.01657548428008 -27.589173287055083 0.02213855173108866
53.907540061503354 -27.654147014358692 0.00300439876383054
53.90698670426122 -27.63093660184245 0.0033923914472673428
53.90226248176962 -27.604669417384773 0.002861004162182413
53.92843029062292 -27.59867158390099 0.003732806043785529
53.85477348149867 -27.601219016423656 0.003760262551828541
53.84751366200068 -27.573248872315947 0.006794235788177457
53.83483896112907 -27.57342468270286 0.00465979171220155
53.88960977027741 -27.55244597090221 0.0034974257208732896
53.96143983798674 -27.575968746116633 0.002836469510279352
53.978479923250944 -27.555727295053387 0.003388579971810567
54.02516688800224 -27.52896765908835 0.0038592791628896893
54.00632221251726 -27.49642480051134 0.0033691089051980138
53.9128745667874 -27.51493560522169 0.0035969314372836835
54.16256685943455 -27.57985508669788 0.003639059609708899
54.113483847463506 -27.58204065317027 0.007872766841030146
54.120183374289695 -27.55916342963072 0.0029288945075612565
54.18232735344521 -27.53508618970019 0.014292772782201082
54.08566367437257 -27.55752072638113 0.0032911847697300466
54.08123449215032 -27.55664796710542 0.003946139642492615
54.15530289167121 -27.47182155407358 0.00420020356892308
54.12821954723789 -27.46317089022648 0.004152275440196439
54.27445768128382 -27.45942929214935 0.005073566061975207
54.20633348649525 -27.466804279606496 0.003008306309774082
54.16146026585984 -27.44650954092724 0.002711524854357631
54.18917842974111 -27.424559737227472 0.004653326755038359
54.188985353259135 -27.42663618019705 0.004840667133851484
54.22319273518102 -27.439991534185687 0.0038152086108098216
54.1912461476618 -27.41004364368529 0.004054056290932111
54.218653841699414 -27.382940354317004 0.004635078455528241
54.052092829217806 -27.51291969273988 0.0026596973441149027
54.057705192169344 -27.49175416882516 0.0034243696133266755
54.068739890079875 -27.464374305947327 0.004709071283470656
54.21073297847655 -27.366067240433782 0.010079199691115292
54.155463671882266 -27.359789441847592 0.0031097651309905734
54.14371480356291 -27.365674020612637 0.0037752171706062388
54.10714360260222 -27.39361969976292 0.0031736696568004483
54.08449552915718 -27.348106629137604 0.008307693865500076
54.466758900088216 -27.5447210589678 0.004046291946525015
54.474037780482824 -27.52942157216344 0.0035772423171456444
54.5248438478246 -27.493157830622035 0.0032355050694266147
54.56572242643545 -27.513200999303105 0.002965172540555957
54.58817181410023 -27.48898052714932 0.025552465972155002
54.57044348148192 -27.387836448124315 0.0062692162354070526
54.57689886991839 -27.375968064734806 0.0029921062727941
54.57751398360734 -27.37468857577531 0.002737548326571085
54.436376000464726 -27.486768698505863 0.003884543951489172
54.47240164201119 -27.4664680675115 0.003495979115998624
54.47758016585579 -27.44395173776092 0.00499013143461181
54.35596521337479 -27.437115689437547 0.003677892105275438
54.400834068451815 -27.435825682112643 0.004711651548704411
54.47705705880049 -27.386725108910525 0.005076917832552208
54.51221628919502 -27.374170389350493 0.004150942186148034
54.43192179738646 -27.368391269559588 0.002710165825371874
54.41526429415221 -27.356126541536227 0.005758757483367106
54.50620328174312 -27.30634562331107 0.020792012836505395
54.667487214439674 -27.429164229863098 0.0031574962585679193
54.694302840646984 -27.421496411311523 0.0031623007759469424
54.62310369701462 -27.328437917974863 0.006209440352257538
54.66841720774378 -27.31640743325313 0.004919925251971436
54.8080742978952 -27.277914537278463 0.0030081853688583293
54.789392660928264 -27.258188947376233 0.004897697687662116
54.70035812367124 -27.29883425161933 0.005747893062141583
54.74110855778546 -27.253039239945107 0.004679558271320014
54.58126121475103 -27.35507474042705 0.0030020848968006866
54.537557900737326 -27.301439521870865 0.0035649561692439797
54.55066443087537 -27.295629337842488 0.0028391830566613144
54.529636068856426 -27.275438033634817 0.008675975653270681
54.607612154254674 -27.23288379148904 0.0028406067821152145
54.66371256823109 -27.24555644341441 0.002649389431807278
54.72497087437028 -27.22134507349427 0.013724858782626132
54.68820603095656 -27.17955014897945 0.004522617924224228
54.689129900754864 -27.179930642900096 0.013260534953026553
54.645823200779915 -27.210054545548257 0.003061696407542171
54.618108503064406 -27.198336362848348 0.006409569331642313
54.68244590276169 -27.161338408193405 0.002776660068118413
54.687134609470725 -27.156415790644207 0.003708065266164325
54.638072528204475 -27.16279008317525 0.003016853038045594
54.35534538035733 -27.403549907012724 0.00465437525108987
54.374488455301034 -27.389685855925993 0.012610861168427002
54.31038671641086 -27.36400273264978 0.002664504356264416
54.27257602467531 -27.35060560011984 0.003000461680092791
54.30499982147165 -27.342990326659713 0.008107540365833114
54.407758104831856 -27.33795206929135 0.0048493167736587345
54.41606006739679 -27.311064012187337 0.0039979453628091475
54.385494857032725 -27.32707970710111 0.012209285648704856
54.40774350413559 -27.302386960458364 0.0026571387298202306
54.44873989683694 -27.286177027099423 0.002739958750237587
54.48014270869359 -27.27711148388479 0.007816370817390743
54.38401626880719 -27.288998064661673 0.0038727927321368775
54.39404999541149 -27.28532931804231 0.0032221428066687824
54.40398470142273 -27.239026229875556 0.0033461812366017735
54.38023123128566 -27.24067335951523 0.015915682234051022
54.386491961593045 -27.231024856109496 0.0034019196329836965
54.23393046136004 -27.3202463071938 0.0039837943342196855
54.22483865180473 -27.321321406334796 0.004477811007646912
54.232637145877895 -27.29766765623968 0.005387283179823173
54.24406157689065 -27.221976351131698 0.002653500260593472
54.36652821005673 -27.198377258561393 0.006544037805307527
54.257008969577015 -27.22071571306069 0.004387247645946382
54.29029842639935 -27.20989962307139 0.0028155107159075956
54.30293092381826 -27.18998874233799 0.003947223880532992
54.322188216218656 -27.175931839023047 0.006108821210245352
54.297790874117325 -27.154235613598303 0.006053042380102274
54.3157096657192 -27.118870081815594 0.003949489418662762
54.460679951503174 -27.24130234473588 0.00424562962089619
54.45398665822418 -27.242369206546115 0.0029860698645299086
54.465375892016134 -27.22823730277086 0.004910470197937265
54.47050713721289 -27.235186800776248 0.0035456288265791453
54.49184382122386 -27.215911359399957 0.0028591369596018645
54.486906467552274 -27.128622346109513 0.006002785220884678
54.57386464276122 -27.180279132192208 0.0028322991343462433
54.64906825809755 -27.126821615689476 0.005093037391185278
54.65634761351475 -27.114626731769626 0.0028453226733374027
54.53020224109578 -27.130770389280876 0.0032097364534731682
54.526954629394794 -27.10585654993869 0.005475790634235488
54.52012136305199 -27.11380623412762 0.0028903789427918683
54.4203762502873 -27.147547036946523 0.0043118018013259575
54.449899809181176 -27.12996885847513 0.007103008912712371
54.44303736031848 -27.08327650921355 0.006607311083501646
54.451183257015074 -26.992436263029703 0.0037220201899682685
53.76870643758289 -27.5781758314334 0.003761998210381349
53.80525389823855 -27.505534825890095 0.005465274497721517
53.781835068262666 -27.498350149803823 0.003032790455253702
53.86177761212398 -27.516752716795512 0.0028591963096242195
53.919482311675395 -27.475335233125993 0.009956063768926262
53.92054871458494 -27.448727344547127 0.0029095480220723406
53.93748791446088 -27.446266139863607 0.00568239801057714
53.90168613407869 -27.441534966525168 0.003297432845616316
53.84630214540412 -27.42699945662631 0.004885648683942014
53.84519831475346 -27.411895052491488 0.0027406627344708275
53.887271912902726 -27.39490180267193 0.005504779716791045
53.89240748342638 -27.384418180122022 0.008317148382720563
53.71631260087577 -27.497779985328872 0.003641684432479623
53.70083185270978 -27.467465000856855 0.0036415524923586024
53.751897922567075 -27.48198646942083 0.004326673360205549
53.67396077481921 -27.455737957011024 0.008220568538897109
53.68442738090853 -27.443695037537655 0.005112831021938517
53.67409499614156 -27.4416743639935 0.0027974070471999462
53.711950361141966 -27.420947896208805 0.005904726883568082
53.73588281268462 -27.39808783970505 0.002892258956385017
53.83228633639699 -27.39946502603881 0.0046216321919178545
53.8241043430345 -27.347351440663736 0.004379934235236499
53.73499934461339 -27.36821269983378 0.011660365387283293
53.72974449216957 -27.358444619410182 0.0034092761443788896
53.73279368088554 -27.36392688750513 0.003307456755917168
53.99619746778152 -27.400256994190897 0.0026922535272043075
53.97012389850304 -27.409558195386037 0.0032265471776283536
53.98520117228241 -27.386338273460776 0.0031745792600149218
53.942085179712194 -27.417915630889855 0.003570668765947234
54.02527254217016 -27.3540159261214 0.022133797719479674
53.97854957125461 -27.35950533295454 0.0034836896609732287
53.989932725256715 -27.34583092394796 0.004039248892898067
54.01575760018218 -27.32978456799654 0.004482912680341408
53.90658187706914 -27.38450919277686 0.0026422622473955123
53.92316819063123 -27.32467518398663 0.002815068386359026
54.081595920357806 -27.310518421124552 0.007591416502545204
54.10600758476336 -27.305374856404743 0.004179549129518691
54.12018992220616 -27.283104035088492 0.004427259001452271
54.00630181657729 -27.283767936108408 0.0031049760856670544
54.090341094117605 -27.23768028607478 0.0034564602328454254
53.86374544185535 -27.34444999290312 0.0032116759870992584
53.87981679885409 -27.302861224044097 0.00469387483417162
53.907251831060115 -27.28544104036097 0.014635139270701121
53.84187009757774 -27.27013637816812 0.0051710185963940725
53.85865094015133 -27.23904788635869 0.0027130686910215654
53.96391045630606 -27.262552913095664 0.002904404256887076
53.96379870850945 -27.21478566143412 0.004617548063093324
54.0046076731333 -27.18749944863442 0.006564677032307346
53.94704313011602 -27.17198308044663 0.009243102404428046
53.99140919922916 -27.152245156321857 0.0027689387852389427
53.61824619409306 -27.42733780276409 0.007511495815007855
53.64312676563729 -27.358348793160953 0.002754642030016879
53.58350093937078 -27.38709852980049 0.0032108361549630774
53.55482640537567 -27.379475620428696 0.004434571020684323
53.66992097647021 -27.311662305747035 0.0037020438588148533
53.72815545735404 -27.270899237737066 0.0032275261123310686
53.71103104401071 -27.26249026419486 0.0038042973926514976
53.52819169866365 -27.284594197840697 0.004460258398133541
53.466999035054386 -27.288346199659763 0.004221313334345802
53.4846533043595 -27.26982269608429 0.006896531030302095
53.4930333484344 -27.24975493495814 0.004051147534768561
53.55215583472081 -27.25252199495028 0.003382647161708507
53.54101953611041 -27.219965178155334 0.003507364360196411
53.62155869848555 -27.233150444027416 0.004878336900485235
53.61597572649282 -27.20621993866256 0.0032546166330601227
53.65905473074256 -27.219763823747396 0.0034037757873257384
53.801917350190585 -27.248424290226136 0.005157948892463312
53.74030479749405 -27.200991755259743 0.0031304077826717004
53.79263554608226 -27.155317679618932 0.003456807412866147
53.77738915065216 -27.13316372150076 0.003755977047118346
53.878072421480134 -27.185752754770345 0.0130270396386184
53.90917527586273 -27.13509292827472 0.006550777212420045
53.94333866406474 -27.095085248606672 0.0057684851588622925
53.84413688040771 -27.12407645051743 0.005208238872074496
53.86935794743604 -27.053394483254714 0.007409610850382194
53.665952912185055 -27.15561210114879 0.003816190179657339
53.7071105859645 -27.113929959544976 0.002740551701551912
53.73960206921282 -27.076738563867096 0.004203687270522361
53.66665800718488 -27.138094228654705 0.0035625990242191224
53.69478008494692 -27.085850171172066 0.0032487813593076787
53.8014900201311 -27.09307486859971 0.0051295898888210545
53.7578691451218 -27.04564212671824 0.005775630213531794
53.74237559380266 -27.01161934149367 0.0034675556893088233
54.137691258360086 -27.270415434289397 0.005770539652118049
54.135955217408295 -27.23106725851426 0.003522517339714189
54.2055209981467 -27.20882897194877 0.0043144372272224145
54.082294330221174 -27.200883470572258 0.0030139855068186
54.15041093340191 -27.144144551646814 0.0045723080204765395
54.23444975337694 -27.14925293753313 0.003144925483314521
54.269947992067145 -27.114605534295972 0.0058520761618555605
54.220826539465506 -27.111913888207535 0.0033770306678640493
54.1861082964836 -27.09989911964828 0.004332871402880246
54.17715026156319 -27.08261992513584 0.004030146742517228
54.22729301974484 -27.067685874568344 0.0033007896178103052
54.12181570662659 -27.106303999152335 0.010637057077093526
54.09963527424908 -27.092633748709527 0.006792022792241456
54.02952709584667 -27.074704763049613 0.004882540558783461
54.038617086155185 -27.06461508757528 0.0032333028838433817
54.15624855254847 -27.06152086074398 0.0030068935578263126
54.1940351687783 -26.99587333258088 0.0037270206980215843
54.10748610474744 -27.024791931510254 0.003970000665970684
54.09941599963423 -26.985062967239433 0.006868513158868514
54.13852278918818 -26.972330674829887 0.003540737654879602
54.37804589159392 -27.046820818008612 0.013788991205741752
54.28042420464218 -26.991853376755625 0.0035878982196221043
54.44240560279945 -26.941203601768475 0.005462661309023463
54.37528960266612 -26.923027435295936 0.0036804419706054576
54.42055693477723 -26.88359959698813 0.005395267220865038
54.220038654720355 -26.964529680945983 0.0034327006291264904
54.26559987775222 -26.96561009466324 0.0048985237679701945
54.25447527555204 -26.954565163339847 0.0035453286857027974
54.18132893676701 -26.942090579432847 0.010027266893566937
54.29832886046246 -26.91637113570565 0.004969149633304747
54.33282497739431 -26.85157995257046 0.002671360559147685
54.30602431309427 -26.84896953900092 0.005255718543098184
54.28744857161584 -26.806841091251822 0.003313235832716085
54.29775499682727 -26.79972044179639 0.003972598548801891
53.93970051107112 -27.062691758469573 0.005220221903979736
54.02938219988658 -27.03251189371887 0.0028934194705665427
54.05058648901026 -27.015795854281016 0.0038476817162628784
54.05083700053033 -27.01578928583852 0.004009299682596368
54.058560398295505 -26.882822246309928 0.004544569501576811
53.86332349976662 -27.011280322605415 0.003575641421171306
53.93015669922308 -26.929457363455732 0.013005452421258489
53.836300869959345 -26.96612979922151 0.005981033633548883
53.82341780664953 -26.96848235875234 0.0028344073441633364
53.94532586532307 -26.883004105737207 0.002898524760201324
53.97537446453261 -26.8251118610532 0.004144152366908997
53.98727873426936 -26.810395245058153 0.009620965329646293
53.96084497138532 -26.787436791435503 0.03533866004590495
54.14116887685532 -26.880077844809307 0.005100781962447912
54.1201975925769 -26.852055697031197 0.0026782239513438717
54.1081001557944 -26.837574609509872 0.011940104550961112
54.098391342213866 -26.833088009279745 0.0037548032025807323
54.16299629024745 -26.822167804787902 0.008180160118108444
54.21633071727659 -26.766427311991063 0.009181443364239905
54.20850066793111 -26.773725522233164 0.003916932338970096
54.17946965292914 -26.772519004877335 0.003422105423975075
54.2577980177002 -26.7344016272032 0.004761556528930723
54.22012118751246 -26.740131143884415 0.0030791169866602216
54.20025595528273 -26.740254807529812 0.007517565220466359
54.13452603690372 -26.772842880935784 0.0038753832212022124
53.987336364533 -26.767087179800697 0.004309125419110884
54.05916515164213 -26.752012493197537 0.003632720624671295
54.05831762717833 -26.71154529602225 0.004201401872063429
54.13217485958453 -26.758591758503584 0.0030835746352890435
54.13094662044806 -26.72439346587214 0.004645900341895281
54.19653485069761 -26.69869078140308 0.012584059835059003
54.21531496183996 -26.683943716698593 0.0028347407029190156
54.8397731261729 -27.242042690901243 0.008940586608863797
54.88765187451782 -27.227661679592273 0.0026772219658914654
54.91533691148401 -27.196665511637978 0.0027980263470178918
54.775676457857664 -27.17839830272275 0.007096792783475141
54.8737850068078 -27.141536732666744 0.008702691019890497
54.81642135840433 -27.144267666257885 0.004142842182731594
54.853023993426746 -27.125157474649804 0.005679650991741511
54.9276710322714 -27.18657291017713 0.00266836702194779
54.94166935046435 -27.14834008967687 0.005419270942796514
54.93105713929164 -27.147783566508984 0.0038862128155957277
54.92804270737488 -27.11639482707366 0.0035884643382143614
55.00229895637763 -27.110647686707924 0.003941476074123546
54.88886346860568 -27.13691371631238 0.004166416904381255
54.895486528247645 -27.144887587128743 0.004214452803121923
54.80611577985994 -27.099259720131126 0.004395121846911693
54.6966574496995 -27.13555878917042 0.0030285477444314895
54.77930313276029 -27.07184399628665 0.006130088502109608
54.81412621540551 -27.063820203958574 0.004348243782279226
54.881716633422336 -27.019009255419977 0.0033025601377590992
54.87566128234915 -27.004837631951844 0.005689241307302978
54.78289035695635 -27.005289586179543 0.0030234963218701626
54.82547300025481 -26.98321296825896 0.003643779386360437
55.04345723878922 -27.02053683739394 0.002901244162376094
55.051359380204914 -26.98674723278896 0.010012942901382228
55.00604902211752 -26.972334613326048 0.002653445180325197
55.10213183276299 -26.98599063575253 0.0028348471314294846
55.09066493916953 -26.92860715311116 0.010211945059316357
55.056572067192626 -26.938151797782012 0.003335197216138287
55.04905294310111 -26.93218514934486 0.0028009411859180934
55.071321281305394 -26.915013138407975 0.018861819070112727
54.900827492562 -26.961408422190047 0.0027239832617939903
54.8932999757424 -26.947682858593463 0.007931144995264466
54.90162622859348 -26.90774357109819 0.004663736496852455
55.02178201960125 -26.874143586232197 0.004752446533491691
55.08402201019657 -26.87400203819976 0.003010214369918871
55.07519198021423 -26.856455672270975 0.005479467742787842
54.98708412229183 -26.815882243885778 0.006147338310851245
54.693924899773755 -27.047975752419713 0.006691753575031779
54.69488379945152 -27.016288528980915 0.0028884459792083345
54.62616461675473 -27.064669165415907 0.005028768920754371
54.63411150534512 -27.00703900755016 0.0027891190991102114
54.66838072747482 -27.012305544978098 0.012022669250424946
54.69629596128853 -26.97681289645148 0.0028970691042080336
54.78777322834639 -26.91639829592322 0.004571156125160652
54.718212871602105 -26.967041257680663 0.0032453588832972646
54.782478408052086 -26.891844408508376 0.0029166005584670153
54.73884825912986 -26.88407141710999 0.004773659407662146
54.59017872802077 -26.98536715391782 0.003844242357259866
54.60430580382592 -26.9248060294486 0.004047156976313785
54.69969798164915 -26.91326684117385 0.0030296802763935707
54.657022009179755 -26.893844104642337 0.003270661393485486
54.63556027393536 -26.903223452092483 0.008529991818501285
54.74791139866176 -26.86431418150344 0.0032812048484852484
54.70820733107064 -26.864058050365905 0.004301946544751365
54.617659155880354 -26.893046135780445 0.006039465915541492
54.668455044342465 -26.81772899931583 0.005658561359847659
54.85518901694348 -26.914149895844357 0.0039837181071075015
54.806956704940816 -26.87645972089427 0.004125378060667161
54.76080320549426 -26.814432593599932 0.02824652313409598
54.80833489646542 -26.808026953163253 0.005264069380088554
54.81600858236159 -26.783120418754915 0.004881037054401357
54.72589132048024 -26.776784827019807 0.003422693850931775
54.68475172593972 -26.784466386853435 0.00936887467655278
54.72067876188167 -26.746878366383427 0.0031940136264687734
54.80088556009804 -26.67886492854679 0.0034071273726779443
54.79007939697795 -26.67325423538531 0.0037913200676231765
54.826454551546384 -26.65483245955333 0.004049741286180273
55.15353206551829 -26.888725572547816 0.00264921831986184
55.13605360615066 -26.885482729663167 0.010962393182114559
55.14166543381331 -26.887947661851477 0.0029443245463293293
55.17059859372098 -26.809056637010112 0.0053406340411320035
55.17102309267713 -26.80848948435153 0.003877518063106813
55.25988992927733 -26.83273849825643 0.0032891203111058416
55.2971686158408 -26.768339848070216 0.003097589365394082
55.30916737399023 -26.764809236354814 0.0038020513195674006
55.29737607350863 -26.768660980522657 0.0033194470057124476
55.31383902023562 -26.76380592496859 0.003484959052633977
55.32433802065001 -26.733054666731352 0.003261885555744089
55.094837951686934 -26.848255712121148 0.0032765467178279472
55.1014072053273 -26.827862819768903 0.003176462002756299
55.08569779848392 -26.82564239859036 0.003139623019327615
55.114826534851275 -26.79395832510594 0.002995784673720741
55.098197775025184 -26.80059713711519 0.0031324583096577017
55.147008633003765 -26.805133895878836 0.003630181127189091
55.041551971419466 -26.78570106649499 0.004169093927047817
55.110318851444895 -26.760649035062617 0.006652539771529039
55.213406890955326 -26.75374871558766 0.0038902971463709536
55.2326938084886 -26.733094908072772 0.0036142400544453925
55.18116418921315 -26.648981667943794 0.004085910078868872
55.37489567974542 -26.690088264502624 0.010704806086361459
55.41967998585886 -26.685294819826716 0.0028778257857566747
55.36583600682046 -26.674591619507765 0.0036542783053975644
55.39289109012785 -26.655353966632727 0.0045209944575394755
55.41117683671656 -26.649202656371298 0.005885933819000151
55.48850973464253 -26.654946963225388 0.015135600621644225
55.488592860736105 -26.655609918101508 0.003007317521472088
55.53771231674394 -26.602572897141897 0.013888933215245728
55.516759802099315 -26.582685974501377 0.014563765739313327
55.4131136495055 -26.630184183221903 0.0029625865008010913
55.410153794910464 -26.61057190399318 0.003063581826774102
55.45413489897658 -26.554727727962455 0.0038669839507847335
55.264770759063744 -26.595761496499392 0.005612217189424249
55.20973920691029 -26.599326678485276 0.0031449885932588813
55.40262097274117 -26.575283953708368 0.0037474293563821482
55.3811377863922 -26.574235902381854 0.003123627334372684
55.423374457521454 -26.495886388506054 0.0071491719810823084
55.33560811375608 -26.498070514643707 0.0034115048624183924
55.31923897521752 -26.500221462357715 0.011062445767224491
55.328623691791286 -26.493887121847987 0.0031003199121763755
55.02757377429593 -26.765168661187634 0.0043996293403365
55.0012085968506 -26.65813990981945 0.0031375015902791507
55.03253931129581 -26.626047574821687 0.005161834186710432
55.105805546255176 -26.67348959612641 0.004126506130172464
55.159251497769475 -26.59222229137494 0.0030293030674517726
55.05782180592222 -26.57609767056126 0.0030296323509887086
54.967163823665494 -26.61048138386371 0.0038464057446994135
54.98933587887051 -26.594615354626793 0.004064921841744705
54.98969950625341 -26.59441063398025 0.006996187490763197
54.889143047486094 -26.62511739857076 0.005809638500052576
54.909332359299334 -26.6116081345698 0.012912059082676612
54.89905375112886 -26.60710727888419 0.0071417039746073
54.89434766667088 -26.595062128458267 0.004300446256911376
54.942876381322016 -26.56486729791585 0.0026575492680671687
54.95253398520952 -26.550035910064956 0.003918024114237447
54.933850345681314 -26.5291126153026 0.0027234825978246463
55.08316110623377 -26.534139407704036 0.002784246033428206
54.977503770280705 -26.496071679886462 0.006677914735378257
55.19506522739996 -26.589936482473128 0.005727027316778419
55.27070227970519 -26.48103656500149 0.0036703391790580595
55.33971050546666 -26.414466196106165 0.004486679677957533
55.254796193422855 -26.450338955932157 0.0030531946282363422
55.21701726269627 -26.438378568790316 0.002676280345238625
55.29339632573408 -26.378838518191735 0.004374353231232367
55.12638436523477 -26.48525782843846 0.004530087437354203
55.13348015344343 -26.478809076726463 0.0028828304762444287
55.13736528115773 -26.46456489790549 0.0027231148255506396
55.0600972327418 -26.46119402499272 0.0032286691543671883
55.09883860263171 -26.411100725748113 0.0037845936348960495
55.17585961965734 -26.301158565776905 0.0027645598384890657
54.48965870160198 -26.930547998265993 0.013900992999121104
54.56856185343488 -26.869542557330085 0.0044100192441385916
54.4693917976301 -26.877070837896248 0.005395029076024848
54.47491158609094 -26.85638394094267 0.004939846393993899
54.46784695452068 -26.84103840685322 0.002834503480609825
54.47834913772039 -26.808404457448372 0.004316926203744932
54.50317956525618 -26.790648978448957 0.004624362434831052
54.54664468193639 -26.8210823756062 0.003134740461854453
54.59654389195192 -26.782902246540026 0.006029197975067646
54.625108847249464 -26.73991605241069 0.0048072009254910945
54.509223541305985 -26.783195775661422 0.0037254337066303074
54.511594940042606 -26.789407125263462 0.013133029796958191
54.59176500623608 -26.75525671205677 0.004394967011465789
54.41992360773957 -26.767864227298453 0.007115659035600407
54.35984203004643 -26.808669522828037 0.004366964933932262
54.40664067545782 -26.714779023739673 0.003063688804945589
54.46623704718893 -26.721632547056068 0.004840679840362858
54.53632050870106 -26.725866197409175 0.0031848537903073734
54.51934757037563 -26.71716329624139 0.003356152099173064
54.53359579405048 -26.700730484653327 0.003237161634081163
54.50323144237095 -26.68768181783551 0.00813438895068967
54.480155989472294 -26.704510823153928 0.005775424749489999
54.470264057596275 -26.660595067446778 0.002795604427539408
54.50630078966453 -26.633781389857464 0.0032616996695067433
54.66976684038469 -26.76008965103282 0.0030069936751579906
54.701515020521875 -26.735696012287416 0.0031271954433793187
54.62302577615102 -26.708144186469415 0.011445025104130339
54.68820438609536 -26.644673291191733 0.004668756347530442
54.798160777833154 -26.64117595046333 0.004073956332479819
54.81110030841713 -26.626380872078215 0.004340706629128262
54.71130904897993 -26.630569971542805 0.011425563007418626
54.73435989183591 -26.628272993697884 0.0027603641894658956
54.76793506125235 -26.55458901590676 0.003545130197678094
54.58221838125963 -26.675190377634184 0.0033340329269927658
54.588739168245056 -26.678642411963903 0.004854251847954669
54.586112332966806 -26.625595858566683 0.003050250413120438
54.626695119612265 -26.614808223082942 0.003097965875339072
54.65183295993687 -26.61559779893335 0.0030212852441687094
54.52167114378759 -26.5878485042452 0.0037505337647337506
54.695041446716225 -26.553961923877782 0.007175505135778157
54.67401419333329 -26.55468730665737 0.005408398387269766
54.71583036362176 -26.54594414478954 0.003263026791374487
54.62036148424168 -26.55607476831702 0.0031542187541975784
54.37101021143822 -26.672016167643292 0.0029594205460919437
54.27032395466791 -26.71602066528625 0.002739827873403753
54.32412162922119 -26.662592087250435 0.002942234371266187
54.29866492422739 -26.63642198267591 0.0026570827480744954
54.39267875909717 -26.669781216038864 0.0032891095189154043
54.4356545737681 -26.61013808368403 0.0027705189473897157
54.45084836928624 -26.580938790145115 0.005169884428031679
54.41334061109889 -26.579666115458604 0.0027161650996907296
54.40050643330336 -26.563209426730584 0.004339104251344446
54.26343132587001 -26.650099353212255 0.0034023039911158753
54.23449562922479 -26.627657469692245 0.003338755255253623
54.253606663751306 -26.62601141699297 0.009209138819452869
54.28125295991108 -26.595763280769994 0.011276752003801927
54.19656604096878 -26.637722128566637 0.019937800662260398
54.15452105895365 -26.60467581062108 0.004715458473578494
54.2163711719379 -26.57023645422419 0.010648878198442223
54.386886937530726 -26.528137661762255 0.005387946933002737
54.34308056010097 -26.541319502926452 0.003292675707870488
54.29292483183087 -26.522267789066717 0.003664247537110033
54.31584237393203 -26.51429224437736 0.0027435431153665915
54.315806545715155 -26.482313262135428 0.00823933032507059
54.47388478662817 -26.55206911980255 0.00458908619143635
54.436957935842685 -26.53881758206193 0.004072649491891114
54.43709025799678 -26.53849633883324 0.005824958218935345
54.60398306523246 -26.485632924779576 0.004172719434838177
54.64886222611722 -26.44788963273988 0.003728589949733604
54.64208620217093 -26.43553447937759 0.005982239341837105
54.540589883908986 -26.402888634169365 0.012118811200021803
54.45832208713218 -26.452659735449856 0.007560032449734835
54.46685212458044 -26.43749451790459 0.006174789537414355
54.34087467800499 -26.433063690088375 0.0028288652423420985
54.41731013144724 -26.415994451330754 0.017069161386810413
54.39134551680253 -26.403719550449296 0.00267486580978457
54.53877383077425 -26.392550986177092 0.005679505044479185
54.54874945534304 -26.34754997085616 0.003002366734934772
54.5477933893688 -26.34670835328161 0.002656123624462698
54.44255810465275 -26.37718751048877 0.00619135355024403
54.44993416111214 -26.34835563434314 0.008456578207174686
54.44590900035984 -26.33984635301166 0.008119695251781021
54.50147396670062 -26.329186074725023 0.0030077356235297687
54.47353964158492 -26.295951183534264 0.004350616269712049
54.84735082582904 -26.593915020050066 0.003060666919712371
54.87556621672061 -26.540389378163365 0.002851705738868253
54.789807670461926 -26.54185416085058 0.00841598542359239
54.82089902866934 -26.514028076301223 0.00573280255813596
54.89274655563769 -26.40807239162887 0.007621958847811906
54.927514958324196 -26.414154070253016 0.002794959020136616
54.95371116451679 -26.408405180733844 0.0033098630879732443
54.772652274949735 -26.46138327633594 0.008850024023890695
54.76896211799693 -26.44002989352096 0.003296680237161842
54.81125590119119 -26.423121616056317 0.005782402845775434
54.74165205611355 -26.454511134906586 0.005265243305476433
54.79389166681792 -26.401608101477095 0.005405876435507
54.740742792992 -26.41401607441077 0.004262819164834714
54.87587082957896 -26.41013067060748 0.005532495057467363
54.82147823714659 -26.41365188914931 0.00397238656702721
54.8380368778887 -26.38608922139231 0.0065448418187138285
54.89775352306259 -26.391140207998507 0.004062390702924171
54.877437174689405 -26.390060634254716 0.011961073514195784
54.87206560639277 -26.365374355643112 0.0035942430332599265
54.87810468508782 -26.349704428786392 0.004815146772971671
54.81965132606947 -26.348578530079507 0.003174302086817298
54.99905311405006 -26.38970881421869 0.01571334278199659
54.998707690898776 -26.390979112837112 0.014259930689071972
55.03153851490377 -26.326902579918368 0.002964207758196123
55.138762391700894 -26.306946014760474 0.005509764666352385
55.07994686888732 -26.32803115393253 0.004149327741176223
55.07766834560019 -26.28577809407042 0.006604428070817955
55.03908942782293 -26.28758488300297 0.004890859079020915
55.05244721920328 -26.255928934695746 0.0035021174722101502
55.14659582925999 -26.2328048765866 0.0041771406578857565
55.0968411522706 -26.218083803574448 0.0028400688899835793
54.93534471652925 -26.352866030914537 0.004427862739619049
54.93730765115418 -26.328223053414817 0.016944063666865294
54.91477387191046 -26.328980323718135 0.002836370466172392
54.92936072178696 -26.31659585434879 0.0075108871984124565
54.9543906162901 -26.29072080187956 0.004697881086125929
54.91296753867839 -26.26927587101964 0.006780312171365012
55.045092697634026 -26.24909303914737 0.004751192805258092
54.985952762702915 -26.2222186882166 0.027298129149623904
54.954683460318 -26.17874083566175 0.003702099991564963
54.960871768604136 -26.17698479444345 0.0027157071431428404
54.66500308807527 -26.4180583005872 0.006017307901592433
54.67438902336443 -26.38133356160107 0.006721122401559675
54.58814530194165 -26.366416839151313 0.02315084389836718
54.66213571360922 -26.293407247558505 0.0028079838757182783
54.75031679753207 -26.33671972700023 0.002943431407283333
54.7407744696804 -26.322215701796328 0.0035973046544111246
54.80416254142081 -26.27934699958934 0.006196492803013838
54.785740550544425 -26.28230009548763 0.0035207633897404145
54.78420796176416 -26.282279003050288 0.004064927176850413
54.77890454585362 -26.256872489344833 0.002841587571666463
54.690038883183554 -26.26374147733133 0.009353013788935143
54.75715211386618 -26.21225642234409 0.002995085189741829
54.74904774905061 -26.20439747995535 0.0030645951477425003
54.541369691360885 -26.27496221240813 0.00824194428917379
54.53770497360164 -26.235256404211498 0.003096342790419433
54.59433937461597 -26.194660547526674 0.009361480664166017
54.621453823620634 -26.1692882722918 0.0029283397962853006
54.688115906306216 -26.143886941314232 0.0032713239982235724
54.66987948199517 -26.140870687010707 0.006886513760418582
54.85132988329179 -26.22739284148997 0.010422163923352707
54.88873493104617 -26.22559314515532 0.004424328799352786
54.908503756793664 -26.20199109263799 0.0037062397926177133
54.81046876423074 -26.221196062391527 0.006437396649213148
54.80197155001944 -26.2048235720363 0.003066699586374577
54.831469916645574 -26.2051705847122 0.002701185965610972
54.82182681920689 -26.175648452246687 0.0028654169106949426
54.76984647343042 -26.189506342161216 0.002666223362826714
54.80700192378125 -26.167501692793383 0.002862227562965179
54.94075291494344 -26.15387243338488 0.004687297670608362
54.97659361741012 -26.102593790729173 0.0035985715705316185
54.906420094570926 -26.10895209478692 0.0031457480757357222
54.912372146310865 -26.08452085589704 0.002662147163588006
54.758041990613954 -26.159842389140504 0.002908953972669686
54.787430901691536 -26.15380519375671 0.004615022520164187
54.76970867915674 -26.13565215935638 0.0028552660707133323
54.77169116800667 -26.10567959421684 0.0043053302402645205
54.78129954023967 -26.094491298980472 0.007126277166524521
54.77265191293764 -26.095065744364355 0.005076620271423606
54.78247381163406 -26.0868820930587 0.005677284911608132
54.69445400358559 -26.128181020172416 0.006190635725018012
54.73737183672187 -26.11636306765137 0.007431011691806334
54.75359497249937 -26.0503749997941 0.004079248191032318
54.85643830401717 -26.019557173806938 0.006053734423741678
54.88324252067442 -25.995229300647953 0.0026995146246973473
54.86731756447739 -26.002575851910127 0.006096029143963373
56.124340288134064 -27.101206570620626 0.0029446940215124215
56.11689098351137 -27.077726791425206 0.003148382100355111
55.95201163446482 -26.79343597710881 0.0029174423276467974
56.09722859316093 -27.072126888732605 0.007214158081101241
56.11444877254645 -27.050305249506604 0.0032357992098122437
56.02209897904633 -27.00022847225175 0.004314609194401095
56.03342743428729 -27.000146796809037 0.0031804487712570745
56.06335796131833 -26.96445669269799 0.005431544407524967
55.95800057837708 -26.97834321973411 0.004227587495075244
55.948863419413286 -26.94749982399132 0.019037592855673118
55.944938756122966 -26.94483162310632 0.012097027547120606
56.11872949563311 -26.850334458617535 0.006780479614768003
55.99503520505302 -26.854290049501223 0.004656724495152502
56.08578918712909 -26.839383877624293 0.006672380579113443
56.05689251930947 -26.830400245808004 0.004502784678070572
56.09342269483477 -26.783850605913173 0.003968429045316723
55.889387335587074 -26.87926596402777 0.006793949268753824
55.929006614548086 -26.857322886359547 0.0041563313178041355
55.90863162199382 -26.859133303348088 0.0026604193910019845
56.010133947547544 -26.811860818135187 0.011788839217979828
55.96350582434977 -26.79987952599351 0.010265591648533261
55.99997333788477 -26.80322845885637 0.003438462914428069
56.02375786619224 -26.799645958803048 0.004525468638877654
56.0282402341438 -26.753575535012004 0.0029305030965242765
55.95163061753259 -26.793253826143232 0.006235540073444948
55.98004306377989 -26.70005032995029 0.007055454242281826
55.82434005170579 -26.8424909637122 0.002878489433842887
55.83069884120189 -26.83122177603361 0.0035263633941881754
55.797875389776976 -26.820335902331017 0.005157087612787913
55.79322928971523 -26.766522753864468 0.003714779238145348
55.76261920212058 -26.75490303433056 0.003682452381592017
55.8257852638289 -26.7122136077272 0.006502512483360257
55.88980630848032 -26.754926731034622 0.0030573056550402466
55.911338263908576 -26.74728404840052 0.002734236488082046
55.8779831906392 -26.735845055612792 0.004037461179797427
55.885441109229205 -26.72353413130574 0.0028202611156993044
55.87456976037241 -26.69921166238585 0.004187738836878442
55.84752141772615 -26.672000161348137 0.0033448015794160387
55.84336768393624 -26.67248908175066 0.016564080963297874
55.91674112029669 -26.673925921537645 0.008293744355059304
55.9193287684901 -26.63895132403641 0.005478116067415129
56.09084222357276 -26.73747978390204 0.00647751607776544
56.02057027307332 -26.66841485498959 0.004248265098801571
56.065547647735066 -26.620152260798 0.002823979401692593
56.065236242818905 -26.62010070140756 0.0027534445481745503
55.9801202126392 -26.628881374236624 0.007647002895217003
55.98586405895265 -26.62932098291677 0.0036578212164080194
55.99949993181676 -26.600102853804984 0.003641726317235485
55.986554101379475 -26.531700148073792 0.006733371936870835
56.10721313371421 -26.540405854079214 0.00549675113317728
56.00524821229289 -26.53780830372541 0.01607853238100192
56.0911733025609 -26.5027479782811 0.004513895229712005
56.085537450998494 -26.464976702992157 0.003385423773388142
55.687336081002385 -26.735444790339685 0.0032581219042202153
55.75368979637539 -26.719807568624997 0.004260215416399014
55.76421788406657 -26.65406407227947 0.002875934393643136
55.75465597313802 -26.6491332678348 0.005718401629966476
55.82672516776919 -26.644898195385927 0.00305722909919137
55.891960777676026 -26.610606205044224 0.0028298978852571693
55.84118353620581 -26.59896884884771 0.004457025867322936
55.856293284843225 -26.598527132502827 0.01674150452663788
55.85515278842551 -26.5985893919356 0.020223887680202925
55.78333953522108 -26.63284779237504 0.003014383609104486
55.77045290920957 -26.628490333832403 0.012187263178172269
55.77845488484011 -26.638293516114143 0.0034061545497968203
55.7605188759244 -26.61793492852854 0.0026850854091886684
55.80766878985371 -26.562975843775988 0.0038685280893740515
55.65699399163219 -26.60584257632361 0.0030679837120935268
55.604785917800825 -26.62440775978985 0.002749845442540239
55.605599014641655 -26.592036163108176 0.0030892555075769782
55.62882882345371 -26.573681985611127 0.003660776666408888
55.69044767479606 -26.55297611196352 0.004793155841846176
55.710204941868696 -26.4981933748535 0.007158748656501298
55.746016538193274 -26.475395709454396 0.003971133155883442
55.90969658660144 -26.53264750774868 0.012446182064521107
55.82929562554491 -26.534132274281315 0.009116189085442641
55.90653344904268 -26.482745593040693 0.002672109491112936
55.90510805789782 -26.47169841158407 0.0033925278347827098
56.01039542367845 -26.49268346840481 0.0069118589131306925
55.817793491079286 -26.513848551100708 0.003312994612282359
55.804033232705976 -26.4556967012715 0.009451646703547858
55.91256512319918 -26.416265091698044 0.012105613797827363
55.88975321556958 -26.418496318773215 0.002991034170790187
55.931284170440186 -26.410097693241948 0.002852294697856526
55.95798349844792 -26.371776678743753 0.014259033837340895
55.95744021032807 -26.371298359384124 0.002689196730775432
55.872275716023914 -26.37910497693465 0.005691672328035689
55.84909075268084 -26.35478949515135 0.02197738653816807
55.851981562282816 -26.332845932028523 0.00838776819215223
56.10171397519008 -26.424426075348993 0.004577730007708639
56.07280625247576 -26.44031159917394 0.003518053054546645
56.03538866218468 -26.32983933844031 0.005563948347731939
56.072228333937176 -26.355130606557164 0.0032388126705996862
56.10611309591714 -26.321903762497108 0.0042916559114152585
56.001620972001426 -26.306061606667814 0.0029427732160726655
56.03528336323976 -26.275141246903033 0.003307478574971418
55.98827279611361 -26.250036824812963 0.004661709104649937
56.10519626823423 -26.227802031412136 0.002678774490763756
56.08887084616027 -26.235659303108157 0.0029951128101054184
56.11358958830306 -26.189428222022823 0.0032431083218000772
56.05705959170162 -26.163809831103823 0.010138729110788764
55.488607694325715 -26.51395951375657 0.003343345352845654
55.53416927861469 -26.50813039081341 0.0027497005125306172
55.653351835855794 -26.473671767245577 0.002750441483390917
55.67507346076505 -26.46370926247658 0.0030512925215552414
55.66267421780061 -26.46748901488215 0.006355979453354765
55.454816239735585 -26.50012258019451 0.0044222729008456
55.4189805261008 -26.486755849564968 0.004384351194189883
55.42787017726662 -26.464522986103283 0.004369799489648021
55.42454282260858 -26.413428741641816 0.006000118527650839
55.565633154993826 -26.419458077049192 0.0032004376780145564
55.57053377753736 -26.39527904008511 0.004465412097506186
55.59315487499819 -26.398206081130475 0.0027175781974022343
55.50707057187784 -26.36791536782134 0.00467495322173629
55.564830312630285 -26.304756986792498 0.0034004508708770135
55.72158255809925 -26.437720351884145 0.006234120960332498
55.70486228445679 -26.42481424876813 0.004067585913138295
55.72514869711428 -26.38674608466328 0.0030587963946112563
55.76159442733258 -26.34952558348397 0.002972062305512585
55.66661399071816 -26.331750668649835 0.0032240622208295224
55.71888162140422 -26.347692088299684 0.003556345200563082
55.81103016434471 -26.285864033875473 0.005751339896987711
55.82343547890891 -26.27019286419419 0.0044563873690300435
55.771705170584895 -26.25632592319073 0.002792768739518086
55.81866264604474 -26.26424225031529 0.0039657555401798215
55.82191458639766 -26.245680182034487 0.0037213606377199965
55.67024291166483 -26.312734464085977 0.004011067029670585
55.67694358698418 -26.319672267254933 0.008216351013309225
55.62301841482546 -26.317557131488535 0.006448582934429539
55.570824345711664 -26.293938780456937 0.006415652603487775
55.62296133801191 -26.26516168849539 0.021705102751291432
55.74364532863113 -26.20924540285188 0.007271289643572787
55.76292758748496 -26.178778282600742 0.006606895300806472
55.72286225662664 -26.15999374699652 0.0031117611875281733
55.36809255503061 -26.403205587376306 0.006876542629112058
55.37482349517479 -26.376609262624076 0.002839224242961716
55.32595356044138 -26.385768805108206 0.0037462420093675604
55.44325564529632 -26.31570654157318 0.0036529437067146253
55.453218300284846 -26.28881337432716 0.0034565717373451687
55.48521140624429 -26.273151357357655 0.0033670033587355273
55.46432196700072 -26.226306769271325 0.005024454116850169
55.265998964876694 -26.326916319042205 0.0029761875431795937
55.33632803758418 -26.246983664083615 0.0027686597341605975
55.22841813457449 -26.28608554393694 0.006870302818177699
55.36526382067359 -26.265222300983964 0.00700283670832169
55.40359280569796 -26.22888026467612 0.0035151747065168782
55.31519347297076 -26.18497205040159 0.0028229638361829726
55.55578624955752 -26.20626711938389 0.010853438747687435
55.58007764413865 -26.220529493513325 0.003313234688365164
55.56680582940075 -26.20539785208381 0.003805256177039698
55.582039504395496 -26.185246081865536 0.003985844482370424
55.506793846919344 -26.205675189889067 0.005235739188625873
55.52005256179219 -26.189625120486777 0.0026966716199808395
55.47038088001577 -26.195063044884265 0.006712361374238254
55.498136226160256 -26.180668535544623 0.007168425311029777
55.546112186494945 -26.141911109238627 0.0038177617689306117
55.66352657597154 -26.15212955419981 0.007077498884977632
55.64428163746486 -26.15403419957109 0.005946160869977082
55.66575554864741 -26.132937895184423 0.0026867309275956245
55.639870263820015 -26.09103488555329 0.0028689981263101167
55.63591460172734 -26.040879937293404 0.0026948318066511595
55.47593046835867 -26.168524771680108 0.0036964315603203973
55.494489528777144 -26.11029507117781 0.006356209742139566
55.4123012380939 -26.123568147666447 0.004092244603063681
55.554613960136315 -26.069524451837655 0.006541462553380964
55.59578365722862 -26.05679206559619 0.006164403092096213
55.4997962995529 -26.05185405818538 0.010875694373063403
55.49361650574179 -26.040101070196805 0.00388329532209687
55.50449208299795 -26.03686819496643 0.0037249563643842474
55.49422483332971 -26.03698212912218 0.003194188263564295
55.52527414739363 -25.990135910771844 0.00289331843787556
55.52481941231501 -25.979021722880468 0.008323468007871834
55.90879586196848 -26.202956115208615 0.00282718940490713
55.89444337287075 -26.188468708098792 0.0036930714038382246
55.89935110978936 -26.11966192765224 0.003864733970982131
56.053784651483696 -26.10009152885225 0.002743902842677693
56.0141812603008 -26.120890723260622 0.0027202254508060996
56.024487054019346 -26.07485975859451 0.003364816961965674
55.94786625065175 -26.125909336238752 0.004485210855677208
56.00424470365641 -26.06540771897191 0.004014098956541227
55.769314189886025 -26.10173604698236 0.004456388754293756
55.82693720691304 -26.07925801169658 0.0029921417198895657
55.79150987931144 -26.081620138950207 0.002711147085479345
55.79514781105971 -26.05505356297271 0.005558138181457862
55.8926946113132 -26.103977116104524 0.0068610264663424595
55.93199339704794 -26.043665253221917 0.004725906005552908
55.82424777045924 -26.022808852989563 0.01872604400508874
56.10866602564004 -26.06927596706378 0.0036073062115544183
56.02869775638643 -26.057218273852385 0.012447075808603502
56.06334744133653 -26.02543452482425 0.015443349837716083
56.06690076374563 -26.03025909412848 0.0029945731729526712
56.09823073180843 -25.97610283277186 0.006362858563018676
56.099728626631986 -25.978038176948385 0.0030497521392553995
56.10422410843801 -25.940882618698435 0.006822526081942948
56.01416207057824 -25.97623459225031 0.004534645325167691
55.992507429173216 -25.949921710894536 0.005612716347340871
56.02383832054866 -25.90183282305006 0.004295038485058967
55.963841513532145 -25.921761479182216 0.005130068092287104
56.06769842349232 -25.86870360245566 0.005302394357839694
56.09685838288827 -25.816826583859992 0.00383420650456732
56.05176702459203 -25.83029613369451 0.0042253947621095685
56.053287497885776 -25.832157426268605 0.0037324065217788733
56.06124181736508 -25.814851453149977 0.004807120233237149
56.06067992361542 -25.814981077866115 0.007122635084577415
56.06084482900821 -25.80302618743867 0.0030379404016513682
55.760716637358534 -26.005970542919567 0.003319853692888945
55.762231302260616 -25.9963029983542 0.005705032654994687
55.66258414330856 -26.01928789330897 0.004701103844753982
55.70915910080255 -25.96386214413736 0.002923911036903847
55.80196492065615 -25.998977024489076 0.00359190324534882
55.846920267561465 -25.986664839510333 0.0027393775648048365
55.82098625128808 -25.981113739243423 0.009621887496265535
55.793597533589754 -25.99896660845471 0.003060354451906897
55.77950431629996 -25.975801864603095 0.03917192155427097
55.79154551534817 -25.971204734349705 0.002701530341835422
55.76386098810449 -25.96504597863972 0.0038721460491749553
55.740686711234055 -25.953556518084145 0.0026766514992979714
55.82317018019876 -25.919677594583465 0.002758357353334307
55.80654712912842 -25.923253053532484 0.0047828021369676335
55.82278746720779 -25.89839532929234 0.0032303637238814877
55.6386483775264 -25.99373252407992 0.0048702497711864
55.6738517747624 -25.988499310770862 0.0035851479665635583
55.670747974719774 -25.9719293246554 0.00568302510569922
55.70481786730461 -25.926846622266194 0.005213163064685494
55.72483543749947 -25.910894000489968 0.004058409114070233
55.67186387059988 -25.890053068931905 0.0038621340595631696
55.69411086203952 -25.85812320087117 0.005562777374996915
55.691747669007995 -25.85631326147528 0.004030430852255257
55.6610972083827 -25.870312220415908 0.0026452326199844288
55.685160768147405 -25.840589239398327 0.0028251637466418216
55.90726984251158 -25.89199220327029 0.004603045678108711
55.90721006041004 -25.891333945612676 0.003193162641710663
55.930044378607064 -25.872726097443103 0.005231277876486789
55.81086309712206 -25.861721141586298 0.002879137125342741
55.90834851487455 -25.84983439409015 0.007436283520701087
55.89080577018523 -25.83579553257932 0.00629268525054232
56.00481084034029 -25.83069716552827 0.006913370698748539
56.03064010405022 -25.79228813365922 0.007794055062456586
56.04102380210825 -25.776636093420773 0.0033506724099822724
56.00342915151498 -25.771265194158104 0.009852361979792291
56.01967838125951 -25.746833439430144 0.006210391369413653
55.8091708081769 -25.85582406043804 0.0030122854191476102
55.77399521831022 -25.812440528695472 0.004787864980153559
55.79204831739665 -25.795178933133364 0.002667807195730711
55.78331479373249 -25.7686039274204 0.02295732648919308
55.82320018068196 -25.760828749498348 0.005438911530386709
55.90955183932413 -25.76037465039493 0.010450111147108079
55.874268083608115 -25.74691099086886 0.0034541304447917123
55.87576658295158 -25.753020573931963 0.0030974445084557627
55.95857151212721 -25.701097655913273 0.00580060369119171
55.91958590213191 -25.70857144694262 0.0029490999692744543
55.25068442790949 -26.16665020662024 0.007156369722587206
55.15451779904239 -26.198173118318 0.003935161128521739
55.1923711940957 -26.139591146705605 0.003954403388678821
55.2994828700914 -26.17280514840155 0.0041058408340647725
55.289375246941056 -26.16128332760015 0.003281877070451224
55.3404076188943 -26.086638650745755 0.005445187195801672
55.28501615569121 -26.042384460619697 0.003961682158459204
55.10951178144892 -26.1706310294076 0.006594524173958212
55.079811135458414 -26.16510087148885 0.0029825724338621283
55.0968688490341 -26.14182934496303 0.004809499064728582
55.125756601248845 -26.11037760916564 0.005137451081954978
55.12389301049869 -26.09687392065737 0.011152764058615242
55.14454861402054 -26.0809255634337 0.005281162363728119
55.12777532690056 -26.08984035937837 0.0030231786689974283
55.20669015775984 -26.065335299231997 0.006300782520026927
55.14304183475296 -26.02894110155035 0.004911299959219584
55.38042976176285 -26.078792360944096 0.003348669754855658
55.32170732662638 -26.033694722415607 0.007078186795504939
55.29473240284079 -26.033182016590903 0.00807332878873165
55.333575676211595 -25.99734084887938 0.0038910352893946846
55.40345560615111 -25.992140614334183 0.003878514457166692
55.4147185832629 -25.977965460581835 0.003588286982786777
55.476558204025494 -25.92007517885811 0.005196271502025515
55.4888219407677 -25.89260838080311 0.003045620132348759
55.44204974229989 -25.878783398202767 0.005097451409232208
55.45272636215592 -25.87206933533351 0.00356207094215648
55.26627961756518 -25.98158820563831 0.005003265271155571
55.29969228588472 -25.949700687608992 0.006460112180325698
55.24295679574536 -25.953955075846867 0.0036242456357978145
55.2673109447832 -25.95500271813282 0.0028359781444224764
55.21848855526107 -25.943691122941395 0.005667091106774865
55.21964290920533 -25.932097084371925 0.004296767650029723
55.24948531889026 -25.921546065439845 0.004975996138008069
55.28031900094062 -25.86640978312827 0.003979090113459385
55.383673467841426 -25.91728096103655 0.0029255603380218763
55.40340572298448 -25.90448424167518 0.0035185966073982256
55.3784289574201 -25.897805278417827 0.00799958080463292
55.35979465215596 -25.904248681001988 0.0043207145920108065
55.41513260028969 -25.882549552752863 0.0040098530720997835
55.429932473477955 -25.88152903265831 0.007169705210951823
55.35956378412373 -25.82355555566074 0.00352818398755498
55.01133220366432 -26.097661649971204 0.00273433649888751
55.03760077332806 -26.085707508721132 0.0044092364059525576
55.010983930084805 -26.01808082452414 0.004163390573930595
55.04200834561311 -25.98490883023579 0.010519915456510869
55.10586880874404 -25.94972043874181 0.014251675972072865
55.15470851758566 -25.9675043241021 0.009297813156788248
55.05058193448537 -25.934463703640706 0.007172090807310921
54.90263028254802 -25.999672143805565 0.003379753758005299
54.98422958852894 -25.967827398135963 0.0032119616377504134
54.98849112003718 -25.936553198551213 0.005849066103842949
54.875185800887415 -25.954238339112713 0.009673151275261154
54.87817565349688 -25.94588690025102 0.0037815955619995914
54.95785506141295 -25.891477196361137 0.0044018515245837
55.021072382432415 -25.900236497479735 0.004622830336732838
55.080184742990525 -25.865031575597815 0.004764620550856842
54.97836177623706 -25.862253906106645 0.006729447427225336
55.013551878885664 -25.840316447827927 0.0026958448521506094
55.006016350018264 -25.814631721464146 0.0032623014159797697
55.22795556515786 -25.885860878487115 0.004523701184183971
55.14885649854715 -25.86972324996468 0.0032302743552966333
55.277730409518774 -25.79526883643806 0.0120512514914324
55.3400968555145 -25.79131625659251 0.0029107213043570246
55.244388240246586 -25.778388207311924 0.005773669028268936
55.1221331345989 -25.80331119030157 0.01263846469558949
55.15062926578277 -25.80667128881553 0.004238161428150538
55.07770083962523 -25.792995400726372 0.0052047249018447135
55.169565580370545 -25.74128378637943 0.004066625359779742
55.20433171476206 -25.717207188954475 0.0028293023130017423
55.21580491867847 -25.699797456883413 0.007768238031863606
55.13123869713244 -25.71752861077695 0.010276156971212118
55.13150931217494 -25.717302770990752 0.012188475525962798
55.20431521275196 -25.62217414958688 0.009546717900284751
55.204662729546655 -25.622816388161585 0.007092226788638732
55.50178735595411 -25.89546918381601 0.012406826517794152
55.50508785503851 -25.845645568573683 0.0031483302311988057
55.55056415798224 -25.82233017689642 0.0028671437295308315
55.65179739495699 -25.81738201594419 0.008875526900395577
55.57131000824348 -25.773954004857433 0.004379976139323614
55.431203959992835 -25.779522376178992 0.003668546722575747
55.564232754602045 -25.75217508223469 0.0030371790436888365
55.52484598163193 -25.741821093063752 0.0054328560697702805
55.4813856432761 -25.691595861922696 0.004677043396892775
55.47964368877897 -25.69453240665704 0.005092596234835452
55.56051390501557 -25.661989476157476 0.0033054081198392116
55.74308769105981 -25.725630496779 0.00266298199209885
55.79512937993746 -25.686916059977072 0.002686916805211845
55.72949536798144 -25.66996681257543 0.0030550436841863277
55.709182628908 -25.674768507922376 0.0036036839010342697
55.69363437342296 -25.658507575670377 0.004222430010740289
55.769002012719795 -25.648739958444196 0.004053163048075094
55.82368308819922 -25.560220522060053 0.004845615664589906
55.80936013072015 -25.534123741802773 0.00299456727751156
55.68517882477845 -25.618905416550714 0.0032022555691212924
55.66377482558867 -25.572800166731188 0.0034058684506069093
55.77033514189393 -25.514635022686875 0.0028970376851547
55.76486464729236 -25.503999744923792 0.006743317597649636
55.69465846347538 -25.53294646548396 0.004985357127998983
55.70270306784315 -25.52602897084835 0.0036004341690577036
55.64235698314409 -25.525985770376803 0.003061804377385696
55.70270623157957 -25.48227324611469 0.0027140250363033016
55.37280449398691 -25.769839558374027 0.0046864070170567025
55.35653409217304 -25.73661039264521 0.005622867693093108
55.40070400897885 -25.71872945236479 0.003862053890971033
55.41508478676931 -25.6964604950204 0.004297328212644143
55.39214309185534 -25.686926783156355 0.0030196178544861824
55.35977023777502 -25.651881297030492 0.004258454630263367
55.4564587605552 -25.686838291581193 0.0044609547669300234
55.516681523682074 -25.63360206774392 0.002820419993222557
55.402217236166805 -25.63604556670644 0.004026202040564226
55.4971319355808 -25.574153353590468 0.003267506345219487
55.340426385159695 -25.63849100403053 0.0033810965658544485
55.40741229444356 -25.575673149579607 0.002705570591183117
55.34107981702578 -25.57500279778564 0.0031904374876011955
55.45281904737384 -25.527976164133477 0.006109966155832107
55.30627906877864 -25.51431098590719 0.009999755574745896
55.30570739083451 -25.517377911275364 0.003105491533857531
55.59473128081098 -25.55111456950841 0.003909442227225104
55.582161557568675 -25.53337302417452 0.004164278048530482
55.50026455868797 -25.557774721391876 0.003006141953455015
55.606586948373426 -25.39788165596268 0.004730819895987258
55.63865115585336 -25.400439477957583 0.004351232549968367
55.42260623426888 -25.48710940974106 0.004987673079623617
55.4990123196663 -25.41495263795855 0.0028914340405365286
55.42212992394772 -25.418391745229037 0.00893076485446544
55.48463729336083 -25.413784549316137 0.0029508547967389896
55.47203342378613 -25.38806787655778 0.00851918716296118
55.55207350539279 -25.4133285909053 0.0036401864573424076
55.52640815323413 -25.413109761296237 0.003019081727115912
55.58778316289783 -25.372819130472298 0.0036789584217141683
55.61117666357661 -25.37098852465119 0.0027699267832028886
55.52851093932873 -25.37773694495835 0.003417965538234005
55.5432569568956 -25.33762976350948 0.00603418074403808
55.538299018511864 -25.32357063396331 0.005392142173315528
56.12459719184733 -25.82469228297279 0.0035956840996906204
56.10684870097523 -25.752955431987413 0.004051052808899462
56.11756940788715 -25.705889244271727 0.00422895515327454
56.121818718650566 -25.713007588708823 0.003207088094682777
55.99773005430637 -25.70383475283263 0.0027401545566817084
56.09410173515867 -25.674569070691316 0.012566377286637601
56.101797826135574 -25.648596821089026 0.0027390356484413092
56.053174252885434 -25.652212386569303 0.0028590813632775407
56.10290578399056 -25.62238263108665 0.0034483248718715385
55.99435987203675 -25.683196361602736 0.003987513483610156
55.96065507685196 -25.667088643586023 0.010626386786674071
55.98471680011149 -25.59019188554282 0.0046225593899384
56.08192209497317 -25.58972996893043 0.008090296617778762
56.08045976212401 -25.59625745934096 0.0035125600259878834
56.113694042983546 -25.572633436857103 0.003942051281230793
56.072037353719 -25.544123728429177 0.006307177954576913
55.99121892853715 -25.53242282646514 0.005052087044838646
56.09052826576132 -25.48085903394164 0.0028065857099265424
55.92183638199344 -25.535542692292047 0.002853084008861487
55.92914003345875 -25.504635904376812 0.005060374395418922
55.92848219968848 -25.476730602782528 0.005031854036102761
55.88419769338177 -25.491595276503375 0.0035839520009009317
55.961922048813946 -25.48006962854692 0.004478647322153539
55.93011673654163 -25.47503358609977 0.00416934117448582
55.957889357061674 -25.454484841104684 0.003486858226713318
55.91658537997239 -25.43360756592652 0.0028014366408105336
55.92464287150481 -25.44259330379844 0.002998909462987714
56.00040465745911 -25.423732138599497 0.0047167509937135615
55.97043722210616 -25.401803455662552 0.004028478402239823
55.80287611596262 -25.512864331910677 0.0040319246718010775
55.82593791108972 -25.483705028747508 0.007481972620615648
55.826886338352665 -25.488507148837197 0.005152065486864699
55.832685295754885 -25.480192874567773 0.0026807799064069906
55.74205957659575 -25.440951705540037 0.0039979479864086865
55.798583963703926 -25.42560206678724 0.0026912579120327855
55.78594042802725 -25.392921150963083 0.003018560707961334
55.926787908804116 -25.35881747880515 0.02550740924516369
55.926446738821646 -25.34826673102031 0.003655966306564555
55.93955695547794 -25.331799534271067 0.003761265969035647
56.07744818342496 -25.42646316713784 0.003094709439548124
56.068100740201935 -25.39170140611679 0.0029761336796759554
56.06239162081776 -25.38623937079195 0.0035910396438600125
56.0626989234332 -25.367689891851303 0.003868117781844741
56.03487536624873 -25.335962475163715 0.002669406997728695
56.10751321333718 -25.327686598426357 0.0028316424191736273
56.09464235596407 -25.32402824628322 0.0027601914395137326
56.076938990857656 -25.306324820911104 0.0036370656027691775
56.100208563471774 -25.28067640309404 0.003284088519607212
56.08576245705111 -25.288214916112224 0.003319349669597005
56.106333721699784 -25.254826904746032 0.0031603587500265403
56.042195684301305 -25.277705353552697 0.009005713874077923
55.93768692847629 -25.301389904010993 0.007135216654504367
55.93913965509998 -25.247213780765257 0.002690007337454194
55.969412177380406 -25.26613003017252 0.007628310895500657
55.96754434046849 -25.23486829243201 0.011409549703511488
56.079346591138744 -25.257591936621314 0.007089627048432477
56.09890959427307 -25.258809291445456 0.008835675949041668
56.04815188817223 -25.24012897979196 0.003029540478642309
56.1119241054964 -25.20187053994561 0.021189198776355875
56.09130315730503 -25.179804724341754 0.009693532363689032
56.058629032624495 -25.155214798075892 0.004890353345851474
56.04275183826152 -25.1517778852424 0.006152680092572834
56.07244298058488 -25.13971608158536 0.0027788440497454048
55.75453306086438 -25.360083427235907 0.0036499681066499974
55.761786377292786 -25.35721059746406 0.005698611427087078
55.71727871649315 -25.3371474216766 0.0036052736930559295
55.8114323219443 -25.35338368397593 0.003574469614552486
55.80835679593231 -25.28560876913544 0.008659479324274466
55.683267140338366 -25.298788401880376 0.004147403784387039
55.66260334673085 -25.273821574036425 0.0060511525214388216
55.59579641279253 -25.304818817552935 0.006228970937852489
55.64388654552889 -25.228887876252827 0.002876851566006752
55.706697433920034 -25.227338588089548 0.00309325717959006
55.71600430695823 -25.224455395178083 0.00453515327584502
55.691601847268146 -25.186632665279927 0.0032760384069890785
55.72213232629024 -25.149198103634415 0.00334286085461289
55.91918416834559 -25.261991671402303 0.004702358323244565
55.870295605243726 -25.232964888034836 0.003791750909560979
55.97628315091232 -25.198108766109893 0.00454784746093726
55.86991402609088 -25.21737816274491 0.004924383807902543
55.86948532266634 -25.208512987630534 0.0041467549296272475
55.89691753484232 -25.19937204712111 0.0037824575667301445
55.97936734541564 -25.14468885321265 0.0038967260929313814
56.01101533647627 -25.131614423176178 0.006838410063784537
55.949867543176104 -25.12657745386784 0.004362384530412847
55.96889038426255 -25.114222283159695 0.0029027324943330535
55.80698506457414 -25.156628189231704 0.002897218999796272
55.74002280529861 -25.10520302132995 0.0036513281017099297
56.12284055298302 -25.14491085055476 0.003644493538776043
56.06920133693227 -25.11124820645688 0.006625441056549383
53.097875503498656 -26.85282055493389 0.00477859621333945
53.402959938269476 -27.240208539873187 0.0034333836100311817
53.41001133912394 -27.22986011550788 0.0027463089018206154
53.50357014361017 -27.17926062788239 0.008159914902051793
53.48268599093346 -27.16824865949148 0.0030503117285523807
53.41360623285462 -27.142526424551672 0.00923648266771607
53.41920872517705 -27.135389767931077 0.007034189348563838
53.5344739485873 -27.15256815835669 0.002662365455440838
53.49494608927051 -27.158328885368174 0.002741210771003752
53.55449249773161 -27.11385868393282 0.01155005745535975
53.56639369783421 -27.07431444417913 0.004874944319116109
53.496013633216315 -27.136016790165584 0.003743963616192239
53.558185611094935 -27.069756931789048 0.007402950741107081
53.544013438410175 -27.055369806926706 0.005001922398035981
53.539527656670266 -27.041868941374677 0.006599030712542488
53.38068618143754 -27.11186260351024 0.005770615588728975
53.34157137921813 -27.087244790319925 0.005578245254098934
53.4178107985403 -27.092392485466267 0.004094191474607033
53.461575227983126 -27.07863332236387 0.005098791399904966
53.43746974022447 -27.045601867754204 0.004823790630333938
53.39849140912853 -27.02403070367174 0.005108058761608639
53.360131039231575 -27.023368749514983 0.005176877692932002
53.590263533139634 -27.066848465848395 0.015888769312886332
53.61637196412973 -27.04149630590731 0.0035267432972378213
53.61743691099652 -27.04332835379637 0.003292070632800921
53.6712237410531 -27.014880595489892 0.0052945406203894815
53.676790411044685 -27.02039080257438 0.0037668030171976795
53.56661363037794 -27.051642787267397 0.0026803119930523425
53.680778013369874 -26.99602728013579 0.0031618716718273105
53.76140823193183 -26.926112380125925 0.003660182326112459
53.75271866643491 -26.92527902566041 0.0049265171005289975
53.6484243846723 -26.977690666789087 0.004019379282171964
53.52894428678907 -26.95359428605305 0.005105190878610376
53.45786481459229 -26.945707550347382 0.0052023904601559085
53.515053857200286 -26.91501491582851 0.003396885393740489
53.624177962775576 -26.919023840611096 0.009666959066142367
53.608889448503746 -26.840510245691707 0.005203149681298216
53.22809235941311 -27.078860473976583 0.002878651591619488
53.25824483643799 -27.060371621096458 0.0031404204706214547
53.253810070198405 -26.957254309901177 0.0030122972798053505
53.372005031478395 -27.003151283241746 0.004595492213869379
53.283336184560426 -26.95165699357771 0.0033268136107807837
53.346042429016606 -26.92077205224447 0.0028409604945878486
53.359517815915666 -26.876578603429554 0.0030889167564921204
53.13475748298957 -26.989107045080832 0.003490768791698987
53.18319019367407 -26.975673678750766 0.0041750663783601625
53.14294009126407 -26.94361113466557 0.003016526081145727
53.11393468077591 -26.939098470664575 0.002974727303338647
53.12481974497903 -26.929365327154457 0.004323708629796713
53.19496201548131 -26.914930770151017 0.0026936514867786634
53.25798633644087 -26.916863254241186 0.00609047759105997
53.25702354630051 -26.918558465456353 0.0043672828943574086
53.248309108228376 -26.855845779382857 0.0029067232512490593
53.22145325931769 -26.84911999117658 0.004230245231800765
53.4357318851864 -26.870645633062264 0.0031246131388245283
53.460322570323015 -26.869524792133745 0.004918905958312203
53.4736825401986 -26.81852638608025 0.0029304528938226713
53.40414827506207 -26.815386189415893 0.004245039587158794
53.55210674228645 -26.754787713169584 0.004298731201172386
53.47854183991101 -26.789477676748614 0.0032605588980339694
53.51102849737351 -26.761950815386044 0.005950071432679815
53.384820273496445 -26.82611240528044 0.002996762735279537
53.41288813447436 -26.776513165204296 0.005240775541784335
53.41051279559636 -26.773070890028016 0.0026530930052389313
53.34176985141153 -26.776556993441556 0.00424675140965068
53.31217595972157 -26.782760322754804 0.012977397866372531
53.29454641355699 -26.753905268593787 0.004398055794716496
53.37148580821019 -26.746096532912524 0.004014670202497448
53.42486659927856 -26.730656883591827 0.00373960666048457
53.43688637283063 -26.712885419067007 0.003204967571627858
53.45632287690626 -26.694080669038772 0.0028324268955630338
53.79838359655685 -26.904284879646347 0.005974679585978268
53.7530492293083 -26.89941694383337 0.002756401005173632
53.86201868085925 -26.849811249899687 0.009600151564570848
53.781483171137396 -26.795414818738788 0.003240933087213846
53.85806278585326 -26.839929624147324 0.007765487851466523
53.905902503395886 -26.822195034518412 0.0035392906159996958
53.90563483648683 -26.822186452068788 0.0034742312280523022
53.84714144726869 -26.8111958002509 0.004961011681074503
53.921315277486194 -26.79246764647519 0.005808356638774107
53.93799092087494 -26.75371606689663 0.004586125864606785
53.90660386695365 -26.731759679544435 0.003467057741652372
53.901479571504225 -26.729061845718185 0.0026576341737858927
53.90093504796623 -26.72894566442008 0.0037047286986352387
53.848181615769505 -26.739139214888137 0.00644171081935519
53.70077793284318 -26.807111044973293 0.0035139486810585874
53.722473782116815 -26.794244943025216 0.0034753357239666978
53.72950191177738 -26.77539483082373 0.0027183383028856678
53.655426266913416 -26.80142887393594 0.011986682158041523
53.75605138750976 -26.734571996313303 0.0036475824679898287
53.79108964483834 -26.70900908141398 0.004218212308662068
53.70831178774533 -26.68754452745654 0.005812680064339767
53.730971702619414 -26.68329388583567 0.002771578633378545
53.80672910810392 -26.67299969770539 0.0031185518532733875
53.76198775730517 -26.66405482934772 0.004168517265344232
53.95365081690165 -26.74967313751382 0.00612714918317405
53.99056147705658 -26.72558864514536 0.002729745159892136
53.97357508564694 -26.708104618887717 0.006817857732577263
54.049277544610675 -26.67579732304701 0.0109725553332512
54.022856204173365 -26.66434033019549 0.004758049267107355
54.01596834043123 -26.651060604132933 0.0051785388606571765
54.10062214098525 -26.614970246862732 0.0027663288729334306
54.03755484060388 -26.595744176908088 0.007044337977149854
54.064155986214416 -26.57893638207769 0.015879383032517094
54.06769956111519 -26.576599717514927 0.005024114860542033
54.05895305732186 -26.55896061745356 0.003848595605423693
53.936785207806736 -26.62847960650795 0.0034713429329589
53.92113511068045 -26.5992214308728 0.011685923114439915
53.90142694020961 -26.586939606639397 0.0028520645766401654
53.85604760980131 -26.557119152554375 0.008308451989177908
53.95966042414647 -26.582671942226263 0.002765059840614942
53.99647319810669 -26.56091278224372 0.004398751263764136
53.995844553152 -26.546513027575394 0.009166126142239881
54.0172038646972 -26.535214093414655 0.009320181388102282
53.906954442826056 -26.542131353677647 0.003413230200270081
53.60185924829027 -26.724640626522316 0.017487851413589352
53.61233549633015 -26.734314416376815 0.003691087831649336
53.64762856109289 -26.698818600804454 0.007787524116833181
53.63989301056164 -26.693660297752785 0.005990274576417557
53.58172442406618 -26.71375984006982 0.005808898119932819
53.60770606012901 -26.66370407792819 0.0035140899556541597
53.72923059640607 -26.662476057212363 0.007949154529108441
53.75134996333193 -26.60832099059281 0.0029461599715962746
53.74310719989676 -26.579895156189835 0.003784139949516636
53.631660434520256 -26.5970145026038 0.0027572764379519407
53.7116207337565 -26.58617426885086 0.008190095193888289
53.73765626694154 -26.56977168337992 0.002897797341233693
53.72791623958129 -26.562625868734827 0.0028935338985966535
53.70510011222754 -26.54755670887603 0.003026204408583686
53.44363112801905 -26.607869035050665 0.003999391503335372
53.46912135459265 -26.586072206126342 0.0030950641125202503
53.53506296565365 -26.582780585232666 0.0037527074085239426
53.59803367572652 -26.563880038956285 0.0036892900843928447
53.67485856313866 -26.53514254118307 0.003937753077716225
53.55483590760582 -26.54959149343755 0.006944151298155799
53.62562047601724 -26.49822493892015 0.004692993628809685
53.59853858525877 -26.472074877348067 0.003683188743060539
53.761509594488025 -26.580855226823935 0.0038702524979567056
53.76617522395445 -26.566894335045408 0.00382456102205386
53.852976415449994 -26.50958843115357 0.005306272994845374
53.81813423796937 -26.53984189309528 0.005686571506630657
53.72371147602223 -26.54599426389723 0.0028044113080167854
53.732459464384206 -26.505947627674708 0.011302887099661376
53.78869095787075 -26.512422277320088 0.0038408527680821496
53.781793934012335 -26.501490544011386 0.004529541412031
53.79567617176514 -26.456793034852016 0.006293713577896334
53.92929039420837 -26.470127052108936 0.0027439851051793513
53.91811915798012 -26.466215863774813 0.0032369899021601114
53.94901873270405 -26.45822389473239 0.0036083400990349853
53.92692166134685 -26.407989481937 0.003549924565909047
53.92033470514382 -26.41473309656823 0.004625599470544486
53.81584076138847 -26.432217918539557 0.005862847929662904
53.878941816235766 -26.429813866855348 0.03281375937880548
53.716612489750744 -26.510818458572285 0.00765058544001551
53.70701649479428 -26.47867972273581 0.0037008246200439304
53.65245647826254 -26.45320332406528 0.007209041234408711
53.67231961819602 -26.44683437777284 0.004417554535108271
53.62892204009336 -26.457338296611464 0.005210498732855344
53.64009244374768 -26.43849838086278 0.002826637261297873
53.668809555524355 -26.42110629492678 0.0029706598025646103
53.70578576549173 -26.400218760353106 0.007591173973050111
53.763790358713685 -26.3641708365019 0.0031395681498059434
53.08179811099944 -26.92510240776581 0.0055829234054448505
53.098305629652955 -26.85292100025356 0.008840403739638215
53.12274092926882 -26.853120459255635 0.0031025775783542547
53.04082833492346 -26.887806920945877 0.009574061097121047
53.063890118952145 -26.881302199893103 0.002973925909721505
53.069935443441715 -26.85880405969128 0.003557167654629469
53.05570544283941 -26.84822454413861 0.0033684020625943502
53.11125100659233 -26.809414776387957 0.0027298979953860446
53.08745902277533 -26.78495274203425 0.005414537297028703
53.17549395181352 -26.85539184329511 0.007025772204391906
53.17600304205848 -26.829090172782887 0.003912548144223582
53.18753929624325 -26.77283091445777 0.004138999887689927
53.125956006762635 -26.74769282740302 0.0032623099793593455
53.16015178930115 -26.752832265200126 0.024562838519897108
53.209857744702326 -26.730126939444073 0.0027136049301574473
53.036827302546705 -26.79678372124327 0.005344597136031288
52.95564705588195 -26.789261827596807 0.0066783084614202666
52.98351894080692 -26.78323844066078 0.003849921901515798
53.002136568757855 -26.71672172009405 0.002891587339821691
53.096582253985986 -26.747514265662097 0.004080233287616267
53.03584761536351 -26.707036966804605 0.0030178428769165907
53.06900417930528 -26.651698715591756 0.003028087947481032
53.0957445613136 -26.638484893181353 0.004197306217327222
53.26191827166992 -26.747369817648647 0.0032962947185660816
53.33521371113087 -26.706503506856293 0.005176748241163299
53.23423021219595 -26.699988151162582 0.0026655208232550702
53.20820286122909 -26.689623176288578 0.01060375755936968
53.20760229084989 -26.68959127691095 0.0029595580281435115
53.20262961118338 -26.683124204935716 0.006619451044728706
53.25634757421294 -26.636656545608243 0.002967596735172799
53.32305013089736 -26.64923313164878 0.004176839426040755
53.40637551121232 -26.60360108523408 0.01068353001825678
53.31118727155781 -26.630793770628195 0.0036582851540760517
53.34463535824932 -26.602021965232456 0.003593546919316372
53.16068717395308 -26.54949734482008 0.005112049666795087
53.245700141061974 -26.576588627709658 0.013419650943629733
53.24155060197761 -26.553324490533033 0.004814770928673018
53.32441540145291 -26.514586929645063 0.0028248539544340487
53.314727703058075 -26.500882108229632 0.003815712542652115
52.93134757026191 -26.736055568396424 0.0035740576595919486
52.88447000492773 -26.739615934953225 0.00442981459427633
52.90086779400061 -26.72425962932204 0.0029480499971119402
52.90922412854069 -26.713364886585605 0.0029959455750375227
52.926969730149374 -26.688747913523652 0.007980168924633501
52.85064411438831 -26.697725951065102 0.0031635155578466374
52.874952380130665 -26.667580589569816 0.011768331125021512
53.01187173213024 -26.60676740532314 0.0027315854114239005
53.04087504721267 -26.600034547651223 0.010038086519886746
52.93529224871696 -26.616265282016357 0.004660761819667932
52.92918255913479 -26.627241638447376 0.008047598937357828
52.92038016375622 -26.616166939529364 0.0034076493146287736
52.838525776862 -26.66313360300324 0.00461049769905223
52.89160216410135 -26.609868047171368 0.004202914784376345
52.858094055524504 -26.58613563270774 0.005249567865978078
52.801879198103734 -26.598657303646643 0.006449077850957008
52.75964840199365 -26.621311480793334 0.042814381506533015
52.841835569171515 -26.555363932703347 0.005303344564019005
52.94983765574596 -26.52822246670416 0.006184562027793825
52.9657795192609 -26.50278134544159 0.005396488297544593
52.85841211424534 -26.53463265627841 0.003346102994591808
52.86755014965644 -26.489599198351712 0.004373225075387305
52.89529030982763 -26.508981021343136 0.003380188965004584
53.14772301944016 -26.54898410167142 0.0029522878187593065
53.109557797385776 -26.54113788027889 0.007951466885198008
53.055353825191304 -26.554046225095327 0.004809690764350449
53.06589844880302 -26.5211514626248 0.0037679161937126918
53.0431155060379 -26.492818325750765 0.002896084469024512
53.060028256842166 -26.47010765432898 0.014844414567767288
53.075147688207785 -26.473363726054657 0.009033980309083095
53.17363481904719 -26.513507823803835 0.003965011028412979
53.1628935566143 -26.503769583272117 0.0033895711895099065
53.2333930501805 -26.462714183238216 0.005207758598071755
53.15013105236304 -26.44929671185802 0.002938740780243225
53.17348596781137 -26.43697887546612 0.0033589302812496143
53.16622408432983 -26.398786603470132 0.002880612126580648
52.99647336659765 -26.448426204594103 0.004384927423680757
52.9994528062952 -26.456154359278116 0.002802998366172592
53.07587530110183 -26.444133722637208 0.0028885705863698897
53.168337262996864 -26.35643628553373 0.003208787185666381
53.09545483999327 -26.36430852028338 0.005618544754905709
53.04015759635177 -26.377204509114932 0.0037353915293893056
53.46852048393696 -26.577520032823266 0.003025343274814107
53.427191295129354 -26.56972316518164 0.004173098921695018
53.48874805142261 -26.54460685224641 0.009353821104863365
53.43433029127458 -26.490619959206853 0.0037423694103883133
53.50711014985638 -26.441542634630615 0.0030986282758400205
53.55142618430415 -26.403679578478027 0.005681243315984158
53.375374040317226 -26.477866958652527 0.002813996737700735
53.520044967474256 -26.356971972656464 0.0033875633033726856
53.41859950072523 -26.37433804902938 0.01759882264408299
53.45359104528228 -26.31846319517791 0.022808937943372243
53.45305928875205 -26.30207225640649 0.003352376824249151
53.6150505453503 -26.377916065145783 0.002756731568830407
53.5784797936654 -26.32202110215744 0.004471258148424409
53.70804236206577 -26.306219740710212 0.003056874644200019
53.77099680341453 -26.28875676956766 0.004424261715874905
53.73660989115754 -26.256404279284844 0.003182503717416517
53.65850414610282 -26.28789437596936 0.003933143570324314
53.66597817491889 -26.275024130504725 0.009268333545103464
53.70980324010416 -26.260952173964228 0.0030080051094218477
53.51050576974465 -26.341919116281023 0.002665140718814645
53.55780546701155 -26.32177450246699 0.006644923104403176
53.51575794269493 -26.324661093993655 0.003585473893051945
53.5189710225727 -26.294270723866333 0.004181100961338267
53.55098735062115 -26.267895780880178 0.0061020076758643346
53.443061987445894 -26.27476312973613 0.002749152582780578
53.49068665428203 -26.25459894995391 0.0028106748306431493
53.535025615509895 -26.249484155487583 0.0028794519755279565
53.52932579968804 -26.245300752060732 0.007520879052793559
53.61976447089986 -26.255444558096283 0.0027888334870987876
53.599206693339326 -26.258780016031825 0.003010971984257291
53.59659549726232 -26.25645471560305 0.005478888277341577
53.653506312821605 -26.23489771459219 0.007908879335240761
53.63839601861715 -26.227803517591255 0.0038273902360284216
53.65694779873761 -26.199252939681585 0.0033284117356220935
53.67609394024201 -26.208555017785365 0.005692216103688334
53.56001015337634 -26.204095120215577 0.003353965103204547
53.58828730082931 -26.165200535612016 0.004200779245701374
53.33061499900742 -26.35733030466497 0.0034018793313598805
53.2158385136696 -26.36347742613004 0.004163267196717706
53.25760520764992 -26.327966048908888 0.0062540568487238265
53.33534182546411 -26.303288941483743 0.0036978502486755315
53.29694722348693 -26.25855091687641 0.0037643074707060533
53.35175788806807 -26.265256819503072 0.013543750029703174
53.3488973446374 -26.20218510021041 0.005017772298972
53.20242620812001 -26.30569983482105 0.005022132708193234
53.21952513980021 -26.238532406173153 0.00434329101598849
53.29177660080322 -26.231151920313717 0.012255686116839597
53.33247228782301 -26.180688299756984 0.006744490381022983
53.32305895080182 -26.18870420433584 0.0029759729173055487
53.223864881972446 -26.205654316220013 0.004128636565651987
53.190935643790475 -26.20728000817634 0.0044247323913547965
54.3281246523696 -26.291750793149863 0.0047943101935993306
53.252733520930626 -26.14207815009944 0.003450666595248113
53.48926088953988 -26.20155673993279 0.004807850165544943
53.47122821578978 -26.1389390025536 0.0028318504505296044
53.45901049524316 -26.10237372006348 0.0026819996053882513
53.42352500818089 -26.12163198770094 0.0062380093247394325
53.361451059597066 -26.118527337679968 0.0033766692244745055
53.34583798718932 -26.103635258964665 0.004214772178344922
53.322375897944525 -26.078098329023245 0.02269113165509114
53.47475713159632 -26.070018253578716 0.003928748965021618
53.480872158394995 -26.044542705656728 0.0034633756531350143
53.39636442790078 -26.055704947514453 0.006850293191323286
53.3782599361058 -26.024721032306303 0.002987542688873481
53.3824576190436 -26.029695051233336 0.003316442596612181
53.42955883967775 -26.01709966728826 0.0034172810212245055
53.440770526303744 -25.960186947580475 0.022150061766743556
54.15599620685008 -26.579876701216765 0.004418643000412258
54.17824589171594 -26.541128428165976 0.00454242792040282
54.21392528998723 -26.51598072854218 0.005382051010162605
54.171195900961656 -26.505394931727647 0.0027430334560825803
54.242977433841666 -26.471481657385116 0.003861588385778652
54.29480802680541 -26.444935235108257 0.0030292881056244764
54.17389380922254 -26.446451217104855 0.003944647768721213
54.026778478236416 -26.455372292453212 0.00321484907766658
54.06030595678097 -26.433118248133564 0.017995818510537363
54.06852368020072 -26.403907169668848 0.00568993086559988
54.0484528864301 -26.369294405147897 0.00443423070187579
54.148776601439714 -26.430235020287817 0.003366794853319961
54.17610837378649 -26.38721749407679 0.003289434549776081
54.13145987217657 -26.332871732897686 0.004769742728741129
54.27445044488951 -26.357732360782848 0.0042146874556674855
54.32219950306193 -26.30349819738939 0.004133416650723953
54.328368363392904 -26.291772062108976 0.007074403626174317
54.30798761943658 -26.304312365583773 0.0034104823760191965
54.41765679002861 -26.3115927680674 0.0032066697478407226
54.383622907562795 -26.329170056675274 0.004603617259511378
54.45301180825819 -26.26031737470957 0.0044042039756561156
54.41008006132208 -26.214008368094753 0.0031859282408124787
54.16593717888501 -26.273475270201537 0.0029615181227795337
54.18590073043988 -26.23967159052212 0.009353352665766876
54.185756528066584 -26.2400007760879 0.0032364877280132804
54.34405882431986 -26.235960989283377 0.004821007583307195
54.37083526104574 -26.220442944292504 0.0075489990308524576
54.3330348616808 -26.18380624943404 0.003025468876390473
53.92076299275157 -26.36268093075319 0.0066385612199339255
53.9585943596777 -26.339735465015178 0.0033115817429018733
54.07310213404307 -26.31363955685864 0.0026709251013653677
54.03669675058775 -26.325499259843188 0.0037052596294230122
54.09579605329694 -26.293627374594724 0.005138632266841933
54.09098815656988 -26.258317033165568 0.0040900156954422244
54.003136676098165 -26.293181894856243 0.0058941774234506404
54.03639617036091 -26.258475180176664 0.0036293657341570284
53.85007673455231 -26.308140239683095 0.0030889024604129137
53.888309370701066 -26.305838810546003 0.0033193747772264095
53.890091523051225 -26.283985327864738 0.003909361211654012
53.91224151864393 -26.255859931112013 0.0026640558460349463
53.919586356194934 -26.251864196168096 0.003264131898609066
53.831457336427896 -26.30876517340261 0.014052168364950652
53.896966096666056 -26.248842928969975 0.003764794796871285
53.958990437455654 -26.242004005597565 0.006654781791057483
53.9786824131945 -26.20811736567016 0.003685561390202251
53.975699293800005 -26.21835874710587 0.0028574083507401805
54.00400995578402 -26.217643147583463 0.005551450664558014
53.9182464612711 -26.222616471441004 0.0030061528554635795
54.121751903699405 -26.25502877874032 0.01643281986633651
54.15142940205075 -26.238904065473076 0.002885420145367288
54.15647963796477 -26.21048256772588 0.004201316112172348
54.141556499466624 -26.178463492756183 0.016907267720776643
54.16415946255523 -26.134332937218268 0.0063688029139548985
54.12840183124659 -26.150458700320996 0.004180360203095036
54.26014867843523 -26.111748562701187 0.00409541342518592
54.1708414470498 -26.09583014368736 0.002662085743496401
54.21280066176035 -26.06474782519483 0.0026656841494889895
54.06976607820128 -26.15752024664673 0.0032991156475448606
54.039176777593234 -26.14755687937488 0.004669737514667305
54.05283590366158 -26.120743527200453 0.00571275928194691
54.10313254804552 -26.135582641481275 0.004669268515566843
53.982023346398805 -26.116347978439823 0.005382786625008601
54.06367098139798 -26.092804974736097 0.0032063275348537305
54.04102155073314 -26.088125582867495 0.006292739151502068
54.12798231349773 -26.06323884146473 0.004798956735538023
54.203026298817 -26.016685293221325 0.005315614710401923
54.119771505734974 -25.980466769810228 0.010392751059113166
54.45442649977983 -26.232050068171095 0.0037845089323727426
54.5590433324261 -26.183535461334188 0.0029543325852626197
54.46948270135029 -26.162764873482253 0.004405453175750741
54.56560736428967 -26.16883434767852 0.003190074970573474
54.52920676057644 -26.140788386355727 0.008711380923897236
54.530834339342675 -26.081623962419055 0.002910999391233029
54.427473457606695 -26.162874101108507 0.004523495416696396
54.477214941372495 -26.101769990533494 0.008976687562034395
54.377220211422625 -26.1025242183523 0.006953171631663325
54.35972799369956 -26.100989492445983 0.0033329229177124866
54.41750045589371 -26.0620677947761 0.0038342936437086327
54.36642945468042 -26.065819770711503 0.004441843875188159
54.495945272049475 -26.057518981236857 0.013368169996029872
54.444114437546865 -26.05024342894258 0.00322511269383445
54.42581169283089 -26.045483981539743 0.003180069485937474
54.41741526744932 -26.01761787864649 0.002745729119615813
54.68799213181493 -26.08529863019617 0.003092946405444344
54.67110400649824 -26.033053839081685 0.0035378604201806913
54.700854735352706 -26.056601508358504 0.003309410645797099
54.625229040257466 -26.023411375510392 0.0035662609620944257
54.62001162844127 -25.996112973390144 0.004617275831145189
54.652020868005714 -25.98739342580075 0.0030798827941947654
54.623234744078545 -25.980323791265324 0.018028117277993104
54.63761992723255 -25.95213068016111 0.014952217975309141
54.61587685015807 -25.922889290811487 0.003627825086351211
54.58323474931492 -25.93288571758001 0.0038581593826327487
54.55802144524408 -25.919693771898626 0.004210695339371737
54.55859927657737 -25.921601495742475 0.002654502077781198
54.556983663787854 -25.90203665965719 0.002787625763239529
54.546256197284336 -25.90673957580132 0.0034350464538479343
54.58806303018299 -25.875273820814712 0.004063231106455714
54.67668639224128 -25.93565626336748 0.005647889674099198
54.61269486304027 -25.83621432214562 0.004505107822893368
54.671515047816825 -25.830086180209452 0.0026501417234138713
54.69490666492467 -25.827123555213756 0.0034858717888303866
54.29036253468098 -26.075430409452956 0.011750254134116837
54.34014049613671 -26.028286875701443 0.002941234385633843
54.33780102076541 -26.0219443021714 0.005606127550764136
54.36712575885086 -25.994945645096006 0.004529225091654627
54.2708462192275 -26.06216922128436 0.0056233604177630256
54.26065131009302 -25.99854742968204 0.0035578765058468394
54.29946705643771 -26.00805280385552 0.0044124763392985175
54.32483622306136 -25.98005295601277 0.0030774094964047113
54.41470889213715 -26.002199858767757 0.0026924220251792583
54.47457804559646 -25.940366558487245 0.004069215495517414
54.42184971857818 -25.94019644136759 0.0027216899185005983
54.4490592299489 -25.92468632344433 0.003023782154442306
54.39227737813099 -25.944562305008247 0.003575793327281778
54.36473208397441 -25.924509787701435 0.00805102183744495
54.417977851778616 -25.89647802553022 0.0027803904914700567
54.4151354353522 -25.910032140985564 0.002806267777736745
54.38623329408427 -25.864737534197772 0.007782795419330316
54.26458049223055 -25.87917764084919 0.009282772449116112
54.23828879137953 -25.870467380485813 0.0030087195612574997
54.32406470835143 -25.84499097399372 0.0031115500035217816
54.44713591269926 -25.892987537521392 0.0036281131639585226
54.443165321634545 -25.88066862407905 0.0028397021457911347
54.48048982241159 -25.8694482344075 0.005090548559674992
54.4169131522771 -25.862992204853477 0.0027000589093692383
54.426898868197696 -25.84275391569673 0.004935814501534034
54.43840215584542 -25.847223037169886 0.0027287320044008857
54.44951910157975 -25.83202718613416 0.0035106411540979207
54.55067876175155 -25.82428164928428 0.007826864217249003
54.5854266535921 -25.785270814943576 0.006479434360288979
54.506880926738994 -25.785243978517887 0.006054234793390512
54.498051068412 -25.776864143891665 0.003260833804581962
54.59489829268308 -25.744014681774008 0.0029903445750321094
54.55308836709878 -25.748724664170044 0.003407783961556003
54.38651651752909 -25.840072165604955 0.007076533869471625
54.38639345561272 -25.840271590105587 0.007887094322334256
54.37837168440946 -25.825526408068193 0.002663612747176543
54.39783776373251 -25.800991156162336 0.004194793483002026
54.44646042977197 -25.782950050926207 0.003239720579274029
54.46241674677792 -25.751708027844906 0.00281339702975622
54.38089884676538 -25.72413423674563 0.0034262176627327086
54.38073770644221 -25.727640819008776 0.006219966270528298
54.37655031902876 -25.726711910503433 0.0028711942435909687
54.40267738813411 -25.724736816962757 0.011593891309225448
54.416256835755654 -25.70763728589987 0.003521818939156564
54.51141840323318 -25.731329070988945 0.0037827018741426093
54.49977644297046 -25.730050781272436 0.0062475504184117065
54.54777223389783 -25.708141254586145 0.00266099080964554
54.41336855069272 -25.695680189284257 0.0051763168182403455
54.464336781604146 -25.66878296166207 0.0026704306845331763
54.48786447046768 -25.63905180392085 0.0054011011367983775
53.79466435941285 -26.265344289688084 0.005709017899011241
53.77160908146193 -26.2307737113768 0.00685358628196477
53.76577388564813 -26.22517497152576 0.005462922250896255
53.79338141959937 -26.217725086212557 0.006060242246757794
53.83636826438742 -26.131359101418553 0.0030802226822971485
53.88410332651267 -26.094934149496535 0.0037357040188548862
53.86193138216022 -26.087736570217224 0.0036466646710814616
53.787232505574046 -26.108774033513725 0.00466901774617409
53.83421748571122 -26.058174035326697 0.007657740489671571
53.85824184110669 -26.030580046663815 0.025892067862104396
53.77335079346602 -25.99067696643353 0.004930743031515624
54.027959559240344 -26.015346315399487 0.009896263824141126
53.96679271504436 -25.965032621921488 0.003236182906511808
53.9685276834044 -25.967904067904986 0.005418116196169845
54.086177312086605 -25.96484697747702 0.002932781138859376
54.11432181148003 -25.924971727875167 0.0035793155288633407
53.99223028180589 -25.926793776898233 0.00308177025885856
53.879099822684736 -25.999108090434465 0.004361446249704367
53.885882226472745 -25.965572003516844 0.0027618121102488706
53.86561192218069 -25.971319818225904 0.002976052269513017
53.91261600578586 -25.96091959518032 0.0032210647092088774
53.90414732259109 -25.957708184512963 0.0051218758770366505
53.84110699958569 -25.915926282944273 0.003651577056083803
53.98684868332934 -25.910837703553533 0.003936168392380628
53.96650665999057 -25.881017571521177 0.004449539122150836
53.92150437115309 -25.902023084235932 0.0032934708552701986
53.96416837176276 -25.808859781881655 0.004615176022250317
53.94786865697916 -25.80193278369059 0.005177029498922605
53.64513892661004 -26.049258105650747 0.003987529321882819
53.689733705009246 -26.02480704613377 0.002767604796589921
53.63229377481712 -26.027052955005303 0.007121091557292605
53.653245090228594 -26.00301233467891 0.003954986902573268
53.64742346987368 -26.00804513233845 0.005571212381487928
53.547164646323665 -26.046304032875916 0.006699450762331838
53.60019060170152 -25.9927832583964 0.005912782577886502
53.61171308142559 -25.9638821415576 0.003612991456552784
53.71273126082016 -25.995319075343087 0.0038170148504591676
53.747215108396965 -25.9804880802528 0.004290437497544352
53.7188544827944 -25.932980579740228 0.003152463410794703
53.71367386809504 -25.89675167776115 0.0037705891597279145
53.6963275913234 -25.90144518243286 0.003693257510057599
53.533910414376955 -25.9832044395395 0.003429066161530341
53.589292942797755 -25.928030469242103 0.006201276695501586
53.569974258829 -25.92779758141633 0.0035557536917548847
53.5013188942994 -25.95572223511576 0.0028272304172229233
53.64082041154465 -25.898434197717886 0.005023092197798233
53.692155557380595 -25.860103626530503 0.00786149965349736
53.58813320271777 -25.880617103681143 0.009299123801456161
53.59176327691169 -25.88140342176928 0.0037535764408648713
53.64553452066216 -25.811589125118275 0.004887763676766297
53.820772036905915 -25.86541269701308 0.005874556561185431
53.811242883742615 -25.85117154480442 0.0044138862786989265
53.83830075797437 -25.821783609116196 0.004975591240971115
53.85525166191544 -25.817359799783578 0.0028638316841527725
53.90583168078696 -25.79343882085849 0.008727734664559747
53.83803188651999 -25.795421848866123 0.003288591648999737
53.83469787933214 -25.79340636078779 0.004896541104847759
53.90635274126672 -25.741910434818536 0.004147200236458118
53.74412782911613 -25.799711935593255 0.003049554221762904
53.74314373539684 -25.792587881944108 0.004712219526966591
53.713750505719425 -25.7699038212926 0.011656721207341637
53.633455193523105 -25.76536281341879 0.007194130136440957
53.76310248059217 -25.71826868049038 0.005185204086338578
53.745122286738315 -25.69696737900807 0.0046754707526408265
53.74915118104862 -25.70287147799747 0.004766157334238564
53.74326437959123 -25.69453211516016 0.00579906403809873
53.72080760929028 -25.690689280962925 0.004262389561879574
53.782277736302085 -25.651491906675066 0.0049410684987243785
54.18515826418608 -25.85607725555572 0.0028800248803419024
54.18362642049954 -25.824430989028254 0.002837923632796139
54.262794069618494 -25.771185325115994 0.0027176695264932416
54.26066504513952 -25.772575684377315 0.0029140702663944893
54.19762932094349 -25.77824899658766 0.0038699529465961264
54.21568971173336 -25.71581986657083 0.0035861187748857663
54.05649809677107 -25.798510445343695 0.00751303495814601
54.109994295710976 -25.781415329703023 0.004101692273420877
54.10097860147019 -25.759148655739697 0.007920055220725477
53.98349555955357 -25.783053070389577 0.0027814997780120317
54.140287163271616 -25.76300281283555 0.004570188094396724
54.11921973920192 -25.74078057357308 0.008967139264044568
54.18211341438291 -25.720947800495313 0.007012212516416765
54.1163966496707 -25.708671809580466 0.003375825074226052
54.08305029872714 -25.699924204417105 0.0037312645295175047
54.332243880848814 -25.73006955431781 0.005854756125092805
54.34790457719304 -25.717528593580827 0.003555163386448103
54.43370990179357 -25.63144269908524 0.0035835836347302506
54.381936197856966 -25.6252286547858 0.006627573451852362
54.37970605023901 -25.624115816956788 0.003440436445465635
54.372385513711464 -25.604206919917463 0.004482496350192102
54.373294198805866 -25.559937196740716 0.007103144581075817
54.42159417920918 -25.548437577149688 0.003032633545503585
54.39516485586267 -25.55390670202684 0.003997063102510867
54.24995640745906 -25.63642403998148 0.005445770244333928
54.24479940031502 -25.641877267294085 0.003443836618651598
54.26995407714471 -25.65185919164953 0.003160124512240204
54.186902261166246 -25.59312731023275 0.0053459651662998405
54.2365697650171 -25.54992814700715 0.0038938059518089743
54.3016710776543 -25.579381912771 0.004991699748909102
54.37436752613341 -25.50333916085378 0.003422114525027899
54.25743715404746 -25.549615384382307 0.0034415380428317963
54.31936942955414 -25.454154914571863 0.004642044074613483
53.97053629806388 -25.711861914421615 0.014600029376285881
54.01780015978942 -25.698318213885152 0.002705093866095535
53.93302532091772 -25.7244604102957 0.011729488657157722
53.95997764808951 -25.70023203494891 0.005073335458266984
53.970958530589066 -25.66027416739176 0.009274566395264227
53.99326375799722 -25.658567614131165 0.0033167746817124102
54.08136208393935 -25.656679396100973 0.0027498861876734545
54.04940716778016 -25.63227843725321 0.003106568824361291
54.04712451707454 -25.6186736628393 0.009728561297065487
54.0253658775804 -25.570570392410055 0.003521488339011403
53.94031318346906 -25.602603450563155 0.0033605647266996075
53.826841004523494 -25.615323337466453 0.00562677513493031
53.835176722856005 -25.610931171288705 0.00571454148198621
53.85511109644983 -25.568968898802268 0.003415721273866467
53.958444569782294 -25.564718322579168 0.003421263503998622
53.99598956063884 -25.5492718405375 0.004066508782751609
54.03413645942172 -25.5229240503428 0.003162462210182486
53.91423194589655 -25.545279116055585 0.0030593545790837395
53.88528981518651 -25.52991717125361 0.007218890589169505
53.91475356243545 -25.496983726284213 0.007593204380627076
53.98525407304431 -25.469969169908016 0.02052706415316555
54.16060224592434 -25.565570746571897 0.0041020746516429825
54.14440514947325 -25.554854631661215 0.0041836096840738145
54.08018843251974 -25.52642156991154 0.006037045438283505
54.086462490340885 -25.499366041564866 0.003980305343291077
54.105047213433544 -25.491329334134853 0.003719136555315456
54.13654561692495 -25.46402238605905 0.00984937027708327
54.23646994919552 -25.51440100311096 0.0034065539759877287
54.20166511746052 -25.481027944802925 0.004353876286747354
54.203654449232616 -25.47270833261528 0.0033381812589572584
54.21890123880974 -25.47852978749701 0.004664638308483276
54.26964691855658 -25.414247533842264 0.013472701404392235
54.16956290647075 -25.463018364240465 0.005966101252299492
54.22015770125809 -25.443032536187037 0.0035024924647271295
54.21237051907393 -25.437492661174655 0.0037944258436837255
54.23080597122154 -25.39741091057683 0.003537203203095754
54.06837310222651 -25.488341312801627 0.002653861289192445
54.049021956203674 -25.46606611997732 0.0049410229331256494
54.03675995121246 -25.468472477711337 0.0037121054488474356
54.1402531480924 -25.44754978001969 0.004824690063221124
54.12509606302834 -25.441665473539647 0.0031657034506899725
54.128195965457614 -25.425241409976227 0.003489023901748695
54.15691332334384 -25.377216876707394 0.005906053675590819
54.19621529671214 -25.341766768103348 0.0026881535016831217
54.07535330800267 -25.349584414781173 0.010118148279402106
52.79674560928865 -26.528150311574095 0.003625309420938573
52.77943571554842 -26.495332866215307 0.0031107260393499004
52.68750934025742 -26.537618596729057 0.00294085366356225
52.76506582781552 -26.48440291984304 0.0033745688601726537
52.75195104387298 -26.479425066642087 0.004772540028475184
52.71351633636444 -26.487884455408143 0.004964908962692685
52.83816782504157 -26.51124165103316 0.002670230176631445
52.85213816693911 -26.472204708202565 0.007689828950170615
52.849226040901 -26.4268495717103 0.0028845820362610702
52.79380669349197 -26.46203246823466 0.0033705952127112914
52.761584795956686 -26.45804561526785 0.005527332996408073
52.811929004436344 -26.38198219292438 0.006850800955339129
52.59255867727107 -26.46062309611527 0.014945029430699013
52.62031585463021 -26.390605363463887 0.005143129854805555
52.80240171693028 -26.378593769389415 0.003959984715045384
52.77899363357 -26.34186209426013 0.0026763967239984876
52.938223890646185 -26.394009861628117 0.006713024691948431
52.90206278843857 -26.37731233866177 0.004750097561439219
52.87419278266301 -26.34328757847837 0.0028123268915637946
52.86764488102375 -26.325599340575742 0.005064705002356198
52.8669337069429 -26.326545345948357 0.008161339694650159
53.01087353994455 -26.33187969063855 0.004741863843507281
52.97806411853083 -26.328036420420418 0.002799972588244527
52.985381411228026 -26.295442219737534 0.00489646364825384
53.03218128208376 -26.291861443336877 0.006977295791729282
53.050007262749915 -26.271512223207175 0.003064878831814103
53.00836429685359 -26.286184250670654 0.0028470795678041025
53.061101720364825 -26.257342481834243 0.004992275277323392
53.02979286316047 -26.25806003138238 0.0031330785234499523
52.96333692944735 -26.298148674819885 0.0052863435607470085
52.93714453257247 -26.298951391192062 0.005374059798371355
52.9465974392233 -26.25097517514771 0.005924821144475461
53.027418330314134 -26.242928461823123 0.0031399497622444997
53.03222971468976 -26.229423933963652 0.0031366419364641015
52.99339421965976 -26.214261959039256 0.0034948013082665044
52.82259053840035 -26.28052134602209 0.0028307061249814016
52.87083596587834 -26.246745004877813 0.0026856611981325726
52.74961431516459 -26.26732677160884 0.0034651202826660294
52.769797563187744 -26.264656047147632 0.00299737678698299
52.8196850167511 -26.21021321674557 0.008051791022563448
52.91457586314664 -26.270348847918648 0.007483463842097309
52.93127455716685 -26.20353332445216 0.002674287070402767
52.84356449475607 -26.195973915985935 0.015398092691653067
52.859848952402494 -26.195330333381627 0.008353265584345905
52.91224324051603 -26.155810899877658 0.0029757415539709967
52.55226579601083 -26.374501573586507 0.0037422707887034374
52.50909684820537 -26.38167377943989 0.0038650687613038153
52.57193910989895 -26.342585760204816 0.00421494570502096
52.53225268817192 -26.325593700369517 0.035880474904423344
52.62477655871735 -26.303821763498412 0.003311528328815366
52.58120808097135 -26.283938792476626 0.002904192801473114
52.59932261783945 -26.2611414693328 0.00302770591727088
52.61212174923951 -26.239046645874343 0.004452135408481012
52.44751955018529 -26.3293403336622 0.002982661748686252
52.4528829275706 -26.319796345483276 0.013628701187092482
52.44811774479607 -26.311556052160032 0.002951927994174039
52.45883352994801 -26.300229734967797 0.0026578845008108543
52.505158791740534 -26.304595610207414 0.00590307987344249
52.51926866768047 -26.2875771669277 0.014134869382522567
52.51978337552968 -26.243793827847732 0.0032800182838829527
52.47180897920824 -26.275190877127095 0.0029351014003137985
52.45245787425181 -26.22886297850154 0.0032140782405269855
52.48036561857396 -26.206790940391365 0.005672273585683688
52.582278187568534 -26.203878490849338 0.0034956025268863106
52.596051304098886 -26.19211730370397 0.01274119300838467
52.71764676844037 -26.19644461699351 0.004199922723002179
52.85735536861228 -26.150191995153477 0.0037147045660089147
52.8475475201942 -26.14576184021253 0.008978216208132744
52.87975605074213 -26.091374069677947 0.008841830693320032
52.80697461128871 -26.09292056580368 0.0026878675526521905
52.60427547161023 -26.15064060933918 0.004592482389465453
52.70169376287366 -26.08927540428459 0.0055192499783777915
52.62307071928235 -26.122251262719484 0.010231951540524614
52.58820108890344 -26.10106317551307 0.005538247620998898
52.64368820272257 -26.075019684625016 0.003506465616020963
52.61790071173341 -26.08331713911757 0.003920697670240768
52.62083389028747 -26.065504760877097 0.007208602026847397
52.73041943926973 -26.068399239236292 0.004964560695208744
52.71962750555072 -26.069616927742185 0.00543687501788635
52.76050367401083 -26.003520049020544 0.007676024188722683
52.68487993879111 -26.041963882599703 0.012973491738822292
52.71822679339043 -26.008784880479855 0.007891460092616622
52.721383893057215 -25.9829329448845 0.0026767889734021734
52.72396502019619 -25.95904510599577 0.0035123830252602067
53.11194568301117 -26.216257834337544 0.002851882344843984
53.15012160617802 -26.195536009848457 0.0032495787016052135
53.10619046761231 -26.20880533415443 0.005763896577745193
53.065516815765825 -26.20748208400497 0.0041560054616408765
53.09713528782489 -26.168703446746452 0.004363271171161994
53.149694797567975 -26.151464740864633 0.004576450134632229
53.166220644903355 -26.137058778988987 0.003348292612239888
53.24037019565694 -26.111478789797214 0.0033304174592752437
53.2223241376854 -26.077306483384103 0.0030291702968948367
53.12218383745054 -26.12150807798683 0.008321647868351875
53.1912982092992 -26.0833066291052 0.0033004286969714274
53.15419200795903 -26.0846245140812 0.005682851003807616
52.97721433005552 -26.156514766444467 0.0047423432464576785
52.9838497472367 -26.125931085682723 0.005140538600319732
53.03822540276611 -26.132247064216813 0.0027431698865429165
53.067967887203025 -26.123141853270145 0.0027224189218863497
52.98595715876707 -26.12067231655805 0.005788800325720942
52.98678437773092 -26.11866940996403 0.0035565993486621145
52.97728598730889 -26.102944489452376 0.006146945528544947
52.95292751692145 -26.107242648332107 0.0052990611916111955
53.08927285718224 -26.099638678212628 0.0033702366697805687
53.09423315509637 -26.059699863168827 0.005426699951698968
53.14227968795072 -26.05221340879579 0.0038431472487723047
53.103598520157085 -26.02172943386649 0.006646264940788726
53.07859270404017 -26.02721362470809 0.004130940880046944
53.26151794889115 -26.06565252330746 0.004679428810511202
53.19128110766171 -26.02049665857855 0.004980900825688706
53.25400681576902 -26.019054764526167 0.002675068513647773
53.2706458783761 -25.97937526630593 0.005366876166238985
53.370503947228904 -26.007431293361496 0.004501954118764937
53.383288061904125 -25.984463187585852 0.005210608512204687
53.37537410417397 -25.980558659390223 0.006784387020548771
53.32317845508932 -25.985157734244055 0.0038850891118653685
53.32728170837987 -25.97697010381009 0.0034822039964826027
53.33229698348643 -25.94635860348481 0.004826724653043333
53.267379980481934 -25.94701046299679 0.00434613887616391
53.16741021448598 -25.9999583614099 0.003702821865526515
53.189797028016855 -25.96351205447364 0.004316640535012858
53.20362842663547 -25.930840750645608 0.006215605890808939
53.16444437305092 -25.906221762377477 0.00439646838623726
53.29937464644395 -25.89832554409135 0.003448110139595867
53.29922750425243 -25.876754054649265 0.0027902089318363635
53.31103704459805 -25.871544540218085 0.01357667758472625
53.198695446003626 -25.861162953589215 0.0028772059160470484
52.920414858091114 -26.080736371544543 0.003133445927101825
52.92167569333757 -26.019770886746 0.0036382684855623556
52.95606371931301 -26.012847987657786 0.003356923849936519
52.86398937927541 -26.047842132943796 0.00402331993972528
52.88505495372941 -26.031066160614213 0.00567226418184881
52.853253678682435 -26.023487676231937 0.0041583374030634305
53.01397245114395 -25.97131152884153 0.004201375607003883
52.96141417938778 -25.984896962717823 0.0027973296564382712
53.0495424672336 -25.91869879560581 0.0034022558117761297
53.02426413365068 -25.924374208206444 0.004002708648885028
52.94469763283458 -25.96474814447697 0.0028545213106661044
52.982495404830786 -25.948105502845443 0.013232932878125343
53.00173258349173 -25.92415536047977 0.004035204968327152
52.96274928173403 -25.906496527019925 0.003099159047503181
52.871477086384715 -25.955099875668058 0.007794953694260708
52.867179167413944 -25.942369111009775 0.0038234135471492585
52.87170811867611 -25.927069695928832 0.00698498052551215
52.80915469573508 -25.92382547241203 0.005347818011489337
52.79012899880246 -25.898198491377173 0.007366784736796684
52.88872906680946 -25.89167708694066 0.002783649973807571
52.95402785748365 -25.878884363165778 0.007645705657040628
52.94377425346265 -25.837614827022104 0.003424420353049685
52.86591930396377 -25.82951289576095 0.004850302381834051
52.9361666032311 -25.827183740365022 0.011193582245542805
53.103769891264065 -25.92263217501601 0.00778275187251877
53.07083541608501 -25.898206739036876 0.00964024584986527
53.05549480404222 -25.817160085214244 0.0047531197344329425
53.16197647472046 -25.821819393627504 0.0035920877272214713
53.000301716177106 -25.792792461778507 0.0033068303477100753
52.96558418998122 -25.79507529807361 0.005450418055540935
52.944990043570066 -25.80194578049036 0.003402660421911786
52.99049780516303 -25.76409736772513 0.003635029499162301
53.0314191572092 -25.743261263253153 0.004984115978256472
53.129297819022504 -25.735715524600625 0.008498455400876655
53.15382638267148 -25.69377751582447 0.004229544412209675
53.1110913080194 -25.65855184220985 0.07283191582601829
52.37694489202742 -26.2565341463388 0.003916114484906232
52.3222325025033 -26.214247801304232 0.005039314632371761
52.40250674197221 -26.148194886612565 0.003014740113512136
52.48868579586467 -26.12419973002538 0.005649082270231255
52.426205579441 -26.148316082828035 0.0036239340836126802
52.454968129940376 -26.08822775026926 0.004302547460290528
52.48874639063601 -26.08270474606931 0.004361158990559705
52.440913259336455 -26.06840161716116 0.002766624984639359
52.27874176268161 -26.176781788653617 0.003163025765449817
52.277428741871574 -26.16722642240268 0.00300300371606236
52.29604967364215 -26.14061084750099 0.004025293802499699
52.26190777259168 -26.13806308924601 0.003281067496853818
52.28192295160105 -26.044390312561163 0.005698570094393148
52.35981908307253 -26.075647862114963 0.007019242305858366
52.36350455239622 -26.081953015680178 0.004239755962522843
52.437148060751774 -26.006899999107528 0.004883261197760619
52.38294543578749 -26.0070908853578 0.003383665743885063
52.41957170226844 -25.98669884338963 0.005086460422424861
52.58502378268404 -26.081854965146917 0.007969800854932048
52.601405292017205 -26.02998596355806 0.005008785858477786
52.50231020392278 -26.057186838205208 0.009359377935449211
52.50625291488416 -26.020943143883475 0.008295184206788087
52.514555803864965 -26.0082620229138 0.004644136217924556
52.50221984894361 -26.006533528345205 0.00825559196370873
52.55050777981605 -25.980156380597553 0.01771605804810965
52.69031317649067 -25.975799478753263 0.005139935860493269
52.7185727480974 -25.940200802291983 0.003407328372648495
52.694346807907486 -25.946709132119203 0.004108896999230673
52.671823761055634 -25.942740400921636 0.00576256569634501
52.652311635911346 -25.915179202132496 0.0030682990783656525
52.64823587397333 -25.90409369972545 0.0032747135711018033
52.49834557055576 -25.98509692347855 0.011913873228768915
52.4954636847119 -25.978791642481163 0.004286548625512591
52.49726519979036 -25.938924016505258 0.009011245042707988
52.428059025607006 -25.921421089011115 0.003748498355181381
52.53207140994297 -25.838720271207627 0.0027214918596175234
52.57595474207731 -25.827458269590583 0.003437225179868218
52.231944590938134 -26.084789323862086 0.003198407937874601
52.22184594151599 -26.077893376840468 0.02427859522733794
52.244715344591214 -26.044088303367865 0.00475936118746784
52.15206356047713 -26.042337344152887 0.004290930690432274
52.22655817897053 -25.97564246251439 0.0048626807151270915
52.29089117300268 -26.012978801711245 0.0034090380576908457
52.308516216339704 -26.00863399937663 0.0034385251453893204
52.30675975524097 -25.959536043176996 0.01169746500547495
52.25680548690583 -25.977567846099813 0.0028473159741040682
52.241469256657275 -25.96367671218929 0.0029257135266682866
52.31233934222509 -25.898734808771717 0.004170485298758323
52.10051117082589 -25.984302510004248 0.004518731479251081
52.25510421539468 -25.845647790146742 0.004458815781691465
52.15078580779712 -25.852241299160188 0.012611347266900219
52.20475092424597 -25.82364314794421 0.00282820649057149
52.38851415550924 -25.90793791199329 0.003836222733283182
52.42479321685793 -25.84589286916334 0.002750112623842443
52.40558955347101 -25.8129988053074 0.0031466538062626405
52.47315490359646 -25.85713482928522 0.002884508809189097
52.44706517568922 -25.815829281824993 0.003609636958118346
52.44755488749568 -25.817982845998415 0.005065660903043101
52.49688407850205 -25.78981864816845 0.002744329440317406
52.48252920819709 -25.773004846659592 0.008379183176942254
52.47726003190995 -25.739074096236298 0.0069231035044444765
52.449664793446935 -25.748577939763877 0.004457423820556079
52.29536491854832 -25.853040441042356 0.0036819393433643573
52.29930148789894 -25.844800148644268 0.0031557037769111298
52.33781468138724 -25.82078822695501 0.004613578607179757
52.319488995774904 -25.794997056461543 0.0036164371309648376
52.3097984023686 -25.768321348864816 0.01651869481545321
52.22069866874747 -25.788919621786157 0.005620395787663177
52.31020335661623 -25.720405925326784 0.003253224277587542
52.29269277907561 -25.704027930257872 0.003159043161316892
52.36049617929405 -25.726539868043567 0.010651779426053548
52.33167255006949 -25.715665708987327 0.0032517898386175926
52.37517330934023 -25.65985857263737 0.010380783286242985
52.37425661895197 -25.6249443870667 0.00314269387861279
52.7508766436538 -25.889533607393567 0.0034637543931596735
52.749449745170224 -25.852074774975303 0.003091076544226247
52.68020300158806 -25.890442622399508 0.007001828669175012
52.68875337115085 -25.869094527949148 0.005789317188730988
52.82240267293787 -25.85568434309884 0.0026623786050161665
52.85364905840843 -25.827959888534295 0.002699702319179257
52.82321721679559 -25.820598794278464 0.00697160984652098
52.85050829002999 -25.793897877620513 0.004220672304831313
52.884845755035855 -25.790732228156234 0.005781886799768589
52.871237499196425 -25.759350116792476 0.031191582746955174
52.7547739786973 -25.787694589858315 0.011422443528365649
52.83335471270246 -25.724058836943627 0.003329298764556584
52.62421643075439 -25.73516013132853 0.003952535958196686
52.72137520670155 -25.75779550537228 0.0026683933804477
52.76617024990771 -25.743398807880645 0.0061042492655045
52.712283647554735 -25.72097630123505 0.005977841003093291
52.75341247406042 -25.637921923185644 0.02805489861698019
52.91156784229252 -25.71408813286183 0.005454624258673116
52.92412874571169 -25.675309499928005 0.017791835299333914
53.001126934837366 -25.67617387857971 0.00267245985220507
52.97652552036895 -25.67325819705005 0.004753852467957484
53.001010074735575 -25.64883375642085 0.0034973693092203366
52.973787001352754 -25.614214324654338 0.07389893126394194
53.02626743702292 -25.584935136714844 0.002786016599049563
52.99521532235594 -25.54294164068548 0.030252390078715434
52.87739842916055 -25.63922096861113 0.010866369898308751
52.79908678967297 -25.60664641046805 0.0037025352730294184
52.83660154772844 -25.552270585354997 0.00516256876673393
52.93710435784447 -25.58456282870665 0.004143308821260081
52.921749940602 -25.56238196779083 0.004587929910757277
52.93581356630596 -25.565990151354 0.004149469909813152
52.84068383794749 -25.547623824522205 0.007469918863151748
52.51264525378745 -25.734464732049688 0.0033622454892730065
52.53037645519861 -25.652090671700563 0.005087852877931927
52.64386190757107 -25.66475740839512 0.010807760810140812
52.64609359334234 -25.67320759067001 0.004883835356505739
52.68308671271851 -25.62662067257249 0.0029191638996841885
52.67405661988875 -25.58821485617139 0.0030735032707022024
52.59150861744775 -25.64320745040703 0.0031260976115073114
52.589666708635896 -25.605395319617184 0.004324114543025166
52.48472557018199 -25.64762896693798 0.002802785097155629
52.461180043186474 -25.63846002640645 0.00537438741609593
52.44678786206794 -25.616217475128025 0.003777221035426823
52.462919145164825 -25.59280912532023 0.0027011014410672457
52.5640369950985 -25.55987655576189 0.005110110126811544
52.48158014761007 -25.536897077933126 0.009544931909366844
52.553942994280426 -25.511407121356104 0.008250720392429384
52.57491128512834 -25.488486154721947 0.004593784992493656
52.728599959319176 -25.59160675010743 0.004168827544063014
52.80438197688768 -25.526355909589174 0.0028105673681602127
52.7665058263503 -25.536090517265656 0.0028024666275643204
52.760959588254 -25.5158809589796 0.0026948274320736294
52.710052985640615 -25.54027382772963 0.009005040794956908
52.731524688170275 -25.530369049044943 0.014633244855020267
52.7084813323156 -25.522359578995168 0.022740529858813304
52.695383841364226 -25.496088531939108 0.0043902776282460886
52.72579236221744 -25.503408136647355 0.005639561403538425
52.75330262138782 -25.488072068595095 0.005025086357370568
52.8313348548526 -25.478582972657136 0.0037979333114349797
52.87638286734269 -25.42678444405252 0.0033522973953125754
52.81848330967445 -25.44183494757552 0.008353122483831852
52.81751299483498 -25.440935762496565 0.009822343991189957
52.69847703203395 -25.476932005227948 0.0028510004090242505
52.69327668574406 -25.48111139125395 0.004292588963283517
52.68075819262046 -25.446813804893967 0.005317243262350294
52.56605056987663 -25.447440744065226 0.011966823059038956
52.65646034135178 -25.382330003559723 0.0031768218755839584
52.74700258311115 -25.426509758689207 0.004976233832728249
52.7161097146747 -25.40981753239952 0.0034169625946148456
52.79485970210733 -25.380839028221036 0.006713332144896336
52.783619118900226 -25.362471399478427 0.005828330282791005
52.71013464000395 -25.37885593898009 0.0028467692405796568
52.717282638932275 -25.338883497488617 0.0041639555962440684
53.46597620640976 -25.898307274789214 0.00443798744838461
53.39323740834106 -25.83904132999349 0.003363743175175424
53.55227162449968 -25.7918217238164 0.0034977690422427024
53.48576003420909 -25.760218834836408 0.002779236722966298
53.50792688847376 -25.760246438800195 0.0044496005952301965
53.54284841756307 -25.75313027935901 0.00266964091443341
53.405384723616265 -25.80470537901897 0.004566223077434132
53.31077317061442 -25.80659225513143 0.004571618269542149
53.456807545300656 -25.714544930526102 0.004621350461460904
53.37602812814376 -25.71244553332834 0.003012140494005021
53.417099106043096 -25.715041973444393 0.004679199151646898
53.44199988582368 -25.68770743824691 0.004113918508447678
53.45490305621114 -25.67929220518212 0.007755702463152484
53.410992386788955 -25.652643075382255 0.003972623383652948
53.59904537832252 -25.72558997432203 0.0038158859822894305
53.60388213494581 -25.70614334639308 0.004193244824425945
53.67463882211928 -25.710610046007336 0.003068634614497158
53.62463048742188 -25.682395919863968 0.0038593783354802518
53.61142756821789 -25.64091109377462 0.008917939456478592
53.60574137334906 -25.62806743467067 0.033060455212379526
53.75658833114857 -25.61304299993439 0.009170792235715498
53.64604940027834 -25.639034761756733 0.002659534384692026
53.62001771848402 -25.609891941643365 0.004114144863585053
53.718602264265336 -25.58268568107983 0.07779469610363364
53.69491423859174 -25.57560618718414 0.005116677205552072
53.710396604597896 -25.547873337548207 0.0026524761013041265
53.48627722108306 -25.63289714346499 0.002890662674009043
53.43850606987946 -25.612708704727797 0.005397256271167351
53.54035603057878 -25.58708140870737 0.007030835220281949
53.68605360159407 -25.542439113235684 0.008184661254680963
53.65506893816924 -25.504964040736517 0.009080281023680418
53.546153773355734 -25.54729265213424 0.004835199576454554
53.56970126097213 -25.50577156544746 0.004226211813017967
53.60871055566932 -25.503642701803816 0.002707196591850407
53.24697669172488 -25.73273419997247 0.003962612586117727
53.21937228462798 -25.70074513650673 0.004038839170711662
53.24755812202102 -25.669496870426684 0.005052920840734857
53.255051873648384 -25.680720488116993 0.005977886219606006
53.2437067493291 -25.643503303706645 0.004837458470324483
53.23387876516865 -25.639499185645683 0.004228122238382368
53.2874827668139 -25.595349124508264 0.005406929035530501
53.35512968950995 -25.603121096932743 0.00583224211474494
53.38591896749907 -25.577820712867304 0.003841684095288754
53.32413628709954 -25.568707735629257 0.005924913026784548
53.143575342438346 -25.66448811306203 0.0033104148356211537
53.187649881834865 -25.624555584330576 0.0029266349497379185
53.15691234681269 -25.59774233832457 0.0041081649183946165
53.32823580334647 -25.53746668972973 0.00949976582102841
53.31818615260223 -25.50488746829121 0.0026893588139899416
53.31727721348585 -25.51349087085062 0.0029381328550723406
53.21501742937917 -25.53809762192509 0.0034771666021485167
53.24962471054595 -25.495165460676255 0.003703308522517224
53.51616279923326 -25.538740059332568 0.003001398765793472
53.443426604620626 -25.53257370169767 0.0028426847496227804
53.37729939514542 -25.512121653424103 0.0031219784045169703
53.4217414496067 -25.478868216854725 0.003145670391738029
53.50628445938665 -25.47220408143051 0.005134691724235188
53.570473724693464 -25.456296541799624 0.004423047970985662
53.49780162894062 -25.44715913754803 0.0028378601175773756
53.54082192476197 -25.4303907659661 0.004538844400399579
53.51443853217712 -25.430111030785216 0.0050882317620656375
53.347467434132426 -25.501431785673763 0.0037576427199403958
53.42042026158821 -25.456054111316533 0.003552024148016772
53.30433442052333 -25.418044301834 0.003387806559870177
53.34425152623863 -25.382160653008693 0.00433623524047507
53.43585402020812 -25.383101312195084 0.004006525992749861
53.477563614651515 -25.395120453422063 0.0036022847921051647
53.438569125592075 -25.32049624368014 0.003452062615645362
53.421023228461614 -25.3078302256127 0.008158614062425469
53.784491705182994 -25.59340836467188 0.006182961035444842
53.780303512698616 -25.502984139485545 0.003171998473292843
53.88688712363204 -25.504973184164367 0.006505057572688964
53.84313581080893 -25.45994522489014 0.0032152917014306322
53.856141766181224 -25.423926064351644 0.0027885790136177053
53.69637671275981 -25.508436489862955 0.009166551961351205
53.69402356460028 -25.510395294702228 0.025316390159633415
53.71794049638732 -25.476149824138776 0.004866670516477712
53.69872433224803 -25.48803717776661 0.005304137570699764
53.66782671339453 -25.48394810450835 0.0072450200989302395
53.67086161925336 -25.48068132782224 0.004357313770253908
53.70036970076424 -25.46945684676467 0.003928522497959273
53.74556037227585 -25.47693136666115 0.0031152325688086364
53.73276017134097 -25.452846890350617 0.006180358812534573
53.67427755613153 -25.457741251520503 0.0040426909718997515
53.6436377596843 -25.42873761400068 0.0029304027931936205
53.688169716843326 -25.393804264721645 0.003292313513699421
53.75396648707362 -25.388247491827663 0.0029485705573329196
53.7878962676835 -25.43609399334943 0.006082283997601667
53.857950650722536 -25.351195369547156 0.007926271598492627
53.77357798483741 -25.374765128502347 0.006085807129116643
53.80232695821036 -25.342076506197184 0.0029955617025806585
53.762402409698055 -25.327079385697612 0.004473461969644681
53.96633018034392 -25.422551147143498 0.0027698109293989273
53.99209300100799 -25.39991572890142 0.003868341969233705
54.015672389053954 -25.352117240385972 0.00436727278804841
54.01350377586383 -25.329094703694857 0.008963908290201607
53.94275206014192 -25.332600403890737 0.003979353581057858
53.9494605148431 -25.32415337456189 0.013014863261200351
54.0647157561478 -25.3445890227122 0.0039055565870368893
54.01430691605118 -25.258242165225283 0.0042111335495864126
54.05133867309239 -25.27086517378468 0.002790710777647096
54.07810171795823 -25.236333251563966 0.004920173183459384
54.06628503685326 -25.228746421146308 0.002795550066614198
53.89438307421033 -25.330776598135746 0.006121946495205753
53.86557326386093 -25.319676337195265 0.003344397265116016
53.86873828592074 -25.298931130395573 0.004745046465905846
53.934218552496766 -25.27215249362727 0.0036702607098709037
53.81369011815836 -25.287246318002072 0.0031040321771856915
53.86934011047255 -25.22004639478298 0.003801314958416206
54.01086465155944 -25.187156014282493 0.007673665774163856
53.94127705268795 -25.204872903317497 0.002691051378935939
53.9624890090413 -25.19931610883453 0.0036269254140335726
53.94311771446799 -25.1879987171235 0.020452594342070425
53.9041605985854 -25.202140603577156 0.007293621963818971
53.96652969929109 -25.19290060505747 0.0036465252456183285
53.61616798357173 -25.40966016766649 0.006911522077330571
53.58876942853697 -25.391397857617164 0.004051402480089144
53.684327769098225 -25.350539955789102 0.002670478185160904
53.745026494587826 -25.30454263330348 0.007384300803785461
53.71876611907166 -25.291155951548923 0.003244079507825085
53.63442543915512 -25.279707978518537 0.0052219725506096075
53.53696037247756 -25.3228571023888 0.011534648101306189
53.54155486887375 -25.30086762869496 0.005833673510955776
53.56314023758415 -25.313154968605367 0.006703794913302791
53.583041033267556 -25.28697366470026 0.005313423040102782
53.54837410819837 -25.26627670681641 0.0034168994557249466
53.57609904035563 -25.26781111202105 0.004546102669288099
53.48847550242334 -25.306854075505388 0.01324334993058468
53.655258417475906 -25.20607875705203 0.003667905133855632
53.583260159140536 -25.146657284598717 0.008867891271314078
53.5840877264745 -25.14623740491021 0.00543687501788635
53.79536699021607 -25.273352063476185 0.009810619329948774
53.73467143350947 -25.18797350699027 0.007217887348337283
53.808602462559506 -25.176489195487836 0.007402909319627596
53.80148913735074 -25.14309785456072 0.009719496878348003
53.772896596865245 -25.137386023548583 0.0028410858989320023
53.78106697334675 -25.145500032663172 0.006426947164455329
53.88118891462949 -25.14590742508727 0.023785792155239335
53.85361430340993 -25.129520577770496 0.005316327289686712
53.8562791220118 -25.11747098541409 0.004349494385910635
53.79472057619162 -25.12135412760247 0.0037429721836659854
53.7464079759792 -25.14320474520875 0.002810753464331378
53.15143899897373 -25.544822773068752 0.005779139191118449
53.09925380457098 -25.490350819718103 0.005154959702059985
53.142535395760795 -25.444261458083876 0.011069287555954948
53.1461009717721 -25.429681725216547 0.0035225104049050058
52.965942766201614 -25.4843355828483 0.0034529246370617714
53.03964659966721 -25.466826942046634 0.0048713712045889085
53.06557274048839 -25.438230343316395 0.003551517505147703
52.953705584916776 -25.433884139968125 0.010837202402806617
53.15271525929582 -25.3712029447091 0.004674509853929598
53.05337840816143 -25.331345441273548 0.0037926990651679874
53.27344984937693 -25.41021496303661 0.004860051312966939
53.22179210955925 -25.37550011673125 0.007809710579217129
53.21771876838391 -25.349877581216894 0.004408732356089154
53.38230088771997 -25.256789267077487 0.0026539626683293135
53.35220661594224 -25.22846121091629 0.0039856842421448265
53.33775491099264 -25.218062640235864 0.01963638595527261
53.16624974963418 -25.34671168901256 0.0033117715014094134
53.22078739045707 -25.316873621945344 0.002869979202602691
53.19152037482519 -25.28386632666141 0.003725572417544253
53.17765999427821 -25.252480356478465 0.004252119238989768
53.321408617813766 -25.180152894980218 0.003442798853094316
53.18722495730392 -25.21209422341904 0.004743266647255351
53.20872083394015 -25.188320795802884 0.009549862742073234
53.264408624237795 -25.147770020564895 0.0035176451716485823
53.24913956101 -25.13434927186128 0.004979357229831532
52.916612530102356 -25.363929434586872 0.0031558773003639577
52.8662660242319 -25.39684220895143 0.009128623272268849
52.863732910787 -25.38371385348861 0.003713114226392282
52.88076679104737 -25.369808241412464 0.0031087942115412956
53.003762879534634 -25.351781887618856 0.005008832048979159
53.036670234335766 -25.32835373899695 0.0026650809785803294
52.93182766860556 -25.279533892899416 0.0050735008750618675
52.986323582124314 -25.230468067209426 0.004310154565876779
52.79251408753543 -25.326950328329804 0.002840850108020781
52.8862404444847 -25.277846518297174 0.003645066195266231
52.77731123944046 -25.322351834189973 0.002899703111772113
52.79078537419283 -25.243031794847532 0.0072431778592961325
52.89992701805586 -25.22493932261922 0.00978252619763802
52.94778093253104 -25.215710320277807 0.004055866060902561
52.956752698885936 -25.218114431761123 0.004485883231505497
52.96648495007806 -25.176606392440508 0.013363036652872147
52.92081496064223 -25.182910655250865 0.006252625315067393
52.93084285763759 -25.139382960568923 0.005517230452165573
53.087890569751835 -25.27267139753588 0.002763298012236723
53.12478926640951 -25.23633371646965 0.0040259421456408625
53.11259618227931 -25.20204678098415 0.002934821112345412
53.052135888754286 -25.217289977068 0.006026789314799452
53.03376617142992 -25.2009869108139 0.002750861021621785
53.01002928230451 -25.1923065964311 0.002893388091093915
53.08636242117282 -25.19020699868027 0.003042236304060898
53.10375114764266 -25.15694011283175 0.005394456863286669
53.125222928922334 -25.14831545428547 0.003136481820276295
52.999909944126976 -25.119690887005092 0.010093213028447559
53.084975418634755 -25.113655081851828 0.003369110068847202
53.443720876630735 -25.258724159475268 0.0072000662017732454
53.48729122556381 -25.195958932315943 0.0033665153158463344
53.40062818879074 -25.232036825835884 0.005275600486281209
53.39374773631265 -25.19607784123952 0.006903317524351391
53.5700205312133 -25.14450821782244 0.0029927055195051737
53.44210761759113 -25.113658996256092 0.022275482691453203
53.40517317742393 -25.144862259114195 0.003064532592587324
53.378352689620264 -25.126111421843355 0.006239577159283097
53.29440796679968 -25.14519435349261 0.0028764336758649264
53.34772389362194 -25.113351827668893 0.003710261967803363
54.847010971543426 -25.9047902252622 0.01183146312808715
54.85039978549386 -25.872975310648357 0.005088925636021326
54.884330009311896 -25.872516409284017 0.015165373109871726
54.77972109632426 -25.85668308942952 0.007751363339738826
54.83146193182778 -25.836259373085007 0.0041253630997156975
54.85711048402252 -25.807678058618148 0.004615695863183845
54.95607400059662 -25.829614928160225 0.003332759343198782
54.9940094195133 -25.79026889894623 0.004399052698224755
54.91444562899455 -25.774296017343563 0.0033921691848615774
54.94857124834266 -25.716557935758267 0.0041736034202445975
54.82722791598771 -25.781940249144803 0.005762691087849098
54.711958763936146 -25.79508652010949 0.005199221257503624
54.765337987036155 -25.728378022833997 0.00382053686497061
54.75730363429762 -25.72999404142268 0.0027155165539169595
54.8316985874568 -25.727795051486012 0.0034190599406141186
54.83759974367173 -25.721908417117316 0.0035212238082687045
54.9013868875055 -25.710186647324942 0.009760793830598193
54.78075196075485 -25.71794863704833 0.007292089235635323
54.81613569147263 -25.698650027620985 0.0027229965093790577
54.8144074562016 -25.699231257283888 0.005447469152245936
54.83268955657053 -25.668274305009305 0.003281191815699065
54.84084113866224 -25.639521124595056 0.003549710617817809
55.0555927030385 -25.71824662660081 0.021323769439057
55.047231476049426 -25.675823730402588 0.003135574793985777
55.04714249225733 -25.67613555685666 0.00415438359486415
54.986766218052054 -25.706270959934606 0.003380180092199325
55.011953106147594 -25.697266669000573 0.0064667586789841506
55.031480028778155 -25.64670544787229 0.020805618681370153
55.15834163505288 -25.642548504582628 0.0036501364078821864
55.14178816270237 -25.60260642850006 0.003723757874542845
55.0674718669519 -25.610983440313777 0.0037006905372431592
54.9611647445644 -25.619593735250877 0.007613054251142421
54.8846444887816 -25.631896118881325 0.005505151430276039
54.862541766681794 -25.629620769068804 0.00481054004902662
54.94779323540486 -25.591924067659264 0.0028247013637688946
55.015718515836475 -25.59431772248047 0.02386539284459314
55.01081511069493 -25.59141446563291 0.009572714677685468
55.00977837756546 -25.596908968770897 0.00409947039675338
55.00896984904921 -25.55536364376668 0.0066969686300229125
55.024148292147814 -25.542389770113022 0.0049966858400618186
55.079843779887945 -25.54142860783748 0.0029039020252672743
55.04454799222009 -25.54705685172041 0.0034292503340663614
54.951407757342274 -25.51390738016102 0.002984507362661841
54.704143542011025 -25.73312990891047 0.002766842764973678
54.643333010821806 -25.67129411799022 0.0031326409418572943
54.63673985197724 -25.653602757308505 0.0027548616264248846
54.73596491249477 -25.674098317526653 0.0032822349422835955
54.71365138225852 -25.640513602261716 0.004726113145168998
54.70348646790216 -25.642711365586283 0.004042813428913156
54.69828202734758 -25.608532171148543 0.046089934890788435
54.69433882220574 -25.61658115772528 0.0035477316271048526
54.705400657760784 -25.59398679066505 0.0046816982066922854
54.77017939811616 -25.55302965117869 0.0074575501853728745
54.5704589342138 -25.663682285586464 0.003817275233509232
54.625173227503176 -25.612046710114782 0.00367043958149846
54.59871315955717 -25.62639345241041 0.0039413046854451005
54.572894130375026 -25.609841067362765 0.0035937457597923993
54.56154931375093 -25.601016315535443 0.003354148485867429
54.50521926408874 -25.619759425367548 0.004026654289381252
54.5124339305228 -25.6064140233582 0.00798456497995337
54.51232987459811 -25.595303087001607 0.0030251998111736214
54.65186518492514 -25.575935374943892 0.0028065968575928537
54.71515147855268 -25.553192223831253 0.003036298846698839
54.64304101127669 -25.539861204237813 0.003205914602179723
54.66147396445446 -25.50837606892575 0.006129922934804316
54.64987153140642 -25.51310841691528 0.008400074534682226
54.67431737691179 -25.482983512565244 0.007729011609111518
54.81813033135501 -25.572626584508107 0.0035515702515190447
54.86071654698616 -25.53817525446314 0.003356092402249743
54.8605169823221 -25.520271252654553 0.003030730221304881
54.79830520457349 -25.502167594402817 0.0050298240094519
54.9341037321411 -25.49475724154453 0.0058203552721030356
54.86626453955531 -25.430286145770623 0.004102071959711721
54.90215875563271 -25.422334536468387 0.00478554577379085
54.72507082222272 -25.45417047401212 0.004740206861727274
54.68243443718558 -25.457874855717556 0.004340495093359241
54.70276820703833 -25.43663353344338 0.0031996291858943826
54.75526524494028 -25.386505953921155 0.0050023292650404295
54.86724216128366 -25.388807016357735 0.0035796999001806457
54.85847522255879 -25.3872321202805 0.003579156426794538
54.916614908056864 -25.36065174515941 0.031131506340006734
54.80692298567175 -25.36367013333235 0.003411075637633752
54.792750349065074 -25.346879892769863 0.0033610972971083782
54.813940947249904 -25.3338654962554 0.002717609547432844
55.17377993091456 -25.558225254912266 0.007149558180105641
55.24348910972227 -25.544646315919447 0.0032627430227152084
55.20933438541952 -25.530576093476377 0.0026663471320957674
55.17623412024139 -25.522291081539223 0.005055429689284999
55.12185922175845 -25.53985740879032 0.008946708441184364
55.16081288011787 -25.487236281954257 0.004953570685871831
55.21147100169628 -25.467505290500085 0.004857042678620873
55.278041030123376 -25.45185729970829 0.0031855304780466823
55.11145526072664 -25.49719832255873 0.002707768237610235
55.11475494331377 -25.465240876475136 0.0037702961501575854
55.1380845433241 -25.436437679719784 0.005512620104260329
55.10480613601821 -25.449293110223948 0.0042339853366573366
55.06322417111807 -25.438105515531113 0.0027883117547786796
55.10356402454279 -25.435169781889343 0.007186766828916359
55.10076722025643 -25.434108040355575 0.0028581661049829994
55.191256721773726 -25.36983920454837 0.013339679939164895
55.20357760977061 -25.369277126905317 0.011516698558068092
55.179964087763814 -25.353547316754856 0.008008125389546763
55.12651809360803 -25.368734352336045 0.0036453075461302118
55.39353839481644 -25.42632062025724 0.0027628147416205798
55.3578423158869 -25.397246969132365 0.0030345501180915548
55.4214346391203 -25.35326471371909 0.0031277496892550267
55.2857703406197 -25.366424645250852 0.0029523598093336594
55.35000173285752 -25.34520994018385 0.032261404919327136
55.38360959572603 -25.304240068854828 0.00310567870798454
55.437374257176174 -25.32211162545926 0.002665069564573907
55.543783596089625 -25.27962293131536 0.010321325147257285
55.390735752674544 -25.29814171478048 0.013155872916393323
55.410755851362765 -25.272911215606037 0.0036654256075820176
55.41276408533499 -25.25004921520406 0.0030662612146169924
55.4794938318024 -25.24789921023681 0.00832057356348125
55.27941911550312 -25.32913782501837 0.00657128857760654
55.30177340357666 -25.325689128956327 0.0029122106758653903
55.336641639255966 -25.3147351897524 0.008420141980073683
55.340283716971214 -25.300931905589273 0.008904991917472292
55.31709029769909 -25.254864120034945 0.009296098132466292
55.227286628415115 -25.281153350432845 0.004952606514954614
55.23895606518117 -25.280016994251547 0.004887068367451995
55.28772546880453 -25.245889115095565 0.0031341447081132006
55.281530029335514 -25.211832285567542 0.003576348148159925
55.36247774435843 -25.252281633660377 0.008313850669937355
55.36970651883345 -25.201575901296444 0.0047681655937239775
55.38320198012037 -25.189529485674488 0.004597637534012823
55.3669287196649 -25.172714564092843 0.0037596334905948222
55.36969705746231 -25.122898800788455 0.0033661870866206764
55.02745917923296 -25.379183448274475 0.002918382313155859
55.02648500383249 -25.38793786996442 0.0028242482258887067
55.02112059267303 -25.386715584601625 0.003322486841455165
55.08692688874627 -25.357783160838625 0.0029883339212217674
54.97850996177045 -25.384250940984927 0.003801044504936934
55.05791570073816 -25.322957239613007 0.002981890659466737
55.12270083109126 -25.329884250896622 0.009352896848588223
55.155634799671475 -25.292241650906004 0.00343259428130622
55.17482923035544 -25.298269398702132 0.0029700042420289707
55.12133882002329 -25.258619652950504 0.003964576246704557
54.92542572061858 -25.335850435168073 0.003448726980026187
54.90485275218121 -25.31220512508718 0.005443072946128951
54.941311106329664 -25.275601666687468 0.014798518836044232
54.98360344275648 -25.25807051743275 0.006872007022304802
54.9612425882635 -25.26471452325134 0.002902717155078812
54.88009899117894 -25.303301984472352 0.003544904907032028
54.99018756491587 -25.24196465378628 0.003114613951392355
55.06983814554776 -25.2285487517478 0.019625206023228606
55.04997913477566 -25.19172754791828 0.0027590070779356544
55.05116571318895 -25.17504423918736 0.0026571080773740083
55.02470486943459 -25.128666031346626 0.004830508432866203
55.15771150634981 -25.237599748032387 0.004690899565836842
55.20697684979369 -25.16046134380193 0.002679293309571862
55.19146506889169 -25.140357994569072 0.0059301102768334005
55.27544837512699 -25.1322042687806 0.004350613414678698
55.32883937587967 -25.120753426446846 0.003818100138788949
55.350457065607245 -25.116173858117183 0.01904152532204182
55.23177914053037 -25.148050017000713 0.004705308356224802
55.232028908288896 -25.13637076898434 0.005197060524613966
55.2698953964364 -25.124241363131652 0.0053430342069819
55.16864461552584 -25.1331988329002 0.005594920689843099
55.18149731790037 -25.123796047257503 0.003190469003185648
55.07258406009303 -25.14176212249 0.01845369186577252
55.10417802656932 -25.10841498137759 0.004579625813168759
55.104126600754945 -25.11255021897503 0.009274820101816756
54.552356922774656 -25.547122295019193 0.003969149385597537
54.55860814655068 -25.549131759944796 0.005689372570438713
54.53227983430293 -25.494771067869053 0.005623486470544047
54.42155864473048 -25.53418994424113 0.0026776770394482314
54.48034693258464 -25.492875558559092 0.005269277122156573
54.48675736631484 -25.472212446959254 0.003796279804860865
54.564080648064234 -25.449876444221378 0.0042876416857834335
54.58759862753899 -25.417093819991816 0.014272303244659655
54.59381461975773 -25.38182385772876 0.008521597936924879
54.59522970092245 -25.3822311751414 0.004168154750835102
54.399862022251114 -25.452324268415353 0.0047589975872413225
54.44736046177903 -25.443613344935912 0.0034458575075228546
54.356186455471715 -25.47992866568885 0.0027387108012108603
54.40080286263498 -25.435277359411568 0.004875719914269326
54.407608991983565 -25.38884644002616 0.0038942882531093626
54.51586641851825 -25.369140852415185 0.0077539960353796315
54.50772993884828 -25.374713711793092 0.006514412642452469
54.46967510758508 -25.30941430421031 0.0042700650354108955
54.48602134598998 -25.316328947052067 0.003645173082644575
54.68460936886708 -25.404431757960833 0.0028644053394910247
54.644433977032314 -25.398298445425397 0.0027413100900940657
54.689739549851744 -25.35405056705592 0.010626890720373917
54.731052889005795 -25.309889464066295 0.003978213388133881
54.76171165355932 -25.29299177302455 0.0027549560163952092
54.81720749120325 -25.297804496730404 0.005300873246927765
54.68865626977413 -25.29723337506103 0.0028761778648543437
54.68062202348941 -25.276650790528485 0.009131579293087987
54.76231025185552 -25.2731299974141 0.0027546964517585087
54.57079472399478 -25.346192130971 0.004143308821260081
54.555303457731554 -25.33636440648805 0.006287901206904021
54.582186537496405 -25.316434850751666 0.005337544140913145
54.65122530389125 -25.29045618217215 0.0034061411383604404
54.601839681685455 -25.27128351260071 0.004058359773655474
54.52253987587835 -25.271029020007447 0.0065996937722478345
54.54235174353269 -25.274985578074396 0.0038683140453046514
54.58854289178586 -25.264293075714907 0.004110245283086889
54.57022623483335 -25.251361402272675 0.004758887789378988
54.5615395094123 -25.224665668078316 0.0046048700579982785
54.5798993604604 -25.2382651319248 0.0032045748474955785
54.65154662531067 -25.19858782587525 0.0032874729240184733
54.64906436985851 -25.168775290578814 0.0036680925056901555
54.317930727366345 -25.427157195715623 0.004318776649764245
54.29771092128301 -25.42214830248524 0.0029669799713642627
54.36570411585781 -25.36693378590129 0.005930842958771076
54.2484301078281 -25.38027869717452 0.009574344821637963
54.32156224415836 -25.350252681630213 0.011695973876994229
54.394649104945046 -25.351290992807677 0.0034856765091559796
54.37038390545359 -25.317359360254333 0.007259448433083944
54.45009333479136 -25.320793890621772 0.003399142875778654
54.44875518263094 -25.294935244716136 0.0032057393239655362
54.46464406901817 -25.263497482976753 0.0062344310272733645
54.437761687453325 -25.23434881012745 0.0027233605972711507
54.295878733687566 -25.26589858867941 0.0027760162537790924
54.27822636064226 -25.26355844884572 0.0049299942712220275
54.17165668243592 -25.28261139003785 0.008766013287408732
54.228152024436625 -25.262846254229416 0.0038951400252659986
54.23272471327014 -25.262153871547675 0.0037027524213992234
54.23265148991168 -25.218805546459887 0.0033043316074021366
54.28869989792548 -25.226805042291645 0.0034566446828131984
54.354698369279205 -25.19334603594284 0.004144110142608287
54.31056005928696 -25.199915360069298 0.006541783613633415
54.304833193206264 -25.173195969700146 0.0037456583737706024
54.35941312155871 -25.15857174361619 0.004211530348786987
54.48586083684421 -25.250293840516186 0.00495182347805852
54.54279348757282 -25.198168051993335 0.003657516505054735
54.525927424214785 -25.195080917635774 0.0037257810083346655
54.41666913219022 -25.2071764429676 0.009006672258836463
54.61427564303562 -25.104225263971504 0.0034690043115403863
54.511647327105585 -25.1276719225909 0.006395115457095349
54.39998252467202 -25.193121723753343 0.0033548645040621353
54.82167512356692 -25.23512824618894 0.0037230539078346443
54.868443555702385 -25.20406774409031 0.004225369806449273
54.861972765486136 -25.20929457361274 0.011648430816380707
54.80962354297426 -25.231099062787376 0.0038400571656820874
54.809207594701775 -25.202301957978793 0.008446022025008057
54.815722997524894 -25.174487714087316 0.015863616218050065
54.86757534878052 -25.157973404265963 0.0033335959484114062
54.80876930881479 -25.162203827778935 0.0033964099117753323
54.83314808088548 -25.138079042971032 0.007270319548880686
54.839546654773464 -25.125814905350897 0.005461619552544014
54.93167556393808 -25.15025256763248 0.0034166665010175634
54.967314262142 -25.122970152687554 0.0062841017680233075
54.962313697855045 -25.118228667486697 0.0029706274828097045
55.59155861878895 -25.23009304345473 0.010145537480577456
55.576825248278226 -25.182908767503378 0.0027514581378914487
55.48094298569479 -25.205061729692336 0.0034842198417115696
55.50096683423891 -25.180895679291787 0.007477217687171778
55.49210821553336 -25.179236228743815 0.0029954610347383446
55.56418959250341 -25.168754172543306 0.003470589468775176
55.57801494527886 -25.154033189827565 0.0043595374686153845
55.50632593975567 -25.15993541898151 0.0031642272740428066
55.65109107319176 -25.17176017685699 0.005444593490855612
55.583632994221205 -25.13784911797117 0.005618926091149739
55.47455865819506 -25.174313096277928 0.003368926915411245
55.4774035900685 -25.177893820699357 0.0068749842823629
55.4755161418478 -25.17433783187817 0.00810040008628639
55.41635454224249 -25.159339349404508 0.002718687495077098
55.51978612131926 -25.137856520149743 0.0070751401090198805
55.52494084758426 -25.11785412991905 0.002963774312508546
55.50127051336733 -25.11467158276936 0.0043044809448547355
55.41097328678493 -25.13140570139213 0.005828570241379042
55.42990091467189 -25.109245940928627 0.010520937959051176
54.20957548646235 -25.20328850393338 0.003573971620453488
54.19253186412159 -25.18009706877308 0.003130038681202075
54.123860064697354 -25.203980284004544 0.005610492673990489
54.26637308066507 -25.156516102617545 0.003556730667676693
54.20891223144538 -25.157762967097923 0.003439403030712385
54.2748086544578 -25.141472248358284 0.0028757430880091634
54.20373207981755 -25.121889330386363 0.00318510658252911
54.08309143793981 -25.132534746295295 0.003625117097717912
54.07410230541513 -25.114947942651447 0.0034480897746666313
52.04758947004978 -25.924639846137747 0.0040313920461112545
52.08202258880722 -25.888669918775346 0.003732756923091926
52.026092690268314 -25.798497977269022 0.003698410595357552
52.09204264940287 -25.72619739635039 0.00720264947089602
51.90824337703874 -25.77381688323292 0.003764193449651531
51.88639116957715 -25.754956435695973 0.002910725124604116
51.94519921495856 -25.708653319662876 0.009976071648874762
52.060574119156634 -25.74842682542299 0.0030229496914250574
52.06120834061419 -25.668512956606627 0.003528990665525313
51.97714269634233 -25.70863855815028 0.004119536447458517
52.015023559361 -25.6917682409582 0.02342287917380069
52.02522392123976 -25.66781312198141 0.004001481327242642
52.07054181743908 -25.657275715771995 0.0031313504105664703
51.99648126190318 -25.654097595447265 0.005999818249110985
52.224940913802655 -25.76068943906192 0.00294350704516945
52.26225597746675 -25.70831888986405 0.0031628413618224518
52.25168134688845 -25.659364407034335 0.0035154374472146227
52.13233062742998 -25.692556041003023 0.004234615809890303
52.12850061062544 -25.69974298828457 0.006602433331986985
52.12819805389112 -25.70022694223959 0.03423604212839317
52.21520977537585 -25.67045123827115 0.004189301956981831
52.227083006512984 -25.66110209402686 0.009583425468013957
52.333712524289126 -25.61321113433123 0.00413601789973203
52.302380819183675 -25.612984360262676 0.007753071598166437
52.253311242428744 -25.57968726365105 0.004714776602247424
52.29825484963583 -25.57316151717733 0.0029397446902284055
52.28154711470822 -25.57550401261413 0.004169916653952254
52.05202566782803 -25.61477643653396 0.005859201106216468
52.19921112346615 -25.581151127535183 0.0072456429584500555
52.19953834400791 -25.551708992907873 0.002649781292341057
52.20716096904345 -25.53397032889511 0.005403642323791449
52.21967565440938 -25.522154521912448 0.005207480706939248
52.21297807185417 -25.51535914717425 0.008071419498370588
52.21288485127282 -25.466805095546775 0.003096620215300975
52.21097647800618 -25.466497858575924 0.0030650110502646096
51.86526489042213 -25.736760954659715 0.002923187848081302
51.83849627616052 -25.74208187350883 0.004525480518008597
51.833887635063 -25.734949079776637 0.003987395318309249
51.910612628397864 -25.7166331542169 0.01427669953795386
51.86475004395481 -25.704300859505825 0.00900711431356743
51.82329960918851 -25.71254376845027 0.003454550292069816
51.783047630061134 -25.69596361816667 0.004750540222843949
51.84389702410684 -25.634644741878564 0.0032332720618765036
51.946362051720094 -25.62487571655644 0.00783723229861891
51.95150636117816 -25.619354552422145 0.02231094258610904
51.95113314545012 -25.58474506093688 0.007232809465901879
51.80376055646091 -25.62479335078838 0.0027663534282653056
51.847983535351034 -25.6082664698677 0.004685744721429286
51.7948539206173 -25.62537512298035 0.005505318186628969
51.78879465223487 -25.604252017972396 0.003428823376839306
51.84530494668136 -25.56415137737818 0.0052854973523923775
51.89476505681855 -25.548399505023347 0.0026649905883526777
51.87539298027821 -25.51264187931297 0.005721050411668026
51.82054092393975 -25.554838688708177 0.003076951314505464
51.84219769577458 -25.471285193685656 0.00391150315260687
52.03170924685604 -25.531344163972665 0.003900130236618651
52.00912724686866 -25.543521322312603 0.005386990313337747
51.97383657672321 -25.510051748601494 0.0037940172367392244
52.038912747532336 -25.511650607373795 0.0032213447417430295
52.16697879825507 -25.479521227941056 0.0040067965357717585
52.15014414085576 -25.465882952992697 0.008348778992160806
52.05271705494149 -25.46268946016638 0.014288719956668788
51.96928076782321 -25.49492700837881 0.013074127310017601
52.003513922359765 -25.41529495096613 0.0035769265281536343
52.06291688449757 -25.357023632086683 0.003045902059937249
52.071662667571744 -25.361436306725658 0.0036044128525211717
52.091390191143056 -25.342602127672382 0.002668934063624402
52.01308818806541 -25.382153154241784 0.0032222818094654994
51.95347488373024 -25.373654608728742 0.0030362717903472764
51.99338178647109 -25.35528194526711 0.0034284280890854607
52.027269658429155 -25.31702688997533 0.006241092144410015
52.38102911621875 -25.546471544162685 0.008566491526022494
52.46639930791238 -25.530701248345594 0.0027764854352647895
52.40996612444311 -25.540725761400545 0.006108658116217358
52.42187422594739 -25.528961615916742 0.003552087330101115
52.34015976727488 -25.556464061220524 0.00275200928363703
52.3294996207299 -25.500110916155744 0.00790939235202067
52.40684816556065 -25.493647754379225 0.003273625346392841
52.51870536084259 -25.47473256783357 0.011441075186040891
52.52577934159804 -25.443170527186087 0.020728554589341423
52.54457559606744 -25.43936326651859 0.0027919069165498133
52.541719422630536 -25.438545556679912 0.0067025717944616805
52.398596221966855 -25.449390759393246 0.004695756946295261
52.46566452618475 -25.44087832668968 0.006705402694354988
52.31003488432345 -25.490243785538414 0.008886991598849902
52.3638728896567 -25.43543351040571 0.006234607600061525
52.247869328792035 -25.420721048167852 0.003869529791283121
52.4038133001873 -25.395933891474343 0.006537886768126175
52.31007626441626 -25.37317700501399 0.004982454709059106
52.55033963794538 -25.437064688463305 0.0036794868030855738
52.597246591693995 -25.391183123015622 0.004510508074560757
52.5951767802005 -25.3922185429658 0.004075201801601523
52.49837820920414 -25.370386544439494 0.011785527338391224
52.62593513131398 -25.316605982314957 0.004816841097298646
52.694968283835514 -25.29060168162402 0.006719946950721661
52.677302180596314 -25.28959848463004 0.00486016344489116
52.6050550894601 -25.26423027441924 0.004270372990646349
52.44037279238839 -25.291700384840823 0.002798677102537353
52.60386395832431 -25.172625418774025 0.003001551053014174
52.52648762180114 -25.18170030423956 0.006543662843796235
52.18039953024998 -25.418282240035182 0.0029048778805811307
52.28445689261729 -25.357762867409388 0.0029235652733776473
52.2222076295838 -25.372668351746405 0.0027203599012417196
52.25570075927605 -25.355938758024053 0.009581632609879138
52.245009451523025 -25.344018520452572 0.0033147235942253992
52.20256183068004 -25.340350184534405 0.0051722092854247104
52.327291663068 -25.28237670054403 0.004366324859915153
52.26151343118476 -25.305101447074232 0.002906040647693551
52.30066223047032 -25.2703135133788 0.004801538821894808
52.08482466732424 -25.323517922245657 0.003984560676599698
52.08478710344943 -25.238975622165025 0.0032856065423203787
52.21824750422672 -25.231882258848593 0.0075384310966846255
52.23570313403771 -25.186175071751304 0.005269685169364694
52.25001383438941 -25.195841562734785 0.0035098664313264233
52.15385404219624 -25.229886102642 0.0028358455215784927
52.13458164927478 -25.205063375571488 0.004608498066490268
52.22235617404857 -25.15493306058484 0.004363933858382998
52.19403224546067 -25.155589365108007 0.006420565777765193
52.371200013000184 -25.25902340106515 0.0036250216911564615
52.39574574533499 -25.20250897727408 0.002861888204127611
52.355019580968545 -25.202625166783843 0.007073800129042008
52.36535487829821 -25.18933438445515 0.008054416983428254
52.38292915854425 -25.188381396131405 0.002875626582557728
52.48356820967921 -25.157785946862553 0.002651904770823021
52.451676105004736 -25.167412268215816 0.017140822380349953
52.402802988433216 -25.104230145572615 0.006553382161069754
52.29418889504566 -25.194543810119647 0.0036000927075446236
52.32232459575779 -25.12878062567942 0.007371918574195283
51.73774374685621 -25.516236246297115 0.00656166576330836
51.64554831645425 -25.48987329600444 0.0036955549528582387
51.76677318688818 -25.51227771971513 0.004363111731309064
51.80426656786266 -25.46073160864545 0.0050181177131371464
51.787027888163294 -25.46190816361035 0.003213047341948044
51.66250243770081 -25.462900811133785 0.003657117715158031
51.56357364935206 -25.40447079172675 0.004626909868760663
51.56642226970087 -25.39293943510355 0.0031857697899419614
51.56202227528949 -25.39339271573877 0.0076034858947071305
51.63870530837812 -25.35509633656281 0.009571383985029836
51.640290071813865 -25.3342373847363 0.004405383487497266
51.672926551096054 -25.3189834318733 0.002902606273730231
51.85154411701661 -25.4239126617511 0.006163091487350201
51.851700008182696 -25.40629375217955 0.004175158524253124
51.820160270924305 -25.412478073668076 0.013373934892385819
51.90369466090987 -25.40017492930663 0.022492120244660806
51.813743223330576 -25.37324490039836 0.022137552753443722
51.84719341957969 -25.335345506688544 0.004106308694279335
51.969579100464905 -25.32404014265493 0.005565290061986884
51.98043450724929 -25.287675980300424 0.004627422081126437
51.90723380770387 -25.29532665543643 0.016090362543744356
51.769670180806315 -25.29733128830923 0.0026417183907647365
51.82862064115068 -25.298856162689976 0.006946219528032682
51.78094385396804 -25.28613143835312 0.0032495637741887036
51.82216081527755 -25.253924847127884 0.004655916195704573
51.75309702085813 -25.268543848401833 0.002910945702109473
51.74942186829429 -25.232557753251097 0.0028727390942517674
51.899111927152 -25.220879682557335 0.0027422665400210783
51.90711197664006 -25.17810361031427 0.003686826535532521
51.78248170136651 -25.19422950599825 0.0026430883753471106
51.80601971261182 -25.17209781525708 0.00936039206159294
51.8611217986142 -25.134258476201815 0.003028405174806993
51.50585780193536 -25.41242581041441 0.0029823346860976627
51.45743167464298 -25.37355452560744 0.005737185268754245
51.484968592561785 -25.37882690377645 0.002843243759561553
51.6108832336187 -25.330054244665018 0.011008104523960881
51.56242785038954 -25.310544606549215 0.00428132630884223
51.63621677037827 -25.30475645454126 0.006975873148006517
51.44062575462535 -25.33896149601489 0.005757936282020014
51.458470328115965 -25.289137979752127 0.0028918045693385377
51.38639191703001 -25.278424752387114 0.0031327389704030725
51.38341385543296 -25.27990643206702 0.0038725694905907913
51.35996266094604 -25.272627397324484 0.006181328006141337
51.39550198113909 -25.25103768976657 0.007696511358033346
51.532586088780256 -25.219276658703834 0.0036729309990544334
51.53715094748804 -25.200759894367255 0.004853409262336195
51.44898125362131 -25.17574313205485 0.003165721163742356
51.512733530860785 -25.19133906010358 0.0031906235001697356
51.66705530979348 -25.18826278727598 0.003279927541595897
51.695399692232435 -25.185225454136972 0.0027424047320034352
51.67868638555309 -25.13497465681588 0.0037552151088872917
51.83758685842472 -25.13345564051062 0.0037030231713323252
51.76161124439943 -25.11100802177027 0.004474543655718574
51.55235614120014 -25.148159502040706 0.0026442943960314053
52.09940522453146 -25.183446790139815 0.0026747953197436255
52.043884465341876 -25.17017598339116 0.004762216874935828
52.02275188631248 -25.13422148267178 0.0043540138843885514
52.06731796490314 -25.150319252698708 0.002785392645885733
52.09714661901673 -25.119000485451004 0.002696128111248234
52.13039872193156 -25.10254819586956 0.003274933566937742
51.96112713101722 -25.119784913436796 0.0033569891270669606
51.926876125660186 -25.114603761743577 0.0027404154013059593
52.70316979937516 -25.24464002531934 0.005274497121049672
52.78532841536912 -25.198323395621156 0.005310467736121147
52.778308142018965 -25.179564215272418 0.006804347493173903
52.70939347888475 -25.178793997930523 0.0027873503163846516
52.75171772359202 -25.13795594853144 0.005839771908125703
52.83797278469576 -25.10391094939757 0.003533411715085953
52.65998267834792 -25.13612984214286 0.002819083402273748
51.363102576370416 -25.240547838941467 0.004467898512301557
51.35591141716675 -25.229997069896463 0.0027130132175935623
51.37750699330452 -25.21292464127337 0.006304162214717108
51.290512968021126 -25.23152646014648 0.004128149764592912
51.273708331051616 -25.187201952843377 0.003638816284586549
51.28074789483221 -25.174456035613627 0.0054675271038361044
51.33821143735894 -25.18934845030141 0.005235908092197645
51.33677464925576 -25.179905851594395 0.009059473200591861
51.31971056857584 -25.168739036051026 0.0044997940759717876
51.3292122067469 -25.175969951857972 0.00389840409542184
51.421246371855425 -25.189279357365407 0.004283631214881194
51.43074634677468 -25.16239116159162 0.0028042182708171667
51.441892586688006 -25.110615256805097 0.003229812601216481
51.275835223514235 -25.137954428509556 0.0036140246018208574
51.17368556443295 -25.12656501388518 0.00821182167121777
