149.78429823996942 1.9588655534515815 0.00513375489095308
153.0468693958287 3.1572221213175107 0.003710203276525495
150.06214130878882 1.8217641272185672 0.00406879458284447
149.96786784568175 2.0193377941799504 0.003244504864361971
149.66599452329837 2.334323619795134 0.003803044477490539
148.3685382312815 -0.5719987170866373 0.005032782355913232
147.66664564358516 -0.6381995194978094 0.002666075841783742
151.70323537890823 1.0495237538221924 0.005605765670243613
149.7523510718871 -0.4212954302483715 0.0036002764908895026
149.75441813787114 2.762384335971017 0.0035303578932313192
150.34275611823608 3.0219727316983387 0.0034479273359114366
150.00983361369546 2.549862986022071 0.014394052242887794
150.15361895502056 2.399302322691045 0.00856206813671796
150.20534188733328 2.430841891086717 0.00449437855496955
150.95702174820616 3.1082484264038923 0.002890341806213895
149.5875362874543 2.1098979917352185 0.006715972739063595
150.26347903828187 2.5025517225521443 0.0037368018097999017
150.82358318520454 3.2449528208889484 0.003547541213898174
150.10584418021472 2.355781125780266 0.0057629112262003075
150.9916399157319 2.9462963893005663 0.005752939006765033
149.47024691103806 2.541258979876545 0.0060163386584330125
150.420983866865 3.0960492486425113 0.0033757262015304498
150.08408601953562 2.5762815929829515 0.003253918751247258
150.2171189101933 2.331253550614543 0.005791094669865557
150.37646791606173 2.604451856363674 0.01585726830861929
149.75419854573366 2.7624020201075536 0.004575343813460868
150.145544644753 3.264785877549747 0.0029984520944908158
150.17041288662892 2.8786585427218276 0.004670329798161955
150.28730962536042 2.68249362344749 0.004187733340585792
149.81792350357136 3.0287737553887473 0.003376223276011651
149.27468380016938 2.3045858285831735 0.003918712025286653
150.17020919091956 2.878651424256161 0.004364224164264936
150.60244318076542 3.154235082275212 0.003869750318126813
152.6884771474677 3.048124319363854 0.0033180882270813176
150.58910377799572 2.4191221654457036 0.004856318025420472
151.1145417575719 2.63491633300763 0.003977800652067377
150.48258126768675 2.2317528303858984 0.004221964085425201
151.11660537897208 2.6171568975136346 0.0072436574520224764
151.3084199511202 2.5029260275744916 0.017864729702678273
150.27724776892762 1.9981080891358851 0.0061617863334684905
150.3586713167381 2.016861894465062 0.0026467822263847433
151.14072490810412 2.6440608435636395 0.0027119714274426677
151.3833019121223 2.060924847446179 0.005837596792462319
150.55013343612384 1.6309016509768 0.0028610634521465646
150.4658761970934 1.644401116049787 0.004069348172843902
150.4436081700809 1.7455878560195124 0.003593783741808966
153.1228959832421 2.88817846641803 0.015836363603652617
150.53947469056138 1.5403674813069086 0.004377482409789901
151.30886122555847 2.1752154432866533 0.0027225220736736785
150.84273130149057 2.054987955007206 0.013057889213460301
151.17430707856155 2.4965912014435845 0.0031992140219635726
151.62931521452208 2.188660092083989 0.004727478632949361
151.10603124960812 1.8107628962170037 0.004497845408655352
150.28496598021545 2.112595327733387 0.004779869719577308
151.48136411004128 2.632107470832997 0.003458155871705828
151.58540406166136 -0.7785534170936087 0.003852776130460576
151.6170882022791 -0.7646008216054542 0.002681260310816873
151.59828704624456 -0.6816865446423507 0.0065975072268765
151.5930385725057 -0.7746694426376243 0.0086505445010544
151.53731258984422 -0.6104385702862671 0.007575235427149868
151.29989723174802 -0.6297162438842878 0.0057084949949892765
151.5851507089083 -0.4589199145374466 0.004833102487778281
151.4652809552352 -0.4208989935538619 0.0030628171104387595
151.42428041423628 -0.4067457316210851 0.006500899910996064
152.13270241309618 -0.2591993968354744 0.0036731136798984756
151.56463117422464 -0.3311729474487689 0.0040800128848905385
151.50050250785023 -0.5417054098894439 0.008397844904556268
152.5874314960716 -0.3056563394089865 0.003257147526778129
152.30378273547305 -0.0114502667438038 0.005920878505832038
152.7825557139833 -0.6199187582443847 0.009728417148726621
152.76367956304895 -0.6967873893232764 0.005896472597766086
152.93474045662435 -0.1766714566676643 0.002806334269112374
152.5753594522342 -0.2649386869740354 0.003178102936697215
152.34496334350894 -0.0403967170387115 0.002864292063382326
152.76393805788678 -0.696957074668354 0.006033073754569166
152.72462898694417 -0.5999118862671605 0.004637010182968562
152.5123405929457 -0.4684368077480774 0.004223592787890319
152.9279193965713 -0.3595765468402127 0.005375759543863964
152.44693769694055 0.373932906695124 0.002684198501762698
152.26267358522244 0.2307903072740582 0.0035444331899002384
152.96019898624297 0.3635078188936142 0.005882770617778243
152.42518620348886 0.1443480262789151 0.004595437772313308
152.66489131107735 0.2640767246595391 0.0026559338227156453
151.2715269214678 -0.1810028934636474 0.004086188663854135
151.3302769998526 -0.1481286600250527 0.0026633398953067483
149.06355602141852 -0.730654226657229 0.005319394435129959
148.6423020811846 -0.4050224424558493 0.0395749984127848
149.39881331427048 -0.6754144207645038 0.004847919275458061
150.40706012070703 -0.098826303590042 0.004251050798091212
150.07361702802 -0.3859244325158306 0.0034490314509198912
150.60875052655174 -0.3051371449820312 0.0027428726852846436
151.2715707389662 -0.180692179884447 0.0038752810942390813
150.57203911988017 -0.4531774171132681 0.006569695481594139
150.5623203587654 -0.4324539758480075 0.0035127740401500224
148.96421681876816 -0.2060421774524403 0.006436115877032469
151.72315413323537 -0.0746933211338668 0.0035084758753168655
151.406205970155 -0.3164268508603032 0.014606373930903737
151.41573083877657 -0.3026754859563995 0.006077475819896816
151.0063488591097 -0.4150794675924535 0.004770525148284797
150.456494645934 -0.2804757222517942 0.0027732899932923585
151.3093993005819 -0.055988953319274 0.002775516187677467
149.20385099105414 -0.4776152600568944 0.00281472528606637
150.26312048627275 0.9726088099145792 0.002717807323777347
149.94050072625234 0.1738816665631326 0.004246116343143388
150.70000581807565 -0.1187279810241196 0.0026559172191480437
151.03511521190669 0.2665116177416339 0.0026583223314427546
150.4912146949804 0.9388291815719892 0.004274064133815539
149.6126518451326 -0.0094051213566445 0.005644190580426384
149.5069679532213 -0.2467894343546963 0.0068203488644402585
149.35814643063247 -0.113362833155856 0.003507400217841425
150.97981226567225 0.4054925516999147 0.0027341644334611032
151.0418694063411 0.4630920841492708 0.005314501140833262
150.3873590472639 0.5133028853359813 0.004984903949426072
149.18643310590284 0.0162295231344955 0.0032791746247320254
151.18666245916802 0.269793507706558 0.0066243587571720485
150.12819492425453 0.5879477356883562 0.0028024814370499872
149.96050537665994 0.4980498322856018 0.002665491915369932
149.4881570090131 0.2021226166223171 0.004857789922705086
151.05411153480225 0.2732695722170153 0.005573835337463166
149.7256378951989 0.0936506879218107 0.0033662281280568973
150.11725164049497 -0.2211465183685328 0.005400320305727003
147.81942337686917 -0.0643787865324959 0.006755202301880671
148.67858849561708 -0.2396251524939592 0.003597528677827856
147.45216658513468 0.0029387732160855 0.0029683847354444685
148.39946479748508 0.3369229471485438 0.004491072589156644
148.4950354156067 0.2620766729165926 0.0026882535910306734
147.5944570869215 0.0124956735015493 0.008349279594244847
148.04981667902368 0.0755022091813051 0.08094735679113282
148.41926443912112 -0.3154331379706958 0.0026729581529119123
148.1825836984655 0.0257659066379981 0.0030000881089988106
147.68619949609118 -0.636193849246453 0.008630113046654975
147.88766804255724 0.122782772219394 0.003077040479795322
147.30365669096165 -0.3181613154711055 0.0037259847205444235
148.1659989983003 0.1409988768635208 0.0027112658232227474
148.89802399820778 0.0748514260686448 0.0032681618767048154
147.9599386219581 -0.2781300320535105 0.003965982920788895
147.34743669635944 0.0735530949279647 0.004364054590726576
148.7413908409005 0.7750170960442564 0.003579116250622892
148.96623837311014 0.8373572804793522 0.0038535985919053097
149.62924261475794 0.542573353406141 0.0035094108917344737
149.07785177728704 0.5104302589951226 0.002651702997917843
147.5505745603207 0.1209660472372511 0.002750557477031343
149.44157687008942 0.7202547744164084 0.00302420954385812
147.66771219547678 0.3789338824535669 0.002778920929085346
148.8227930699374 0.278233885113773 0.0037873259155039884
147.6617647012931 0.2974207286858211 0.01238436646234852
148.26543985798347 1.3567431914097234 0.00286616075170063
149.33541234968868 1.5785286485482573 0.0032101096311693573
149.2085265510866 1.714376508738812 0.004105194369897415
149.63063956327156 1.1298439904311397 0.002730507725385761
150.17601351305768 1.307712723626582 0.003107465313546468
149.0964418543326 1.7213754353195083 0.003145682777589527
148.7175754719235 0.9081866661124134 0.0026462208964563765
149.2055936390541 1.3705825909693967 0.004175126799302987
150.05913480059118 1.071498842643684 0.004249197229235073
148.57754733247418 1.1343903312442245 0.0038335726203001384
148.1959065022656 1.397993112253905 0.004859460648729138
148.90874486274913 1.0353868878540553 0.00380904202830019
148.28534387941025 1.4172583115593758 0.00287562280837651
148.56759114275397 1.3887712821141134 0.006538840661720279
148.8813967374512 1.4545892177508617 0.002829706807642243
149.37729673561105 1.6411691753383246 0.0059540063654442725
148.34257172110705 1.641590935924138 0.007263655688903146
149.47643491586234 1.4115520866068996 0.0027428934324302415
149.85174972807886 1.658028234219835 0.003593297205165463
149.40767526830248 1.63949226340718 0.03144506277876392
148.90854573516503 1.035450187020047 0.003668882765234568
149.85010019323136 1.5617747057735851 0.006633756628933091
149.09628864670833 1.7212685880449403 0.00394242531298961
149.2211164136615 1.5218147556830124 0.0028428345806048227
149.74263512245727 1.3222399997079963 0.004879984185766651
149.30366973913638 1.8091620897834275 0.002882809566738443
149.3744912361177 1.5541960911198354 0.0036692065458539197
148.1237010029752 0.8078762241831656 0.011328713783474031
149.31340222037878 1.8149137366884196 0.02904090804149273
152.96645311273775 0.9660620935428356 0.0040208677557340275
152.01755599952523 0.9617938374390924 0.00358715959891736
151.94493064887882 0.9647015122918696 0.0028359781444224764
152.91084248907148 1.4512364113581355 0.005296893909461128
153.1154152658592 1.1067933104768128 0.006333650863387488
149.03023614894866 2.1902512617930374 0.005863589515424227
152.7890367339771 1.35578045666632 0.002727638392175537
151.86523163115436 0.0988969136586494 0.0053263531719792085
151.9400548038167 1.0914897594871342 0.005654099080084599
153.00918707194435 1.293614338099964 0.0027353607104873474
152.16485847586648 0.6288570097002738 0.00418494374631638
149.1090305639929 2.168729738049308 0.003227224252682188
149.10519069904862 2.1052154307975797 0.0031119815219973106
152.05833943039224 0.589663991847722 0.0028915578777646586
151.96485072349927 0.7033259970129552 0.002719900298012683
148.83928662019014 2.02365369936207 0.003202779865465545
149.0902976601527 1.992781626559287 0.0026639084449197907
149.10534887299983 2.1053260695774454 0.0030283682521466434
151.88882686360165 0.9182892084574404 0.08333333333333333
149.17171553680603 2.1050758474367863 0.0035687451437663425
152.85582155362857 0.9219349716536136 0.003072663168379536
152.10710461582687 1.479033991348619 0.0070672722143370476
151.7391845723172 1.198962579748901 0.004340743810116025
150.72986629298222 1.19777937202278 0.0034317791759979994
151.51465507787185 1.6832585923343817 0.00551988080294334
151.44637613092112 1.2471751991251987 0.0028741995007811405
151.70655466891287 2.1288732453861465 0.0045443525826858065
152.7781625876595 1.683128052018408 0.002645549760307159
151.5542205705124 1.6620808350458676 0.003440652838905536
151.76297777187293 1.245655888428804 0.002651606009506658
150.70569834174617 1.1763699966673675 0.0027202980776444984
152.80366964796625 1.739687688842963 0.003371694477594704
151.77787830991338 1.140010847780908 0.0033219146093983335
152.58740966708072 1.6846686627105545 0.0028050681989389785
151.65996474331018 2.188560268219505 0.004891988468265219
151.98632233709773 1.992888693377607 0.0030531634141283603
152.76023922627803 1.8542506687478828 0.0029447241266803066
151.753751144823 1.751563761169547 0.0172068318475428
152.3561182290119 1.923678455377902 0.004385428600461633
150.98492986281968 0.8458130780908516 0.00583394834698653
152.35237804449727 2.7172331469370676 0.006482519168276094
152.65391152867602 2.9077041274603026 0.009939745725965123
152.16266365661926 2.6260631163727948 0.0034960677453033328
152.43257682725024 2.3558455694625766 0.0046448965893529795
152.20903818899905 2.5523467383496827 0.0069643549830698615
152.56318806292208 2.7398964179168153 0.0038122980733772166
152.83384641856745 2.250265155209645 0.004802138202444761
152.79742675593806 2.1877449237496216 0.0026972961942421966
152.42892990303474 2.5973224805836863 0.004535457948242885
153.1079015680171 2.763814246899915 0.0048491713949799726
152.47892293241367 2.2467520524757245 0.008622151599945923
150.93433785920664 3.7909030215537336 0.003595378603967485
151.86122991368148 3.1551431677787702 0.002866182431399707
151.86812370771918 3.709694649997756 0.003336542142491087
152.93389441467514 3.783980844675984 0.003243127588092129
151.361540364153 3.384122327798645 0.005590760969864025
150.84602385734192 3.516483784582342 0.00551657268382
151.9671122531415 3.4586645363140422 0.0061071472243965546
150.70969102146057 3.597641772673599 0.002835035716505097
151.61284292777307 2.948646572399316 0.0031919522405633367
150.6910491077451 3.537784305286811 0.0038218182471003565
150.8095800238147 3.543399103312607 0.003028014110345791
151.5163253088029 3.0695504165369996 0.0033218565540634962
152.71782890977323 3.6500533230441943 0.004265236377884383
152.99294630639773 3.7972715002735664 0.006169400006924669
152.43479875936114 3.684385686922256 0.005372175038759478
150.77987987167813 3.346695840550747 0.005440631599729232
150.80269300475518 3.504694001458513 0.003348972101014698
147.62434080170593 1.1866572147307115 0.0046835028044239484
147.3729948472885 1.371093632277373 0.00409324612744321
147.13076808231446 1.246843887886146 0.007366729014706393
148.35472229819507 1.8103437461870129 0.003570548771249758
148.0889607698107 2.14105323007778 0.006441638733384223
147.90090817603453 1.65024402329838 0.020608171013534595
148.16961115777872 1.7307270079744 0.008059366385629953
147.68871178343497 1.6160903583785426 0.0027154503385472244
147.28191374102903 1.978591993988094 0.005059372660553198
148.08682756729667 1.5966501273249722 0.003315070849959157
147.49864309673185 1.396434418440594 0.008737393790539729
147.9949689617257 2.242454564576569 0.0029639714743225376
147.55374301149357 2.71322572058621 0.004496272298237153
147.5933588196621 2.5973393180635207 0.01127560424928414
147.75680326311883 2.856513160147327 0.004381909760566157
148.25099818929314 2.8079828101523288 0.0030213837535863586
148.01252948568856 2.822232603599101 0.026089226583990086
148.43414853230266 2.5322575980895667 0.006113114490396618
147.45868840248866 2.783105200008485 0.0037287913685553646
147.69014381781304 3.527550188657275 0.0033869328367000474
147.36425474699715 3.1099975994045987 0.002647846987029792
147.4047222481893 3.2898851033178107 0.007135329525673978
147.2378882925903 3.564170469149785 0.0038883755140204385
147.14724625540327 3.3260292374519564 0.003847149511728225
147.47935663965038 3.5755250576340627 0.0035275681651215545
147.1473115769612 3.939346266221119 0.0031199562895631327
147.53692471930674 3.4858174892712306 0.003931283599741441
149.67106853893176 3.4160243729944795 0.004626155637399589
149.58231322978395 3.62534458703716 0.002857327424947928
149.3637113233932 2.649933090365889 0.004322825698523647
149.4062606694846 3.808383991064817 0.006178044677085202
148.61412293705163 2.9605607418470328 0.004973002466311679
148.70321699741464 3.0790740393169007 0.006460612221390747
149.6272700358614 3.2120561401144676 0.005975738503330624
149.37432730074053 2.960001133171727 0.0034432082847737785
148.5961793980479 3.0705705734236575 0.003990874672428956
148.71053279903848 3.0238901557861366 0.014375786510983996
149.5950337118114 2.8623200350075044 0.005976571157539399
148.7494231558609 2.667277534609357 0.005304214514594886
149.51300017925405 3.756996032273575 0.021522138983725795
150.70128704899042 3.846684280543189 0.004247912521535558
148.16162044327456 3.543690362237077 0.00520468733113094
150.5573068169507 3.812726483173366 0.002771406138810243
148.47844824658654 3.652518995471338 0.002731679947368699
149.6037308046716 3.753566476445754 0.0032197673315014033
148.30812665866216 3.9483556909345694 0.0038323795549379627
148.5768227007019 3.3940699265185357 0.006146088925548442
149.20807238306412 3.968219199131279 0.01202531882639877
148.55803432897736 3.2818046999730885 0.004078260796834385
147.6304382117798 3.606305600182499 0.006802386820259731
147.18531108983578 2.008551485265046 0.008049375260837545
149.9677643489698 2.6842430014781744 0.0054861208432629965
150.10892009440704 2.485684065899199 0.005406856017276787
150.19995705006716 2.2093409872236545 0.0037028108669223143
151.9814974230986 2.966200272856581 0.019121649117281037
149.8921297201635 2.853946045742658 0.0038033100815257014
149.8729867017769 3.0147071141437896 0.005430828952453672
150.358427919987 1.8129795235384736 0.002949682860088975
150.3777484834115 1.8513505102718817 0.0026456177434750292
151.43177714795434 -0.647370798383049 0.002742681136860371
150.81700848099942 -0.4147093636658687 0.005907794968681974
149.39374998575354 -0.5545621109136426 0.004064600625124941
151.19194128139412 -0.3866798582875784 0.0027826232505913035
148.66593824992765 -0.5928990646760148 0.0026702222451656884
148.4148449879535 -0.6822985593332047 0.004883404225118031
151.34135807629772 -0.1240761496740811 0.0037830731993661187
150.92472745851194 0.7421884571170517 0.003167234574172685
149.70317433526026 0.1314086141548165 0.021301964746434296
149.92553959235076 -0.4441433136107566 0.0027135646288813397
151.02435342164432 0.4467056016572929 0.003395029596336138
151.13752150149762 0.2317429396682122 0.009340880468359205
147.40874269457848 -0.2755980997422386 0.022483142734766613
148.31446300565355 0.4212249671458898 0.0075088217460543005
148.3051495116089 -0.3954546311758447 0.005165179689380799
149.54996916386628 1.4042219470269564 0.003045601092657585
149.99127159659812 1.5585368067935772 0.005633258421380371
148.33574298147153 1.316416103208229 0.004839817378017057
149.16209342112367 3.3746570830439855 0.002782727722385656
149.7789425962331 3.02342912683468 0.0049558735827772565
148.7376428548498 2.863561525192132 0.003970933047286556
148.79241421496147 2.8372166989553804 0.0030622753227002304
149.6604695676803 3.2914289407737503 0.0036625485019009555
149.80189256942617 3.2287487479110273 0.00574258873420491
152.44934715762273 -0.7945155163750492 0.009340246859098908
152.3406474708359 -0.7988318565550063 0.003425792266313521
152.56246109254158 -0.7906849642254937 0.004324256875560543
152.54423659119277 -0.78615227758034 0.0026475085396468366
152.66515311238493 -0.7812935854960543 0.003015528654411567
152.74018079627578 -0.7461840896759357 0.005207806623478998
152.7312844394252 -0.7447293794141836 0.003664070106211843
152.58055291363644 -0.7464230738690731 0.010173399627447859
152.64313004847912 -0.6947461014244065 0.0038714179077747367
152.47719901203092 -0.7942834094246769 0.010931232577086648
152.46277221570784 -0.771936278486078 0.016512526196553665
152.52086390223926 -0.7233345304543657 0.0034410245778033715
152.45313925798047 -0.7672156700144361 0.00414443635439966
152.43998014789167 -0.7547279127990315 0.0032750457761606057
152.46680396901905 -0.7437715651450708 0.006576552397325714
152.48786752173396 -0.7413616027210119 0.004753666113409388
152.46954187330843 -0.7213524299260479 0.007098602449693747
152.5773770148098 -0.7098496965659078 0.004327398793083769
152.55734348557198 -0.7109956479273788 0.004173975923452245
152.5744513092606 -0.6937678618907099 0.0033553120351067786
152.62500088381066 -0.699758814903015 0.0031515715737509306
152.6446888881947 -0.6676879334799167 0.004842138970282009
152.624608108116 -0.6600887447929737 0.0032632277433606955
152.55750564897082 -0.6578287785795025 0.006537809089738084
152.5842014963235 -0.6379339296870152 0.007315781814417348
152.55243998285655 -0.6358394048299342 0.002874155920995962
151.18881135957537 -0.761228288284368 0.006580290239183188
151.26703059618427 -0.7740633936535541 0.0051145304622157136
151.09296132128435 -0.7568616734349689 0.003695080290384208
151.10109359823096 -0.7449368465695194 0.00490561215903266
151.11581023739168 -0.7232853425257867 0.002784189200817609
151.09266754644858 -0.7048695695548646 0.0043798000540880315
151.0922029806293 -0.70504825613442 0.009907790380279209
151.17949211571394 -0.7082905620223416 0.0028319287963415843
151.14503668811338 -0.680528616715013 0.014390055688085905
151.13501158289563 -0.6728216530167065 0.011600507644813894
151.1146879500164 -0.6659913721416983 0.0027197129840586917
151.09986822340133 -0.6727897660450363 0.0029099160478869173
151.19321506505852 -0.620023505495458 0.0027046875667919323
152.0312022232426 -0.7479380182967718 0.00272331939862707
151.98603685054948 -0.7297220560799966 0.0038273335254904606
151.9899027635474 -0.7307005659641953 0.0029223059654700395
151.90647624211945 -0.7595509187794928 0.004552309223724334
151.88879988813162 -0.7374094866983857 0.00575515274602137
151.96593501012785 -0.6853303165651123 0.0034526699075426008
151.79905266379572 -0.77502089964984 0.004337745167355413
151.79916436473076 -0.7875365143871658 0.0038062426787276037
151.84789521674003 -0.7347362984099771 0.0033535055900635684
151.81988701530338 -0.7203282537426997 0.008583523087392202
151.77478556083258 -0.7433557553215548 0.004364570566955698
151.79161312792476 -0.7115100329339014 0.00798663523124211
151.87103765305145 -0.7257338865826302 0.007835309564020503
151.85006271263907 -0.6300616558694918 0.0033867700037362694
151.87708786206784 -0.6250971850479943 0.0027563683508347934
152.17251079019638 -0.7920137171729457 0.004743583662370219
152.37144385612328 -0.7406481415075598 0.005114801803235643
152.27913123782145 -0.7382530338464995 0.005849594004843023
152.10675370130895 -0.7548140646946496 0.0035492956320685672
152.09853464062496 -0.7229410173538512 0.0029498052186292664
152.16011362307333 -0.6994906222596655 0.010034314404305257
152.2242462610576 -0.6782090583862134 0.004870148676542483
152.22788516039222 -0.6864146211313437 0.006664727844604044
152.20380629864064 -0.6728628563005179 0.004925847072270478
152.18864421585724 -0.645357499166115 0.00514505811501922
152.23186904722297 -0.6656942559125505 0.002752487907205383
152.24901472071173 -0.6351508170112308 0.007969714146245296
152.20119777684548 -0.6202847141133437 0.004876110284340734
152.22092852530002 -0.6202514758523414 0.003601416331197987
152.4091633633954 -0.7166791249752392 0.012726680447821057
152.39468054234268 -0.7159214236842388 0.01669370749640816
152.39901442393636 -0.7077938970049423 0.0033963416392972
152.4195521859437 -0.6774350972406422 0.005764655911002247
152.45023014824702 -0.659766989998244 0.0029089989843443667
152.43456708296384 -0.6487595996899091 0.0027915381962177028
152.3340115156353 -0.6550955198476884 0.00471533730270799
152.35402304718968 -0.6445079369721075 0.0045501894548075775
152.43712452150254 -0.6332799632097851 0.004545687849766972
152.48505305110095 -0.6250600269723724 0.006216312226237989
152.5208149476117 -0.6154753366683412 0.004237557064468951
152.43226165218908 -0.6203253506545782 0.003047089177131881
152.489393578161 -0.5753320251302039 0.0031534198684759237
152.32198132443722 -0.6406748726016455 0.00374569796133965
152.3187978656635 -0.6136495796359165 0.0033302134048897687
152.36356003552677 -0.5837258735733347 0.006195510960355519
152.26384619573668 -0.611049250204241 0.002777662621383637
152.29864209892483 -0.6039977590631729 0.003428118688020116
152.28012101679437 -0.5893638074651153 0.002951586767229401
152.29668274485144 -0.5677398793415827 0.0034722932383151753
152.31085491516325 -0.525500166811898 0.0032992439548320974
152.36429915300974 -0.5295849558452637 0.005529337886773455
152.36585718797 -0.5170607590931428 0.003669113527283151
152.36357755691742 -0.518216846100985 0.009143579380943375
152.32149537665416 -0.5167028492442561 0.00593332639340949
152.0429842211154 -0.716713431693438 0.007624464903023301
152.05510382308995 -0.7086609135893244 0.002944406003843189
152.05915288923237 -0.667129827113324 0.007429942274665687
152.07218635686954 -0.6469990601999521 0.01231740353152704
152.1350247532821 -0.6333333287712523 0.0235290178453576
152.2105710073093 -0.5967491980716808 0.023910329009837663
152.10586243218378 -0.6235740101634121 0.0027411322840107956
152.10479791944994 -0.5704281066474051 0.003403362110905141
152.15459331526202 -0.549693481365649 0.0045518084699265075
151.9985525389 -0.5866242493740236 0.005860056180319604
151.95885506320468 -0.6003358642412935 0.003627482154710386
151.9144579024317 -0.5889159105090428 0.017491901762841527
152.1173204698417 -0.5326984042680779 0.006578439570466532
152.09216249170277 -0.5089235141186086 0.002837633023091702
152.0576809526928 -0.47596337677594 0.004115896019823841
152.23145170263248 -0.5749192721921751 0.003731036044132629
152.23974470161698 -0.5634924591910047 0.003803837535227707
152.18927553502178 -0.5624542779231267 0.0031495468259545617
152.22584967225166 -0.5332895920798719 0.008150357611727168
152.23775456532627 -0.5193660974204164 0.0038381553121488365
152.18133580412416 -0.5440811007044629 0.00408958994749217
152.21968112422013 -0.4633773249896262 0.0030434540531257483
152.38811225825924 -0.4477005585057805 0.0029936953971799406
152.26436392973733 -0.4454063515316593 0.0037299226841905958
152.30868325318318 -0.4355738998123357 0.004383181552514324
152.2900726396771 -0.414795586412742 0.00406971671243519
152.30231303820466 -0.4156584862885674 0.0027195938763785584
152.17687093998794 -0.4827480504243481 0.00677918209508201
152.1097009399152 -0.4413240836869974 0.004227048585481095
152.25197206772313 -0.3928889423152374 0.0033107518059066767
152.28740747464727 -0.3799330667816108 0.0057177273822032245
152.30329187021462 -0.3681503549665158 0.0036450241462025997
152.1877206280621 -0.400734344480734 0.005284825411583838
152.177821312613 -0.3652493645724333 0.004132229602822652
152.23921477174702 -0.3135379218719578 0.0031590598551122615
151.5511539490891 -0.7954751650492946 0.002936725062716511
151.5553968686648 -0.7871433948018256 0.0030382076618242337
151.50980375185077 -0.7665356803757497 0.0029028615277392417
151.59872241258958 -0.7817661561463349 0.004918335660597391
151.66973776356713 -0.758046185974348 0.004224270444289338
151.57705792835637 -0.7386942949382573 0.004830155078987182
151.5776323118938 -0.7047491199985149 0.0049234040618760305
151.41832995009042 -0.7991880689748689 0.015298458742419262
151.42634780729105 -0.7938520351942701 0.00853338646412908
151.4402080944933 -0.7870043096067594 0.004198422053362733
151.4177819511323 -0.7835745510067968 0.008110005796497951
151.4806037074646 -0.7746266744612085 0.002684898823667973
151.45967087668336 -0.7457926714881643 0.0034888468820200367
151.3895390795234 -0.7670677045499205 0.003635821049197802
151.4708138771862 -0.713875564631673 0.003401690989284241
151.57141382596427 -0.6715343942612416 0.005100168734946505
151.58046356276915 -0.6731878769194225 0.0035398968697995786
151.58124837933062 -0.6725764371282086 0.004565797433239338
151.57321643561403 -0.6576447675822406 0.006765256147900089
151.4719610658669 -0.6677940903273761 0.0030858942883701906
151.49060005274885 -0.6361002284579684 0.01634977647540407
151.69966884518462 -0.7087881128202888 0.004383847112282106
151.73928873584356 -0.7025857812155126 0.0027546546839273033
151.74016858637745 -0.6843780795090266 0.005708679346710057
151.66335661956285 -0.7005441361094256 0.01098130906089319
151.71184281862017 -0.6308939656491497 0.0034180724953342405
151.76781196796597 -0.6278501889755503 0.002843154789796221
151.81071067218866 -0.6078970760092811 0.0033037024820043405
151.74946384642772 -0.6210440929202643 0.011673335418825113
151.76918914661834 -0.6093584810745484 0.0031314122747002305
151.7298346791114 -0.5967170936698917 0.003272196943329025
151.73409708727647 -0.6011081025262371 0.0027494460012497846
151.73891825660652 -0.5843654964614224 0.0031959900209391954
151.73522472090332 -0.5755949193420858 0.003645060152257179
151.74140406484153 -0.5758844328771278 0.005460777727567026
151.8027400006302 -0.5366054532632818 0.004988438697928126
151.67283626736116 -0.6098502443037038 0.003913414317902474
151.6218008649031 -0.6057182697881979 0.010296187900057246
151.56460722387644 -0.6305055203300384 0.00480972398863197
151.61044838916868 -0.522996486573166 0.005407636112386719
151.73416296228368 -0.4986898176341015 0.006267011037983231
151.64285189258098 -0.5182170810296749 0.003059784988456688
151.63596699384075 -0.5169965765153669 0.0038531137442816303
151.71718388230843 -0.4822157218921464 0.002731615130455153
151.71871855260704 -0.4796283032119973 0.006826545427750124
151.33384846971109 -0.7137481877408846 0.0031196572713564808
151.3987834331314 -0.6909090377056633 0.003168233156054988
151.37048663637785 -0.671494819933254 0.002842768991758814
151.39438423691774 -0.6391335369542284 0.00298024295222428
151.30919909651615 -0.6860924700918539 0.0035020713871906552
151.3058875294457 -0.6645773279284071 0.004124530216530913
151.42900573528195 -0.6084931728210072 0.0030546381019535907
151.4813815847711 -0.6218340698819596 0.004076995523639901
151.50420185935306 -0.6049795697049286 0.003753663044014081
151.40898308106378 -0.5984836940038221 0.01128460325226968
151.28217338544684 -0.630833695388537 0.0065364439975511114
151.238453954688 -0.6332430813531618 0.005324046557461563
151.26574103398914 -0.6201291798662396 0.003010660638463006
151.26276007671515 -0.6100591458162191 0.006476923008671339
151.29985531162436 -0.6299874403669254 0.008469339741268688
151.2923641796836 -0.5920957667199072 0.0032837110515896665
151.27390285767405 -0.5502433200753534 0.0039485086123334946
151.36559774361746 -0.5610948131085377 0.003827559182891035
151.33925701945327 -0.5615200384184273 0.011170746325718184
151.39898992360517 -0.5334371986868507 0.0029427751472292357
151.35944330793964 -0.4698226589097273 0.0028536291954572037
151.50995888880306 -0.57916870131674 0.01251499483233585
151.52647599837144 -0.5539343104797595 0.003995194016871154
151.5101853609677 -0.545558024791198 0.003457938258012379
151.56788659870293 -0.5391063884315206 0.012588060444621811
151.55351185605895 -0.5328401659908935 0.0034102565726109447
151.45034726830738 -0.5284793037001695 0.0029453983189569647
151.45271306238448 -0.5192376122313804 0.003848946811366292
151.52206115537547 -0.4861354769090649 0.0071069171009132985
151.6143714190907 -0.4937054196645507 0.00336690683761284
151.607597751596 -0.4510001162131072 0.003461453880943687
151.5571398515644 -0.4515455891246689 0.007363024568659113
151.56909774720586 -0.4300329471590738 0.01335564385767119
151.6241198432802 -0.3855870389861576 0.0030861026651952924
151.60952410501363 -0.3782976883652633 0.015127949797314102
151.40280481374268 -0.4907553712506003 0.0030365908189467126
151.433856525366 -0.4779470585828472 0.00265773129089586
151.5135651263174 -0.4429332360771649 0.004366578073079805
151.459824465577 -0.4484190851163937 0.006729653360591877
151.51300410829273 -0.435229391947695 0.003599635030803261
151.55058397630563 -0.4053695898846681 0.004194312643772579
151.54151598964177 -0.4019989232949272 0.004184541358406483
151.47826815445495 -0.3745254439699067 0.00498835823701343
151.49610132726778 -0.3562396974075139 0.004507708353203437
151.5200321560514 -0.3500065641794016 0.016313981467447176
151.90344420947076 -0.5551678340036733 0.002731178812075861
151.9318643437066 -0.5064145154550984 0.004001441800444986
151.85886103796074 -0.5304161183571687 0.010480387117367334
151.8640891966241 -0.5193789210252319 0.006746841220260266
151.86033623617428 -0.5169574910992988 0.0031013831971782343
151.8551855905704 -0.503532177490446 0.0038991347536635576
151.94592531741148 -0.475393764135731 0.004041008227020468
151.94559022674602 -0.4687732164952268 0.004459193256671877
152.00753128101627 -0.4626849978899677 0.0032942118083353704
151.90320531969346 -0.4639350305368792 0.002712174226623149
151.9099121348463 -0.4419385134435168 0.002893490025655449
151.9020723306651 -0.4483646121114689 0.0033342723395438268
151.7990492739055 -0.5003759651430468 0.008227847424234788
151.7885476325557 -0.4989202391077073 0.0039091229005823415
151.79909052393634 -0.4909572131430058 0.0029503046897238826
151.77198047924242 -0.4730955364965284 0.003669409699514547
151.8261176213615 -0.4157375596211283 0.0050264635737521535
151.7683205275597 -0.4616218475262261 0.015099364690027324
151.76434376603024 -0.4617698487238962 0.0043188108087441
151.80031917977118 -0.4277291223557619 0.0032608886535203446
151.7809270034726 -0.4162731602454353 0.004405588142817581
151.78592755627236 -0.3772752816299818 0.003343174685066777
151.8972670277058 -0.4231156844274584 0.0045899765802895785
151.91901402911472 -0.3994656970894142 0.008355901841978134
151.9244268594272 -0.3745640610818325 0.006321235488113406
151.8649790159544 -0.3698723696868916 0.005952857131526082
151.90063781636906 -0.3320218796347396 0.0027609171191864445
152.08453107259908 -0.4005695024814563 0.0035641143110276847
152.09354478364395 -0.382729812478575 0.0031610458457995844
152.0852397855973 -0.3820078494643497 0.0035466918308266608
152.1173410208797 -0.3840548157688835 0.0034395740965583853
152.1009667616177 -0.3609681335079303 0.006766704550347889
152.0029162302555 -0.3892473360994062 0.006338275752080988
152.02898942261416 -0.362244570308056 0.0028730069039249965
151.96741829009036 -0.3718515304681074 0.004654037996327289
151.9844591180582 -0.3717107688722481 0.08333333333333333
151.99622794057217 -0.3606941459838542 0.0036439090158981047
152.12731877754473 -0.3178565182485381 0.002934731202852197
152.20360802545818 -0.3085934515444886 0.003930523567121576
152.09765475955342 -0.3130174935349665 0.005446954212994391
152.11395358217766 -0.3061407685788591 0.003225585473781843
152.1088842813581 -0.3077077971196483 0.0028134507659932782
152.0727839612521 -0.3107815235959402 0.0027266709401430043
152.13307833563937 -0.2590211120326946 0.004723352356243527
152.14902658312462 -0.2381708720331365 0.008272215116890119
152.14063073479676 -0.2378636779813679 0.0027427018825570922
151.96078735325105 -0.356120643575788 0.0042582554861461406
151.92938640180788 -0.3255646649372014 0.0029372785218001146
151.88966895851203 -0.2970720209103261 0.0034033374259224464
151.9476604786218 -0.2669551057258754 0.003047227679714513
151.95946743682384 -0.2320550307913485 0.0043581275796598365
152.09231159436916 -0.1976952537522723 0.00531852713834638
152.08705934768372 -0.1937286391746965 0.0039655374862034125
152.02912030460513 -0.2340658963100372 0.0035677895129955692
152.02614463192572 -0.2124607531263718 0.0028690312231237293
151.9867253776157 -0.2289981850554755 0.002772269868029927
152.00583744467284 -0.2062225861639695 0.004827001231469468
152.0198927314842 -0.2104248916242422 0.0034464274018246336
152.00528975404728 -0.2056710353923642 0.00938622800441943
151.65455061127105 -0.398601696549191 0.018840235392084955
151.65499000118865 -0.4020878235144225 0.00404646915844297
151.67282911978538 -0.3870774789430747 0.004481148535655798
151.6739652231307 -0.3647782229263849 0.010010400301005447
151.63601754459484 -0.3800615149897232 0.0031634519668631124
151.66901207391714 -0.3247825896479371 0.0027829055352859853
151.6878904100455 -0.3173143995472299 0.008232379918820055
151.81336625508794 -0.338017132149127 0.0074160886842429535
151.78812141055087 -0.3316823799211386 0.004644943916162261
151.82026718827416 -0.3114340181538255 0.004053759874890738
151.63150251609957 -0.3354189873836724 0.004281905857539152
151.60169610305735 -0.3415304046860788 0.003633060412577677
151.62712658107924 -0.3128623045049128 0.0047750889347839215
151.65039369514818 -0.3187825138364497 0.0029905721157909614
151.65649810166423 -0.2854328456496486 0.009430994023038425
151.59141837347283 -0.285210034021548 0.003929581129865458
151.64064865977582 -0.2627268161689858 0.005310187849067065
151.70637733201323 -0.2812812091461512 0.02063114729123771
151.74123104534505 -0.2249483780645964 0.002835791357606956
151.67168417025368 -0.2256608684170109 0.0035955917031241205
151.6781579060621 -0.2194842389114513 0.004368687144442476
151.73581643792716 -0.1833377706452079 0.003029755095953885
151.89739657987704 -0.2453824478901068 0.003071624900671416
151.87062068448807 -0.2568203851562703 0.03478672312930856
151.81368677928648 -0.2251799387649929 0.008371508154638945
151.8838224891725 -0.1973605247711665 0.0029002275560977894
151.90263137967858 -0.1904258494491612 0.004864260215245832
151.96682531571872 -0.1742195943288618 0.009369862323661852
151.9409163970627 -0.1503639491973385 0.008041221026890573
151.90164850813517 -0.1559062867855318 0.002671680924259053
151.91168380027844 -0.1296528336004364 0.008034279287866673
151.98541604437702 -0.1291614886531494 0.010389906746631447
151.97447865664589 -0.0889804207806829 0.007974837357466548
151.7940312578061 -0.1908075997477254 0.006058793343654796
151.8289786680138 -0.1561996267678008 0.004082084351085763
151.73402544056023 -0.15015215250516 0.0035418095907348754
151.7346489191055 -0.1312989569088331 0.00270827751824151
151.76380671345927 -0.1088183983284099 0.019261999604916806
151.90775750397808 -0.1050857462868507 0.004502397448245851
151.84995710867895 -0.1097091927832449 0.003602156643320405
151.88386490642804 -0.0904262931273756 0.010710311685635666
151.9417815016837 -0.0826203526451325 0.0026569452765952753
153.0654683386325 -0.7911853414073236 0.0029823071835715156
153.0701267663045 -0.761721066447297 0.005782387667294315
153.0623342868371 -0.7513008711461338 0.006210305570278802
153.05600700331138 -0.7499000169508365 0.002899855948053
153.05816200407574 -0.7131836874813677 0.008274651457713127
152.99179163389698 -0.7664418028074985 0.002902800368999531
152.98563694112875 -0.7603867536696634 0.0028053610934225992
152.95366415044472 -0.7646016990593398 0.002806897279640097
153.02793015704648 -0.7359986438105978 0.003282175539886677
153.01525167078992 -0.6970277152987374 0.005351107732660263
153.0313802140158 -0.686784470471294 0.003118742938379542
152.86120167674636 -0.7923137177157662 0.0030634547487562013
152.82056608747143 -0.7950392486248896 0.002869558643626246
152.86649516773176 -0.7656226015749681 0.0032734420698940407
152.91069638576562 -0.7323172989657055 0.004356629216427823
152.85291134986792 -0.6966595787033213 0.0033108924585533834
152.92932799505368 -0.7159143718890308 0.004565392958206012
152.89293397730498 -0.7055623045427827 0.0037547735045335966
152.89890191559024 -0.6996526473077986 0.0057607002726736715
152.9494399353412 -0.6503547472383323 0.003766893568419981
153.1228424732144 -0.7212503924531618 0.0033493305796654617
153.04280910279775 -0.6768363905405619 0.0030574546540573996
153.03438314943045 -0.6800399552155532 0.0029178785714602294
152.97245248546955 -0.605283134999207 0.003658804500504852
153.0459012241284 -0.5596761509316854 0.0032410804007897286
153.0269172337258 -0.534151561901718 0.003647850317756664
153.02084663119282 -0.5396012684882076 0.005425573979617884
153.01007330412077 -0.5406818707476524 0.011659950577866373
153.07242330996596 -0.496244228577909 0.0031860730541946225
153.0983456786718 -0.5157175549228054 0.0030200445510001144
152.81514650190732 -0.6929515414003101 0.0031735033757073856
152.72169720408877 -0.6885258256562931 0.013940688547304245
152.7551865472829 -0.6656268856619445 0.010250802227980955
152.76466526116036 -0.6256465256666104 0.004717986182250995
152.76534698462953 -0.6257518161973038 0.011351566027738886
152.84270072542682 -0.637555704776504 0.003742039044436258
152.8700780403767 -0.6331376047993361 0.005049989028915488
152.84383193027895 -0.5998429116574618 0.006006794433274145
152.78302810542706 -0.5954121394078932 0.002993262602028518
152.8329223593255 -0.5488727774936606 0.005743159987542277
152.66319488944575 -0.644276909592419 0.005735131359882946
152.71304994165297 -0.5851039398760961 0.003243689497276586
152.9238350856048 -0.5625654626747159 0.004859735913837652
152.97326666280532 -0.5575618816128284 0.00581888674719738
152.95117446515698 -0.5375691980155923 0.0029170627710050786
152.95646074571914 -0.5117690378474775 0.003035782825052007
152.86553928654118 -0.5270523920760258 0.004007701984458329
152.90974824384236 -0.4897356719966786 0.005975933343099932
153.0640680970124 -0.4191530695696169 0.003547745718578418
153.01005958681054 -0.4061032794496109 0.00276328255084897
152.82280968187536 -0.4991638657874697 0.0032447602619521693
152.8484263247282 -0.4582053894410444 0.007144976991781387
152.9128894518822 -0.4435822172279847 0.004122647659881803
152.87977958017248 -0.4377950701213374 0.0029312165536647433
152.88212800701598 -0.4198306480518236 0.003691172993050811
152.8290697037047 -0.4388507449406874 0.003187933214754497
152.81801562216995 -0.4271309840735599 0.003111852328870306
152.8368537133905 -0.4089363679216103 0.0033079873081711315
152.90855333090772 -0.4070492173181592 0.004596177946995334
152.99276197909538 -0.3884640851937713 0.003999814354133513
152.98454421229715 -0.3654251666142845 0.01228529203547107
152.9176306352831 -0.3482675394078301 0.002700878107484202
152.9373681368312 -0.340185052983148 0.0027936961520586643
153.0545872636464 -0.3877636975514633 0.004590974490259968
153.09493979523916 -0.3691741662147875 0.0028318149462124064
153.07410366531678 -0.3461201979672369 0.0036454311864088625
153.08077322005434 -0.3284800816248569 0.0036715290991939237
153.1185855001273 -0.3075108122838963 0.0049724046007492305
153.05790660944174 -0.3360361891411926 0.008212441134360492
153.04063501916175 -0.3181384750259514 0.002706400435200869
153.0645663032034 -0.3319663717087623 0.0035695139997608508
153.06826995371355 -0.3219661619220579 0.002801717156857643
152.97772614853687 -0.2907570478705348 0.0035847618959387656
153.04878288924215 -0.2619982411791721 0.0026782115560270766
153.0372282997008 -0.244140105387204 0.0036009454270756543
153.09940142495768 -0.257538380084436 0.0037447343945784467
153.0521924335016 -0.2344309024823637 0.002944839566578858
153.03495387832442 -0.2370513261864827 0.005546276472367851
153.07783891192466 -0.1941960482350797 0.005054585528372861
153.09278894843894 -0.1778846970262123 0.01347710880612745
153.122490258073 -0.1639150962342537 0.009785272167281232
152.66351066759245 -0.5239594794697332 0.0034691882326929107
152.53609847092156 -0.5284808901147512 0.006425330029739523
152.5723789671232 -0.5168395051124024 0.005924544073711762
152.5970228845042 -0.4776985889616702 0.002842372054435692
152.66501758328536 -0.5158893057208503 0.004131545021361799
152.63956152294352 -0.4365451709246873 0.0027204181557649015
152.4979773722001 -0.4957694405369771 0.0033693042875287604
152.52633164467946 -0.428962074821075 0.0034511974718268268
152.4574153758038 -0.472360944733445 0.006547120807754227
152.45598452557144 -0.4531961925068854 0.005983439506680574
152.50739924872408 -0.3977226016186449 0.010676100284387282
152.5588472380308 -0.4292801819817174 0.004325997803736102
152.6052815649398 -0.3608364454308903 0.006483298605043571
152.55263386470108 -0.3868269587932893 0.004077798667469598
152.57813410258774 -0.3549150769358908 0.002930760904993374
152.61274181714225 -0.331430200588063 0.006453087584640813
152.82250539926542 -0.3805717843366907 0.0056383094738560935
152.7970737011835 -0.3533418636215346 0.0026458451891100752
152.7158421045527 -0.3992793085996022 0.004179986985755716
152.72856983937967 -0.3702115850944087 0.007522011180616591
152.72775025298074 -0.3636114825316961 0.003382337452946105
152.71717798354723 -0.3449639491438229 0.0027901702875726187
152.7492730464987 -0.3577149054167138 0.002801664612390223
152.73551167823962 -0.3414261355847975 0.003599556705652078
152.76630518634076 -0.3233557383380613 0.0036557410431813328
152.73709729355213 -0.3188968194642116 0.003896692849799835
152.88197811217933 -0.2986185861979073 0.008562443417881978
152.88180721722165 -0.2992902694022967 0.020800876457864468
152.85649070969652 -0.2831595606494443 0.006722085616710281
152.70661976351434 -0.2753919842574508 0.0062297446330581985
152.60301383827814 -0.2926475345846698 0.00553371622926637
152.7329540136444 -0.2542393274393675 0.018478934225095046
152.791502015521 -0.1950956314279832 0.0026969532892580877
152.69411453387676 -0.210215889070875 0.0038175580493991414
152.76612844084056 -0.2075852938884635 0.002726476003044366
152.54713016621164 -0.3228434187736659 0.003908304112352769
152.5613084360033 -0.3076711397555681 0.008746095388260705
152.48041333188368 -0.3066401951904344 0.0037327888965933255
152.34001777232257 -0.3478642651695068 0.01901647271453586
152.39468079283972 -0.2931626623982892 0.00325085160020262
152.36722549742694 -0.2823430611502541 0.004595473960797663
152.28623908888818 -0.3165817462668436 0.004077070719242567
152.3204273010255 -0.2475586126879616 0.021717968311474194
152.30093125561845 -0.2387005428219997 0.004451433036549051
152.4143136550227 -0.2779423570971486 0.003813962245290621
152.38612225105453 -0.283485992030264 0.004001070184716328
152.44221332347402 -0.2466491628172079 0.00303971313138095
152.35441931362772 -0.227990312743031 0.007578170280975556
152.41146099815472 -0.2067068039096431 0.010633985030395022
152.57951892724338 -0.2727782339265974 0.00528368343599428
152.57554806952945 -0.2649141965581305 0.003218876576872284
152.58730859330814 -0.259065802060532 0.0026581708406784718
152.56158741605606 -0.2436669289796738 0.004265383991116273
152.58454152744247 -0.1723774939554312 0.0035893651317195365
152.67418445313686 -0.1438832236919576 0.0032788096123258985
152.61657023616985 -0.1618780195215942 0.004067411709962715
152.64497179380982 -0.1366392922329888 0.004293386532052768
152.62933252102073 -0.1100716275473804 0.013091028086080073
152.4314571630216 -0.1615681562271509 0.0029386390784913612
152.43319853214388 -0.130911222960113 0.006314513696839341
152.57540102825678 -0.1290374647118101 0.0027840690003020523
152.56058741180829 -0.1254792996191189 0.0034935709255914387
152.5744882437971 -0.111073845588831 0.008765317252853195
152.50917001318888 -0.0891689224132431 0.02507160036392694
152.51281843713755 -0.0722419451776981 0.0029942476999144387
152.56322911732315 -0.0480900079984397 0.003222555714830383
152.56558612695562 -0.0175548816286938 0.0028180464323923015
152.91621123854918 -0.280662938563044 0.0026492445807098793
152.94935271204372 -0.2177435165450333 0.00314179134966682
152.89701865851112 -0.2302770931018886 0.002814036586704564
152.92018519179538 -0.1866859213659285 0.00389264670945107
153.03437334338344 -0.1953786297741619 0.003555013584592483
153.02550174050407 -0.191119688275078 0.003991776523121434
153.05172224455063 -0.1401466406589499 0.004013714243244018
152.99910954545973 -0.1591021679735581 0.005092227226699785
152.97046725412892 -0.1513750484554073 0.008743583656429028
153.02862465412505 -0.1044825747590815 0.006516322721078531
152.85396273615754 -0.1999223128545552 0.0043476222191898015
152.86132288769858 -0.1705648493275265 0.003031193455584889
152.85246654154045 -0.151512630653842 0.003970409987181862
152.8917277383588 -0.141661734516046 0.0034665267002469266
152.8903907037257 -0.1237457745214858 0.006920941998491886
152.81023509124265 -0.1661293870415504 0.004373011954896002
152.81201812192964 -0.1402713851193144 0.002986620760440406
152.79011795982683 -0.1389016122390195 0.003133460321111518
152.81624191236864 -0.1319510895787303 0.004959832095356891
152.81514093205735 -0.1227489787758069 0.004388613448348418
152.83627650202806 -0.0795474070386271 0.010158157439912446
152.92806056879934 -0.125873267718877 0.002848904161535735
152.93622757795927 -0.1205752787064974 0.00897929292809312
152.90878206007343 -0.0454833604880487 0.0033369949515002057
152.9218229799444 -0.0157060891248561 0.004785192734005144
152.921208361344 -0.0253904188527875 0.009953253713926354
153.11615092503203 -0.1383648127230005 0.005497339702966551
153.0783781525293 -0.0602327056725087 0.002699581383882123
153.0160971892097 -0.0605648929767332 0.0062862031166799354
152.9561585644105 -0.0108325062708762 0.003568668723328449
152.95214278056898 0.0089743071042311 0.010634072444544115
153.01139235635475 0.0218540752922577 0.005440481083691919
153.10676587485673 0.0050831152928012 0.002671819065885589
153.04235019383307 0.0565871360845403 0.003254151399354143
153.12078473102457 0.095251910839809 0.007478015734461483
152.72323960509394 -0.108653259785149 0.0033854672710304143
152.72985974568934 -0.0987990948695351 0.0031438244674887434
152.78621184034023 -0.1017460304760029 0.0037995824201223338
152.73831856526414 -0.0851269773546914 0.0032191946672910326
152.7255983332925 -0.0812764888231108 0.003205680198795269
152.6792681957138 -0.0824665457404588 0.005849790590944477
152.7641656316264 -0.0156894315201157 0.004779036908791752
152.84392229465266 -0.0136838267264033 0.003256802064079285
152.8434281177338 -0.0133241512997657 0.004256872765085101
152.9101650862243 0.0092190528903431 0.0026489147377384476
152.80346609714593 -0.020766971719896 0.009270678377842375
152.79554136741135 0.0202560319541398 0.003816412675581527
152.6680515220227 -0.0710166507618991 0.005437440837537668
152.6823099514672 -0.0373033972748649 0.007549118447597773
152.66398718492695 -0.0308250727234568 0.0027954911687586696
152.68925907652005 -0.016935062252768 0.0028238063767224647
152.64144408723186 0.0083922059436194 0.005953123806407711
152.68532536880846 0.0340451108572765 0.0027630022566164513
152.63172014534877 0.0421121243746769 0.0035259161866193754
152.78882465185433 0.0333471776349263 0.008097732283790838
152.7765068624138 0.0511155621761664 0.0040354986337982355
152.81970728105318 0.0901493540686055 0.0036417395242403857
152.7796385765557 0.0876354160255296 0.007261605554185258
152.80223769038307 0.0839187846948424 0.0032175631885888335
152.752302527419 0.0746693504018828 0.003279605602325017
152.74802832234502 0.0993948407547736 0.005512992347172099
152.7458948660453 0.1123771099855474 0.006614919594284269
152.93070468012831 0.0126006945834867 0.004161763094036516
152.92049908064166 0.0154884391839701 0.003750196460744619
152.90438338333863 0.0248387972478714 0.011130139423171415
152.93902380688388 0.0609544893370655 0.006778764628017491
152.9901283542496 0.0978626002907745 0.00411370040652218
149.63709015956186 1.7447493449092044 0.003492733258206689
152.9397682922981 0.095043809752362 0.0032460623288217403
152.90087313105786 0.1115667690092176 0.0034321262477874388
152.93247279165942 0.1159836473389253 0.002691190522128979
153.02686724839035 0.1363732602365628 0.0039168730841283115
153.01629748233037 0.1337071706339873 0.0027164989069226302
153.04754263897766 0.136440800827649 0.004512224399562771
153.08043394727912 0.1453104407427434 0.0028753224788894177
152.97067917425483 0.1175057313361602 0.009647447183085672
152.99958055327477 0.1893867772343119 0.005899586723586875
152.84303955094194 0.0998633028644707 0.0036572996094955883
152.8359866994809 0.1173274657338948 0.0155296087600942
152.86929867926986 0.143592594536781 0.0028967390210424466
152.87326144826338 0.1475560205896674 0.0030828566763674878
152.78686057829103 0.1382777994511453 0.0034417875526866425
152.95557818798386 0.2067885059872894 0.003088291098232802
152.95739438019177 0.2193382961423061 0.005913834405848464
152.95521878514336 0.2367312008602916 0.0037080603994301088
152.923585696273 0.268060429078004 0.005880133884451365
152.30612051347 -0.224873230436057 0.005164077301301625
152.2525672400779 -0.238680164393238 0.013340110734488988
152.24470861682613 -0.2185404967676578 0.008180324553804881
152.20883706374403 -0.21800910250785 0.0034786421876806797
152.1469167970198 -0.2177321888401158 0.004565759901494123
152.23740637032665 -0.209802425433623 0.003645389259042017
152.25997801852077 -0.1827456343453542 0.002813728792102982
152.30672415134003 -0.2122960892877422 0.012143569693090711
152.33061142791257 -0.1711174982291656 0.0047266237692202735
152.35663557315874 -0.1683694321288891 0.020041285950112085
152.25299123111307 -0.1448602797622997 0.003555082590892648
152.32896585317596 -0.1211622453190151 0.005148969266811957
152.32377802777933 -0.1065873919572222 0.016483550752158172
152.2968750996704 -0.1181643064441891 0.010891776590524005
152.1034745109891 -0.1590177444901056 0.0029892603018061964
152.07832935440533 -0.1583354905501348 0.003643206932033785
152.14981084030137 -0.1363840913325344 0.0031243733490871287
152.13385001965398 -0.0811061861701794 0.003021307158062231
152.1663788630429 -0.0599276956283163 0.00351815621741056
152.2376855129123 -0.0400742253591195 0.003909527295381697
152.23537105824758 -0.0185807563051808 0.012728768108324925
152.23520667756978 -0.0142911726955339 0.004562856699784231
152.3891825309594 -0.1003243530087194 0.00483221917787722
152.35870172601318 -0.1067746347183962 0.003712288795934672
152.378207368401 -0.0931365357564726 0.003759808017266342
152.52558506819184 -0.0357030114679513 0.005771630763851583
152.54376159383943 0.0082412900732767 0.003021539037664663
152.45856246688805 -0.0111460622374969 0.0034753906999018306
152.4819245267656 0.0276178091484438 0.004207304207208255
152.50336966048678 0.0289521743599695 0.0027628002371740856
152.33405417645577 -0.015697567342973 0.0035171736805337597
152.2854930457163 0.0023659876836395 0.004809083963225337
152.27180721863803 -0.0005274312138322505 0.006398739569428071
152.24051089153613 0.0043031629569633 0.0033371950414329637
152.3134072850806 0.0089851643747902 0.004567008234060301
152.35771730027818 0.0382291583131275 0.004865224831004175
152.36837190974987 0.1013014057967588 0.0029032717256364604
152.34088097148037 0.0930197997137533 0.0038688975503521823
152.04621417749263 -0.1170749596094401 0.004563927056260985
152.08909142275374 -0.0800426643687565 0.008243803941635547
152.06337787360368 -0.070881265199316 0.0030967813983798285
152.07157359493502 -0.0721327350724692 0.0059089004001569275
152.0233556531878 -0.0955111159309786 0.0029947852096902585
152.03579147812692 -0.0720079982070077 0.003680156983168355
152.0592442348481 -0.0325869228797194 0.005075364639843077
152.16076458297738 -0.0483833617565235 0.00444835347263681
152.16328416135872 -0.0346105044730752 0.00509657840377464
152.14232437360468 -0.0035087191306663 0.0038180447527377563
152.15905384654636 0.0432660012006104 0.002932478789849641
152.01223454658358 0.0101891572522066 0.0077700675537331065
151.9894588765513 0.0187759143276128 0.0050746475509517745
151.9634803807003 0.0056760009494548 0.002892831511783709
151.95477726985297 0.0528904776553363 0.003504500446212497
152.04501942030342 0.0746614247545924 0.006487107347481037
152.02683165153394 0.1161549694828264 0.002950201670709508
152.0241342315331 0.1202995301126041 0.004961544428349686
152.246004252296 0.0720831666686513 0.008199518396943321
152.1816649982578 0.0587653259599955 0.002915481598268358
152.2352871685923 0.084775959181879 0.002798123085736926
152.2273765205212 0.0993935654869825 0.008044039687020872
152.2253739525338 0.1059418492947801 0.006585596298037613
152.32866199069338 0.091213870420136 0.004395822621408098
152.3638795453035 0.139708857890822 0.007595335804382317
152.39611156295803 0.1515656415907172 0.004195154112374875
152.36558135659462 0.1432458204950386 0.005242186161315
152.26907098245098 0.1390941285145111 0.0029981410077786846
152.26630805205238 0.1366668466484062 0.0031000554327551963
152.3077965313739 0.1915876405037307 0.0047360773272169705
152.16114991254858 0.1279939525497027 0.003003715008834093
152.08254667162396 0.1264837307715456 0.0031632643699835766
152.14261133261294 0.1880357924184564 0.004487151104507136
152.11259209507105 0.1995846129514545 0.009272409849492345
152.13884278366837 0.2197345181953478 0.003942004580813107
152.23063645614377 0.1874725361193546 0.005072292790745062
152.22517152860965 0.2004959380269594 0.0028175331508308588
152.23185596471654 0.217539402329254 0.004247594889589326
152.2742490880733 0.2350707261154301 0.015270984966661115
152.21073089862756 0.2429536747092499 0.0034562735245856303
152.25455413790232 0.2739654337994818 0.0027298719722052235
152.62359341627078 0.1032801268825426 0.0073765920231424155
152.53826215012324 0.0596435869309769 0.01131861309403065
152.51038414935977 0.0586057459709862 0.004560759113349655
152.54940279081185 0.0939502174637573 0.006150240581954696
152.61772014281357 0.1111228444589371 0.003162460134859239
152.64623859033594 0.1048153575085229 0.006283288335318003
152.6346253570099 0.107758417998883 0.004016004766734462
152.64624456306393 0.1192986308572377 0.007575165569762176
152.6705286339856 0.1194428490453222 0.007086241835413986
152.61083081549927 0.153219777531782 0.0063278184382300874
152.66850508546722 0.1756129795826104 0.002877456153610831
152.47588899467704 0.1131277133144424 0.00271008813366199
152.52815027744526 0.1351359240263971 0.003973748798559411
152.50630406456096 0.1575047580040729 0.0048683796077050295
152.48157145341372 0.1791612681397723 0.006245634992868079
152.59969376712033 0.179841171346762 0.003365524098423199
152.60114069886637 0.1883290331779893 0.0044494965525410796
152.5397379768423 0.1876060303220239 0.002833810822860022
152.55619630000984 0.2090823002294507 0.0036055480248900714
152.56617171346534 0.2214471238319837 0.010553156888261124
152.52059242363163 0.223222645573612 0.02902057847630866
152.54602681594707 0.2434218586950343 0.0048468127828608975
152.56764250220243 0.2422764219255789 0.0038777263216534575
152.60000003533298 0.2770135526666972 0.003004950031381261
152.55389132122895 0.2715821829803783 0.009015208277041125
152.81800192843585 0.2418699431890316 0.0033458561455300675
152.79814331743165 0.2552825922949639 0.015901696110637593
152.76428955115654 0.2495568845346815 0.00446336084882531
152.75634696162305 0.2868321392702321 0.004579993900422052
152.75003257195155 0.2865148864425404 0.004752088057197356
152.84574148757048 0.2380328911501858 0.003089634099198749
152.81312276820617 0.2483976854721751 0.007578494846429501
152.90025119740807 0.3112442805812339 0.003922462132695737
152.6669570791487 0.2522213070930088 0.0036842226196149514
152.70919861495858 0.2746699013972786 0.0028875289002191665
152.67182685075147 0.298385941260485 0.003342529505647193
152.6204380345749 0.264243292968472 0.004020918029106853
152.66367414846482 0.2984212556821617 0.00945104573131224
152.6775388328919 0.3170298010305749 0.0033364069686119724
152.80416695845437 0.3672402593639263 0.0029013665157779697
152.81935765096327 0.3691266782557459 0.002882181953887314
152.77710637048023 0.3622351692310043 0.0028493687347816267
152.78061637120285 0.3780930846696901 0.006108064642620655
152.70255769941642 0.3537970854722277 0.0052991538021037905
152.74292353848577 0.3673003586546771 0.0039044503501548928
152.76923802682805 0.3946172344820172 0.005608816731231417
152.76116079693543 0.4046540257472194 0.005592634141514093
152.41702983145302 0.1739516329134186 0.008369704972405106
152.4135368943952 0.2150952953093437 0.0050598009775524744
152.44111219709887 0.236033666789707 0.007214661667594656
152.3704038583977 0.2133722973244862 0.010158244100313211
152.39587693949923 0.2431637165483765 0.009291512374253087
152.5150556246108 0.279610465361554 0.009053333932189982
152.56238363937553 0.3062368687422077 0.003308157322244846
152.41582695028953 0.299743002002203 0.006233348874536448
152.44949786385394 0.3082650091537362 0.0035078461673581415
152.50017713242795 0.3446102748269927 0.0028854828314844884
152.31610820683204 0.2442470180791807 0.0029113033466462443
152.3632969273478 0.2794609561027828 0.006233985310895114
152.36549507926856 0.2778067342976966 0.00532884685899689
152.3717136068342 0.3014982480749649 0.003962329425053678
152.35522637841373 0.3009908368020303 0.0029201756456684242
152.23882642840542 0.3003289579899461 0.0054482479562875715
152.31728142316754 0.3328805072194353 0.007174221970382552
152.33780019319187 0.3531816814542062 0.00530377594934341
152.39819036623234 0.3140291324953622 0.0028451146349623194
152.40852961459578 0.3299323858753575 0.0043324090026389895
152.38634897824343 0.3469855564017695 0.0044152298745915326
152.40427770696544 0.3480907058427294 0.0038864444949125204
152.38713698534522 0.3591274570512621 0.006828396084127211
152.45260155852895 0.3420349982583837 0.004654123834830164
152.45132392077403 0.3981637291057971 0.0042874904886640725
152.3680112854546 0.3543233338376638 0.0028301933723615873
152.5458820980607 0.336625361935793 0.003093423209237958
152.57527411335326 0.3431116072693368 0.003602122180784313
152.6265216484017 0.3590899214075019 0.009877372209481643
152.52684763941224 0.3742657742844285 0.005206647122509824
152.60150904025244 0.407300618181463 0.0033983379439690427
152.60222461236245 0.4064594689638776 0.00929784655489755
152.58807721838963 0.4222557204409521 0.0032892752681443664
152.6333818181574 0.4711283428572545 0.005570250927434231
152.6763683941255 0.4573404011120995 0.005594215015607443
152.54358609923722 0.4301955800955919 0.0034903365861830766
152.5079079965338 0.4454635039614742 0.004692310468102827
152.4479591522825 0.4447594329466437 0.0058122934079378515
152.4542938582801 0.4437025568979857 0.0047669233598195224
152.42313462352445 0.4428581767967324 0.007914109403881807
152.48351986388997 0.4749196495822232 0.004776594449195623
152.51102885053865 0.486807035685849 0.00341696589911224
152.51081393718806 0.4876042639986058 0.003993657251780441
152.49207037333707 0.5023968038988339 0.02411068050198184
152.58729911919167 0.5244571196695939 0.002872479841756713
152.52024557611557 0.5338759605745761 0.007465333771891972
152.58702056046363 0.5502097731490377 0.0030784101664406626
152.59548342791504 0.5764640989841334 0.005123802893568481
153.03797221661523 0.2266273060708168 0.0033843500733111644
153.09079502448878 0.2516812959215661 0.0033752914525436504
153.1009978340212 0.2590200225673922 0.0026463193331058865
153.104717307591 0.2787279285090566 0.005182543840783901
153.00957863747112 0.2665988047829057 0.027828746943458375
153.00520736397104 0.3488140525602087 0.01319390551369029
153.06355047354623 0.3924124620877804 0.005817491730526007
153.1032040824362 0.3751851502807273 0.0026942229709819134
153.0767088317268 0.4057127556080089 0.004010129102969411
153.0910135100029 0.4183542234150012 0.004859323022021775
152.9542285320259 0.3503832105219906 0.004174553340292221
152.99151842058433 0.3681949926591525 0.005215102091100466
152.99311249056913 0.3821532345976454 0.006119557426730962
152.98903814918285 0.3808304281501027 0.002725250478796836
152.95578376052168 0.3807149992364339 0.006630704740932968
152.97108465168773 0.3753575511003129 0.004283344790584466
152.96793033322223 0.3967207707770685 0.003230629724412475
152.9177993793793 0.3975951041015515 0.002984308834811424
153.05120775376162 0.4177294813140828 0.004828637519508541
153.03318659081495 0.4516796933284723 0.0035988169278666038
153.05296931338998 0.4653638013943388 0.014235559949980148
152.98111652757407 0.4534608072123215 0.0028210964187222903
152.84224072343656 0.4238512238668521 0.0028687610097076132
152.91863603668023 0.4411360219654064 0.002714251238186851
152.88715287887098 0.4569807784065972 0.0032905300755254815
152.82512776904534 0.44941863381719 0.002678902358657194
152.8192991622546 0.4505194212084967 0.0027244435549539556
152.85596608922 0.4957696695047014 0.002714021474219692
152.8562576447682 0.4961540115016603 0.007539022155636985
152.8264792924079 0.4942006025186878 0.002682543879392036
152.92421723771233 0.4631299191588988 0.003608594348401721
152.9415077550355 0.491949044340259 0.002869182442764151
152.9785896639872 0.5054299478707894 0.003640110895847419
152.96912784959653 0.5517384890690491 0.009310540736461936
153.11688586688334 0.5114610659646296 0.004008253907475238
153.09807368060575 0.6030347128144546 0.003924749651937152
152.96332796919816 0.6232058913456583 0.008484705438483396
153.0188919949208 0.6373852253535316 0.0055984213920211145
153.0758291983832 0.6932609230155502 0.003201651296873945
153.07403440935735 0.6930274970091997 0.0042651155804376605
153.10639503941937 0.709404365745188 0.003624033091468078
152.83682909235625 0.5239578362831541 0.003126424026653298
152.7756527873057 0.526102722807755 0.004086245258160633
152.74290516623574 0.5389880615933015 0.004261397135564324
152.73651077549485 0.566845393598658 0.0037340862460851745
152.86824161837518 0.5520185519999182 0.006330908031555006
152.8194128647707 0.5589251756917798 0.0036496723691275246
152.66059634641377 0.5426591163533682 0.003220867354856807
152.6651185046152 0.5493720768986513 0.004279735799828017
152.69845589298754 0.5580637366148427 0.004296411047380047
152.68448736289798 0.5770368511699625 0.0032252051500600023
152.615929181175 0.5729847891553256 0.0034663657874120296
152.6211962618881 0.5932379337122827 0.0029603252850256695
152.60708121769616 0.597709984883963 0.005487843332790263
152.63844330051955 0.6141588222278632 0.0030076236391927327
152.6751941882045 0.6072567011978998 0.003239847583705996
152.73629496654726 0.6286728576225457 0.015701215509539304
152.93264525117155 0.6641734709876137 0.004634339539277463
152.96547526938295 0.6553392526432692 0.0031480315380340088
152.93959418984034 0.6773863740323609 0.004801242973741674
152.84911755554606 0.6702918413919647 0.005389521324466481
152.86029743329044 0.6753023117962713 0.00358854118256091
152.91776365282837 0.6969428530083535 0.0040188154168425425
152.9532607648928 0.6983066924028449 0.0031603638803121424
152.94653674926624 0.7020083446630234 0.004353239484357018
152.96034872256715 0.7159651649327642 0.0054980206239267195
152.9098961299442 0.6969887862007087 0.0027945613264388717
152.89872935581965 0.716691433326863 0.012672947613438654
153.04815463155512 0.7278517953447584 0.013496366543818921
153.06626780333323 0.7436660824744044 0.0032112465050849427
152.97442376531524 0.719246014790503 0.010034704653025837
152.9587055426013 0.724833720755639 0.006422907308964486
152.99295328352892 0.7709523999500388 0.004567277502259593
153.01581578677695 0.8020275101519486 0.004386935504910121
152.89291542317017 0.7172567887606801 0.0030126069219197863
152.77292630165172 0.759857046554236 0.0072140297606231776
152.91644823976193 0.7896670129813415 0.00511663514546771
152.94747051973536 0.8307337665064224 0.018176120348786406
152.9813839225888 0.8365363325748293 0.003543478317118594
152.87282679621856 0.813543520175693 0.0033652691913792594
152.96120822949285 0.8547526852710986 0.012752428423591379
153.12126767490162 0.8170168560256194 0.006672426670444805
153.121004420721 0.8165068824929315 0.02996168888652178
153.0540424305539 0.8060136772535738 0.009513223929400915
153.0689783259161 0.8254640348561134 0.002789180656423722
153.03117129837693 0.8106880814220552 0.013743755155523075
153.10409073176888 0.8541639555230978 0.006248431305680116
153.00831441192443 0.8557504916048738 0.006998022018627417
152.95592614699214 0.899139121483283 0.007489485764187786
153.01210021549716 0.9292164635724186 0.008686092293465909
152.9858595224455 0.9315876672505788 0.002660405332231671
153.10100389267333 0.9052038124955966 0.0036006275456390937
153.0707663657397 0.9311380602815456 0.007130334591242336
153.08885137052908 0.965530365882944 0.0044375693129977455
153.09737509943807 1.0097151881137776 0.0035570468850851275
149.9048524556393 -0.7884885237784564 0.014326067550391952
149.95607523122703 -0.7675809122392103 0.005436018982539751
149.58276428006135 -0.7826096995371016 0.004908034983335229
149.78928712912926 -0.7968329250921745 0.0038101035994648346
149.8436140933555 -0.7958751463796362 0.0028328523839223187
149.8417563052367 -0.780059281654702 0.002724621313663117
149.8739764986728 -0.7622748027859503 0.003288108612016907
149.89697100484818 -0.7428185973689514 0.009598387071353857
149.88744492694087 -0.7359347287328133 0.005398566552190798
149.7870222189549 -0.7636804667446557 0.00280749831717837
149.66533769895528 -0.7803611710379089 0.003514668706754332
149.7289719928248 -0.7716550705204946 0.0029691141834720775
149.71153436905846 -0.769719405031207 0.0031248817640336635
149.6466618350361 -0.7684422067148285 0.0027793063176285407
149.60380513325163 -0.7446901961648698 0.0031317319976398076
149.75755780541894 -0.7167805036142505 0.0030446893254793177
149.7594109507225 -0.6775099635674143 0.0084185998954116
149.72500419913084 -0.682940831310058 0.0027426982828359097
149.69845155065084 -0.6748419603376873 0.004512347831844981
149.7160559717574 -0.6741971315330656 0.0027489778759780116
149.68650126693342 -0.6656741808209568 0.005468238516784309
148.15363570714086 -0.7736192091114005 0.0033454186572458022
148.40365672430462 -0.7965024550277214 0.006014234458718903
148.3838082419993 -0.7891754515554564 0.0030589656459233533
148.36686858792893 -0.7837738341750087 0.0032853219447260855
148.35282200793347 -0.7865806219935477 0.046533547740130535
148.34881107251084 -0.7645562596635872 0.0033351324779460454
148.3459285013567 -0.7634390202226118 0.004368271162976458
148.4534068699587 -0.7849763458298141 0.0031661799881972028
148.28146155541808 -0.7838849539066757 0.003614978258063811
148.26043642727709 -0.7665347991460937 0.002800539835929407
148.3334227618923 -0.7325759305843318 0.004109032389587263
148.23492011650924 -0.7088748421269753 0.009165881740503135
148.34605580145916 -0.734681218684345 0.0027368865455875257
148.36507395115422 -0.7103254779947885 0.003272852285445081
148.3773639471292 -0.7002735035363357 0.0027508809740826243
148.38652878970368 -0.7012749051378623 0.004161643789716506
148.36556269345516 -0.6854815371234426 0.002750851900545028
148.3719082908351 -0.681343308637856 0.0074690602823163955
148.33626251713 -0.6739644833019097 0.0029150830661225317
148.3398471039074 -0.6699463578331855 0.019191525377064075
148.3394233477221 -0.6622248389178904 0.0034565011810821123
148.33576206386965 -0.6520788752979335 0.0045068384373501075
148.35033445565395 -0.6470488030405765 0.009098867685323463
148.35370030404724 -0.6432898025453619 0.0027188047788810387
148.39240452821687 -0.6374525010526098 0.003672877718853038
148.35458046797348 -0.6111600489459857 0.005982308353056963
149.23358548633337 -0.796505627485155 0.003239805957035309
149.2130998609147 -0.7819036369141095 0.004120801259539087
149.05259417324487 -0.7940273125506614 0.0030483711979824883
149.06628909370266 -0.7941430459539857 0.0027560251704678994
149.13891489304868 -0.7622166817204328 0.0029900865856207896
149.18287985779438 -0.730759991225784 0.0026674451912475266
149.0967765799609 -0.7600295903205518 0.004787120721148138
149.07576439928408 -0.7424775545212239 0.0030808254243109286
149.1047657051821 -0.7333832082531737 0.003046087746650757
149.1831716672992 -0.7141504133009994 0.004966862010900713
148.9844004834491 -0.7388912252846106 0.003768273572944052
149.0550227104297 -0.72584002146583 0.004647332861804742
149.04851434361427 -0.7078243385959614 0.003709343132943794
149.05936127584553 -0.6886613802624164 0.0031131903071779455
149.09711218837785 -0.6892648337178259 0.0032858836741934748
149.0218208993228 -0.6625378279204767 0.002786211174015782
149.05060415543903 -0.6136157119849527 0.007987769049495958
149.06582127408632 -0.6098347762305988 0.006613168137284385
149.4686988263909 -0.7933359347500403 0.009516405068259291
149.40574778586785 -0.7919436867654257 0.007890295523796904
149.44058789925646 -0.7878132334060945 0.002950856733198991
149.52150423452005 -0.7958314736886469 0.003089543501885146
149.50961307273084 -0.7671550259565453 0.00499648168278484
149.49224348009176 -0.7631003097889809 0.004396827522935059
149.5015920542904 -0.7532792465001338 0.00509493684028799
149.55548181075542 -0.7703176717696602 0.0029743314591994733
149.56897197307217 -0.7301236103726256 0.010720649676715098
149.47225641202562 -0.7349044596915126 0.002830487032849412
149.50858151800463 -0.7257077582750547 0.003214213786997607
149.48613895626252 -0.6854550296293652 0.00564020968045116
149.3363077055915 -0.7990064248610831 0.0032762801050692726
149.31532098666162 -0.779547966229418 0.002717174527673489
149.32122824173308 -0.7438513517528296 0.003940832214029642
149.33764082574083 -0.7091649590075069 0.008003022808271528
149.41933836433722 -0.6607362312798153 0.0031110027113810342
149.42476574139116 -0.648596262478694 0.004241075995490201
149.4142929713955 -0.652605333555325 0.004332707387308749
149.3928231501766 -0.636927390398794 0.0027943284316254394
149.42045302668384 -0.6133703145943079 0.00281913549446986
149.59337323639303 -0.7401689970185509 0.0048151103513776015
149.64810207680463 -0.6476042507675713 0.00267277767202908
149.61816824459862 -0.6499690769531097 0.004242695365427319
149.58115347755947 -0.6592665245251899 0.006647116410587781
149.58121031723925 -0.6095621873663408 0.003058523414726027
149.67397243983058 -0.6518423622397248 0.0026570520962740695
149.72926699379212 -0.6049102058776964 0.0030244834307072968
149.7199659950157 -0.5715626271026099 0.0032217692315903036
149.63031898497374 -0.5881859169728155 0.0047971503995569865
149.68023412280849 -0.5633146126275531 0.007000495803766666
149.5064059297159 -0.6332448094761246 0.006403947672972092
149.575942234704 -0.5930177133400419 0.004372757009370164
149.59076565706687 -0.5841664600796423 0.0029385374817526024
149.63607791950696 -0.5206886533301595 0.0038092980519847234
149.60567806594784 -0.5267958368541997 0.0035226577421205428
149.5979220727057 -0.5142804418431438 0.003063483951897475
149.25815360433916 -0.6948646812774605 0.006690061029759041
149.2916935047032 -0.6496540144284503 0.0032313737272484013
149.25508158320883 -0.6437514613354863 0.0030082408514583076
149.22269531590598 -0.6423110805826168 0.0029730678433426
149.3562128400581 -0.5875476035479756 0.0044494701196309576
149.26177238159306 -0.5803782388555085 0.0039633266688433475
149.33602047106595 -0.5381442750047115 0.004530902216984766
149.18752406834344 -0.5797538294510328 0.003343174685066777
149.1153729714382 -0.6254960921197229 0.004655718404038439
149.1126687998486 -0.6151874032816335 0.0047098144696733945
149.11252742524866 -0.5955872026393646 0.00605878539165429
149.09884100167017 -0.5974423017734185 0.002917784444500005
149.0708598965737 -0.5928197074410188 0.009672539559684808
149.16517214504088 -0.5776711382381161 0.0074156489003897146
149.13770248444865 -0.5447438280717787 0.0033613706959099055
149.2490782758786 -0.5417677751651997 0.007332497855158002
149.30138178897772 -0.5388109050261064 0.003833893323243847
149.27118452932822 -0.5288508884743216 0.013056147554044016
149.29251274876137 -0.5111899099610561 0.0028916112093015736
149.2730958442555 -0.5009051856079445 0.021797669658976428
149.22922267533554 -0.5070679372036073 0.0028391063732842703
149.2268437365983 -0.4939804840560717 0.0035152429395053524
149.22229311732076 -0.4805433320634502 0.0030716369949741053
149.47043776753077 -0.5345918144040487 0.004430822981507901
149.36169075592397 -0.5188305923194564 0.0026890107883118923
149.53397811230133 -0.4895751371463819 0.006683242037198902
149.5069302032015 -0.4839154185813971 0.005040265915023684
149.50471908766323 -0.463002914725823 0.002690212025006252
149.5181072917591 -0.4081323112255512 0.006769399805888799
149.52233149178406 -0.3930361322634519 0.004748143650226345
149.4995619874288 -0.3884808223839628 0.0070931961490753054
149.32983678047322 -0.4949283801122893 0.006231010808795332
149.29033796422394 -0.4907668623678597 0.00731187670549167
149.32650829939809 -0.4171885543903875 0.004748162509697057
149.4161757397993 -0.4153433921890639 0.021511387500906868
149.4478685728089 -0.4124673522182517 0.010596687075136132
149.422973873366 -0.4008689489512482 0.0046926072215443294
149.4612100586859 -0.3917187962318089 0.004345748156567986
149.45322373321446 -0.3903311540731156 0.0048532989625118044
149.43391952112356 -0.3653497527021927 0.006779220260768131
149.38036828456777 -0.3820702418992027 0.0033039734944928026
149.380057132143 -0.3641564732555715 0.0031868518140802946
149.3742703814026 -0.3649667692501099 0.004828578814983877
149.39561933574208 -0.3390891292484935 0.008615389460793243
149.40416908235318 -0.3310308594643798 0.0037043346126648643
148.7170518839294 -0.7956384057721281 0.004040921693629658
148.73828494574033 -0.7888978656296954 0.0028507365214617874
148.7333860952004 -0.7885710337519123 0.0029558442719954375
148.71850987714262 -0.7862862184117495 0.012649309811860552
148.83145982180605 -0.7893875473651156 0.003722710460517633
148.79526969685577 -0.7790195698058641 0.007567668673853108
148.80399534617024 -0.7505616766164731 0.002725459636609826
148.74123464457676 -0.7216257566807336 0.0031520127794605318
148.68523000860202 -0.7470982264643793 0.004237548721955115
148.63756304411646 -0.7572269155698604 0.004955842429969835
148.61100734542626 -0.7391010443379905 0.002796506992648864
148.7146921493897 -0.7240891806914522 0.0032370208713709634
148.69443040592122 -0.718620660337562 0.002738811921626281
148.7358965121 -0.6901954098419352 0.002903400883292682
148.7578335402124 -0.683461436466341 0.012408718991449519
148.66358668365172 -0.6894898625931757 0.0027599096476741054
148.68357680720172 -0.6628325848651947 0.007502090080989986
148.7210881835317 -0.6455463521776049 0.004981954302608143
148.71453234338597 -0.6148952812671015 0.002724536055788874
148.7061213427668 -0.6072655158891318 0.004713630655210627
148.90914706107097 -0.7019692166705658 0.0037110478539972964
148.8789661911261 -0.7139001548100874 0.0026637645480783664
148.94066721831294 -0.6811150108473374 0.002907999748430082
148.94997755703295 -0.683190789667583 0.013159908043945921
148.946854353872 -0.665825484538617 0.004123816999874982
148.81683854183615 -0.6686936697264296 0.003947039290938068
148.8280277514255 -0.6535340435720461 0.003834797579861629
148.89775623356468 -0.6384295316750228 0.0030350168713467202
148.8568320082738 -0.6355250944028338 0.004664161927880521
148.88421995660786 -0.6082398225100667 0.00502576988444958
148.98903126593862 -0.6368564210862958 0.005240547836183233
148.97959932114938 -0.6270164179640582 0.0029195994933688125
148.94368501383286 -0.5588944279739748 0.002899407978266858
148.8269647807902 -0.6256307910364528 0.005280762182570938
148.80227935926635 -0.6084993615484572 0.003469089980440613
148.85733151480858 -0.6156812819549361 0.003989894199642012
148.82916114267425 -0.6078105746643742 0.0033359443305022453
148.7628377252826 -0.6045692177488723 0.00334951151085611
148.79632925881702 -0.5885187069968809 0.0030112041106875854
148.79751797628023 -0.5737146483210969 0.004497261796282936
148.90070323912803 -0.5365684096874705 0.0033795277713260796
148.93404773163337 -0.5274496339137855 0.0038371692863917706
148.55264741745552 -0.7106963143191393 0.0040193462420905005
148.51275809101193 -0.6952675508127374 0.0026431414148105872
148.49583670766427 -0.6813636706488287 0.006986563805014736
148.55828012287895 -0.6439733698417444 0.0034956819706518463
148.515518102258 -0.639301562837059 0.012123622348694414
148.54798452991778 -0.6211165743683023 0.0032213224895587377
148.6302072165839 -0.6427771460109502 0.004277724633181741
148.62392762340903 -0.6473065966466802 0.0037944296442755762
148.65481219980924 -0.6260878734372427 0.009147534784550042
148.62286052410832 -0.6310430866832223 0.005486193037104321
148.65988900667372 -0.5702827866570773 0.002747291481975429
148.57546895063467 -0.6112149617283358 0.00338647769609658
148.58203820763828 -0.5843196849746211 0.002951075459437882
148.59013343363 -0.5750889447590007 0.005352220099314887
148.60392071925176 -0.5485514707013346 0.003817796975931907
148.623122076548 -0.5515078435819513 0.0038536049806424505
148.4535046289705 -0.6073089350339856 0.007175923490359963
148.41094814428627 -0.6173586005520224 0.010527760091860495
148.39125439770228 -0.6159648229585434 0.003763766908923883
148.42904196216725 -0.6048606911389396 0.003488251660318776
148.418073555254 -0.6044335865272698 0.004655956076668178
148.37382574422074 -0.585310256692515 0.009726642182388497
148.52988774691556 -0.5883621137774617 0.0036614411623244665
148.59617447507267 -0.5224635167879671 0.0042267882806921375
148.59517224393804 -0.5131037413696116 0.00497976243333211
148.50998685290062 -0.5407953729258228 0.005140279564441013
148.4672434816171 -0.5289089007310729 0.0028801225640281815
148.49463041397294 -0.5065170881824594 0.0045189890044917075
148.54845663911345 -0.4597851015307803 0.018305550952328355
148.71939588673212 -0.5871722749671999 0.00714931100045028
148.72967168038124 -0.5769207482845276 0.003358672509495384
148.74246858000666 -0.5593660073692195 0.004579698257741491
148.73479819802236 -0.5226422797205652 0.006152728756648896
148.70463465836394 -0.5243035435026523 0.0029273098535813166
148.65803446527613 -0.5226492254616071 0.003463591216447728
148.70694973261743 -0.500932008118526 0.0032385714994442923
148.6974932259356 -0.4790411590614871 0.004851176430727208
148.69960756866465 -0.485290081810836 0.002973251041034403
148.71372339333178 -0.4586291911648861 0.01532123237878229
148.78290230732534 -0.4975923396322363 0.005913988213071485
148.7664303549937 -0.4846810028706595 0.004805508498307811
148.75298728585545 -0.4188088820978219 0.0039502712647985485
148.79412985139496 -0.4288434526973352 0.0029492300451977233
148.60179398759098 -0.48893397641854 0.004503321567439738
148.67137056025467 -0.4402144367959838 0.004091403568487025
148.67914400113867 -0.4208296314457074 0.005323836195972252
148.56420727440204 -0.4466008719646095 0.0049421787567256615
148.58102832984554 -0.4377776730717855 0.007813441405025427
148.71299771673245 -0.3903643498239855 0.0028223213729883304
148.736253287097 -0.3615491894077014 0.006937877935298519
148.7168116350659 -0.309625358478851 0.012747103134355108
149.07136530666858 -0.5324404917464013 0.006413738361969555
149.05674355493426 -0.5016569068845432 0.002697851492802984
149.0731988848058 -0.4820844649552285 0.004165468691910273
149.0337327557511 -0.4974111104964944 0.005078598845618125
149.0497112988198 -0.4776127630428793 0.0032920663120482798
149.18268473038935 -0.4790022798706754 0.004006210635989729
149.16297462867257 -0.4614658106378465 0.05333259327903426
149.13564121015278 -0.4710525464941592 0.0029027774097397426
149.10577474404602 -0.47414806503496 0.0030383817555946053
149.08570382647295 -0.4561693763008191 0.006080979993998407
149.07828848387177 -0.4408745441893908 0.01114002767156744
149.12493697244338 -0.4001653806555248 0.003669739610550213
148.99553026556617 -0.4659553285166043 0.0031273880302551825
149.03371870958338 -0.4530291582217876 0.004035306013597794
149.03688471685797 -0.4317548420169812 0.007345629247426071
148.98606161288896 -0.3875219013615483 0.02562017489531507
149.11958589897085 -0.3573061450585303 0.0029782195463277624
149.11082602269326 -0.3512367372656374 0.004459936595391798
149.02858199115974 -0.3677418883142695 0.00421868889376078
149.0721036648423 -0.3399111031354631 0.0027305230033886204
149.06226637038336 -0.3358288817579185 0.005305252450246883
149.24457500799195 -0.4300403614360952 0.003234306321655581
149.2613766438999 -0.4126686518392428 0.0028979662919586787
149.20407018415406 -0.410924010373987 0.00462407606606082
149.21848488606463 -0.4018752715705133 0.00469019354482916
149.28632337347165 -0.3906296864644186 0.0029214763141194072
149.28840984076476 -0.3613328744435382 0.003762694725459852
149.1997361624694 -0.3601462919799672 0.008315181430592858
149.32382664632718 -0.3501069166253354 0.005925871225208524
149.36805354151815 -0.3334015045648373 0.005317623250003632
149.40556243675974 -0.298183526311095 0.006991200133243103
149.3820728352439 -0.3040852076479519 0.007029341691959597
149.3600095174487 -0.2880941301075626 0.004006964129384536
149.31712082096348 -0.2884154682882437 0.007266149089257274
149.33443647044334 -0.2738602235980976 0.0038490457184445635
149.33590163911984 -0.2614241116945078 0.0034026054212518554
149.32127217775982 -0.2482211807582614 0.0028756994848194856
149.20542161700928 -0.3168049157406619 0.004693446692947705
149.1900192904798 -0.3070480616143705 0.003230641440543473
149.0963875125897 -0.2814037054707738 0.0035770844191648655
149.13468695562287 -0.2615601994230584 0.003279109841407506
149.1916997743209 -0.2397725753655099 0.003127644579147549
149.2334444052493 -0.2254187104889272 0.002692116095715433
148.88718331651137 -0.3757915595224733 0.006226915389366001
148.82791826836694 -0.3837878892156443 0.0027538537013761196
148.904743160677 -0.3224363086639858 0.002934736980493299
148.89451093009623 -0.313951313718551 0.0029927183367165766
148.97394555219236 -0.3466450105702265 0.003960570420455682
148.91830564987953 -0.314189847201402 0.008291354226025869
148.91945366219895 -0.3061823636352575 0.006956090115574433
148.96191528389437 -0.2745693165431274 0.005452992992873692
148.99701104709214 -0.2692572208909587 0.0030348599512271942
148.7976438662827 -0.3589187673209031 0.006418339043512286
148.82117304307857 -0.3005925230389806 0.004908578147531695
148.73621000707843 -0.2822642599174795 0.0040612387808294246
148.931793553783 -0.2472167670639339 0.005481782052149101
148.88841782652585 -0.1863527584694636 0.008263438126652952
148.90689779571684 -0.1783110206688632 0.0029700062936359266
148.89033070364644 -0.1709487121903552 0.004084203983893099
148.87777586183518 -0.1776685401355016 0.0037135007812279745
149.06761213736098 -0.2855008327613196 0.006462857639552509
149.04350193251082 -0.277296684643347 0.0035247121016257254
149.089738179108 -0.2655944662064936 0.0033526551877378547
149.03798837787377 -0.2339616537029237 0.006153764393932123
149.03323103797845 -0.2114568158547247 0.00460046292003166
148.9965188189834 -0.2314383219262012 0.0030228928934716553
149.04752249492648 -0.208181176906054 0.015990183204305747
149.05830107159997 -0.1985644980803488 0.009427742119899525
149.08389538332605 -0.1803530599583143 0.003225574890060543
149.13152927335827 -0.1549530852701776 0.002793501150863361
149.08278707539668 -0.1339690407608949 0.007391165460548427
149.03862368617442 -0.1602366444561178 0.002999374774438755
148.9402014562167 -0.1233194600495928 0.002688243841904437
148.98795428902915 -0.124417460953275 0.005355464805656535
148.97353559645254 -0.1253426554039914 0.021263933632749542
148.9613579606484 -0.1102224102011466 0.008340541538349679
148.97494141963395 -0.076663593634718 0.00281644937703418
149.06697372146638 -0.0736146893178237 0.01268953052010322
149.00886798853074 -0.0971747239493678 0.009857321912273254
149.01603322830087 -0.0443121899564603 0.030629001253290947
149.07090989958957 -0.0522844084634834 0.007099469939072648
150.9617260395702 -0.5315665816291656 0.00508954085163218
150.2832310693429 -0.7609593127556056 0.00516400595742998
150.49360509277838 -0.7905005812954369 0.007650031080678978
150.45163946258253 -0.7616741332610031 0.006490719475395712
150.47161206217098 -0.7579766643717886 0.008803809967334647
150.52596389379272 -0.7768005758723081 0.0033953885486850952
150.61039025479266 -0.7230731546206898 0.00288463135349995
150.52110722972444 -0.7377591030412227 0.004564074287349731
150.54683399510907 -0.6958657778786441 0.0030650999754088817
150.39177379673933 -0.7739876359967219 0.0052865854898683775
150.41902825054856 -0.7744754893705208 0.0063558977895552295
150.3133894559159 -0.7503355663709974 0.027919541607548004
150.41684483793875 -0.7026770764578061 0.0026846493831627198
150.36357461415568 -0.7158771637357758 0.0030106486802652754
150.34404366419508 -0.7147885051863261 0.004943679750940762
150.4965401197273 -0.7166973650110339 0.006012479652169957
150.50956818428662 -0.6688372776523557 0.0034668304675267857
150.41942572044437 -0.6776762398446367 0.011881843138467484
150.4603795424093 -0.6648697590887084 0.003294584111135497
150.83941517111717 -0.7975721392343976 0.0026860318904814726
150.84372878071892 -0.7920551468541943 0.0028316349862720913
150.84273050985755 -0.7998645562901003 0.0027148046826523864
150.82478659320705 -0.7773194023766714 0.003180201511200099
150.9069320755631 -0.79704406205903 0.0026600601346256
150.91247116830388 -0.7569225072823549 0.008587584127516864
150.95748426020222 -0.7143711745551806 0.003113047731253403
150.86350811453397 -0.7536831995737788 0.010013200205776342
150.7703424716639 -0.7398988098756637 0.0038179793454833962
150.7884516787245 -0.7278496488813758 0.004679632135084014
150.7611363790211 -0.7258965053259883 0.0029933858378495466
150.68130049128573 -0.7752259738732806 0.006042311414673681
150.69618413605878 -0.7700073909081383 0.002791825145914002
150.68796070870283 -0.719375147781028 0.0027520618473604176
150.74364430726334 -0.7346467908850035 0.0034391855280240307
150.7204661470454 -0.7341672021114936 0.00333642125783394
150.82519514762404 -0.7168883236548055 0.004948953743687706
150.8154558085828 -0.7108689278283425 0.0033048921354379927
150.79527045431877 -0.6636003848138325 0.008960726142240241
150.7941059210111 -0.6360432469684211 0.004428834123390234
151.02027077300522 -0.7249766265456997 0.008203835521354749
150.96669398610138 -0.705609172578724 0.004551111279701451
150.98671868483686 -0.6867163339112261 0.0030553455845859206
151.04086833006724 -0.6546776143567937 0.003542939119239069
150.97694641220585 -0.6593283921074669 0.0026583862355904595
150.94985588544677 -0.6543011518809253 0.007945772193637648
151.08997594250133 -0.650836169849925 0.003775510693016504
151.1137551272306 -0.6282530988765554 0.003838473879515662
151.08463479483004 -0.6162317344841824 0.0038132989127703655
151.0763301256599 -0.6255129388249345 0.004353603811135936
151.14631010972028 -0.6113811577317002 0.002671829585981488
151.0303381298613 -0.5880812772353259 0.004204213472791622
151.04941299396964 -0.5810794776822972 0.002896587249439595
151.04009629260503 -0.5651219012563602 0.004186974776769318
151.08436002613814 -0.5747456996175616 0.0027812194610485046
151.0774617869447 -0.550542347271851 0.00446428420270587
151.072250584336 -0.5359325872388587 0.0028584024445924743
150.91296476147755 -0.6071036317487314 0.006072735205258585
150.95583987815553 -0.6027575632738124 0.01777051604417255
150.97551815735352 -0.6004728333202213 0.008982635551827663
150.8619271725022 -0.6295774219235161 0.0033161247470573584
150.9175331164029 -0.5688573509029253 0.007971431153834528
150.9835615247638 -0.5446400383965119 0.0028089006242118034
150.98846995024084 -0.5292567391176126 0.005641605248031817
151.04770397050476 -0.5434326159879145 0.0038372640473211977
151.0279571019232 -0.5340761157930175 0.003281122686133538
150.96139497779367 -0.5318158240289078 0.005776526162070297
150.9517987385612 -0.5260055334053549 0.004799241336887552
150.96924609922098 -0.5310666944478554 0.003871370707007256
150.98638009606412 -0.5241717694846962 0.0034726489652369317
150.96459579114298 -0.5297228659699422 0.004989743483013914
150.98244552901903 -0.4978570995127032 0.0046867064727372275
151.01568701815845 -0.4823006723108239 0.005155632047599944
150.98187984713744 -0.4663414803093588 0.0028921369870576327
150.63558394410003 -0.7295449618569211 0.0059874300078607955
150.65500995352713 -0.7081360119429408 0.007136387348382941
150.68394070582102 -0.7043282639777039 0.0031731354398821365
150.60555353773964 -0.6728128807809869 0.0034530178994785442
150.60564226212998 -0.6529528411327146 0.004928615739464273
150.58788587244305 -0.6540222267917959 0.0032874934757806057
150.5804226856997 -0.6526196614329457 0.014392454481984061
150.64784948990206 -0.6517902655026052 0.005445029407271482
150.6428771635863 -0.6241404654131639 0.016399289763956045
150.73188785749534 -0.666460226437924 0.004524549038709152
150.73883784342735 -0.6560792742271276 0.005577890760354796
150.70094431361883 -0.6333830419580311 0.0031285182994740556
150.73796296553598 -0.6219314161670533 0.004081687623946511
150.72167280195322 -0.5857853449723127 0.0027567905070101507
150.54373524948056 -0.6162872041470587 0.007224525937532656
150.60568046793838 -0.6044636111708199 0.004413841306109829
150.62818813267685 -0.6030312166729603 0.002763207917465526
150.52486379771935 -0.575192056086418 0.0028463106947219405
150.5539234382926 -0.5834896030811699 0.006114109460656387
150.56988991666898 -0.5465292032595382 0.004046169384147144
150.56324497177232 -0.5322249387027412 0.004015740120799299
150.6640331629304 -0.5406255090898189 0.003136286506927373
150.6264697834469 -0.5215849239828905 0.006541884837866799
150.59443111175344 -0.5219389518795319 0.002922095124306152
150.6307888655329 -0.4930079266255889 0.0032655029814684213
150.62409072986554 -0.5001268049981978 0.005823181808088543
150.81596036614337 -0.5761342033125204 0.003276820821981353
150.83021906152774 -0.5542052773969031 0.002791300058081236
150.81406597361556 -0.5475921194091491 0.008116055900110612
150.87237939202387 -0.5151877453669684 0.002951241706299673
150.8556279334055 -0.4889884631279229 0.004003209693382082
150.89040286257287 -0.5048127782179064 0.002873968505670083
150.938824391887 -0.4743126197545032 0.003208216474372448
150.9065006864316 -0.4828032398976783 0.004209857587444082
150.88975558526687 -0.45677987111389 0.002668672096042627
150.83512853967085 -0.4592392484646551 0.00613486159930689
150.88316168022754 -0.4090117898960075 0.004048871788419146
150.76790673234086 -0.4386374818138063 0.0036798079608247043
150.7572124145655 -0.4278448361737733 0.006183132092889873
150.68869300356272 -0.4768123087614763 0.003658868444602655
150.70357327155295 -0.4648681814608341 0.007829012015894825
150.65955015007876 -0.4412350910048366 0.003452014804738924
150.8974334072807 -0.374758363339828 0.006876087342559766
150.7821948740523 -0.3812566496240169 0.0068111665440604464
150.8222944299547 -0.3683098766574605 0.003803890218930067
150.81971300451593 -0.3528875253165147 0.003389507620204739
150.85624745586486 -0.3306016438766733 0.022318998428697074
150.85624235426775 -0.3295612124000589 0.0063980270901532865
150.84740767551023 -0.3294851946559435 0.0030048529918252627
150.8492705026626 -0.3243658557573951 0.0035289697010202326
150.78664490353424 -0.329987727495483 0.002670158056495705
150.12795043514365 -0.7820164137509954 0.0038222047653551474
150.09862473702694 -0.7690213748755806 0.003067797750201682
150.24371049605512 -0.7322141165714247 0.004048390337330751
150.2138620657207 -0.7174880489427904 0.00272657215143671
150.01146129277816 -0.7833426620034771 0.0037936310794110728
150.02516706506543 -0.7769317891748427 0.003357003504438552
150.04049659463251 -0.7698101785800441 0.0028207572601538977
150.06143024242027 -0.7578369954871512 0.006602144183638606
150.08267291658916 -0.7394353573475595 0.013384789318323204
150.08374052252503 -0.7534858513041488 0.0033314389543396138
150.0255201686041 -0.7209853843264097 0.008213544881601507
150.054039508262 -0.7060035636048163 0.003978016907235654
150.0169505544616 -0.7144254721386515 0.0059556225360479715
150.0961472345799 -0.7139832558443907 0.003785155882874772
150.0965310492334 -0.7135534844860515 0.012464652047453376
150.1828360062623 -0.6899404386921042 0.003729175820228708
150.0946267308685 -0.6632201119027891 0.0028603171799257026
150.24013108157865 -0.6519124500598534 0.004883088997031102
150.0356099544723 -0.669411327524524 0.004990981379796811
150.08114504796868 -0.6536811630461329 0.0032127795710982215
150.12788611937924 -0.6561150143805023 0.0032235058270898244
150.30252902237856 -0.7211473002055449 0.019797925224475585
150.31082614440817 -0.6955452245343748 0.007501511763039353
150.32304476380753 -0.6789658815802377 0.0053232031389467615
150.2396431585253 -0.6518389239768493 0.005223235227038865
150.26632319531498 -0.6339933404043884 0.0049228073983663976
150.2871533247435 -0.6252995692472828 0.0035304671480025644
150.27303611603517 -0.6148663028337125 0.005766046024735743
150.3608730831416 -0.6446333442940485 0.0030834111576790737
150.4330114449592 -0.5725421991094204 0.0055128851462527785
150.35080188826586 -0.5923420691204417 0.0055078520974525015
150.32591682301896 -0.5945385195847025 0.016817560922656363
150.32447340287365 -0.580146900970934 0.003977376144665669
150.21035278443605 -0.6298746510731017 0.00305719583759235
150.26465831605185 -0.5907291668674717 0.005304633878441963
150.15979689284308 -0.6316621456680361 0.006877040937624707
150.2114747385878 -0.5643787877053114 0.002767820837705716
150.29195831638006 -0.5631759911790898 0.011822370611122155
150.29420285329869 -0.5660079963748723 0.00279372934510712
149.95198268557047 -0.7117469197898622 0.002853740078579717
149.9169644277716 -0.692544255220949 0.004038973508135916
149.95256508585683 -0.6653909595208364 0.002702447897475988
149.88309774809292 -0.6848679728051682 0.002906547063952908
149.95180807867095 -0.6471201520123954 0.004865641417302529
149.91956969536884 -0.6445450118247559 0.0033240445415786924
149.93726439932388 -0.618497615852565 0.0027306058078789323
150.02442184081033 -0.6195512502021494 0.003728222684597239
150.05707288363894 -0.6186519664019466 0.0030274546381605185
149.8560334059655 -0.6341225772590909 0.006586928201859176
149.829009331301 -0.6451121391374159 0.0038379605788277016
149.87942836349904 -0.6165021642526105 0.003687845511477379
149.9083183994419 -0.6057240776113176 0.022007260747803122
149.90040580286393 -0.5692224367832155 0.004639291054241234
149.81917030222166 -0.553965545462489 0.004334293181173708
149.9365440293701 -0.5490913685879212 0.004570209088322663
149.98156583729042 -0.5208651367998677 0.0034149529901935016
149.8870636623145 -0.5033837650442092 0.004347726883051134
150.1435808438505 -0.5727534607796296 0.00446845053383008
150.14271308931652 -0.5252478368522769 0.009636918798930682
150.13221918004484 -0.5316429710231909 0.003808260512598479
150.15708456061856 -0.5134075161825344 0.0032516269890744054
150.14909277506368 -0.4997507984861354 0.003951986656968874
150.10389635852528 -0.5244367448102227 0.0027294286733725967
150.0815618728968 -0.4965075114899402 0.003960421728977476
150.10089887113332 -0.4986300531983374 0.005210292857819948
150.18681229431192 -0.4936173300182812 0.0035504438574520975
150.26163625844418 -0.439006902069832 0.008076094826325758
150.16675446167207 -0.4582009469718517 0.003421273666311659
150.11965766893113 -0.4488378845487057 0.0054607471730624005
150.21863492601142 -0.4352530182838708 0.002852815297398786
150.202488520148 -0.4300126056190222 0.0028578545693433237
150.18796446939535 -0.4308539997776797 0.0042415132655335116
150.24846885869982 -0.4104099748714163 0.003740026846247671
150.22048333288078 -0.4151562270879761 0.018198711262709392
150.0542343161498 -0.487149930738975 0.003185168518583409
150.0082672830031 -0.4531852619374773 0.0026793851103409302
149.9948697102337 -0.4543463768049319 0.004271399963567356
149.98494910629643 -0.4342813900017384 0.005200416823990566
149.99313711698878 -0.4338666863935489 0.0036779781055184726
150.02240654667128 -0.4063251188245284 0.005592678375956503
150.10825011319753 -0.4354266716705078 0.00600496464271029
150.10290918204382 -0.4251811457828173 0.011754911252216173
150.15456117001435 -0.4061465962664956 0.009917569203717771
150.13217317728692 -0.3933806251454971 0.00407809022119689
150.07528606503553 -0.3989879055014947 0.00389309538579441
150.08504945755365 -0.3918608516865395 0.004780997092840371
150.46862388641654 -0.5734024502850015 0.004045966752098774
150.46109021489417 -0.5315189372837269 0.003079790461746242
150.54165581598605 -0.530295290351161 0.005469294003339166
150.4693088464836 -0.5151688014479686 0.0032848339422025348
150.48505799343224 -0.463323780573905 0.004000641812237508
150.48505206700193 -0.4665910292986134 0.002662521599346525
150.5457927979601 -0.5026139916257104 0.005315735517171423
150.524401432449 -0.4788320299668555 0.0028539854166396163
150.5599767658084 -0.4077124845519956 0.003731392374032393
150.39435682490165 -0.4997863076460444 0.003422218184181462
150.3678993189326 -0.5081640465130223 0.004022164509751902
150.41412773844462 -0.4850497946572636 0.004495779106006628
150.40190309380586 -0.469074561142988 0.0039565974760306715
150.38839634189932 -0.4069335282681494 0.004751501159888965
150.39473308464085 -0.3994317949584374 0.0033245591527976998
150.4902963067528 -0.4170901750477371 0.004511500705484604
150.49935944162436 -0.4112634059314676 0.003304600388761747
150.48106545915584 -0.4047756769210194 0.004252284463069781
150.45455858082994 -0.4058886691527867 0.008959332915252397
150.47108527650298 -0.4013330859874979 0.00286513664704311
150.43493553343438 -0.4000900507125996 0.0033955832267252364
150.61351849315275 -0.4080843854923541 0.007218386458181296
150.63708187781774 -0.3944431801537246 0.0032079586348172625
150.69615131721386 -0.3866635714907582 0.003543264635152099
150.72595998743432 -0.3747622555127776 0.002700001090815133
150.6697342896228 -0.3520150050897325 0.0035582585748956063
150.6248095699804 -0.379905725502614 0.0030244704774523776
150.61054267605434 -0.3590410272784279 0.003301096192122262
150.6369391675618 -0.3608108632392767 0.004644662529274229
150.73029857268028 -0.3045777917183956 0.00569047820917497
150.69647292603037 -0.3145577427126594 0.0034773430292343787
150.73528093954678 -0.2801850101750599 0.007522033523541126
150.60856780606804 -0.305299778503494 0.0043567855603084595
150.49431783219757 -0.2968324482666923 0.0029969502913351613
150.56414453597984 -0.2617000371598715 0.004156229969493604
150.6738119828798 -0.2660700518937812 0.0032599962058665966
150.63561275568102 -0.2315732290405421 0.0028932022196675672
150.69070697967325 -0.221103496009267 0.003095851315304575
150.59538322717043 -0.2451380896397818 0.005616461350110119
150.62210474903387 -0.2399660237288863 0.005795290752619257
150.65022006110047 -0.1847157664163458 0.0036800200902701425
150.2194779343624 -0.3769585863578384 0.0040146186206405495
150.2145279079582 -0.3721284040999334 0.008052910170748577
150.26265045164203 -0.3403764372403919 0.003475626458095788
150.28612957826786 -0.3191386974247138 0.006342220756221251
150.37520868237974 -0.3479747225530388 0.002898512346402086
150.39860199088622 -0.3298769476597133 0.0036734996230530313
150.3966128897097 -0.3177868206344282 0.009192752013560923
150.37100628665902 -0.319855225349724 0.003363664522523812
150.37953304345575 -0.311280836284814 0.006282973885422035
150.44803584621846 -0.3000753315845352 0.002680814350427351
150.3966123840799 -0.2868534043795194 0.004889744474669588
150.34127241532312 -0.3217088923578678 0.003901033543103461
150.35470154291113 -0.2905639165877082 0.00634670525126008
150.37020905191568 -0.2835770273928841 0.004322569349250668
150.3628748460667 -0.2706567774596959 0.0038161197956144304
150.35499587393824 -0.2567889217248566 0.005889754323080584
150.37332579387427 -0.2432241511562192 0.005360212159761999
150.19721935476227 -0.3431509347164448 0.0037915011724185973
150.20236177777142 -0.3221277143468173 0.009298643006890496
150.23981908910798 -0.3255809073229586 0.004056343077188187
150.2302721706602 -0.2468219166784073 0.005188551115885244
150.20999900425022 -0.232580831513315 0.003392258580167067
150.31021453692938 -0.2537071063164558 0.0026605805667878624
150.2609905970158 -0.2669000093031594 0.005560269663363282
150.2517363766803 -0.1980202167444894 0.0027933640503052123
150.29085769800938 -0.1945124493011402 0.006566593230374937
150.29654992398883 -0.1834319676497581 0.00645566215941144
150.30812356802414 -0.1752903759702685 0.0026536112494323634
150.2604923724983 -0.1956938888024756 0.0031000666753483314
150.53573047376753 -0.2083482496375315 0.0051058904159252605
150.43830255592556 -0.2120796677429819 0.006552799346549314
150.50143235924915 -0.187339245434367 0.006153989481607002
150.49378409074052 -0.1832558063684381 0.005365884553311372
150.57218726352897 -0.1786312475780068 0.010638304442451927
150.53336338847765 -0.1883238226497537 0.0037548983935375775
150.532137735427 -0.1880207682718537 0.002660308025524814
150.58263143921977 -0.1166483657139741 0.0032356286677143655
150.4012761906561 -0.17603626669479 0.003349083492497976
150.39619032493982 -0.1724056167324554 0.0029562921802175146
150.4592455446245 -0.1541030332114911 0.004786624061672249
150.42104265237947 -0.1109054074397815 0.0036523085050313283
150.46855156897996 -0.1130442138517809 0.010729046798336734
150.50063176102097 -0.0775752967548448 0.0034020967072912744
150.42992705898024 -0.0973117615842551 0.00290737719524834
150.43380421199632 -0.0812887273393051 0.00480428822891861
150.39652789724482 -0.0828047936195622 0.010922094369317143
150.40079252070015 -0.0670358959458981 0.016827501758621063
150.4525992461273 -0.0267840579958973 0.007714717358967325
151.16406021525444 -0.5850598144199739 0.0028950859694897315
151.18759062084638 -0.5664117983156228 0.0031576574475346997
151.16032476195485 -0.557207324451731 0.004436753847765517
151.18491785411075 -0.5274516949925523 0.0066846269358510355
151.1932311411154 -0.5056406684976367 0.002815406860915958
151.21481927564855 -0.5063178967314529 0.006078496691044935
151.18103161468014 -0.4960467355467327 0.005583076126789427
151.2254443618505 -0.4835930783703971 0.004788117336842762
151.24736293100315 -0.4755243158606704 0.033924611557568
151.30106466426452 -0.4468228032241322 0.00589165400773953
151.2813982957423 -0.4474050402615466 0.004297074859562568
151.09284038313197 -0.492500307477529 0.007351232518046508
151.02992091204715 -0.4403133441456225 0.0032627408815840285
151.03294847641294 -0.4470974120279775 0.0034449416844037736
151.0245241420432 -0.4374520541675532 0.0027757227799864023
151.0989535895653 -0.4318357452845429 0.0037527890661832467
151.11914095723537 -0.4048829988212591 0.011395810390744266
151.09330236109992 -0.3952129591235387 0.002927281847436256
151.18417136012425 -0.3937305207593539 0.003104993458931765
151.22968856549045 -0.363723656913113 0.0036826780189510707
151.18623910448747 -0.3695389271950646 0.005166801412302258
151.1869725267885 -0.3721957660225298 0.006714908816032134
151.39514993838532 -0.3698347627134907 0.0063425506579332476
151.37943319773015 -0.3582793596007066 0.006056608400989397
151.32415351613017 -0.3596324814413446 0.004102773338369847
151.3120071467467 -0.3642886523144724 0.003161637321907043
151.43599424426728 -0.3505806836526428 0.0029953426793412536
151.41789020721274 -0.3246866202250186 0.005380996190877271
151.4320194261639 -0.3150320015703228 0.0031375388682208616
151.4405370840672 -0.292619769138329 0.012837282237806792
151.46288312792433 -0.2607019614140563 0.002741840168353118
151.43876550440825 -0.2615343199958109 0.003959409626231213
151.4605509188469 -0.2469217882484451 0.0028086693476121125
151.4108122557073 -0.2622052744692294 0.0034421162581183646
151.24638807676604 -0.347743324695345 0.0038920979344451525
151.25266193101933 -0.3215814308933786 0.0026704544808585405
151.28824574588538 -0.2919291345287622 0.003363354344618419
151.3421887228425 -0.265606520508368 0.0031700254188075073
151.39620910191124 -0.2416293145464013 0.0029285713178120267
151.37602522569935 -0.2108829454471855 0.0056340340142577066
151.36845280933125 -0.2088824086527753 0.0028830004462842055
151.33263968875377 -0.2122925193633677 0.0042627587999133675
151.27920230270306 -0.2256545960597032 0.003053253999194073
151.31858490540907 -0.2078461580855775 0.0026795819558585406
151.3163116870757 -0.1906222900132248 0.012149338982497093
150.9827998126753 -0.4306017661906284 0.003543288009813962
151.0458425825156 -0.3832023344292156 0.0028909397431527446
151.06355300060002 -0.3784050098161939 0.004415424769595446
151.05215672114772 -0.3613903297512723 0.002784425770588678
150.96692065380557 -0.3581919620301046 0.004684991740931911
151.03072228695166 -0.3402684103861987 0.00325253320996253
150.97890990103625 -0.3329103096064144 0.003851830782877447
151.04516739306408 -0.3162237956872298 0.0051460444668185315
151.00256626523316 -0.2957984564066698 0.0027368865455875257
151.09793403290988 -0.2806182151187953 0.0027933483242111403
151.10068340481828 -0.250323913011143 0.003126088325964671
150.8993082420971 -0.3594795630132089 0.00848293910886333
150.92255687007582 -0.3353066649943628 0.00504394949823431
150.9407002116616 -0.3187270706519092 0.0036797278911753126
150.8652442696523 -0.3146329845858393 0.003611172251658021
150.86699021329667 -0.2940999144217838 0.006298138975721643
150.90912534379734 -0.292327709738299 0.0042877037358994485
150.9215916724906 -0.2803601699027837 0.003002880084279307
150.94052242084894 -0.2632225898488521 0.0029477325330867677
150.99790309839534 -0.2849203188894856 0.012484543865347055
151.0297638540117 -0.254649925604916 0.0033079241264043395
151.0472205233785 -0.235792441729973 0.002672814598072302
150.95577571258923 -0.2299774693570789 0.007684977487644366
151.0056302403196 -0.1926520437037942 0.010062815721707495
150.9852663708056 -0.1763597545928173 0.0035637551228985937
150.9985428887291 -0.1637552433163783 0.003031169480819428
151.1208353025842 -0.2005457749700107 0.004858095463553857
151.12542607769666 -0.1921071129806835 0.004609571487497987
151.1368714272735 -0.1935963080066503 0.008552952293111092
151.28897842405783 -0.1441574731293032 0.015707298590764866
151.19811407469737 -0.1543034814416364 0.0038790765904656763
151.26968099291773 -0.1027588572313724 0.005330096717610733
151.25831649594568 -0.1013858366806135 0.0071130507060249235
151.27642662136822 -0.0926625653562314 0.002925982434579693
151.09055439779596 -0.1817041114572015 0.0028116109084411925
151.05955713895514 -0.1823280520581006 0.00420681365189883
151.07287672472205 -0.1747174435723833 0.0044424759934740595
151.0990090501729 -0.1399739835340336 0.00685696645121068
151.05398340552475 -0.1469504929798789 0.0027820632832821182
151.04907251102145 -0.1279809295129527 0.004435215124838828
151.0344884257043 -0.1343655975961122 0.0030114966861985726
151.19115679931153 -0.1002404226099126 0.003996036253191034
151.1497374466186 -0.1105247094355245 0.005358381485624871
151.1824263057491 -0.0841328164288393 0.0033007678428823334
151.14912814238582 -0.0561140822843087 0.005589306358472113
151.1731650561965 -0.038803477882617 0.003382329625894767
151.1764531585376 -0.0473638619392531 0.004596553397476344
151.20664626204655 -0.0357661815066167 0.006378405485981538
151.5906272397627 -0.2079788348391499 0.0036106346001811185
151.4926589515025 -0.2425307257523068 0.007554876940462416
151.5365602251201 -0.198119973973538 0.0038124223738760983
151.51894978603525 -0.2034127056364134 0.004054685319196754
151.52759865640112 -0.186125677570084 0.003790705711471533
151.54083311529345 -0.1640798159999 0.0035386669883499876
151.61958659087637 -0.2051140767196925 0.007117670178448868
151.5777395668864 -0.1805470179900132 0.003543056962335921
151.6118344590895 -0.093949848823802 0.004188519673013648
151.6215962260191 -0.0836961833158452 0.0038638213207578915
151.44351072108242 -0.199939746029036 0.007006223698890049
151.42909179706822 -0.189870208876206 0.0027158197959186313
151.40957812342845 -0.1822928450078393 0.004629155393531389
151.43286929350782 -0.1669021392909351 0.005022799352753472
151.4479870722772 -0.143558533879585 0.007716508956691512
151.4457914128262 -0.1488911957046125 0.0029011141988529525
151.4950608346948 -0.1256121248292799 0.006170113451823267
151.43241854013615 -0.1347938338670563 0.00843814442966065
151.44665830191516 -0.1350492716973706 0.002655324145416653
151.4168435067018 -0.1064194267911704 0.006149481008562944
151.5656441065586 -0.1000159845469729 0.0035163570728686897
151.54950187671545 -0.0680304839911678 0.003949728826402102
151.47893855728302 -0.1015966773649203 0.004616597633538304
151.50029675963043 -0.0576262090410351 0.004653211680789248
151.485231940986 -0.0654362491207147 0.002887517530826039
151.73190745488958 -0.0863824066468922 0.0029515119411384857
151.72208187812055 -0.0840424681762263 0.003669712993500413
151.68640700046495 -0.0801986640807834 0.0033861063532307748
151.70626572653305 -0.0349130193781134 0.003036512789131593
151.74796930706245 -0.0404414299533216 0.0034536753397858637
151.77574943344212 0.0076886122937588 0.0038034354026297004
151.773826826402 0.0459782843911725 0.0051662992643388495
151.77458464717435 0.0588026216708714 0.004005459912815438
151.58631158017056 -0.0470760171809708 0.0048992675793552405
151.60387172238907 -0.0171010443084628 0.002732336883271238
151.60670120145892 -0.0079046341330257 0.005193032488406685
151.71966896749032 0.032226670454893 0.01546017105038278
151.68921413926978 0.033625398553798 0.005029582191503262
151.67141370281425 0.0479907941114932 0.00353281938395287
151.71357701719216 0.0867289966117167 0.007473797637750383
151.65004171793365 0.0458311934970578 0.004864510213996656
151.65576005992205 0.0675536197570609 0.00422404080214928
151.65807085575526 0.0844038638096383 0.0055415941940419634
151.35863854769127 -0.1191759547861496 0.0032217755743266688
151.34538083538155 -0.0797191601686958 0.0027553126722107317
151.32591688513497 -0.0690789186881992 0.005921726832179225
151.3001775554186 -0.0730745321850542 0.004564651592534122
151.31011755548246 -0.057598337152657 0.0034004597968920625
151.49578037318477 -0.0129928246269508 0.004589054491261481
151.46163048493312 -0.0142253644902218 0.0033271839672163145
151.44967681048936 0.0542272356010761 0.0035995057330564756
151.2458117627845 0.0039895168105722 0.004163977600445689
151.19388794146718 0.0146927701535843 0.006123380468556009
151.34119185897856 0.0330645275801791 0.004417102015117856
151.3351494729795 0.0409405167943717 0.002877866638041552
151.3691733634735 0.0663956983800531 0.0032095545367619655
151.36978306406536 0.0669012872562634 0.006636562819190935
151.29176141970123 0.0534783543409414 0.004959985588384335
151.33476265093148 0.0724843778848813 0.003811876087619066
151.33136162075186 0.0808041053020251 0.0028312002932731543
151.36822225752718 0.0951673275602787 0.003242808252874239
151.5333956902779 0.0148974693534705 0.006536174896243677
151.49472162484716 0.039067816761598 0.007100894244210116
151.50326246662036 0.0435415429491466 0.0032835574907805476
151.52045230382595 0.0570744086780234 0.0027997310230129533
151.53172066095178 0.0667910828060721 0.005836308560778297
151.52418803620063 0.0618622665870213 0.0030712808695320263
151.55826937385842 0.0479280865928193 0.0033574237219162746
151.4683551564153 0.0577558540637401 0.003386636187103704
151.46641984361904 0.0523938558518759 0.002990748438216322
151.4553129643112 0.0740756330208502 0.003742306462826769
151.47571145097578 0.1026678636583667 0.0039916017064242065
151.60863733829456 0.11395912800228 0.004129278449390269
151.59375573082795 0.1260188473019149 0.004025833409136963
151.66297563073127 0.1189326542255842 0.003614843664803535
151.66319312003634 0.1192604941942529 0.0037346840734546125
151.66219316018302 0.1259196909832694 0.003279168168993669
151.65852036592835 0.1591894802665646 0.0030437137036332367
151.57972454749273 0.1234401465969759 0.0048736535618771094
151.5552370068077 0.1291977581279055 0.003552487427602218
151.59224400583483 0.1956572364220181 0.004052639654429906
151.4191574908444 0.1029380205443985 0.007694579827751698
151.40162136165625 0.1129396612088501 0.0056345666394910145
151.46992953811977 0.14068598080613 0.007228970119416843
151.46993233437323 0.1511702203408547 0.00994573582816612
151.40477830550643 0.1350854330943867 0.005216959312254871
151.37987515899192 0.1307379173826655 0.0031348055328598388
151.37636406159376 0.1646814226754687 0.002876727365021664
151.45916800790314 0.1827811426855221 0.002930922059457671
151.52120065882667 0.1758553754393553 0.0026853410115936253
151.56478920665853 0.2126749977353551 0.0046955032947127735
151.58229154694976 0.2266346223479787 0.0032096835735124433
151.5659787001658 0.223157535474167 0.005769433402909821
151.4997745462217 0.2315189708245934 0.003247841969751367
151.4582408377279 0.2392883813571031 0.0031370170173397045
151.52463988493483 0.2696889633327651 0.0033605382628908525
150.75892111303094 -0.2198503999373016 0.002767072508837545
150.7642070756235 -0.2010418156676392 0.0042852752701336904
150.88927117632278 -0.2044355084919975 0.023071263009363092
150.94218143586934 -0.1816905707533259 0.002682070285286862
150.87291422279705 -0.1920259631357656 0.0030790935899838315
150.94680218914058 -0.1789837089316333 0.01246063341828374
150.9766833685541 -0.1599628315009829 0.006325688540145503
150.9450515711793 -0.1098580552069228 0.0044030421162155305
150.93085545555 -0.1011753163178754 0.006170050372127736
150.87394119611446 -0.1154993838621343 0.006411714850082071
150.90938671255986 -0.0890667657524418 0.011762905272128515
150.75512517117173 -0.1976765637030152 0.007441220598891932
150.7097151560002 -0.1913753906500876 0.003540856647721031
150.66562836593428 -0.1637266617482066 0.0031700536670435367
150.68751199053915 -0.1270982414972698 0.004713303106884916
150.73013830322992 -0.1290358364408794 0.0051549239149381145
150.72969735664256 -0.1267130581267475 0.0028003655389045295
150.71270295796882 -0.1166853503800555 0.005255431195157014
150.69978572425796 -0.1189470280364779 0.009102503814807362
150.84481287069468 -0.122152692225626 0.0056085451400301285
150.7947249711162 -0.1188254160621723 0.0031361098362777473
150.89547423132575 -0.0735787383775941 0.003711677503262713
150.80863977932762 -0.0774948673141351 0.003547894111319818
150.78433137573057 -0.0793767139555512 0.0037045750257103703
150.8332652480481 -0.0421930838758352 0.012029811565363976
151.01355859880755 -0.115987637732883 0.0066219394393933215
151.032053480867 -0.1134252390495125 0.0035046597399956522
151.05810127448308 -0.0598011108242458 0.003000844211202516
151.05531336796903 -0.0607337585255907 0.022477974211180404
151.05239160228277 -0.0499189805259054 0.006583540167345582
150.9283101092197 -0.0861514199412713 0.004706114340073003
150.95556014284142 -0.0565592534352722 0.004651285573994535
150.9653733748962 -0.0446882643240748 0.007194791362665518
151.10987431849233 -0.0279971534659922 0.003649561820375748
151.13472960748493 0.0007157846807967038 0.005326488388500586
151.1093486312389 0.0137930130605381 0.0034235542143888024
151.0455051796556 -0.0157454616174506 0.0026536724739990134
151.07710655952863 0.0053812357407289 0.006056588528176892
151.04289909422397 0.0245030137754693 0.007027512788782031
150.94495801275147 -0.0351530513486491 0.004643935879170594
150.9185732572049 -0.0284843762980103 0.00323559670604088
150.9201959551931 -0.0454250293402792 0.0038371793587710216
150.89799216289651 -0.0130205977908016 0.004266013393475958
150.96330538398047 0.0194211670068536 0.01609522323661356
150.86176509592593 -0.0067141115043204 0.0032447581326219338
150.90822678338364 0.0278984081130295 0.002901269013427528
150.9352459418228 0.0488267057228695 0.005261935310375683
150.89868148948827 0.0589410492049573 0.003292440419273193
150.99190488439126 0.0336266776258591 0.0029059813289858912
151.00886513247713 0.0432146036100546 0.00810230783667313
150.99486332099758 0.0512727363124324 0.010214363865083117
151.04291784532916 0.0509783492200037 0.004901290112468737
151.04149554557773 0.056217096818559 0.0041555838962237445
151.06705377327555 0.0766480734704304 0.002955511269115624
150.67372182975322 -0.1004700569369065 0.0030050272501225194
150.71194845652064 -0.0633227335314509 0.008085813026046312
150.59739992186027 -0.0727845440972713 0.004585221177758596
150.5905600806197 -0.0501881829805962 0.007710609421233264
150.6659290060077 -0.0477133332041803 0.003968084068503862
150.67427631996796 -0.0402852746093601 0.006827543795494999
150.66773242570784 -0.0304078693701658 0.007695406124221133
150.74028151846974 -0.0490469059267304 0.009528201646872871
150.7130960891028 -0.0311670141408047 0.0036832275431787896
150.7702088001154 -0.0016420054868303 0.0035575191750813404
150.66845425364016 0.0149582665772398 0.006163503609005419
150.72429740616155 0.0632087702707183 0.009671392404959327
150.60233293427785 -0.0314586910918946 0.004430345690414889
150.5796599537703 -0.0089421194147593 0.004260570486355485
150.5775391193378 -0.0075872566752213 0.003536758163342238
150.59700639347423 0.0005901947897162319 0.0034595446459843764
150.59243104073448 0.0270405280575604 0.0031630289336155534
150.53038858344664 -0.0169410312577052 0.004187287875589173
150.51652231872174 0.0051188137298251 0.00322334450533951
150.50957620495686 0.0278131853210115 0.0026509187664628393
150.64427257453409 0.0064315537449914 0.005953145395876122
150.64294608664744 0.0016927324107522 0.005089812449041911
150.68374924330783 0.0529595148347347 0.003649811788861383
150.70878372816895 0.0701649287197561 0.006897539871525033
150.71476850501165 0.0778954188807286 0.0053965399272959975
150.70048980418775 0.0832102065526047 0.005913468185096951
150.5956228932453 0.0568208681010948 0.0029183658832333827
150.58301292195597 0.0568147805052144 0.0031560541035440767
150.62522341392247 0.0615623199611551 0.0028513413327737325
150.58625313481215 0.098715266140606 0.005354074927463352
150.64478594802037 0.1207069311014802 0.002724994654116619
150.81284297944086 0.0153628488877757 0.0047289472499965285
150.77610844060885 0.0650610324374606 0.004290871409443511
150.77205503977703 0.0828459129436138 0.0026994088949530326
150.81551964773888 0.0910695886385111 0.0031576835133705445
150.8530670193911 0.1152822356842818 0.008160065402515978
150.958211854018 0.137054736461122 0.006033391743176766
150.93202520748497 0.1613322201121956 0.002882256017835211
150.95525102371082 0.1688604995390091 0.0026583503352264363
150.96007020377505 0.1648041851189178 0.013594205464502589
150.9508230070245 0.1805682370636853 0.0039507163491130474
150.84511669015953 0.1536745826163226 0.007295594455631746
150.88401516647298 0.191407147040192 0.00301529432000972
150.75227714407862 0.0970436541857847 0.006570821047849453
150.73046373370792 0.1396789679997146 0.0043717012883638575
150.68068682982573 0.1418779600912477 0.002746365909755887
150.69024893806426 0.1803759091606002 0.0034089931975207926
150.75042417794 0.167334893483107 0.003070527381851139
150.72024441832343 0.1672949683134156 0.0033670609238547976
150.70733342695215 0.1764429953549789 0.0029929608404311147
150.84886015260022 0.2027270503542213 0.004612686666889318
150.89837035114363 0.2221948011926162 0.0034766672743465274
150.76363348764866 0.2025940505330545 0.009017617078714455
150.8162276682378 0.2263189557965358 0.0026465538775201415
150.82486831923592 0.2496044667003789 0.00599071652418651
151.13817526616526 0.0586449151302466 0.0034774220580204543
151.14692793801052 0.104388581809506 0.004231173262276854
151.29031675451478 0.1044873146147923 0.0033532658388562005
151.33740297634705 0.1558711759991566 0.0034441621889761327
151.3378739390586 0.1563810088709477 0.0032940034873221264
151.19556281828022 0.1576214502771712 0.006757997544144707
151.24055107809372 0.1971492983085576 0.004870275507761978
151.24103441027847 0.195211766661099 0.005093490372573498
151.11929926360943 0.1173168159369415 0.0049138808834873655
151.08872752817416 0.1265609096568822 0.004912440685752252
151.12611120710147 0.1693446345057871 0.002807599165248478
151.02723160700305 0.1348750769238999 0.0050715411027838185
151.0412745772278 0.1552249065667766 0.005259169942205078
151.1127074850951 0.1885587837860702 0.002993487366473515
151.0830920965233 0.1879427301162222 0.0034289747303507716
151.1543180000033 0.193353556329405 0.0066935018015817855
151.22660245521678 0.2112285674717013 0.00931625590726264
151.23578822082487 0.2174303419370178 0.004580577807279088
151.15847790972978 0.2249710441491741 0.0032908444488829484
151.38707681163274 0.2401558920619029 0.013898173040989639
151.3045262696675 0.1890412269306372 0.004491294410731795
151.3418917333212 0.2469425203256889 0.004028041947736607
151.37882155129392 0.2657041799142595 0.005162063820884689
151.3245602648987 0.2462829531601018 0.006283600847700282
151.4425385299016 0.2819749464124014 0.003232116673458465
151.4749484968519 0.2801258605088934 0.002955916349292738
151.43983490817178 0.3219229153914505 0.0031663249975507545
151.3989659960296 0.337889202524674 0.006024612168045452
151.42913918429403 0.3671732044612789 0.004974101689106641
151.3012144456921 0.2610240968447979 0.004413498157475369
151.28384188925554 0.2598911106791656 0.002818462264842072
151.26661631679872 0.2856313003096445 0.0032017113429842173
151.20636791679038 0.2990292818539189 0.004040514453295518
151.20348470500088 0.3088585147590625 0.00399341780200269
151.22318820580762 0.3322729213068838 0.002827247212914436
151.2212003891719 0.3342566731259716 0.003165714931360772
151.41490352813707 0.3872497185304377 0.004483450297330313
151.32624781721557 0.4219490020209771 0.007528064121640843
151.01521115845844 0.1719369650940249 0.023758480319734165
151.02168782734685 0.1997044644519982 0.003178527985988446
150.97489342876895 0.190115743970234 0.005942877244643544
151.0139314497932 0.2202945848179682 0.002928744895102964
150.95600468186802 0.1957721913415247 0.005504685413934362
150.9575212819625 0.2283641984181881 0.0035054782320198727
150.9675884044613 0.2581046796470757 0.0030666087083171343
150.9618877276478 0.2611362995095411 0.005631729730364678
151.06131140995444 0.255701200749182 0.0028466238232069357
151.12894019629312 0.2892495032460858 0.004779762741902719
151.14008820524867 0.3213811093040107 0.0026801592491553583
151.02538867595544 0.2785222653166421 0.002844798823066292
151.05520396618752 0.3100127728827972 0.0038556846779881633
151.08588375209217 0.3265654231945425 0.0055504431606466864
151.07970514067534 0.3397597745448037 0.0028906979177268535
150.8975157917496 0.2856173538307132 0.00411366247075544
150.90277560946447 0.2883817515246357 0.011708184826155054
150.98121600203947 0.3018046696181252 0.005335296070153207
150.94211070605104 0.3032680467301663 0.0027136335163091578
150.85331028336668 0.3123932678151387 0.006822469763808423
150.91993495240845 0.3287722698134921 0.004439110232562936
150.90269695546874 0.3625173054305479 0.004015521953591914
151.0002273840569 0.3199882597453012 0.004281951112665716
150.96517538173333 0.3502712700486955 0.004655897863440748
150.97733871666398 0.3916016444569612 0.008781879317023287
150.98350299903913 0.43563921613878 0.0035116981565153954
150.98415353569064 0.4311136739778014 0.004149491694147567
151.17441974348645 0.3521446529812525 0.002996380724453904
151.21753776386532 0.3424367161039675 0.007019750955099996
151.21659653514516 0.3592396251372324 0.0063130059640538975
151.247968237989 0.3706910741589669 0.003685744699245003
151.19103777028096 0.3787847092176079 0.002799334487334231
151.141072914101 0.360014736827548 0.005522361334402269
151.2877758069236 0.4042044199039022 0.009547422233721065
151.24705951243988 0.4300762501093867 0.006798751061281207
151.26177285625673 0.4396613589869896 0.0036955391255388075
151.28638042467512 0.4310523328656861 0.004232843236072313
151.32359329359383 0.4585421725726229 0.008542740509298716
151.2295701067169 0.4422432239010588 0.010967753209157763
151.2393444502604 0.4750373608500805 0.0037995399008916996
151.22541536885072 0.4774857623533732 0.007102384331937956
151.13276304256672 0.4291105822723278 0.013222201600520282
151.01584735304422 0.4478714266055156 0.005377973397376781
151.0239612600656 0.4591649362940047 0.0027008994698394144
151.0472026342351 0.4558774087942355 0.0027455662942527962
151.11667865326646 0.4806136180323955 0.007159522110104451
151.09989104629167 0.4843036792545373 0.004980571047006806
151.09975098121788 0.4816762813537459 0.0031573288619575267
151.23340129519548 0.5172907940943338 0.003414039720716654
151.2269216596798 0.5392735074368735 0.005003601564218214
151.12750158573624 0.5127470474766511 0.004814066881633826
151.18567045795402 0.5656347387781469 0.0032500175758449035
149.76602939197957 -0.5261864018963895 0.003807869091524305
149.81081574270974 -0.5379664815895915 0.002692695252365081
149.82371510479973 -0.5240457822795102 0.004271193133017725
149.7190066054813 -0.550849732276118 0.005730148335323381
149.797811384646 -0.4804814384143069 0.0030401136868838047
149.78987485149486 -0.4787932778385187 0.004974329500309145
149.7510679387826 -0.4947359824130015 0.002774514313305113
149.7342816771638 -0.4801826086932431 0.002698571408120806
149.7627467076997 -0.4568987541775069 0.0036960236764632145
149.76189868113252 -0.4574927887562292 0.007566529674181951
149.9371094745283 -0.4490238326628435 0.0035101543560535757
149.83411002714794 -0.4355115287466987 0.003133446901130471
149.874165910586 -0.4238942521436229 0.002691281800996906
149.88280377437508 -0.4096383973464245 0.002922682368389746
149.87120726286477 -0.3930714467261721 0.0042653515805877494
149.73935262422677 -0.4651013723459455 0.006843847435881012
149.73765023572716 -0.4442772716616679 0.012688707017094843
149.73900737729832 -0.4434631460651832 0.003936335750929999
149.7043878781905 -0.461950894961866 0.0029616761607390374
149.61375035953745 -0.4427712768491958 0.005545315491068402
149.69058932897963 -0.4127797224446557 0.003195631067177009
149.6896177946339 -0.386509477819182 0.00385857756294911
149.7640540562182 -0.4427721897266108 0.004389710853886724
149.73241783902137 -0.4144355434591522 0.008267426538583915
149.75463693118974 -0.3849319874026174 0.003354172814074412
149.79012242364908 -0.3649393420056134 0.006703218632839536
149.73800749179594 -0.3940189871587728 0.004474524492147027
149.77337056699196 -0.3566143729074592 0.0032598684115936745
149.79952796905036 -0.3313250320576859 0.00352005950115885
149.75072224819553 -0.3215555975239116 0.00346534971876656
149.91874593110057 -0.3979790023741752 0.003526457422167404
149.98934855651714 -0.369765720015543 0.013101074600400662
150.00819313482015 -0.3596356747670329 0.003082277915763666
149.98616831220622 -0.3616706998405914 0.005635903191977777
149.9399755628317 -0.3718856124595862 0.004882759285841208
149.8737661037554 -0.3799157365256808 0.005202690361730946
150.07063180331957 -0.271206625443062 0.0035657781515629565
150.00847649002944 -0.3151585391905105 0.0031319940952880656
149.97806760868806 -0.2984272096142586 0.005380177384756218
150.01647600383623 -0.2401837105366621 0.003243111570178506
149.91357956817947 -0.2818782241006088 0.003332630883550973
149.8989653688898 -0.2698760710292536 0.0027143253930108336
149.81190053399072 -0.3004004478576282 0.002764911434826044
149.80627023444532 -0.2661851127017854 0.01479274887441554
149.92173254629958 -0.2802237321426848 0.006638530495442297
149.97297014631525 -0.2562542035660007 0.0032802268533870032
149.93238036530005 -0.2655336397970397 0.0059807440187892415
149.8895002130292 -0.2174859752674715 0.0033649887345744436
149.95312503153562 -0.2063352654472192 0.003420002784231669
149.94243055781442 -0.1954351260977526 0.005165167736662549
149.93939386131726 -0.1927007453467154 0.004529572701102669
149.97235993482306 -0.1783429812099338 0.0030984598264857726
149.90776185494664 -0.1846364844693755 0.0037915460898418994
149.57800880873805 -0.4268336905577339 0.022298416113194643
149.59356181421046 -0.4135648731833958 0.0042035294517215795
149.66113163179645 -0.3631514709878534 0.00961594364870809
149.65192994841405 -0.3595277241882785 0.006035055309278398
149.59721043542447 -0.3785181173269861 0.0028143980721022518
149.55812007758223 -0.3640823683210724 0.01565553738531379
149.51839652876808 -0.3814068275717517 0.006074863859171679
149.56410128925518 -0.3256924844249054 0.0033495864775378867
149.69086817530695 -0.3544075988218314 0.007868108399885339
149.66723226535714 -0.3401794165258612 0.003655242583647822
149.68325288631726 -0.315852042835777 0.006949851334452193
149.68551696666836 -0.2651986724680448 0.0064038041258296
149.6831400490129 -0.249947269232922 0.00517894149105944
149.5164744229723 -0.3572264512842529 0.0035930013436628752
149.4915721712064 -0.3530932720323478 0.004254590633091837
149.54451206947422 -0.33120441867995 0.007595275730224349
149.52300004173892 -0.2850418060614334 0.004200140028791055
149.4632396448349 -0.3162188604707421 0.003309932937387754
149.44505490009544 -0.3227374114542758 0.004602310437844559
149.5025312893328 -0.2670740379100376 0.0038832224933018486
149.47298326078044 -0.2681690212109173 0.005382015505393547
149.5105663039034 -0.2479492513595255 0.005108669585283043
149.61022279024408 -0.2416336884937287 0.010105072287294138
149.63288572280723 -0.2472255178557934 0.007048237253631491
149.60796833705348 -0.2272070378301101 0.005394856716402983
149.64061120134338 -0.2013533825641628 0.014141323897808774
149.54213812318946 -0.2407949522170937 0.0037593808048754012
149.55405749958945 -0.2198496478563938 0.0036211538314330064
149.55387612098465 -0.2226166041267206 0.003734094887136753
149.5216999261407 -0.2205564198599223 0.005136980529246808
149.58870229737926 -0.1554539438936191 0.0028908988051388478
149.74054415344784 -0.2678073639756057 0.004680887027435593
149.84411711823876 -0.222003545642131 0.0033264432955704753
149.77328206956668 -0.167153130825298 0.003504653929760831
149.86452829853815 -0.2014006782410307 0.003033418804067526
149.86041508831988 -0.1883611767076798 0.003369161037076146
149.914592630435 -0.136180766730761 0.0041275732063179756
149.91311625645633 -0.1430160596030726 0.006544171386298442
149.8716009213995 -0.1601492081805696 0.0026485360865609983
149.8918876704549 -0.1333928337685608 0.0049934232563609285
149.81507360920153 -0.1780626613770222 0.00594708922894625
149.84382246832692 -0.1225657019188724 0.002642477265893418
149.68645919686548 -0.1977850355417763 0.007932132581763505
149.6628354667357 -0.2016496132295354 0.0026677000358109786
149.6599734423271 -0.2058022104553888 0.004064799978605169
149.7137014248739 -0.1857895385405924 0.0034650357888998755
149.72563772804 -0.1688769756737022 0.002698838081815411
149.73487570618155 -0.1628841694314634 0.0038539502543984993
149.7084123639804 -0.1742301025391324 0.0030634547487562013
149.75765570719344 -0.1495378573962158 0.004715394793337651
149.75043965983 -0.1523825758586068 0.006122236815444368
149.69273127590748 -0.1618367408549518 0.00639508806810061
149.65504630377708 -0.1653301667053514 0.0038439979254697066
149.65689859107553 -0.1585297207341781 0.0027960308546940375
149.657590228351 -0.1422799519228491 0.002971711874309703
149.68638601335462 -0.1364899127457323 0.012329219503376145
149.6872885088448 -0.1288038493025559 0.01564208403028967
149.7669163067236 -0.1361675439003331 0.0027638096229883236
149.80004215040913 -0.1085296001170565 0.002837193685571696
149.7672242342686 -0.0964366388337518 0.0032320815091429105
149.74940698582657 -0.0910845412074159 0.004689130825588611
149.80643441245297 -0.0980914184886529 0.005304338543175476
149.81593832762778 -0.0823948967539142 0.007166380768083606
149.81293758003045 -0.0744427842627035 0.003928209346321801
149.79835746231186 -0.0607738296548896 0.0050066893966497035
149.7065869633635 -0.0690511641585867 0.004372558258832732
149.7323662523631 -0.0416488455089647 0.0040074854996695886
150.1441647305694 -0.2635342509366936 0.0057412098279383235
150.09341749901512 -0.2499800860545824 0.008901384881134724
150.1125210892652 -0.2465673128237376 0.0027500338819695354
150.17942583157887 -0.2158664437339111 0.0027616310667015285
150.15934274892874 -0.2003262269057849 0.03242353569012895
150.1154578323179 -0.2217042340148609 0.007120836015891031
150.1927236137463 -0.1703619637578594 0.003504521144311516
150.2369554845143 -0.1227522201199777 0.003695824027660015
150.16111521861666 -0.1673740302715797 0.005913131192173132
150.13089066451963 -0.1594344980220106 0.004164031101342539
150.14781605885426 -0.1547385529092238 0.0038869219911571466
150.17003566275787 -0.1410586816038577 0.004539574048618667
150.21902971061175 -0.1051269764707314 0.004168001001224297
150.02196566227477 -0.1786015463148358 0.007330491079949695
150.04106480725972 -0.1602054579586345 0.005485838898463346
150.0623316813388 -0.1398196576083575 0.0035535747032748016
149.98336277867452 -0.1747194820346607 0.003941929289467976
150.0771219975711 -0.0460652899871539 0.0035664947545597228
150.140494057973 -0.0440668735725124 0.00426334025270363
150.14587685081358 -0.0351162642239004 0.01005530121112132
150.11927912637023 -0.022305866846545 0.0029484889846059527
150.12116859154222 -0.0145539637996263 0.004131534176289302
150.31678718072743 -0.1003711864558134 0.005765328125841824
150.26617744810375 -0.1124043307416862 0.0037592049996510372
150.28025608259412 -0.0988682988286171 0.0038032362569800234
150.34435195385777 -0.1024859780752599 0.0027096588101232087
150.34674982715669 -0.0893469889199878 0.0031483188135747507
150.3060637286923 -0.0625438648688042 0.002662984659408234
150.27003500927026 -0.0232069929068843 0.007799378907055901
150.441403924317 -0.0196948356850334 0.004148211198846231
150.36060899760164 -0.0072141013940481 0.003326957129061567
150.20511699253146 -0.0006763520541820506 0.0041960371984223034
150.2624100337013 -0.0236564872126019 0.005839006310520246
150.2341706021612 -0.0194866007491567 0.002648872835524461
150.1361027749667 -0.0129045134884896 0.008232176620854919
150.20522998840715 0.033241988164159 0.0061421770311467306
150.22896809112524 0.0349915778113534 0.005068641902950577
150.21954466907872 0.0400825189553946 0.004722006652788657
150.30046136950727 0.030540550572618 0.003749929644210904
150.3423986141819 0.0572238626480793 0.0034156594556132218
150.32539376373728 0.0636938885605268 0.005967942905063698
150.36990018049593 0.074958330832755 0.006169328837437042
150.3690401369793 0.0819447732852154 0.004498103297175756
150.24701019700726 0.0706995093758639 0.0037090975423705414
150.2529466873463 0.0827963863365086 0.002818155056858936
150.29638947637426 0.0870537667408742 0.0026448684717429085
150.32278648012863 0.1151693111540488 0.0049858055260666905
150.30171495443645 0.1087149048225409 0.003333223726988736
149.9666462143373 -0.1142398723467096 0.00654944176040158
149.977835799178 -0.0486651314681307 0.0031257207054223714
149.88743929982624 -0.0643078527115171 0.0032856336643506167
149.96225509109078 -0.0549743695476186 0.0039344665249432574
149.9407247229065 -0.0050500584750729 0.003363467260005414
150.0134953702625 -0.0348824271528776 0.00952432013434435
150.0055428199701 -0.0267281779239661 0.00461304514306321
150.08352411545192 0.0065393707732456 0.003877620249021759
150.086494540549 -0.0022362024494165 0.0027929058108579013
149.99789422288552 -0.0249166875710286 0.009360167049941559
149.9767645808249 -0.0142711132463735 0.0026950182447150494
150.01929954092327 0.0519056224971525 0.0032429460190343947
149.86542315827597 -0.0500047048128743 0.009321363507993608
149.8339500111851 -0.0333351522492414 0.002835798801418761
149.88993622629968 -0.0276993452874074 0.0037937222755606015
149.80094268332778 -0.0282465442292887 0.007414549682896944
149.8003090425982 0.0097235909094607 0.003721132758803651
149.86138489611352 0.010169533135327 0.0031792840379626522
149.8377858558978 0.0192852148861335 0.003513044852267379
149.87781770109348 0.0312688467619323 0.002962913342044779
149.8779601659037 0.0450168745741187 0.02420648901717522
149.81548640248647 0.0326147988864658 0.005672626632597223
149.84997874561446 0.0495310705479854 0.0031837766231729626
149.8514159790812 0.0679130146230145 0.020661110700104877
149.9516822736443 0.0275779958480295 0.0036527066443483584
149.95308068044912 0.0367209466931204 0.015856605069119557
149.9125830841528 0.0378827768570742 0.0026713386000429868
149.9261146045139 0.0868467993883799 0.006084415998618415
149.94922824318417 0.0967394805128942 0.003466993796846331
149.94172271494034 0.1488611659755446 0.006599624249283048
150.12855172954667 0.0443909105630627 0.004988575157092969
150.10648031301682 0.0286086252577621 0.00281454728706153
150.10534589783722 0.046614837177111 0.009576057598417348
150.09972865540217 0.0504943880029497 0.005551575105415967
150.12671152408907 0.0645466811143684 0.003160705335913926
150.11324266056064 0.0680786884844227 0.0029384774997127895
150.18167672064072 0.0872351223655323 0.005034232970279761
150.08287549976112 0.0520626250234705 0.00523500450340668
150.11394903806263 0.0825890284591119 0.003555731462964284
150.1097368861855 0.1320597306599618 0.010238839485696424
150.25250660786418 0.1204780203977548 0.01829212812221444
150.25681376190744 0.1689545729139843 0.003545125544791697
150.20506895387803 0.160474160585124 0.0033922596346473767
150.16625064149932 0.1846874679236654 0.0026777820104922035
150.08027942992533 0.1378717008526838 0.00280799958722324
150.07746032484047 0.148775140540166 0.0032940675409333844
150.07734356222733 0.1516122268861092 0.019494508701365383
150.00542463841242 0.1377765168742956 0.005952155239482529
149.96374134003418 0.1355692376465075 0.0035015545749538736
149.99548647563947 0.1626872759793159 0.0030227096647018584
150.17407489048952 0.2009842896270952 0.0062958346668687635
150.15655210903137 0.2161153099574089 0.007155099369969203
150.0712861825927 0.2033386325128564 0.0028716463839840315
150.11825135567838 0.2631616480818964 0.0027465214781954325
149.395598762281 -0.2433147629300807 0.004907123233276884
149.43309869555387 -0.2107356636961608 0.008633994240537983
149.36496741430372 -0.2202560361640083 0.0032841414910967674
149.51785138202766 -0.1689740470488715 0.003114224124153633
149.5577085780691 -0.1576547608550945 0.00754811389357023
149.5340445100929 -0.1555086986132958 0.002966141632357066
149.41989802473884 -0.1516773282029156 0.0028711554693462236
149.50282832315037 -0.1439281451152587 0.004509915342339613
149.4975715879762 -0.1008710225466049 0.008713920724959709
149.4934917686013 -0.0924020072266025 0.006558089580179599
149.4903120553646 -0.1008206968081241 0.006973881356015227
149.3176102114016 -0.2151533543911747 0.01363040717829264
149.31776568449058 -0.1799743727831897 0.003890379110557369
149.29968128132094 -0.184442125752989 0.0027601124090618047
149.29349202991037 -0.1858554276605969 0.003272393147901066
149.29191566758243 -0.1917510048172209 0.004703552702858256
149.36164347041134 -0.1657519939290551 0.011542477578986847
149.357593058162 -0.1553969494978034 0.00330353600577646
149.27863011278242 -0.1675210674398855 0.011143782436057136
149.3534520028963 -0.1030036319975369 0.04431605065517208
149.3667757716457 -0.0970998357223926 0.006093601992842305
149.40808611263185 -0.0618768778219001 0.006811034335204255
149.3847471400024 -0.0472584876779206 0.0034311541085918188
149.61985057001235 -0.1097598774888126 0.006362915042964077
149.5568933352471 -0.1109147063690519 0.005607270658013166
149.6706363398896 -0.0697725909742777 0.003083526922361303
149.54448679030227 -0.0719519804449762 0.006371551600383869
149.58090214445266 -0.0655306949243798 0.0038228783615376558
149.60596512407537 -0.0162575008320296 0.006842513211486698
149.66782391258468 -0.0474907745534706 0.010736887919682048
149.63775897649427 -0.0099674063623298 0.0030081765374527407
149.67797040326107 0.0697570705427012 0.005434563524966795
149.52614188900262 -0.0235789825088236 0.0064679771894688666
149.58834927889424 -0.00034590332141260107 0.0028900866548865266
149.4529104266256 -0.0243502397112881 0.004522942687511936
149.44443470252494 -0.0128107363975832 0.01202539815656187
149.42616757294343 0.0015015162836968 0.002662353225474525
149.60712897107376 0.0624434364742533 0.0029962327355154703
149.6357552891547 0.0939010220546898 0.0035739775456075187
149.6230712152542 0.0902222273102884 0.002884858522577479
149.55590189606124 0.0644226263459455 0.0063005044061198905
149.5560364841733 0.1127205710986156 0.004230971156110138
149.59238044687237 0.1243022629230846 0.003552411355304003
149.27256034824657 -0.0869256004267854 0.005937132750967949
149.27202929494527 -0.0876454466156879 0.004014381934972492
149.28125845783697 -0.062052987648709 0.004183509115538058
149.1776227860196 -0.0777846023366135 0.005661520114270323
149.26212171622606 -0.0407889532206014 0.006226246772516075
149.22783454086232 -0.0137645013648153 0.009457741172423501
149.3959932803593 0.0069867963285892 0.003728513840978075
149.38633202210983 0.0120849950762788 0.006159815930192431
149.3551655235658 0.0010063730085458 0.005444328159339462
149.36403501477457 0.0162511088190958 0.0031635498669150158
149.36698826748113 0.0205944665316091 0.0032190971577295705
149.31637438113168 0.0508043397828168 0.0028827991120423256
149.1746507905429 -0.0431506606160473 0.003143420670083836
149.09562126774284 -0.0115191779334709 0.003320666299191635
149.12349075478122 -0.0085733702268266 0.0036388210604396355
149.0811496580517 0.0118017568724152 0.004624691469365715
149.0940686846217 0.0170911484844343 0.0034540837982440066
149.15505122190228 0.0507800729071959 0.003301527884253278
149.21073616671111 0.0314579111220431 0.003244789176153675
149.31895822220184 0.0789430253715489 0.005532507860218022
149.4459379384999 0.0399171900221805 0.0029503562515309162
149.40323566399454 0.0410731077857604 0.007771815903631038
149.45676927257088 0.0472907754741076 0.0028886905096269042
149.46365609743535 0.1033747549257374 0.002938330340842677
149.36700797345534 0.0604906469760838 0.0042920064862395696
149.3948158804602 0.0672520994660838 0.0058614365028006685
149.49436741829263 0.0902730347572934 0.0027269682695994935
149.5082741098314 0.0995447022352996 0.007659382877888342
149.53465780513056 0.1049275090352381 0.003929568236208836
149.46906121382332 0.1180472002943979 0.002808524033383515
149.5614475277712 0.1318251709814137 0.0030628977203974728
149.51305943207737 0.1839798699215609 0.0027789410850694463
149.47758745977643 0.1795497399465074 0.003374388789851682
149.34334934357133 0.0920339254308174 0.008328322413313011
149.3025948082911 0.0995249872980074 0.003198802005416148
149.31934278061732 0.1129561308012885 0.003318197445258881
149.30379263022562 0.1190838186994655 0.007596443982364872
149.30910079062963 0.1260523175062943 0.005642740582487928
149.3312909455283 0.1235465816237301 0.0058242635618920655
149.3194918153162 0.1324060758854369 0.005030864549904484
149.37461595112103 0.1823869703592564 0.007364084608450693
149.33196032430504 0.1604562144603009 0.0039213240197297165
149.32993561905647 0.1686549153365555 0.005264738681864865
149.3622083444408 0.1824760174058108 0.010617111776532434
149.3410893943985 0.18592431079339 0.0027009466728478916
149.41842756143842 0.1779783458683829 0.007713396112364412
149.43826508479782 0.2018812546759171 0.0078779991500293
149.43777007957422 0.2016847335359482 0.002892285628495792
149.4139989560382 0.2050094472145219 0.0033900111732918536
149.47608651401788 0.2239661707148427 0.0028470139793516716
149.40383271936787 0.217917725733882 0.0038571353121492407
149.41245316939424 0.2304753545355831 0.010391272278362302
149.4219955648486 0.2693311626168539 0.0036544287559417054
149.4107445470993 0.2791217970696279 0.004823460091732433
149.4044587440426 0.2791261338950914 0.0029371062647410157
149.4129521824161 0.2906327973189072 0.0046773945966380355
149.7977143510069 0.0278962787373088 0.004602643944170735
149.74021122873577 0.0441229563649395 0.006015595622335512
149.7298251239178 0.0938705981780283 0.012954066870819462
149.74848411931762 0.0939714511066369 0.0031574494738659713
149.7657745966789 0.1006660633817002 0.0029801713110597025
149.76261496506555 0.0976649945152103 0.0033537408408794893
149.8684056601151 0.0968077543354467 0.00677311110275966
149.9040430106332 0.1271681771150856 0.0067624845300259615
149.92113090574998 0.1356955909788018 0.005030703824559124
149.92278395222482 0.1616993269390717 0.007678462093501152
149.84125265313435 0.1503294471857109 0.00417528499383661
149.8581176754178 0.1683279758388676 0.006232566766887962
149.8272741202077 0.1990612901588086 0.008212349233030276
149.70834318785865 0.1139538336125951 0.0032793096318566558
149.68330381794658 0.118663583097169 0.003728314883804015
149.629092274304 0.1170391213051396 0.004349905574493487
149.64404675551697 0.1419754181999088 0.0035623056903142914
149.6428524152789 0.1678573262453078 0.004080838047033416
149.7524360285309 0.1813545127589871 0.004174776110460894
149.82741792352778 0.2408348436245163 0.005040139705256253
149.7078928070197 0.226303244247385 0.0038700485171354196
149.71315672626653 0.2174867818974561 0.00425193581106473
149.74141461664607 0.2730735883562955 0.003469209920455216
149.77089751544136 0.2865559435748302 0.00269661750633596
149.9055146777046 0.2121872228956237 0.004284177190266958
149.94017585660632 0.2732899339955478 0.0029186293779283104
149.93384700767203 0.2771809614267751 0.004618162597607445
150.06284815233465 0.2669637202130568 0.003996649653157729
150.06232380311135 0.288635685072748 0.0030905602863029596
150.08208111210033 0.3235324373165626 0.0051342334826993815
149.97730558664668 0.2781591437735417 0.0032427046520972333
150.00117827098322 0.3099991191486139 0.005112856274503496
149.9488461390607 0.294955564232879 0.0029396352373371316
150.0344175492586 0.3401662514863746 0.0026528518339705453
150.04776655986967 0.3520188178661962 0.008566200980584878
150.02562256736135 0.3526356227941359 0.003277078763385799
149.8551937818833 0.2426123052290972 0.002778313246830656
149.88936118892155 0.2629604612279192 0.0035926131864936323
149.86159345394364 0.2696666944471331 0.004614303535267648
149.86497470498875 0.2874216782792174 0.0036390068208520037
149.90768678484133 0.2717302737170363 0.0029412421062283717
149.81679491589017 0.278873525413195 0.002749457776625079
149.772821103499 0.2979042989576825 0.00924446632159852
149.8031371464628 0.3082360212926139 0.0033929032802841427
149.87453405198735 0.3305948353627388 0.005816748139653422
149.97201258898895 0.3275282450056814 0.0028083353689175496
149.93506294417227 0.3540191222949956 0.019549217550366416
149.92498860980302 0.3864167174975028 0.003969996689522682
149.57282031613 0.1713717916839843 0.005099248239375224
149.57317542080153 0.1775994416835792 0.0032429375064841224
149.568094746393 0.1758458504027663 0.0040394750460967695
149.6434889142754 0.2379948384130256 0.006113237374817478
149.55596786270266 0.2114564216914173 0.006495146551642193
149.58882693012546 0.2234725291439163 0.0201238274391927
149.5587965643578 0.2250782819747563 0.003119988186530086
149.55246260328025 0.2279419759532368 0.00706774015981829
149.58602174132113 0.2393810352914479 0.0033128069576777415
149.68292280206944 0.2481218628240258 0.0029963245291920225
149.67385795892838 0.267999823585193 0.0036932258751654484
149.7377784909604 0.3044785973072967 0.002714242238497777
149.7211043223941 0.2980609042581671 0.009456532612060253
149.7115614684382 0.3176703346804503 0.0057893533808677814
149.63220148489097 0.2736839249339506 0.0037852706696402537
149.5945944981734 0.3013743817979155 0.00560473727486976
149.5027061763611 0.2262271864803456 0.005225456835303994
149.4933185000836 0.2790882201866094 0.0035897623608823746
149.53873904202362 0.300808221326559 0.0056332601724733145
149.5378483571809 0.3007544108517636 0.004400525070861786
149.51285734463872 0.2962776012750363 0.0034609978110256862
149.5145116177886 0.3088932138846809 0.0029683641281162973
149.4639183444718 0.3266947265888715 0.002722148131781565
149.56108327567685 0.331503565469125 0.007024187075163779
149.58556780778812 0.3663187639983753 0.0028210749826156852
149.61915608473842 0.3504623376907427 0.005755869377876577
149.63628271865846 0.3879280548600755 0.003002624850533804
149.54441068393567 0.3495010720141869 0.007551824342801004
149.5162837445337 0.3788811071598036 0.005957604167233649
149.5315363733369 0.3821083425248237 0.002837795623640085
149.58502410597717 0.4009543914122299 0.011775550915700069
149.6065764279711 0.4130163270286879 0.005828710355995393
149.57119547716994 0.4144209542588842 0.003254644398566162
149.77130954722372 0.3083061993555231 0.0033807067802282546
149.794831359073 0.3280020005003863 0.006492569012123763
149.8284659436896 0.3718424457461047 0.0033113189127313403
149.7188534741465 0.3447304838267995 0.0027975904361041675
149.72090064951664 0.3567151381907431 0.03446131484625604
149.76086268555238 0.3868122386284572 0.004128462457097905
149.76687350181703 0.3980258544626315 0.0028518879593795285
149.7608220762909 0.440917574403462 0.008582104029697836
149.83989811230137 0.3982141340592335 0.002761388231349427
149.8335165443832 0.4197385441917672 0.005516327469862298
149.87125487708477 0.4477649767026834 0.002687622292038398
149.81034011993367 0.4437570207187858 0.00311165253076075
149.80183894169673 0.4630752336293466 0.00393820967355202
149.67041626913365 0.4277915990098728 0.0036808613566556305
149.7149691966039 0.4359662834111052 0.003852462762947172
149.74537153609316 0.446269122736303 0.0054865166894126315
149.59826287334937 0.4546018634962304 0.003606162140614918
149.60687529084203 0.4571940019344013 0.004199449708355247
149.68531705116604 0.4751852813332066 0.0027275853528595383
149.67808368029088 0.4984155232525771 0.005037708216661784
149.66646134024262 0.5011902925972762 0.004644775627428359
149.7822296659302 0.4800707453695286 0.003408895472684907
149.74229736922896 0.4790311508355503 0.028883444850441847
149.81562763684096 0.5319067698255102 0.005703121837093568
149.80942947847618 0.5565734774121696 0.003784152365995543
149.72612817059886 0.5186060097669608 0.003934440569721899
149.75158628652167 0.5335604036545347 0.00474610628469219
149.69824393636938 0.5390147640889125 0.010848792172620575
149.70694303132194 0.5332614105835791 0.0031288367543375654
149.77467896410604 0.5336055815690112 0.002932702839123191
149.77136699208802 0.5550377749871547 0.0027054885458753838
150.4820483202026 0.029454431532666 0.009738041468541294
150.4804806575547 0.0280781788438302 0.0030306404091575262
150.46766606779588 0.0483162170210707 0.006020602916086844
150.51520127488067 0.0789866297733565 0.004960908702432153
150.4367221733184 0.061957855569071 0.00543952960302144
150.4092812741148 0.0538268750007011 0.0061804279746196155
150.4792848776619 0.0919873063260093 0.005662042235423919
150.59509854347976 0.1246011703955675 0.003145635081464171
150.60387339759893 0.1417411286204599 0.0036980037703681825
150.5496531024131 0.1439197517363143 0.003929054424499426
150.53636464118134 0.1527472079357195 0.0030878505999148453
150.5522013175934 0.1917526987945475 0.002715765204231393
150.40870919518864 0.1263797048782129 0.004627118742276735
150.43745581380676 0.1564059768967806 0.002778582330410503
150.41223390456943 0.1418576885138245 0.00283835651510519
150.41029248850143 0.1512890934990124 0.01296960336129155
150.42558558615815 0.1693660143867382 0.002667050718503874
150.33131442363762 0.1416534072112644 0.002721191555776135
150.39689167826148 0.1638242813071232 0.007939511728779165
150.47716066131855 0.2134936978109468 0.0052091842598359535
150.4937183511298 0.2286030629652619 0.0032096866775531557
150.51926576661373 0.2401439419619793 0.003524148980874882
150.43994536106763 0.203045411685472 0.0032510294572792395
150.426126807728 0.230544972755174 0.004282523646104259
150.4721956924914 0.2735894306090595 0.003169544142584238
150.66978769843814 0.1927156502398095 0.004764873163544621
150.62212433840216 0.1789525972517783 0.005408881285437381
150.67706540604215 0.2069840304225655 0.004370064375486737
150.62061262449035 0.2303518421807482 0.0029679203363493683
150.57063511756172 0.2158916129004315 0.004925217621388026
150.56367801855504 0.218231605460712 0.0031466403297765438
150.59977600751824 0.229356752661353 0.002906232061662322
150.72039445057564 0.2557524410815142 0.012650355773792513
150.79826700604573 0.2840121472414917 0.002967786360977093
150.5897819171889 0.2699937369527483 0.0036748163469961103
150.5536155257942 0.2743812967051264 0.0036619791699092166
150.55273004160284 0.2827576381167153 0.009733161052615298
150.58796941822817 0.2845373228882575 0.006377439092916599
150.61458966024327 0.3170207239666994 0.004108106743500819
150.5207578429272 0.2987225445868731 0.013867132799316695
150.49362882349047 0.3060908193811779 0.004235177918412396
150.50611570796045 0.3207395716091699 0.0028316395829325815
150.54351697259506 0.3337790346284052 0.005874419199494441
150.5705783408502 0.356036872829705 0.0062772520850349475
150.63333692109362 0.3104680929576894 0.006625873110412275
150.67092664207686 0.3584663325201493 0.007328412462884565
150.66358558086293 0.3576681912634111 0.005202299720425838
150.63268729504776 0.4075255581887905 0.00549847696032024
150.64829389542572 0.4406628831747042 0.005095515823972327
150.2944218907966 0.1521555427288316 0.00590313043717768
150.28128062521628 0.1938601394537885 0.003099157013721779
150.31670365718378 0.2154780936389673 0.004977764941286069
150.21623250985945 0.2260424394331555 0.010258878459680099
150.26400110252726 0.2372172670211406 0.0035487437823206883
150.23686384064757 0.2454804414503684 0.0028003544159887137
150.234577452707 0.2420496135018558 0.006375765268645914
150.31526403834405 0.279355553412942 0.01706562505504133
150.40821643441194 0.2967008284474652 0.002943854150393024
150.3307413981732 0.2963138027581929 0.0028994748738971235
150.1876551783795 0.26634279525612 0.004271042663447974
150.21637368639963 0.277622924385799 0.004097013685131548
150.18838904802928 0.2801471323355751 0.003241161560445518
150.1632502816358 0.2758523301313684 0.0028196833484496887
150.22074243864796 0.3326465413426118 0.004282265545476271
150.32371385760504 0.3473996575669541 0.0027545930323406164
150.25444716368384 0.3661145618649943 0.004007076369819
150.2947514513081 0.3831249038129543 0.0042512832301504055
150.26567781240422 0.4095392478266891 0.008932606536744488
150.2916213879218 0.4399120892021407 0.006826432961365625
150.45778302601832 0.3172737222994986 0.0036934144129226352
150.45657490551366 0.3261697622630446 0.0028008940734077217
150.46919808590042 0.3580298753870545 0.005115836246247326
150.4209544422594 0.3514295738371861 0.003554031188229868
150.4662034336721 0.4141829125240648 0.0035933267430119714
150.47712686508248 0.4249263086758416 0.0031358010385845667
150.4882832743207 0.4272692805162588 0.004372496339918238
150.54119996036536 0.4531169713054787 0.010029542883165626
150.40296743311143 0.4178255229455887 0.002926449873733822
150.38498686690968 0.426517271351275 0.00859086609172057
150.36484681049504 0.4287644470565027 0.0029708006797616615
150.409518180616 0.4597550613956747 0.005568330247977635
150.34277884050107 0.4279007885649441 0.00287911912641992
150.37112023502527 0.4567539517861804 0.006468874186673925
150.46790096713798 0.4491381467569488 0.0037323708131167576
150.45891796572718 0.4791410019180678 0.00882243799174625
150.55092395827938 0.5223285590079737 0.003590312280907281
150.43337141741654 0.5077112623774527 0.006287058401730312
150.4365078234289 0.5132493764192039 0.0027484961605000594
150.43197141611213 0.5452902559767501 0.003229146693834598
150.41627921497212 0.5439509373758036 0.0027470389963809424
150.44783363727112 0.545843542088562 0.002906520260325868
150.80550767371494 0.3110610633712414 0.017792157919074972
150.82753791634815 0.3372507244588162 0.003374604409171077
150.78861005372994 0.3428611464957066 0.003927988065741867
150.87795020072258 0.3618156259566284 0.0063477757314251764
150.85054492746465 0.368346226067295 0.003864536687873996
150.84994912073793 0.3955903911213981 0.002994289067260904
150.73980644317143 0.3691810029972965 0.004194836368599349
150.793683068024 0.3914178515179595 0.0027884265525542377
150.80047116908392 0.400466728946196 0.0039683728491944105
150.8098252040977 0.4136710244228481 0.011213007809284425
150.90994319575094 0.4057736010284183 0.0029747860731675273
150.95504538957897 0.4411833001632072 0.003227360242087028
150.96005315713396 0.4529951682653597 0.003240825292844249
150.85317423565797 0.4368192973674997 0.011570512866580764
150.89164238664304 0.4479251979619092 0.00943048458726785
150.92298957599394 0.4970528935843626 0.0031333240676843
150.69807679173223 0.411027827495864 0.006003481264207084
150.7966693859511 0.4629675752613137 0.0045510828284338984
150.78467590428494 0.4670110460118328 0.005662631683976421
150.72965352145292 0.5013576974794026 0.0036561770616130277
150.83828883907455 0.493401513315273 0.0034286505956687965
150.81655767650065 0.5124809314177372 0.00392309011905277
150.86356219918054 0.5075168234311195 0.0036875175388579933
150.75576516957295 0.5380466752644969 0.00514101782447397
150.76818317538277 0.5401796195587785 0.007484812399934169
150.8264312323135 0.5421695409657786 0.0028498135994731856
150.7933297671803 0.5738719267313658 0.003159817497111086
150.81108902440442 0.5816878164318919 0.003494244173041137
150.98943259423388 0.4579974592444421 0.00274698652859281
150.99373558927527 0.480685257053888 0.0030122635706898147
151.03364367688076 0.508476806680732 0.00450393723374046
151.02044016601735 0.5560343724954038 0.0026753557807523854
150.97473943250364 0.559346357203829 0.00370845372899938
150.98560352617835 0.5710384500376752 0.005663754622206358
151.06371465107372 0.549730473058636 0.008336858197828804
151.15779895639378 0.5885110077155657 0.002716927531271185
151.12039449612962 0.6172465632518399 0.003865948591803511
151.03558410324706 0.5750761446636047 0.007416833584415274
150.59666303322146 0.5513503399638109 0.0029066570919181406
151.03127949607452 0.5764594491839258 0.0038904432050669555
151.07113051340647 0.5963143369698016 0.002908109931829555
151.0116597089234 0.5919088304433452 0.02373225508131391
151.10324657320106 0.6221446635608888 0.005494370916398852
151.0913627721047 0.6514636500114402 0.004159005882353057
150.90678714394056 0.5427253816020722 0.003491471405625501
150.91329500289496 0.5824895397886116 0.002992898817150644
150.95355616613395 0.6274371537660489 0.003774482356300986
150.83681688812177 0.6025334994240126 0.00349424525922357
150.91380227887814 0.662552778185804 0.0039194077732872205
151.00402718105505 0.6600373621948815 0.005228135858155517
151.0290531683296 0.6536847230264112 0.006332943662943425
151.0441478421764 0.6665276308458071 0.00557150237028286
151.0482423624725 0.6762956328387422 0.0027454360978089597
151.0192572991074 0.6887831702023036 0.0029180948532601197
150.66737604204178 0.4839986800960008 0.007710947116066512
150.66546378465347 0.4976728604154326 0.005342279115036292
150.62565998312468 0.4810674519469849 0.012207862093477025
150.59302614710026 0.5372526992573653 0.002836242527074442
150.61623309280674 0.5569601429811978 0.004392100050353699
150.62121278289035 0.574025561925399 0.005975374227795652
150.62714070373133 0.5797374836955781 0.005454363713162105
150.7664217201362 0.5572764775831205 0.006650210994821757
150.7430716511046 0.5547865362896737 0.007624680844625712
150.7198850672537 0.5521060850930262 0.002878769213920067
150.73431009200954 0.5736528358615652 0.004935047073776353
150.72899481896124 0.5895818109557961 0.013234541332391622
150.76999848448054 0.586605332271011 0.0034043353120606634
150.75927103782047 0.5912985088931418 0.0031704859621473278
150.69625132386392 0.576564595620555 0.0038509568255199636
150.7103559169384 0.5888955642215091 0.003177963754191472
150.65350939240767 0.5986467309612356 0.0026519510259670935
150.6975807485173 0.6143815631980376 0.0040537425134515885
150.7383262189263 0.6193786755664631 0.002734480619097436
150.7289737956072 0.646855310568871 0.0068191223799429195
150.75300582627565 0.6521244315249577 0.008638793137503651
150.55575418315104 0.5465365659112265 0.007476949366132468
150.57470099897407 0.5679708941224357 0.005575521047594341
150.62971441602448 0.5846195424719958 0.0048339861261047406
150.5160759192758 0.6178112453831867 0.0033308881893409814
150.54876232594185 0.6277923068705829 0.005876398979099802
150.67136189167925 0.6326286794342226 0.00421151231164859
150.5978782573747 0.6958060666573768 0.0038644666134158468
150.84036588697103 0.6508809484069396 0.003531630262407662
150.78399857764154 0.6327318037131507 0.004495060999333651
150.84673199809114 0.6623291853186145 0.002957033261516507
150.79338111693485 0.6620182717865079 0.003361474837097979
150.76153471616615 0.6708372379319576 0.00305399227803793
150.74465026685152 0.6781658042479919 0.0035354233800145005
150.77590722274311 0.6946707391448173 0.003141282244972826
150.83720932638664 0.7049533720743816 0.004373084000845432
150.83870045500777 0.7238702054607861 0.007292898758090424
150.898179611708 0.6805976116224888 0.004323158811058489
150.89302940099645 0.6849780156385483 0.0044598601918328555
150.92119351322415 0.7394086235566214 0.005131492867750986
150.90798616363082 0.7517294776510302 0.011174617581821216
150.88111837900132 0.7849658280999365 0.0028825921168663692
150.7151655400391 0.7009042107443242 0.0031461066421246283
150.76940946909374 0.7491624648347043 0.004499398400715962
150.72117847750778 0.7450160346753893 0.008432306802797909
150.6698549133227 0.7605432612136671 0.006368240693765656
150.69518136538548 0.752200753848215 0.0030966570075143226
150.7242208540098 0.7563872439199305 0.003854045429742823
150.81575019480735 0.753920479171745 0.005603707132706063
150.83625183045982 0.793164528661217 0.0034603811661763364
150.73965846960593 0.8260972950232115 0.006638972345656232
150.8264614546865 0.8596573201830455 0.003300770008968211
150.1118080549427 0.3299855104077814 0.007224789941166738
150.14878697403068 0.3457342396915477 0.003070726554452372
150.10020377311136 0.3510347857864388 0.0035219151571705297
150.18059501338814 0.3815910180320083 0.0037178970482476563
150.16234290581806 0.4061398409828758 0.0034799588989395144
150.10868451634593 0.3699749016826978 0.005931858867457412
150.10488382745916 0.3684664481608509 0.005663635100164142
150.0976985303214 0.377291972195639 0.0033812134635924063
150.12335660568422 0.3991545229817377 0.002758677194232485
150.12958947963725 0.409356295780734 0.002933940584212512
150.21277400578984 0.3934252836949378 0.004659326608688022
150.22455154868297 0.4049958500656574 0.010117218386560312
150.20886342149623 0.4161554370763605 0.004285734120007298
150.19743785912604 0.4398295383895172 0.0028822417822781227
150.2481386579159 0.4212874862681664 0.0037395106947673076
150.21833411471604 0.452121843648476 0.004717644318257677
150.12869355035014 0.4431988934852567 0.010262525154200114
150.01462765570514 0.4031750673716012 0.011097602746768609
150.03578926754295 0.4497749860453726 0.004837643431305742
150.07027844461817 0.451014832593677 0.0030594493632802562
149.96833149219856 0.4394547122445759 0.007799381331485316
149.99686966897735 0.4812461332793035 0.0027833684788077253
150.14401941240465 0.5096252012261403 0.0031976821278069073
150.08855432236692 0.5116051465941047 0.005076108654348992
150.1053329346181 0.5138990396954485 0.004210642547790559
150.06632849521552 0.5292852994118504 0.0030382326366889473
150.1066518463858 0.5621466030251568 0.002958469283981338
150.27617921221847 0.4763326342762967 0.0034944938831969435
150.28321389071905 0.4830528980063234 0.011106880508693202
150.26109242163173 0.48071525802655 0.00461045677430995
150.3426646602392 0.517017352398476 0.0060717671002366615
150.26071451589934 0.5037712182270737 0.0029445747226405096
150.26945378017797 0.5216404609621407 0.004407848047729032
150.29854234606486 0.5512763956981214 0.004306074849745671
150.2705691458391 0.5461811581042078 0.003292998930155471
150.37490943572033 0.546785432416463 0.0027898927584611125
150.39235425208213 0.5534773073012815 0.002774878101491254
150.41500180232302 0.5956042696491844 0.00841925705705443
150.3927565095289 0.5890238325060596 0.009061983031204023
150.2227526661519 0.5488283098022858 0.00533533476795912
150.23653681557204 0.5788409180767883 0.007776637847066976
150.23643936692946 0.5882074034863487 0.0033726419656280125
150.15121623282707 0.5751517927411944 0.00925246294804295
150.23926945239677 0.6395742291887104 0.005621119713702885
150.20819286650448 0.6384903501607304 0.01574129596845356
150.29019686599318 0.6275203989949727 0.006844183337427121
150.36723200247997 0.6780377009068983 0.0032699094743058256
150.3307946758594 0.6733987279423597 0.006779568444770708
150.33952738487378 0.6902781511118151 0.005135402221340169
150.28331041683015 0.6714133532735117 0.0032854214603002968
150.28128895743583 0.6925934509624638 0.0036774087882919296
149.92712738693675 0.4909010035321468 0.002791126336111842
149.97483086156268 0.5285911295361618 0.0034687071826587437
149.98984556376467 0.5368457767634957 0.0060712912837007525
149.98979383621452 0.5373875327393293 0.00412518642210698
149.90531876659026 0.5042990186292016 0.0033621048613935458
149.88036384623027 0.5050203237660175 0.005301873904582166
149.90623172482034 0.5231190665344706 0.002750340978524636
149.92546216087476 0.5363182948094953 0.005061923175558599
149.95758069505976 0.5562832829196828 0.0027736636798198376
150.03468289102696 0.5481825925221747 0.005879510423133732
150.05168572338494 0.5546569684917976 0.0037358836282634133
150.1031384127552 0.6051925347599344 0.0026823141128102536
149.87790764805615 0.5628938795825471 0.0026417053432308845
149.8297405632141 0.5507036683290139 0.0033073794193815265
149.85222269208825 0.5802247849923063 0.0056442110495243175
149.78885410950858 0.5823979536213948 0.003344022798157663
149.7932164806624 0.6002302340326143 0.011314751354222238
149.8826967309747 0.6263856261002392 0.0027987656471385155
149.8448793425546 0.6579540925483364 0.004855148911400311
149.88169124034263 0.6673291548425954 0.006704380042624665
149.92662728259612 0.7186010059330399 0.003000629672713333
150.13372491610863 0.6568169071783658 0.003763083972413002
150.1688334456894 0.6422459562075961 0.0046195805017619496
150.16465611254674 0.637251451674841 0.003193446645760733
150.0932603558322 0.6587554268914851 0.002675323162510402
150.04887915354456 0.6685546891029558 0.0030044591575631766
150.04423879022244 0.6820483290746671 0.002928208618991843
150.12652218046708 0.71634857095701 0.005626395209287724
150.12456807602177 0.723518702629629 0.0034748790252026483
150.1809420150127 0.7114445195636392 0.004629201120971068
150.19354291300138 0.7282152072742443 0.004125583244904572
150.20455003770326 0.7452774654050626 0.009774197035641119
150.20422197433697 0.7413197928435913 0.004197335211391543
150.2333056420465 0.7525494375261707 0.0054011919861581435
150.2306235344202 0.7580265120060317 0.004669113053083323
150.16846240361824 0.764375781604488 0.003377141942833083
150.21392150871952 0.7712657965532848 0.003382618187374101
150.0102895204817 0.7019203647789265 0.008713983928502401
150.06866667022402 0.7318863582011628 0.003298995093379646
150.0547351110811 0.7396281423753182 0.00355440584674007
150.0084220744903 0.7569515762684821 0.004681257109525247
149.97395515456242 0.7398921145533087 0.0036614653165883766
150.0273845751059 0.7514283744536997 0.0027474317301464986
150.03504209999767 0.786565180294805 0.0029430388128185722
150.146454833553 0.7900375811009389 0.0028940409341728854
150.09044677212978 0.7898663834305306 0.0033489102184582156
150.11006271829564 0.8100102692271501 0.008245474057521731
150.15732031759825 0.8114525957561629 0.003368403225999411
150.1539975510737 0.8286403376269218 0.0048274193801201145
150.15320433133468 0.8291164603445057 0.023697744164283795
150.15303270610684 0.8563135618713614 0.004257836196153201
150.12478518535536 0.8521442342877481 0.003240581845233707
150.13038796856864 0.8808502604084465 0.0029402715019632066
150.4925115951663 0.61754817485687 0.005965138403038596
150.5012111771042 0.690586191786089 0.00310779697491773
150.41974428438144 0.6928074395545928 0.00865115731894462
150.4878603845376 0.744129889946218 0.003168009823630992
150.5403357551175 0.7910489023913563 0.0035496510334245067
150.39980010528743 0.7290963301766518 0.003529939317795062
150.342077358187 0.7517384868714453 0.006823903782421084
150.33724374535166 0.782036225460898 0.004400365637549769
150.3870496413568 0.7567325949933055 0.004887504548962212
150.50849713574848 0.8269067624104204 0.003103852284902487
150.4810705697624 0.831949634243028 0.0046649333118682435
150.47141284157397 0.8549353505549223 0.0031321931440613632
150.4732177703211 0.8555622761523746 0.0045859250188499965
150.43838597557863 0.8685088312894343 0.005868417987785963
150.4572274454139 0.8804153891400547 0.002653092088893229
150.45388849363897 0.871201905124402 0.0027229695174591484
150.6849019392212 0.8106271208671167 0.00874428068331787
150.68167286918742 0.8189964722763587 0.002857590935641382
150.59310432738567 0.8008197452070697 0.0042201204297342455
150.59356950520896 0.8011018310212047 0.0036202498116576242
150.5989811102986 0.8104313350918092 0.0033566784053725147
150.59948577232183 0.8159830138966975 0.0027566707276693845
150.62431624192288 0.8124271140655074 0.006066461623844883
150.60259418289783 0.8337589329996151 0.005065072016094468
150.65160143198074 0.8547873444604792 0.003981175929402317
150.61872096859565 0.8647153598801585 0.004303431897897631
150.6442826501975 0.8825217171584263 0.0031548816321791454
150.7458033352857 0.8495702007617034 0.00297649840809471
150.67599525791468 0.9198419466585842 0.0036575839638381146
150.72292303347717 0.903572910077026 0.00307659457292144
150.73360493277826 0.9345347892051642 0.013444878738821565
150.72188025637666 0.9487895090771504 0.002855341316778235
150.54813732310868 0.8457252993984116 0.0035150009733390165
150.5762325267817 0.8432936376862125 0.004962006965861265
150.59336469217507 0.8520636134294569 0.0037008917271782165
150.58169093283072 0.872732995958217 0.009231084248395005
150.59721681003757 0.8713965782523196 0.002658167351901966
150.63660175352152 0.9008209222909128 0.003133366382451146
150.596836527804 0.896668901144548 0.0031107946946963504
150.53561708960396 0.8848596367748892 0.004074886387492254
150.62969004369245 0.9373661764145303 0.0029442362778097897
150.7151907581349 0.9776127256185372 0.01088367123804352
150.65161757340394 0.968024991909746 0.011164253639427727
150.66146855426263 1.0198629245706536 0.003936120538116662
150.66663189432262 1.022426143771834 0.003756288923416609
150.28860496381287 0.7753850832198897 0.007665750757884876
150.33475085548093 0.7982218669071686 0.002850320554293665
150.3333626760391 0.7899375888953776 0.004774172035772212
150.3091628255454 0.8088678275710525 0.00760235410787203
150.28877941120348 0.8298593934013132 0.0030304976363506454
150.29588022475582 0.8430079537310062 0.0029811492175071566
150.37064994439535 0.883421132219783 0.0038652317618253058
150.43962033276824 0.9017256336503864 0.005786444135216657
150.41900950394796 0.9056864055017836 0.0030949101807409203
150.36591096908282 0.946086072427486 0.00584969219604733
150.22450448969172 0.8435825274145733 0.0034227660814607065
150.18392998756596 0.8524573205918751 0.009066825964133699
150.16437609699122 0.8585392094473548 0.0037886273021619193
150.18012482181888 0.8648547565949697 0.005140171089277084
150.13678025209188 0.8990244377308785 0.0027533919580419075
150.1553905879005 0.9195339983785732 0.010149849195097184
150.23322612830657 0.9248436078078212 0.004258679083023853
150.31561082444478 0.985237823980895 0.002919965966725113
150.2632101615699 0.9727993432881048 0.004032530209942032
150.2101731235441 0.969784889821022 0.004493897366689048
150.20671280807073 0.9704700569542584 0.0028067511846184092
150.22875975874533 0.9739573320759346 0.005501042112119036
150.30344294692156 1.025617246830136 0.009780448140126704
150.28855019465394 1.0378729765016923 0.002928613699662785
150.4909900392112 0.9385844907209188 0.005344472166105026
150.45183079984176 0.9422616362112036 0.010978654414967653
150.5012261658657 0.9522701526863452 0.0037836688069221203
150.46131409760503 1.0255082035204588 0.003341031341003992
150.57640350982194 1.00072229824402 0.005696368676051141
150.54939282788018 1.026232803196921 0.004268184895995382
150.59446191776692 1.0721502562588283 0.012275810470294359
150.54832630779157 1.0728775646696145 0.008736846984301223
150.39472272208118 1.020039525595977 0.005242866442971003
150.43255239135485 1.0301830010614237 0.0050909995613340345
150.41076272354476 1.0281496145612568 0.0145306457366338
150.43756522039894 1.0605506690696718 0.021695581886342415
150.35673461830643 1.0259967492636384 0.0031294499820029176
150.4523225826648 1.0614374684232122 0.0029632725610775085
150.40026402366323 1.1264240850318257 0.005653849510514322
150.43439141226995 1.1331709540119976 0.004406284650775425
150.4169156411407 1.1310796707114192 0.031466230531507045
147.5284857385571 -0.799412388463664 0.02295088469678992
147.67774244535718 -0.797346916060507 0.03523572542794164
147.75858567992842 -0.7939951125476822 0.003932161662420782
147.75283106350702 -0.7796645095042586 0.003586658721943912
147.74761889316224 -0.7848644335489937 0.012530694143947954
147.80674921596247 -0.732387444479065 0.0057261916536728436
147.67955741096 -0.7551577295889419 0.0026704649955814836
147.70156983526417 -0.7347803350043558 0.003548951911040707
147.71485472319557 -0.7209922342825718 0.0038529195827779125
147.73111134592776 -0.6948236668895885 0.0028602380487440606
147.60691414766495 -0.7563493208307213 0.0026484767185263997
147.52075864188788 -0.7564856522668958 0.004749202684491994
147.64557215911626 -0.7104198500345349 0.0049398789818051415
147.69836842070305 -0.690972523613396 0.0045213102030896455
147.6864986727791 -0.6675304892798978 0.004746354801049218
147.59413405559232 -0.6928579763770548 0.004625226120543008
147.66700390649416 -0.6271581400965887 0.0028743472203218347
147.6341819295364 -0.6471989280920586 0.003128799687852916
147.64140735086838 -0.6303852857699032 0.003938130510158673
147.97538400559992 -0.7847360401659802 0.004544809034754553
148.05640582154015 -0.7850080340903117 0.007315220385106834
148.08462703555833 -0.7641601521597645 0.0035791847358140143
148.15761102308645 -0.7487131792906376 0.004865370690966672
148.12379183733384 -0.7248343888865751 0.0055031334514463615
148.03819513259458 -0.7686036256025627 0.004313361470295912
148.0245851443269 -0.7410488908980715 0.0038756410267924
147.92711528159697 -0.7558527698651704 0.004104368252080529
147.89955004240338 -0.7503665734418622 0.008066316706042439
147.90622278334004 -0.7468239416313212 0.003293753997297057
147.88898153679222 -0.7413480964839916 0.0028459788259635145
147.87797284948596 -0.711090739739047 0.009991922678084348
147.9560001620686 -0.7144344911300015 0.004777533759743843
148.01832512844038 -0.7263512354599506 0.006663088161772921
148.03320162287892 -0.700409019430073 0.0034191219385032714
148.04498606032394 -0.6402995515861538 0.010450486164317182
148.01099095467433 -0.6236705953231875 0.0073265297867396075
148.00508121251144 -0.6305573965310048 0.022168082784990606
148.01802862709616 -0.6164642335331464 0.0043750751740137175
148.00694277444467 -0.6115435588330635 0.0028580154659562794
148.21782918575522 -0.7019933048439921 0.0031350625819506583
148.1781491525956 -0.7017006580349581 0.013012526879219506
148.1942311802364 -0.6978297872326529 0.00277361798409728
148.21814571811552 -0.6850850282283218 0.00485062839353927
148.1952528465854 -0.6798661639580912 0.003191435999712204
148.15574019312476 -0.6658330220756534 0.004069956660610153
148.1439232173828 -0.6673473727120657 0.0029152530246598024
148.13653813145694 -0.6368722344598587 0.002663238157967713
148.18339407987202 -0.6495532987260183 0.0032556684029740866
148.20375788139597 -0.631666394195166 0.003400519225957973
148.28302597920444 -0.6459610996388792 0.0070614548984346374
148.3320822461898 -0.6072795873635419 0.0029206258153911947
148.22085086905423 -0.6235553679462194 0.0036326811019228075
148.27335472068077 -0.5781796715129248 0.004941242744084354
148.25320073210517 -0.5711766721526165 0.003825088912731117
148.26678492310668 -0.5370200793781142 0.004136167898099185
148.11673024586892 -0.6417071553165057 0.003348514312826797
148.10507018576882 -0.6396446774464299 0.003224775975071478
148.08831741359194 -0.6146859631734075 0.002803995708542233
148.08544306599424 -0.6169776916984592 0.003490921794426194
148.12747009919647 -0.5991636186045612 0.004389959509925303
148.0451402142911 -0.624655064208289 0.0029861013209313975
148.0766755847473 -0.5848914035989183 0.006242459373675702
148.0649727238919 -0.5774477705250052 0.007938515272127349
148.12792878389394 -0.55867050140356 0.006108631954061861
148.26391415473296 -0.5168850866925612 0.0028589401554489084
148.2602156233422 -0.514874190652536 0.004293608525402914
148.25479148349328 -0.5228236434826142 0.004293843284364477
148.21820277706038 -0.5294145650665428 0.0038614599482347496
148.15983015450672 -0.5133388487940433 0.0057231087658755194
148.20153911401343 -0.4754948412399598 0.004481710862651216
148.17876038282924 -0.4739157657236738 0.002829043169733149
147.8101305399475 -0.7114459378290057 0.005665450698560385
147.82461265046433 -0.689708676298013 0.00890985927301241
147.8310395772163 -0.630209236443807 0.002946786961704922
147.9391194135881 -0.6462322817526008 0.0053212467093261846
147.95063941169423 -0.6381923988439583 0.004338716861534708
147.9763412311641 -0.6068217450090683 0.007527141662244968
147.99044505031426 -0.5900352215000109 0.0029229682610834033
147.86486163783223 -0.6173907284955619 0.003643072546032939
147.87793341604743 -0.5852738010794722 0.010462675590015383
147.9319686013493 -0.5327562688723136 0.008410429207547605
147.70787145222593 -0.6350392070686819 0.009009995511277302
147.75854757559682 -0.5733364584117898 0.009812855973663579
147.753169620913 -0.5749894103012507 0.003025609426765661
147.80772159513583 -0.5618291611063012 0.003593596690463158
147.88397295684214 -0.5079715681038288 0.004521083776002495
147.78716745622629 -0.4933112024834861 0.005759015463012221
147.8281119638228 -0.5025264676384694 0.0038015315976553093
147.81117241031797 -0.471089265367885 0.004298602328613312
147.83178348496182 -0.4796628186069825 0.0077789279613169416
148.04161107947215 -0.5124239175426365 0.005498118420672537
148.0396784823043 -0.4951563800607171 0.0060053325889110245
148.01733107538766 -0.4803546299746095 0.00504378678699662
148.00271272087252 -0.4832771838481362 0.0027805076521067377
148.10965364638344 -0.4860332867672166 0.003293228912688889
148.10810980013608 -0.4413158910644869 0.0035646003435456874
148.033617943296 -0.4444422618475158 0.0032674999124525698
148.0492589096864 -0.4272923236222945 0.003006537046724376
148.04521702878148 -0.4339381930886252 0.002787598226957222
147.91113511012546 -0.5036967141653805 0.002957443351177176
147.93191012348782 -0.4559280139323886 0.00370195243713719
147.87327476764136 -0.4525178155969575 0.002732447583368387
147.84997827942402 -0.4473149493924155 0.00417944043047805
147.94508771621398 -0.3953521907882336 0.025564226727066475
147.90019845304963 -0.3995082187719905 0.0043826199326085875
148.03630559859968 -0.402774579633143 0.007349327226161739
147.98192409246224 -0.4202750573171169 0.0033135053383643175
148.01362028672008 -0.3192191444033557 0.0027697104820459703
147.2597112794541 -0.7928306037045104 0.005054177553249534
147.30127516640096 -0.750211289818521 0.005357786882474833
147.37427311920433 -0.7880088638996016 0.007031215026741001
147.3849159251169 -0.7885154256345361 0.005578414417205974
147.3684172057055 -0.7679338867797729 0.004717840178201255
147.40434094600295 -0.7662385377844703 0.005607752719051209
147.19764599226036 -0.7926693921309436 0.003133104278178062
147.273070579342 -0.7629323084863396 0.004698373081369886
147.2023254802384 -0.754135529688974 0.0028235654858798443
147.18206162865994 -0.741715210426054 0.0032172113680429557
147.2566752617323 -0.6659301923930419 0.0037639838783406743
147.46395743399526 -0.7018399821451369 0.004866920639106016
147.4263646677044 -0.6889753577158302 0.0034373032969050323
147.4618659542661 -0.6627013441735217 0.003192894432728457
147.42313028881318 -0.6491439887189792 0.007470258401312418
147.4841783731881 -0.6372493457294689 0.004808322123446126
147.4829328678583 -0.6079360084148536 0.0033537651661297535
147.5689025097546 -0.6648521364486176 0.009442768543772918
147.61853899777307 -0.6027350493049668 0.00668282378451086
147.57697041989582 -0.5900778815100669 0.0041831149564236355
147.49523276738347 -0.6012832999955237 0.002718311357140601
147.54546060649855 -0.5778928606669785 0.0030451327116619627
147.56465953514228 -0.5623660569284974 0.006285219650148746
147.38712192298178 -0.657874327567275 0.006284830430954264
147.36409345393648 -0.6459655368513405 0.0030768277201706096
147.41949275831402 -0.595094200892757 0.003000110905347342
147.34975142239622 -0.5840729328291935 0.009294827401092534
147.3895326089958 -0.5258552090055155 0.006131756492778157
147.54022445122743 -0.5317736370207696 0.0036683956908037585
147.50715253004105 -0.5032057229622359 0.004274816033420423
147.45638432602843 -0.5398896571440923 0.0038836048932479185
147.4970360435954 -0.476653309656007 0.0032148819447728027
147.12892493983966 -0.7308002327252886 0.006809477427897276
147.19331398350252 -0.683703162396608 0.0027035724025575884
147.1858000438574 -0.6550492316052792 0.0034155930376299076
147.25277206574603 -0.5991516353521287 0.0030591823477590777
147.1688198042045 -0.6155176597620314 0.0037324274057034903
147.23366350691722 -0.5800709746170478 0.026976207722471935
147.17973265940395 -0.5565252178319454 0.01503396551127581
147.18575759574327 -0.5394402171468209 0.007614729398746758
147.19826761940234 -0.5344935182771855 0.0047052106853670145
147.18442601460174 -0.5154624225415984 0.0029660057908749106
147.35290811006618 -0.5054120410417169 0.00497015307392828
147.2943652991437 -0.5278731423290012 0.0038032286381583084
147.23778219488543 -0.5400514637052969 0.004564749341218738
147.29968894461814 -0.5127747004507819 0.015138856753042261
147.29389648617578 -0.4762654169853689 0.0035767403542018845
147.26512643404928 -0.4817258373079172 0.0032631729677842568
147.38015874221628 -0.4962213641246996 0.003546910252192296
147.40328508815864 -0.4640864458973441 0.0037821125583800633
147.42044502603736 -0.4639598070725771 0.004028936194620913
147.44031008615627 -0.4622353249006091 0.004234833301788388
147.4345831514999 -0.4552562385265384 0.005598849319863381
147.43920963251674 -0.418988056935876 0.003311234852654247
147.33712315893115 -0.4617687881868213 0.0026859682494685872
147.34440776956276 -0.4608517171620837 0.004535283131140692
147.38037653366064 -0.4503265939539136 0.02110178042267806
147.32649226167788 -0.4615001937371695 0.006377289972585751
147.3501569453877 -0.4140903227171393 0.0028551212054331514
147.39321367745123 -0.4336331124236234 0.0027495683156712326
147.39336999568437 -0.43329987528624 0.004355046682198371
147.23443958015585 -0.505981574763534 0.002984077854075073
147.23916175218153 -0.4347983718768637 0.003969893440387878
147.25066716171318 -0.4375925796117639 0.0035283768958753905
147.2748328578001 -0.4293581258149372 0.0029006459976702987
147.25803372663773 -0.4169737716789017 0.006399367695428977
147.18899495801486 -0.4444233896145382 0.006930408987864367
147.14909426212108 -0.4335354104997775 0.0047120349672086365
147.194553848975 -0.4043936886991898 0.0027582429360916965
147.263273229156 -0.4069931488486043 0.008251342789917864
147.2682683013143 -0.3960226632537319 0.0027153528942186617
147.29091031458634 -0.3801861467964254 0.002787657825057818
147.27828551447743 -0.387206554555114 0.002759132486016476
147.24676918660896 -0.37493589935458 0.005045104306511511
147.28817252311316 -0.341843619068149 0.003860423401581175
147.62806655966725 -0.5623684629023075 0.0031723475409282235
147.69599680509597 -0.5001851663355625 0.0036634956029144654
147.6315351247256 -0.5410753918006153 0.0026846653318249106
147.5798164239779 -0.5267966409292574 0.011582989685659972
147.59897482833983 -0.5115911619430614 0.002902230551795605
147.67008351896663 -0.4845732022029827 0.004455911787273058
147.65582649036455 -0.4492671211387908 0.0031874218073124033
147.744630798458 -0.5038610860419186 0.006672422291754642
147.73828287298826 -0.4946304957113334 0.004078516039766986
147.7314280455469 -0.485546298838015 0.009670656547109472
147.74324865011977 -0.4598321874812089 0.003975707404310994
147.6755721810625 -0.4599742565426709 0.0037161547825773633
147.74004115157538 -0.4160903836323447 0.00267941157767905
147.72392406943968 -0.4071808785648423 0.00288655039873033
147.5840535181424 -0.5070495554932323 0.006751894451852344
147.5546597232924 -0.5084698385697743 0.0029182351527292324
147.56442210357443 -0.4872371612880388 0.003224966106022732
147.55446529850843 -0.4484842007643762 0.004029864044671915
147.51616420105225 -0.4460884586347564 0.015328102101783696
147.51063374430035 -0.4385063585805903 0.002675243790036136
147.57195237867973 -0.4103233842578571 0.004059147189309504
147.67859328247323 -0.4001195124303941 0.0074739132834948895
147.65256624510926 -0.3716863518173278 0.002689714966952482
147.65890709610915 -0.3596809227196534 0.003143797538809197
147.6671711861929 -0.355252037355318 0.003979138627570134
147.85096929938226 -0.4022958791023336 0.0072240665742449505
147.81467096435657 -0.4082631800537392 0.0055123731620898685
147.8355874426376 -0.404460926126844 0.004191972979448479
147.88963336194288 -0.3757659496250012 0.004640943215471612
147.86037503575892 -0.3719922014919393 0.003525147468044818
147.84521886487576 -0.3438445414884941 0.0044386584172864535
147.8140209783909 -0.3397160759375725 0.00868356060341134
147.8168173696809 -0.3161839791321948 0.004924189067644303
147.94270247376372 -0.3317168348059507 0.0029082852093763787
147.8864494027031 -0.3439217843388636 0.00282898356623047
147.8829574124801 -0.3288134148400815 0.0029484123021902104
147.88458992976194 -0.2852109721752701 0.007559512066904773
147.8725782836483 -0.2642919314193211 0.0026828134169698606
147.9257436631883 -0.284605192529078 0.005160773331006271
147.7267464067104 -0.3545206148997325 0.004052403386530713
147.74041211472348 -0.3282479804294256 0.003390758269628674
147.8116702401907 -0.3065018832586886 0.0028713105694670536
147.78232625849083 -0.2879990579372619 0.0037396424383741144
147.7243241760984 -0.3077773288787198 0.003364107766434017
147.84046558357895 -0.2802462819241444 0.00654683204669769
147.91648457017686 -0.2247137985858071 0.003692168813310349
147.88579041713547 -0.2308981375291084 0.010679441586473196
147.8085982048081 -0.220834859393753 0.0039610505938901495
147.83461797018435 -0.2056183718113554 0.006677628739217886
147.4681821608742 -0.4335052805246556 0.004685664611368952
147.4991209781892 -0.4231912362750655 0.0027150997803920608
147.52858775989284 -0.3677691221293045 0.0058868897800832595
147.4351748491467 -0.407190674627553 0.010599518070977481
147.45935177766574 -0.3855055946282725 0.004927604516547986
147.4013555407316 -0.3702252852718474 0.0036600292368509507
147.4278690761046 -0.3563283458671997 0.003679841895630353
147.46311766488006 -0.3377755340050317 0.00918468898394371
147.5796756333589 -0.31866011175622 0.002830420849047941
147.60320470752123 -0.3131778714984731 0.0036625810125307844
147.6537184278974 -0.2972691137767781 0.006043983493964291
147.5201987025686 -0.3261274701623777 0.003631189338562976
147.5268490953362 -0.3124884397022793 0.00365405201016246
147.56344228220993 -0.2982915543353217 0.00926425263320404
147.5257407700391 -0.2931466725779342 0.0029420502394589317
147.59116814917067 -0.2511535147699964 0.007169393447978293
147.56039181060535 -0.2639551845472683 0.0031425230337397262
147.38991885573128 -0.3402512319272368 0.006757583482228211
147.40942031651784 -0.3328625281161088 0.006474090404486326
147.43032572654252 -0.3115331334569124 0.003532830975801467
147.37221450563456 -0.2963121209935364 0.004851155654113146
147.34819454914933 -0.2745516816503749 0.00463706976162803
147.38196220789345 -0.2755986851206856 0.004277079469053478
147.38156062045087 -0.2829990979971322 0.002763918829787152
147.38898043925184 -0.263277373547305 0.008239180923821567
147.4004451006948 -0.2429189265341387 0.003925551276718794
147.55078969576016 -0.2285599409627742 0.06309411326943398
147.42381295254796 -0.2248786238161705 0.004633141451944943
147.6930565571447 -0.2468704668437474 0.004171791833503402
147.70295254465165 -0.2227771483853817 0.004279706236562561
147.6014517600511 -0.2337406128792802 0.0047584676880146285
147.64495313264808 -0.216544967968619 0.002825878593709546
147.69015912161822 -0.183237386781495 0.0030114212774199896
147.6334468642553 -0.1765371235228566 0.0027632271005340148
147.745200931689 -0.2038818792342064 0.0030017230463069097
147.71732965261563 -0.1966162665917355 0.006857185523598848
147.7354619572259 -0.169726524440152 0.007986040799613374
147.79433746047513 -0.1628286088358597 0.033479632148673485
147.7865124973863 -0.1182930642291962 0.0027783031710972286
147.6828964519309 -0.1643099502699912 0.00697747966743088
147.67327458494054 -0.1358090923533345 0.003485468720480943
147.6933349604792 -0.1302639611289477 0.004887378957106376
147.62122229841682 -0.1678846963201586 0.003463253522495281
147.61317273898376 -0.1636503644823655 0.0030405933729772735
147.56734844147087 -0.1219876295466317 0.00467388007268839
147.59847482471758 -0.1212951785580865 0.003179433710580841
147.66961698963638 -0.1251428571128644 0.004671948476516696
147.63754819418503 -0.1278816402432408 0.005167514567689526
147.6473650597216 -0.0986066382073617 0.005139978112115621
147.6577081669953 -0.0861815250904592 0.004428428627732647
147.70839982625267 -0.0477225759977249 0.003545743330099951
147.6062959130398 -0.1014455973205813 0.020010896449067415
147.5930048787819 -0.0708270850609732 0.0033176248060977336
147.5938679768984 -0.0561434712765044 0.0031494400043394263
147.62762004636403 -0.0453011393736954 0.0032907349944470616
148.32859497421953 -0.4983086960784025 0.006700587219087182
148.43784632596706 -0.4900701346981323 0.0028435444704778172
148.49425648605165 -0.4523250750673559 0.00478134206141556
148.5220885243599 -0.4457058378020158 0.003341238250886696
148.48027150098534 -0.4383297657151059 0.0039002343655350044
148.37028096956183 -0.4432461515844365 0.01801015164638465
148.41534725793267 -0.4335846548131833 0.0029572719543595775
148.2614645245226 -0.5005927868024928 0.004064099897923632
148.2741937334613 -0.483259200193739 0.0035340588289156432
148.2983394031721 -0.4281331151818601 0.005040959864076108
148.22689099710112 -0.4353294946645344 0.015794017126672888
148.28950645064782 -0.415934175550362 0.0028115053522869693
148.3715885577924 -0.4012242390535339 0.0037179251704976576
148.33676628012915 -0.4257157565945712 0.010432303053372779
148.3196887263371 -0.3439779002536282 0.0035617659649045627
148.37581595807077 -0.3218081624426144 0.003415497482939165
148.35407482733987 -0.3034174449076398 0.013727083631850068
148.5173046665289 -0.4087455270104442 0.007641674848513082
148.49934111434425 -0.4044718022442689 0.004274792114687089
148.49172670403175 -0.3892790887346677 0.006156704147305332
148.53740239158589 -0.3703417328821634 0.0032840658340057612
148.66195114438088 -0.332741103885094 0.006067732545254775
148.55644122963548 -0.3143377001763412 0.003709494569351488
148.54672486157506 -0.2986534986963808 0.0051786771215887656
148.56443818328265 -0.2794630720127 0.003623238226085178
148.64997222477766 -0.247882603907743 0.0026842886163571003
148.5864818201427 -0.2550856042144049 0.003372901974470414
148.46166199375645 -0.3353547074840428 0.003101899120281399
148.4576060608985 -0.3313977982101371 0.005813710269842039
148.50232631568582 -0.2742089267907039 0.0028455532333967535
148.41189478398795 -0.3187698786062585 0.01871962392718515
148.38330749084668 -0.3183299192041146 0.0028315817829149695
148.477519477179 -0.2543627228537023 0.0030015807027522043
148.5350000305708 -0.2743441875856892 0.003811673998658684
148.5603554404617 -0.2705070263463556 0.00555749741822341
148.56351109724915 -0.2565467875329115 0.006306020882909606
148.53934030688583 -0.262562348107073 0.003040033571560828
148.52822703060397 -0.243405672643608 0.004086443132695062
148.57733794822977 -0.2519540248367045 0.022009638481110667
148.5156110353597 -0.2348634817844095 0.0026607085770910936
148.17015690184812 -0.4235245752487356 0.002946487035977451
148.2688671475523 -0.3745432298472671 0.0040216703993856415
148.24527203769458 -0.3649217538919519 0.007776107388937023
148.17514489268586 -0.3305069701524594 0.004188483795913893
148.28158748270252 -0.3475155772591524 0.005369102123951023
148.24519965364937 -0.3195340339538493 0.013338449830170853
148.26493964974745 -0.2509844726950877 0.0049210385775453015
148.07741304379635 -0.318339285999671 0.003692607901082423
148.13515143949843 -0.3061089496270258 0.0027885817104140037
148.1227940954737 -0.3070948211828006 0.002837164777725471
148.12027859993125 -0.2529218670470667 0.002835214129925839
148.09120169070587 -0.2575212533081658 0.00344912913507055
148.0989193178198 -0.2488947191787029 0.0046093315658409595
148.09631246273833 -0.2417232105871721 0.0034880207079117857
148.22192441207744 -0.2584156941871469 0.003145628888626227
148.13927317278754 -0.2397742068236275 0.005952457244397349
148.13996911784594 -0.1885207373441202 0.003869069665740268
148.35415041649813 -0.250799097191912 0.0026546585857088975
148.43757456294432 -0.2231283516501322 0.002956909581874914
148.3640552207844 -0.1921769794168399 0.006639591031227732
148.37845753358633 -0.2000412586346956 0.0031627069986517255
148.36348090022227 -0.1648884186852958 0.004192319610547057
148.48070024198 -0.1910056873599188 0.004452477101441868
148.46224931239456 -0.1746060991659057 0.0035216425665636594
148.4269013644139 -0.1984652993654235 0.003996006027318975
148.42511607846745 -0.1721929140091593 0.0038087209047293763
148.47704366286914 -0.1637648121168066 0.0033653855419029516
148.49377670631915 -0.1461398704108083 0.003695987166988837
148.44748093774786 -0.1138304065808672 0.003133234353611004
148.45025289306804 -0.1083008886470153 0.011838390449533352
148.45627661629365 -0.1013967281985552 0.0040763402259200695
148.30596160020835 -0.1779226817788734 0.003723204746639266
148.23939150013564 -0.1573099349079878 0.0033638594729387644
148.22217642768746 -0.131153503507028 0.010411901229757848
148.27259131710306 -0.1246377376490074 0.004855249526984418
148.2618147329466 -0.0932526382501681 0.005410148047189999
148.3436030127318 -0.1292267614884537 0.0054377417055515775
148.32962004332444 -0.0949282075686802 0.0032266279733587718
148.36330511647097 -0.056393175496696 0.0031301066816878716
148.3684891070013 -0.0354168450841701 0.003567630923262978
148.78742443547682 -0.2321510649521704 0.004668471905671522
148.7681534240596 -0.2208453367850109 0.0038349011565474065
148.67846872193854 -0.2392295042028543 0.010137917777820468
148.6804248802923 -0.2364990624896788 0.00483119569509657
148.6699868069341 -0.2326544504224756 0.0027893148541496032
148.71380768109785 -0.194344369840798 0.0042758158675896985
148.72371299218636 -0.1807211980810718 0.007152691015084835
148.72174650190126 -0.1790312908943893 0.0028241310754788572
148.83637948495505 -0.1811839905821097 0.003753935053125248
148.75246607611996 -0.1822273820313059 0.061206426203518
148.7438582291224 -0.1290779409012198 0.005749936249436736
148.73661587402472 -0.1310010704269896 0.005994650385048018
148.82839386959196 -0.1090741847865196 0.003350877602230785
148.7876960546129 -0.0878621274237519 0.002985028483782727
148.59329969852303 -0.1459003166787239 0.012195523421964812
148.55372930051556 -0.1425667010751687 0.0028041638392469355
148.77543566679014 -0.0575338197264939 0.0057575721587667834
148.7484147746735 -0.0574073611247615 0.009446974751015351
148.66553676793325 -0.0550944541729769 0.007158133019470954
148.71332125495536 -0.0438476208052805 0.004237317040808027
148.92295018102516 -0.0741296491385156 0.0035511736916023088
148.9336957447037 -0.0446373486380057 0.0033860405099117377
148.90984051832302 -0.0423907537949333 0.0046573350745787185
148.8938209921253 -0.0431073493913247 0.0030048391885922014
148.89315094358608 -0.0287137288522277 0.008421578760364291
148.8794724087397 -0.0075238179042521 0.0035036589480920105
148.99677369031727 -0.0211749461155621 0.0028467926417702887
148.95331177020995 -0.0182819496231114 0.00271185443841585
149.03582774077216 -0.0168828598173956 0.007914755888029453
148.93326963487277 0.0336748957000496 0.003923057870487
148.82214790522667 -0.0366860836341566 0.003112388483157097
148.84818691771434 -0.0265477744724412 0.004195230183196725
148.75605970699385 0.0052667135006551 0.005840839394544778
148.81797269170838 0.0204504688758869 0.0026892295181675974
148.89456012019323 0.0254692637425827 0.005235497597270353
148.93569127952418 0.0427123834850796 0.0031712650743372086
148.93838581787145 0.0958103000355001 0.003017041851477352
148.90130461512496 0.0904729911560771 0.0059168097429921455
148.5735813763011 -0.1028335667244635 0.0033290936288850304
148.5130240744473 -0.0908355165974363 0.005670907841980507
148.4744658260105 -0.0865670954097299 0.003954889234487324
148.46590101257166 -0.0781363240589144 0.003986747812599159
148.50325453161926 -0.0596716774968052 0.00999280826646459
148.52319654973547 -0.0134320861078114 0.004117458206293497
148.60198593657185 -0.0527752754521831 0.0034669686503355896
148.5763598568964 0.0006368563140045599 0.004303061960606923
148.64793428646826 0.0364279741844959 0.004494603489354899
148.59467348207295 0.0314241698354819 0.0027164192510490013
148.629713481125 0.045828128629516 0.009503656036693262
148.44821963602595 -0.0124882258556202 0.0073237429780312014
148.4682402355585 0.0068687312443832 0.0037514616367140007
148.40881241709178 -0.0173300831757647 0.004877511023659667
148.51537045159367 0.0625059039979823 0.01570704524023003
148.4906361625603 0.0885873308872227 0.003798760334777758
148.55954311325843 0.1089905179229521 0.007072607457400683
148.6905387587055 0.0271119904476137 0.003334686486687773
148.69574437944692 0.0488562076515957 0.002643764913691892
148.66822304546312 0.0554339689259276 0.009240584858500992
148.65784070338054 0.0614521069310016 0.0033458561455300675
148.71846819153643 0.0978354124836605 0.009947839040444306
148.82294896434888 0.1062688661022115 0.008504781483761737
148.81408291489987 0.1069099022163457 0.009391343152304832
148.84868263239798 0.1360940977723172 0.006397810091446744
148.87127389635265 0.1485275430284786 0.0031998400483587365
148.72992102051316 0.1501932348351453 0.0041502626752528676
148.7439676071332 0.1749017779880631 0.005156299494245744
148.7995997936951 0.185087481514612 0.0041345073623344115
148.77317003476637 0.1981478297714691 0.003940315568558889
148.62672947360969 0.1167016081445641 0.007660886703327907
148.6928598139621 0.1341176304034795 0.003054876549084738
148.65649803101337 0.1639129396429345 0.0030131457500977743
148.59836183474687 0.1597530653660748 0.007797534404080832
148.55060818928115 0.1571501143162983 0.012585751125273015
148.7181750106352 0.1708530421486988 0.0037850187447084887
148.67763662822335 0.1818750232559581 0.004189009541899934
148.71357033153518 0.2175575426029439 0.004137354648345786
148.75712068434345 0.2096395905659025 0.0031966627814909204
148.78643034494615 0.2260261285278459 0.005174968250090724
148.6652480647635 0.195011070257778 0.0033551938310493684
148.71248778982738 0.2955288368216111 0.002728699677849232
148.0165587986675 -0.2755329384457362 0.005229033023852582
148.02511691145426 -0.266116244965449 0.01634805366259246
148.03655746220755 -0.2622198381835323 0.0029395878225537907
148.0516461237146 -0.2321133385621146 0.011065769627371377
147.93824370654414 -0.2302806200320925 0.010180932067511368
147.99317630764887 -0.1748011459112486 0.0030554492147391197
147.9858116707265 -0.1742896468734348 0.010447860243876068
148.10878407196026 -0.1849402081307004 0.003345971824868804
148.06443153521957 -0.1811336632266815 0.03363268247246962
148.10208949049408 -0.1763291530282193 0.00292344975869565
148.06454684249545 -0.173884232456362 0.006953993727538692
148.0334402515935 -0.1704377018044842 0.0027794317844085856
147.9500114581347 -0.184574907312081 0.008272354259896
147.90714154017832 -0.1897272492886665 0.00555585016275108
147.96761658499366 -0.1716146081557986 0.004853073509423237
147.9191590468779 -0.14621873248906 0.003013678741583289
147.99998947734431 -0.1109858497349876 0.004254806505701004
148.06151585627384 -0.0942954984531961 0.003231493930971174
148.04169122825098 -0.0903919890236985 0.011141103135851822
147.98907341086257 -0.0843874204593988 0.006272328775638923
148.01962097069605 -0.0643123723025555 0.005206605941323135
147.99415430654784 -0.0242691910967967 0.0034254209898857847
148.01558207991476 -0.0095166257864916 0.00645526439198772
148.21957001174445 -0.1138304556536714 0.007998437298332913
148.19353314704517 -0.101919109344274 0.006126263388159294
148.22443247372206 -0.1060274404912748 0.005967054570514763
148.13975649635975 -0.1071058606207581 0.006252639568313466
148.17275157391592 -0.0602748051051266 0.005258404181397471
148.18601693387788 -0.034205904788236 0.0032843763000637563
148.17536401365737 -0.0122327935787399 0.0037069930740405996
148.2443179593979 -0.0490936995075849 0.002990386921297413
148.24154446534547 -0.0489402768709455 0.0034259524789590334
148.24384812716303 -0.0326582093881427 0.0027436723691718675
148.26892134549354 -0.0200804715532541 0.002657084491750419
148.32202998887809 0.0137365608944066 0.00611771737426663
148.3001396819288 0.0184174877091017 0.0026871743453755976
148.20133232593165 0.0050871217009454 0.002748541442337253
148.23439369353756 0.0231815025758263 0.003234893293907758
148.29992145783024 0.029950579340736 0.0026549253214184754
148.06487192512935 -0.0378075990784878 0.004095011442399617
148.136614670156 -0.0171268054733587 0.0030938879045732323
148.12957492456152 0.0453465440139704 0.005759789471291158
148.0756898908622 0.0258222177011197 0.0034280272821035824
148.09572123037174 0.062592585128161 0.0035913353438287157
148.18285910877145 0.0259272948572772 0.006170771991205615
148.18074511589154 0.0281971300989465 0.0031535434897232966
148.20137163885778 0.0512886602762284 0.0038055507205860665
148.18138928849862 0.0455376708204052 0.0036227024067443945
148.23888275469565 0.0484374996526883 0.02352623569387857
148.22629887247362 0.0777731734395687 0.002887148548510671
148.19055984997732 0.0823850825972723 0.0030828484775648896
148.143793931396 0.1138329037353642 0.012934420017383019
147.7898020921012 -0.098918418568601 0.006944174323072911
147.779954568606 -0.091517648657199 0.0075806318287431
147.78426309200822 -0.0840139669967929 0.003295863710698996
147.78351963064685 -0.0588633572859401 0.005370571954678008
147.91624230811664 -0.0392136289957695 0.009358169338884939
147.90704550468496 -0.0070136547576125 0.006536777680497385
147.85785090781317 0.0069846229651335 0.006598980797715547
147.9167185245227 0.0100149299370573 0.0026558017309061513
147.76406190390088 -0.0303800940745979 0.0028689820735020954
147.77788616245525 -0.023125067797884 0.0033863617859675255
147.71741280016488 0.0268982313439241 0.0130607840748642
147.72462326345774 0.0248424303249531 0.002851839103440626
147.7194814809037 0.0491767624106438 0.006500146196980214
147.85198018719657 0.0290517390012442 0.010228319242794494
147.81191748239095 0.024254734928994 0.0030447023653278745
147.89434290008927 0.0662115587249687 0.006155057857001114
147.80395274854774 0.0558044314412811 0.0034750644580677868
147.7976473629073 0.0896738096622494 0.013347485711467497
147.80700044199276 0.1073077276909497 0.0046938547312486935
148.0137582725017 0.01258203119401 0.0052085511638762065
147.99403113970325 0.0349042789310618 0.003407382155096366
147.99417027142027 0.0526366139709042 0.003248222831255942
148.08558058752476 0.0780772195642049 0.0033517883306207245
148.07110972086997 0.094032586883957 0.00890801058912035
147.9892388006392 0.0816240818378341 0.0045919424830736045
147.9582434268241 0.0760770928120204 0.006569801675978235
147.96579442080363 0.1060379403901066 0.0026651960418591423
148.02604808877442 0.0927716477697204 0.005737387390780878
147.99331057849 0.1157985043716476 0.0031391814878384454
148.1359210547052 0.1207374355663637 0.005525012241666053
148.16575769273328 0.1409850180086824 0.0038730657490265506
148.11483314657582 0.1473716939794203 0.0052837965822213895
148.15966177170282 0.1677880348810692 0.0034700510548912444
148.0370537529961 0.1396069051244308 0.014650732525131679
147.90644981436685 0.0860554323170973 0.004968701188667603
147.88081638125516 0.1137969210654622 0.0026757056433346924
147.9211737673747 0.1206900915681649 0.009545243123174178
147.98359077252212 0.1512523856592567 0.00924905633332813
147.96891116052456 0.1557182827485088 0.004663303212447885
147.8697970604035 0.1429949350377999 0.0064309198160848345
147.90093660210366 0.1407157331844814 0.003467982917846335
147.84682474091886 0.1503296368592688 0.002917731537209828
147.90820805803332 0.1801877097125588 0.0028282540624910753
148.01120812684337 0.1880716020878083 0.004522245545192299
148.00384032438677 0.1893497938905466 0.0053027820756113035
148.00469897125245 0.202757700801159 0.0036823942574092214
148.01980842747926 0.2171300481694015 0.005079090715121873
147.98613305236415 0.2277878416468272 0.003045760672093547
147.98505773586788 0.2287138577745301 0.007365108169780288
147.96045742032925 0.2503233464758029 0.00514113803702227
147.98944122621373 0.2506616698626894 0.004666450191240439
148.3581394249516 0.0647630155177313 0.008626617352145075
148.41261098772856 0.0888661193449957 0.005162150471216808
148.3126766939805 0.0702189207343414 0.004396245326246074
148.3257017068192 0.0821647152812549 0.007371697569911114
148.29877412353864 0.0620797692612715 0.0038388481603493694
148.31493819804928 0.0919204860969519 0.003301140772610172
148.38043070975488 0.1030881088989741 0.002797655852231269
148.32245300171195 0.1078685933223564 0.002724461527912066
148.34046386979335 0.1209074728418516 0.007575784366420991
148.3592699499056 0.1391566801764063 0.0027111220837939356
148.4657808067801 0.1205334428090092 0.002790254900896974
148.42451791396564 0.1111749083372984 0.005164878560670081
148.4320183464865 0.1069589075471355 0.0030919308650389906
148.48581311747088 0.1634856963542671 0.002829487695128772
148.46437710065854 0.1805696571053172 0.004601394929849086
148.2927496642357 0.1166275984948955 0.005100249413927704
148.2475712610768 0.0989041679181093 0.003979193739218081
148.23635343516187 0.1407273239680538 0.0030958257598770493
148.26396227227073 0.1437618489266671 0.003560659826489915
148.23128142970364 0.1672782705719773 0.006013475897420185
148.22882099650485 0.1838605682751735 0.013430568914066878
148.27450361232877 0.1844433574563618 0.0028239170763695743
148.40921854829676 0.1992673553190829 0.006725600467797534
148.4094142151913 0.214290548917342 0.003056900828328192
148.40877153110492 0.2105409104688595 0.0038881155184311476
148.41297215985657 0.2294027688624344 0.019173006284310342
148.31448634935128 0.226298548677281 0.0027626200830276116
148.35763243409852 0.2272150711859261 0.004730879045973498
148.5374477563502 0.1865661857976254 0.010557419402492633
148.57690171953055 0.2178228057978527 0.009326698110639242
148.49525346154388 0.2621011860753861 0.006064561501057904
148.70498418556446 0.2947417354909192 0.007902689426396374
148.66921629345794 0.3230471236516415 0.003128375129618044
148.46774831415152 0.2575360697286017 0.004381442126994321
148.4707813264501 0.2695270478477894 0.0035092976827124645
148.48608197086287 0.3104068169791554 0.002734509425161634
148.54402682860243 0.3236047687432326 0.004762918109675009
148.5209539268535 0.3108529233050106 0.002772557518382645
148.57713171393527 0.3362647713860375 0.0028223139645540177
148.54172048447268 0.3453773019040739 0.0032855404971413103
148.47970238392745 0.3569169463234456 0.006938606915321908
148.46777333034623 0.3774615985832147 0.004485193195550767
148.4873668173574 0.3780687792405621 0.0038976580927280583
148.53645542903533 0.3794388129857796 0.005978033846674791
148.20326499185907 0.1907560109275965 0.0029260701558470547
148.15391580616964 0.211479471750774 0.002707781611432502
148.11586309609615 0.2326978731737649 0.005044904966471151
148.133556810793 0.2391646583320842 0.0037459890592551814
148.13369843047562 0.2475389414446227 0.005763186510491803
148.1528749202076 0.2545688458898664 0.006381585020379469
148.17828880100575 0.2674284848668408 0.0032024676001536196
148.27180835701506 0.226304787867182 0.003812811629196499
148.28077885490725 0.2669964387521873 0.003158750761429148
148.28045419858972 0.2638554602914491 0.0033364366994813183
148.27541514746596 0.2605977472121302 0.0028862651770771006
148.2307758980575 0.2625298650919805 0.006247964087632085
148.328387264038 0.2884920545884548 0.0032656632549857016
148.3391167356066 0.3037564235533196 0.002747210923171389
148.2391661957767 0.2943651417268672 0.006215571112839868
148.19899959137643 0.2953642574264347 0.005132617018310393
148.2196343998746 0.3172549617827898 0.004195472025124814
148.27588120547082 0.3305838502740858 0.013900503281992771
148.067694281784 0.2578513400773374 0.0028316395829325815
148.1638537702117 0.2885056374587491 0.00910090905738275
148.17170059571978 0.2953726316604032 0.0029214387779917662
148.14139379026295 0.3294914522809631 0.005596813619341623
148.0626854304248 0.2981793209528985 0.01914955911786932
148.07564408707063 0.3063441725450023 0.003067455207175858
148.08269241864264 0.3166568280809141 0.004582504864099575
148.0783996720941 0.3440468799540332 0.005127044236928663
148.2030262561448 0.3176577908289375 0.0027498608287433775
148.17440746647992 0.3305654983222755 0.003655700133607759
148.17547237763165 0.3465618542202113 0.0029791878602314584
148.2239634623067 0.3833259872205338 0.005440314412239605
148.12680912463742 0.3762671435597171 0.009648546842122357
148.1818759384858 0.3838485031505149 0.003064501262566507
148.20911570879488 0.4115767114063143 0.004630402827293275
148.165994064887 0.395508407423545 0.005563602064622111
148.36397824113538 0.3131639912181934 0.005177529292144789
148.39972884651155 0.3364199684488061 0.020378308126095417
148.337336074853 0.325486520223595 0.004211342999050994
148.36160970748517 0.3423889407224726 0.003673517766677872
148.38309840108232 0.3898344557760395 0.0029080888389687296
148.3855602619084 0.4028504049303818 0.004521063007740885
148.38256114500064 0.39342331135309 0.0053950611262049445
148.3669184901253 0.4079367065477596 0.0039830687222663684
148.34144046903822 0.4024312902769696 0.004146536375805076
148.39687139490636 0.4410427473090663 0.0028764042688593813
148.41707098518003 0.4567099717117084 0.003028885001131125
148.4000878920187 0.4547236535726847 0.0028153095246498503
148.45210009138455 0.4560506161257641 0.0030307262435543833
148.44902702837038 0.4805350818307886 0.004803636317536042
148.26909781269788 0.4385575708063725 0.003022583238106383
148.33209859678448 0.4413041848896204 0.0032198108136631586
148.34403753408952 0.4585845670632691 0.0069717454131008804
148.31268675031967 0.4764057127671733 0.0034696099102352095
148.2216923739286 0.421331182134335 0.009966868529243672
148.2312073392702 0.4457020528877184 0.002877611594095288
148.2114364938583 0.4442019717295937 0.002921722732609481
148.2443657224297 0.4684306933536637 0.0034571695535274994
148.28561274115293 0.4601789949595211 0.007402611961119174
148.36245824942452 0.4735686867409961 0.0031724938189187377
148.38418165072744 0.5316526641653471 0.002889094913181224
148.349805904455 0.5172701681310853 0.004189144678248088
148.27831721275885 0.5165985059007699 0.0030099923000680468
148.31607957507856 0.5459455061920033 0.0037770680082514327
147.13264241242678 -0.4440134844134455 0.002686098316237292
147.18746006341678 -0.375830452123822 0.007037192879962761
147.1857081489699 -0.3523201078070053 0.004759651331444865
147.13677340709023 -0.3658037663392238 0.0031036211632792707
147.22558461285914 -0.3533550407356711 0.002662429456782319
147.2011577047397 -0.3366033550831146 0.004032853070798211
147.2265590355382 -0.3084792891608139 0.00634177981877769
147.25463661160285 -0.2947043968272831 0.0032602248969323283
147.19791304163118 -0.2495546506490419 0.006700684420427333
147.21930173218334 -0.2588156277772949 0.006268421183780909
147.18400117020897 -0.234023235385995 0.003357002344970819
147.16941393450614 -0.2036556759935811 0.004086786401405184
147.32258061670942 -0.256366243584597 0.0031616945427451193
147.36274917496837 -0.2140436564329546 0.0034065809198234693
147.26286074909356 -0.1920807211610863 0.003065344321112405
147.2971381950845 -0.1748475117015495 0.008844842617678412
147.40757734578992 -0.1827811158481061 0.004762630891970581
147.4448124927902 -0.1677396322726861 0.017532031190446863
147.41630052775596 -0.1452872191287967 0.004708502058416634
147.434801793847 -0.1351028430690046 0.003953551629377609
147.217550884525 -0.2213388392261343 0.007591228770928727
147.24127972781616 -0.1822803411313275 0.006666229553208947
147.21534163729635 -0.1804544802811476 0.004492026809964736
147.21475009273095 -0.1823211800974424 0.002770088278671022
147.26879874027622 -0.1571779227525172 0.0032964207529102324
147.25353064108015 -0.137685643591756 0.004403002880863075
147.17265984795227 -0.1525133131489917 0.009980584355001878
147.1451057676226 -0.1470040417537979 0.003817796975931907
147.2159504442062 -0.08097886153664 0.003798802845284563
147.27938967958613 -0.1176157978938221 0.0029393370547272928
147.29615902956786 -0.1046953862559752 0.004153353340144536
147.33303000225538 -0.0884731162649799 0.003142006648083138
147.32614207355223 -0.0789418417178023 0.006281881137084722
147.33502029539846 -0.0710744627458787 0.003698529905112478
147.29320191190172 -0.0707569107719463 0.003372193171362358
147.4674560039706 -0.1001472405291684 0.003745245187322005
147.54303816962943 -0.0922110272366151 0.006477582077118098
147.52224258402546 -0.0897040336428751 0.0030997981491244554
147.5177544568169 -0.0554030749166705 0.003992956184457165
147.44007635783151 -0.1066545346007865 0.0031400294740229805
147.45694469794304 -0.0898498773873051 0.005366450028250769
147.45594678993416 -0.0742948453431391 0.0072110909744875825
147.5524789152148 -0.0601023454852316 0.004297820861657687
147.5460925829924 -0.0248669441212162 0.0041723649131655705
147.51543559738792 -0.0235475774009876 0.0039496233760768044
147.5693596786447 0.0377052650026506 0.006051292134651164
147.56290075844854 0.0686332263486043 0.0027122537580163133
147.39349679116518 -0.0279924846251732 0.008731536114238585
147.37014968941915 -0.0098198415236066 0.00961678628149244
147.40131543779944 0.0133634104868197 0.005063408946446931
147.37683387926648 0.0406150382421732 0.008386329069878073
147.463905495416 0.0307986270721027 0.009337687373311344
147.4945679007079 0.0702529155478868 0.00553561770398236
147.43071047931812 0.0426328621465432 0.003593563550994472
147.42949689748835 0.0682984704494872 0.002931276387489586
147.46546847153346 0.1287062391375762 0.005769631081313145
147.192895322978 -0.0857150337923455 0.002876590948839109
147.14984287933953 -0.0635791696441123 0.008993115675072641
147.13049106470876 -0.0429580444163732 0.0029203353102950727
147.21233629615523 -0.0565982741523487 0.002747916865632658
147.19594056134875 -0.0394126543681619 0.0034535013063049366
147.19026611712053 -0.0484173456945185 0.007192914692322953
147.2128950795654 -0.0138160504864912 0.002809284639750222
147.27483690899606 -0.0147879642680945 0.005328346629548539
147.27961956206357 -0.0037501821982666 0.006735592343827689
147.16998559634456 -0.0346628702704182 0.005476216186764268
147.24652427510932 0.0367140663421866 0.0026524429375044674
147.19158718726763 0.0338651883374276 0.004274631626401041
147.20393271716023 0.0656204252153514 0.003763029384436269
147.13964234768366 0.0780103922095084 0.0026595037964658097
147.1310304239715 0.1286359140082425 0.004902005391936213
147.3018189133539 0.0109865060536805 0.004723857950476228
147.29990515644076 0.0582224816527611 0.002785132041296071
147.34275531848462 0.043721778994516 0.0038520706569986434
147.3798824569466 0.0713437331820469 0.003563911201572302
147.3450404344382 0.0864812558597407 0.004908098044258835
147.23909144450852 0.0695105193297094 0.003072994087147265
147.24931296881175 0.0758027027775335 0.004007241345436579
147.30731191892863 0.1100601536103665 0.009426015826534347
147.37005851503375 0.1085499576434341 0.003587667732823
147.35620614518393 0.1161595695389307 0.0029758739355876555
147.4360201373514 0.1284856543925452 0.003307591899285622
147.31860544181575 0.1553840404826055 0.004274672375385939
147.34148256592505 0.1632028239285919 0.003120612074864468
147.39543926982753 0.1730869647016497 0.0029873596423951004
147.40868164614832 0.1752006557382848 0.0035653037799895575
147.40970856284423 0.1912393708839044 0.0035222794957215434
147.2235269548513 0.0844066609350732 0.00474498861375962
147.27850686296838 0.1450731675234082 0.0056119120949510515
147.17127290621082 0.1292084813499192 0.003988155879323984
147.16292264572832 0.1532445885459889 0.0059749156643341
147.33436498278647 0.1794791136436328 0.01076788502320581
147.35550935591925 0.2249788508533264 0.002797928645272893
147.31647256644135 0.2252295076545048 0.003194260857156254
147.27312153806355 0.2340763138205688 0.008244743607158355
147.3020403160808 0.2266155792524641 0.004528640379509499
147.30041460794146 0.263938012655968 0.004149363282878796
147.27243389761983 0.2677067833951363 0.007147446193085059
147.1403496947693 0.1933681196228127 0.0033996401106117444
147.155165609369 0.1996926562377504 0.004196735220045162
147.1535077386537 0.2420949643120875 0.00505510492817533
147.1255111261633 0.2383176800227667 0.0056876879948689245
147.21418046461517 0.2401980891947882 0.002771170579497428
147.22532153357423 0.2875760742477949 0.011594716242540163
147.25332222872188 0.2864499826606703 0.0038531403607403717
147.18750825040442 0.2801620057430634 0.006593744574301408
147.130956615692 0.3383887456878397 0.0032635631792903145
147.1712174135629 0.3464011433921442 0.005544537557231712
147.13040037495566 0.3860530747502154 0.007608213385088072
147.45041131003362 0.3816061586699957 0.005274149725382096
147.71168808032846 0.0519981263725105 0.0027426838839984115
147.69582433624143 0.0660030414600846 0.0032172219243219607
147.69831934332146 0.1097878198603925 0.0030438179905576345
147.58580989454586 0.0717986001238635 0.0034493142660385243
147.57880633186284 0.0764910880374176 0.0028015769437046718
147.59870537807492 0.0923055649302339 0.003377194199010355
147.64482695505478 0.1015275755157327 0.004253682589175121
147.6368193136528 0.0992171193480961 0.006519695529666017
147.64136748797856 0.1259829665824137 0.004315958048165599
147.75152345223884 0.0959435414422313 0.003490315851308426
147.70750890790094 0.1180382669317309 0.004236748941416979
147.7490257391144 0.1453843427565225 0.0032594990186113754
147.6977382785561 0.1200704805322294 0.0037690147287940596
147.7022828869446 0.1298210524455685 0.006104070270656806
147.67514290530872 0.145499283919879 0.002641833266588849
147.71356389952822 0.1937062320891209 0.003715936976568357
147.71379991873536 0.1961625879798044 0.005350649396920845
147.55433058392924 0.104584033918401 0.05371842033082963
147.6211879068355 0.1333558942151816 0.0034887319264347125
147.57002680881752 0.1614182793229537 0.0034012429110054573
147.57721537328408 0.209917699740172 0.00700635292081595
147.68473231418037 0.1747510272133921 0.003369234348894567
147.6266253988961 0.196835607743989 0.0026472766536374407
147.7302376447726 0.2200534390296042 0.0036836777816517375
147.62167508212926 0.200263246608921 0.0035723721881891013
147.6300003470494 0.2256651706186261 0.004712571903193216
147.5909163946501 0.2108315926021224 0.01124711652429675
147.6002579647108 0.2273806303429411 0.00992789429849617
147.64978655243914 0.2696485916109788 0.002762154198578052
147.83316704062932 0.1764069259007952 0.002683164254804836
147.85572764861874 0.1732956142904173 0.00293125522784172
147.81428709731745 0.1808920958960476 0.0034857454938824867
147.90001919815023 0.2182805503471891 0.008819689270357253
147.82709221494486 0.2373672246527378 0.003594966474244173
147.82011818231007 0.2693717973787261 0.0061448542261845485
147.90788907319475 0.2398895530526217 0.00372098804430049
147.92384674201494 0.2782819598706106 0.019517098754622583
147.92768144084255 0.2852214155361732 0.006695867939505075
147.9012743170063 0.2906438397092051 0.004038304376299035
147.86344389442772 0.3096249522014076 0.00634900734672248
147.87956314598475 0.3206203982401051 0.0032221968935135094
147.8899451515738 0.3315676086335922 0.002814062537456798
147.91965728322683 0.3508044936082054 0.0029839392329899257
147.7240236983674 0.2685064047139852 0.003238797680774406
147.7310872834252 0.2985490556514967 0.003495623293167447
147.8340518374098 0.3101838980967826 0.039236178317723115
147.83414256439104 0.3739314831382187 0.01926832618197837
147.79288958481413 0.3455799418563282 0.004110720460186626
147.80274978537705 0.3698696784397289 0.003817092897590346
147.8030079967809 0.3710842055960314 0.011194552298672823
147.76415980609966 0.3701912758644845 0.0035202450349124557
147.75492140158624 0.3807652073400608 0.005291453081000833
147.81495705071805 0.4127140096664696 0.0030979282115853966
147.83725086776576 0.4311702829884117 0.003621185974622842
147.51833856941474 0.2087405331380559 0.005063360503824679
147.55453141525447 0.2205381154683371 0.0028375488351486283
147.5053382589233 0.2101433780018615 0.003261505232572933
147.50418675007964 0.2353217528668377 0.0034654866456179834
147.53491390708737 0.2387455063485832 0.0059573765917762065
147.53013955295336 0.2517099863843801 0.006772502197405132
147.43578020800902 0.2321927739076233 0.002816950396675811
147.47887462050332 0.2506888796651422 0.00530160325977953
147.48392394607683 0.2755541944865817 0.0026668539645580028
147.53808659199146 0.2500098981274889 0.005088357418646031
147.5505128036074 0.2640224931371607 0.003091004160436695
147.62722733169 0.279980753796246 0.005744332821761034
147.6442806912592 0.303240174398632 0.020125132789889644
147.59584590277623 0.2987471994607942 0.003035597766517062
147.59388620221756 0.3141976413285123 0.007042674468954274
147.51721143260033 0.2892133658382465 0.004849963661125837
147.52936497382947 0.3141682424676744 0.003954830634793482
147.35594197211864 0.2666957311753135 0.004271264976731024
147.3840456339888 0.2884498567907903 0.006323207513465668
147.4369691111569 0.2666103679264118 0.004079972582354916
147.37191701001046 0.2895131563490552 0.01272069147963228
147.37183178486006 0.2992969826605821 0.004171746445845937
147.35485271906927 0.3196334574604917 0.003135256736199716
147.50493516824562 0.3258893655903516 0.007121417699485142
147.55613217014283 0.3714822197096463 0.01800994388335044
147.44901696548845 0.381992336706709 0.008144190518061898
147.45151205171868 0.3811616287224195 0.020898878668288448
147.66924310254808 0.3125386461849249 0.006234508977082817
147.6527743918452 0.3669541500818599 0.004155697429041943
147.6815733348784 0.369386073583463 0.0038969623022956376
147.67525385940775 0.3881160100302764 0.003012830121206044
147.59933123960596 0.3819217646529807 0.003651992017761218
147.67580797108812 0.410110568237127 0.0033768649286126775
147.75835299283204 0.4254007656454803 0.0033014017686710025
147.80254917238628 0.4570139300191437 0.004037668545739194
147.75980645275462 0.4543559980588846 0.002851523529999901
147.7993640795827 0.4608771370013758 0.0027677042116459674
147.693136485219 0.4347065742357328 0.002656365093170187
147.7195621635192 0.4412236485942146 0.004192780816237181
147.73609865078393 0.4518406777344634 0.0029030805066451236
147.73317510583945 0.4549591681271479 0.011343743023367514
147.69174459212164 0.4578217526050365 0.0032875335577636777
147.59003530637708 0.4278624623542088 0.003188958258379167
147.59996848468393 0.4226529942658865 0.005076576787227246
147.58976701382986 0.4429008237549012 0.0038425674946538256
147.60211551309948 0.4726787960492676 0.004335978095998546
147.53187187301344 0.4721287304498073 0.003786435337642358
147.64221897273612 0.4753191757189362 0.0030097919730185463
147.64070038210008 0.4833578972864452 0.004229768656002155
147.62201204384502 0.483894735794021 0.0037857395273565558
147.67107058081643 0.5130698205973739 0.0037936123425426375
147.6121835745258 0.5267294613176181 0.0027460953934309593
147.609651501433 0.5434977226291262 0.0029316085836094638
147.65264021400628 0.5361811928236423 0.005084247685720898
147.67103321065167 0.554476889124214 0.002946717040762712
148.01885280554606 0.3208808654447343 0.0036037456371119745
148.02391487218355 0.3322345549217809 0.006365560492202607
147.99008839663762 0.3562128793849405 0.0063968745621518055
148.07093481180564 0.3818965174897373 0.009097743947528696
147.9921539428286 0.3791390773492618 0.004920578329378301
147.99074440145282 0.406290321428051 0.0047629431145559085
147.97442663240545 0.4160976031019213 0.0037486169502459975
148.1442423830249 0.4522676582674775 0.003459193726238181
148.0443810773507 0.4167236125615543 0.0053219830204009186
148.01777409551408 0.4496759529063529 0.0029226957942216636
148.04599648245645 0.4661667763835351 0.003505929749505409
147.9020143753229 0.4319757135732577 0.0038216482336894835
147.87895299872136 0.4392115050474198 0.009630404182961455
147.89714767643568 0.4769212612941384 0.0026630741537854493
148.01603792538089 0.4644834116817497 0.0071694761542291235
148.03518159742006 0.4828742444835937 0.0027989868275504677
147.96855905505765 0.4816757779806064 0.0035823562683770234
148.0159572728178 0.4968315876279176 0.004705590329227477
148.0660119955638 0.528285283634933 0.004489555034062372
148.07709261118185 0.5338081681320708 0.00386151329664395
148.04119311807045 0.5358242787486531 0.013534803799390984
147.93844153369065 0.5213034849663182 0.0032392969687731355
147.96250489548538 0.5300296924957039 0.004296879548929964
147.96994648455066 0.5532616038101602 0.006162647039922719
147.9542297243322 0.5493710167325598 0.002831728192356909
148.01151479157056 0.5255933375008821 0.008038395580607323
147.97874294929375 0.5579695883099898 0.007471688191396119
148.17620187875994 0.4659201431731596 0.004674098654153064
148.17737875647848 0.4730228774464707 0.0035781603144045293
148.20284769818042 0.4774843119374738 0.005194950211376229
148.18558379315564 0.5105467583137386 0.004747973262403984
148.2509538732401 0.5061194311137781 0.0038831188185704632
148.26351862045652 0.5252768072285022 0.005205616611777716
148.2039642415933 0.51824885341502 0.0049372649623946096
148.20767554048862 0.5358099322263518 0.004675766441096635
148.13577252046633 0.5472810589642341 0.0027588389866831657
148.1535776021907 0.5560265698610362 0.0031669747778622997
148.28368094805222 0.5434118134903491 0.0037599182693167847
148.28540599475164 0.5428494305957492 0.00324527436799126
148.32700637068223 0.605672926126187 0.004281774679531734
148.2279611986731 0.597787937534505 0.00305201514662166
148.2595245962382 0.6239726144517053 0.003985853706015915
148.10667986930522 0.5386891538657963 0.0059799206970893
148.06765698685652 0.5645192941183139 0.010628154513555222
148.13670764371474 0.5992425163380145 0.0029019237349294795
148.05271735321762 0.5767622374856278 0.014065421609164503
148.18663684896416 0.6020046800067785 0.004493286021447746
148.1768322095415 0.6515556561612875 0.0059182909207005216
148.22545244329518 0.6748960241652799 0.013723077930536419
148.16570463472428 0.6786700022209379 0.012068873204398435
148.11860263245484 0.6888125712472536 0.0027816995138791366
148.17995997836223 0.688958377268247 0.002752218689029972
148.16275957390835 0.6951578474446102 0.002880805746111459
148.15834614438762 0.7029571368843328 0.008000784992060734
147.87118562379774 0.5102907300462682 0.0053659216196567435
147.8528274022257 0.5275925048831459 0.015639301946748382
147.87120831124005 0.5422183456676546 0.005557451734510941
147.8804393642538 0.552299852017103 0.014025560782212138
147.87784124631324 0.5424827701647764 0.0031048072912296344
147.8079938568621 0.5266783611113212 0.004344432757024017
147.76461348545536 0.534211110850872 0.00421902665924232
147.76254917923993 0.525378614400141 0.00378635804813471
147.796244011942 0.5304988079084749 0.02083044172661459
147.79544623203088 0.5404750745417806 0.0029490843849950587
147.78398137893447 0.5436921395868026 0.0029794813383652286
147.9315406609381 0.6033955213356146 0.004916618711208025
147.96081696964225 0.6062644835598779 0.002932496109503978
147.87937490807448 0.5719344513724856 0.0028570460776216064
147.90769714250408 0.6210018414743608 0.008347123700975196
147.94851075919908 0.6320686352401688 0.0031264816900324994
147.89057646560585 0.6274107126409417 0.0051603621320302365
147.91576138255635 0.6339104953886059 0.0029639646154099608
147.73066199174173 0.56863367739283 0.011360420049072725
147.78325087392125 0.5978585523869583 0.007086869647286651
147.7722680344623 0.5958292389328252 0.003200044514226885
147.7591688561852 0.5945330481163635 0.01214470177133543
147.71760229812432 0.5905836349624036 0.007296947466560169
147.73546528653924 0.6218331444526645 0.00313115022574102
147.72919476028954 0.6398706714965757 0.003801696908264001
147.875804017967 0.6489005571680305 0.003566787201483292
147.86613547119995 0.6894547716472234 0.003097775100301343
147.80055164729762 0.6798247684053783 0.0061179793899832306
147.81669660745405 0.7074562134762534 0.005583607598779175
147.83660445490574 0.7272495810668721 0.0030464127519433605
147.8355380824184 0.7359768374134418 0.002821380754853616
148.02114522142674 0.6812691775740765 0.010506417136597624
147.95056431126403 0.6691045186342018 0.0036757617960172565
148.02165815028357 0.7024354305668856 0.0030750029702846992
147.99717806880176 0.7048315359126917 0.004083407617541284
148.166913855261 0.7336578733070447 0.0037230182886508123
148.09641299094005 0.7592443596551751 0.004587831665688306
148.12009543956393 0.7833284715061605 0.0037372018022843252
148.08697841059342 0.7926941388373812 0.0029368121931437805
147.91850396185143 0.6974668863630744 0.00327250300951564
147.956193244468 0.7140965033126507 0.00319846063206774
147.96081944392563 0.73013590747167 0.006076020488091297
147.94049435191255 0.7438070267487666 0.00551225512116683
147.94843831157476 0.7622125416390771 0.002884048965746301
147.95769890889144 0.771492717358294 0.005025023355364254
147.8849682732986 0.7316005700314085 0.006137865248132571
147.98151608054297 0.790123336365682 0.020762132801932343
147.97381421053163 0.8062388035956907 0.01734731000511711
147.9552056445806 0.8259030289624321 0.0031855147446070795
147.3086323768631 0.3105865737423603 0.0028666422974338926
147.29246258777275 0.3611931640345971 0.004053560922854768
147.35881657667767 0.3947731497514656 0.005958214507445722
147.39377840219063 0.380780744766274 0.007801344289069533
147.3925034957026 0.3805033490401992 0.007497317442507176
147.3685961118797 0.4150751450739296 0.004566435204675538
147.44321960189922 0.4599875634649277 0.00522701822819052
147.30807460954736 0.4453960122342471 0.007452074613843574
147.32468147959906 0.4536760291515678 0.003576785198136419
147.3519026253191 0.4750820788576032 0.004313628596528734
147.36978231399084 0.4774186637654299 0.005520017119325593
147.2431573133344 0.4394074288352065 0.008731188101808385
147.27082026779846 0.4684089608833487 0.005468686903685636
147.25942951582616 0.4801103616963237 0.0043194779325872075
147.19093055657012 0.4511552785995433 0.0028714306687302542
147.14075413965654 0.4437100329935444 0.0033781265477733817
147.22633235726653 0.4688378347884609 0.005973016777301516
147.20149023836436 0.4932828956503628 0.01775855029533573
147.29140632084128 0.4778067746848168 0.003103697916046905
147.25230321260713 0.5310880951679802 0.0029339917586912925
147.49963867172943 0.4676194415667339 0.008450761393579208
147.4761037892777 0.5041590983424904 0.007718023998132675
147.45618845643853 0.5189574755448281 0.006493920679765509
147.41903093229774 0.5426245706016389 0.003322682733383346
147.5580243974415 0.5449856339495136 0.006544938795237545
147.58553176810915 0.5566338923489387 0.005082084532907626
147.60293861505446 0.5773566449397715 0.008246848561782543
147.63607631206193 0.5975567343156363 0.0028319613677102603
147.59264778214762 0.5953586274592699 0.002738013654388376
147.50122269604844 0.6020361770084911 0.0031846482051620132
147.38207771142115 0.5526818155966428 0.010075827289506532
147.44581758122277 0.5916497984240078 0.005300758087288618
147.43266288510466 0.5996660459735373 0.004694798040177019
147.41161888629887 0.6043675055407496 0.0026616473849535747
147.4302321425065 0.6172088960629305 0.0034469064335035616
147.33184117892318 0.6088319436008781 0.0247212531632585
147.415425926124 0.6318727151478487 0.0038810370580437703
147.41391058113808 0.6323924267825711 0.024581122188803744
147.49952033981563 0.6243442601828597 0.006462472374705822
147.49171820251942 0.6941764766475089 0.0034814172720586856
147.50262246148074 0.7267867023203783 0.004684203126450629
147.1471593434755 0.4726830276914524 0.0045624720254158
147.1682431573047 0.5465058121128752 0.006240348076731497
147.14072089480342 0.5606881341311452 0.011126122175887597
147.13406111468652 0.5852971075190782 0.007074820728975073
147.2583969718706 0.5599554277851944 0.02262440339102375
147.26556662292677 0.5687760076535541 0.00291865427708872
147.23518762318594 0.607789775643732 0.00425808297074314
147.18118495707012 0.6262240895439924 0.002733297282770616
147.15904597292496 0.6977242891380807 0.0074256630672285455
147.30804346941522 0.6672370326257319 0.0038082981311245486
147.35749337185277 0.6421880905867883 0.003607087559322032
147.28606307032683 0.7068240397941778 0.0031242601514157114
147.35359971013472 0.7230829437798317 0.003291863470464671
147.21455842603393 0.6744871018283636 0.02522173751399017
147.22364190980267 0.7121551286911156 0.004978581484398632
147.21733456109732 0.7414045901340782 0.004040207026592785
147.24361502676416 0.7386919947875641 0.004689336191360074
147.18966660538354 0.7290460390454704 0.0027719593655459855
147.14012336601763 0.7401351689713328 0.003123566594995454
147.24927234318227 0.7856361026050034 0.0046932797268346045
147.2330669306984 0.7800241791761188 0.024967367059115578
147.30472527856548 0.7801856738510764 0.006059807099922566
147.33739968933955 0.8049929971397839 0.0026949906923966595
147.32854684186876 0.8064890114952933 0.010407526002518892
147.2968909026282 0.819163859874002 0.004625131709462997
147.27584925667173 0.8421735602604631 0.003321296360744943
147.3012401808143 0.8589582146113999 0.004455857460289721
147.281783784424 0.8639543445409799 0.003732093019127515
147.67362549900108 0.6168816299741976 0.006150040059059386
147.70217905617042 0.6418441646738194 0.002879172228538039
147.62372821442617 0.658931413965943 0.004146212719615662
147.62343406132834 0.660851137615015 0.0027406744722289936
147.60123329750866 0.6518214380312874 0.019840351618166344
147.63198985051486 0.7047394831411238 0.008812461438401559
147.72439927328165 0.7076805637676457 0.002685805442953306
147.703795069599 0.7193377660898299 0.0028324585921935676
147.68620846654824 0.7224104927642473 0.005758448400382781
147.73175261591248 0.7493453112797647 0.002826569312614335
147.68694024248765 0.7492924345057578 0.005649298068655612
147.72302925233714 0.7794519844238669 0.003287439314783779
147.73961611722592 0.806415873553342 0.028530561544501353
147.58035222251272 0.6926542576117342 0.0034911608972219223
147.56636265207794 0.7250772023124601 0.0028444072021248743
147.58037402266703 0.7341715594101073 0.010611786765088031
147.61812160981896 0.7182360948512051 0.0060489486061722254
147.61872099734708 0.7321763257559648 0.0032312065432468823
147.54635877452782 0.7584858928875511 0.0033838105460320725
147.58290792232123 0.7857773435935226 0.0033124021633938305
147.57523820995357 0.7813102538342632 0.003082044355524815
147.5881525155457 0.7972319119603631 0.003531269713289843
147.58535965788505 0.7991745238030946 0.01811759071928742
147.684713903897 0.8030248716285442 0.0047819042368239225
147.6994154100484 0.8084307372734915 0.004271037057821325
147.7309358218913 0.8204771359571121 0.006443164502747964
147.71277483869216 0.8159981994425052 0.0027979968718492058
147.7085129868098 0.8368751303112396 0.003381477520210848
147.60733118299186 0.7930082477116074 0.003918425369727694
147.6785647216977 0.8613481075815247 0.0042085668945776025
147.63010801235197 0.8632772448978235 0.0027977996378096216
147.6531084480443 0.8634057163505718 0.0027331307578757147
147.87550724236533 0.8090512162493878 0.0028249143490520806
147.8505983921212 0.8141061582048015 0.0046802117717408016
147.81188663227033 0.8343997478335463 0.0028266688931387744
147.81844785482406 0.8570832710082026 0.0039901807087346685
147.93506415979346 0.8489917683956237 0.004688653563067658
147.94447865966666 0.8524902758395909 0.003639518653667957
147.9346723290112 0.8491079898823926 0.0035576914463000342
147.92853590895413 0.8655152028413212 0.003922201212590366
147.9254980890943 0.8872717486398503 0.004042147709633476
147.96487460186705 0.8967938922493789 0.0032826891114040814
147.86509524304262 0.8876965862421392 0.005154664154171804
147.8505499058221 0.8935865839389951 0.003257531617219615
147.890674678783 0.9159169657324936 0.003874385089045117
147.92947498051703 0.9237458692804488 0.008624475039556724
147.73884861509805 0.8851755567868875 0.005021537087649876
147.6969797889717 0.923813534516573 0.0031526586426761103
147.71525838422818 0.9294687729539772 0.00590274938485663
147.77720851903317 0.970708953706486 0.0029972592875863718
147.8254853386161 1.0132156025295211 0.006075420113121422
147.48693182603228 0.7567121917230183 0.005280743031543919
147.42414064975495 0.8111312710597353 0.009288749044010216
147.58856338714364 0.8484356385617325 0.002827140972081297
147.59819070396472 0.8526667731788016 0.0029983089740252046
147.61844715221085 0.8914159254152852 0.0026826825826972802
147.5636340882389 0.9075765019235916 0.0031764839450542526
147.57681433389595 0.956815545934221 0.003937166939048387
147.40570836040274 0.8650734871932384 0.004164173773761474
147.39736910423454 0.879948829582178 0.008915666289616292
147.43347566179216 0.9061357367098616 0.008550149621087142
147.36091815054542 0.9029466062175024 0.006644660323496605
147.35710563531097 0.9184467076412008 0.003909989666431092
147.3951402067497 0.9065610683270264 0.0032420243292392652
147.40061210308338 0.9459630736140509 0.0028165709755531504
147.47892453395264 0.9085028227535512 0.004344608920929269
147.4945232919626 0.9181312658684408 0.0029721504843693114
147.51324019110763 0.9941409230784848 0.0029948552368276775
147.4992442121074 1.0045332073842772 0.0069427426062788535
147.49233997428823 1.0098597996241243 0.003933792695911233
147.67345655372708 0.9131736519783908 0.005728257397340915
147.63970570238072 0.9373426765899072 0.0037541440649370406
147.65270971217436 0.9510681426981374 0.0028430349894334726
147.69880863396574 0.9640061159522356 0.010163492116048271
147.72586219234614 0.9677354997745566 0.0044190593524442105
147.69306487228428 0.984599724745576 0.005425838584543396
147.6153850312203 0.9414927525060974 0.003113856930873787
147.6124183090383 0.9660987653778628 0.003449784643459622
147.63559903243552 0.9546236738044892 0.006279642638188239
147.6254106362889 0.9717563968535916 0.0030523117928497956
147.7243524651071 1.0144149584199351 0.006741678604867769
147.72566403779754 1.010840627607374 0.0037473181762659206
147.79328502630602 1.0511470413896007 0.003447203957117838
147.7985957255289 1.0665303686280314 0.0031636729018567475
147.71511981700482 1.0508876072285198 0.02266261318443402
147.7752532245572 1.0732540585847392 0.005441875536460332
147.76511827412205 1.0713299767234656 0.005147882251162695
147.7589804135033 1.07558474961978 0.0028664402244987647
147.54240491062245 1.0076366252616018 0.0035571371854258432
147.56260890355276 1.0157898029036656 0.0034714732622893045
147.590196446155 1.0508833690451709 0.0034932935308389225
147.6143828449585 1.0713480264216395 0.00404945455645835
147.5388566678436 1.0283166612919514 0.010436310209536752
147.50740017186925 1.0598992496631818 0.002712386877615968
147.5257969166761 1.0646852982615225 0.01984242327173407
147.53799799889663 1.0901336034088862 0.005277477429568041
147.67246407635045 1.067603302457418 0.0029043239060286383
147.64846164892435 1.0774196787366226 0.003521760917680387
147.70424578006077 1.1016370239540854 0.0030098574650862073
147.70161244128542 1.1040762698734945 0.0026554737313260243
147.7149638021231 1.1194836316357593 0.004505582741906689
147.69198697183313 1.1279402138330097 0.004095030394959201
147.62836674366184 1.1094286072073938 0.003353558638781859
147.62796514019917 1.1202579969895252 0.005413725914960543
147.63637817403864 1.1321581226856403 0.002989399170085497
149.01990991085185 0.0726754917744426 0.002811825820200257
149.01395169241167 0.1020111701280474 0.005505820577802606
149.11478611591355 0.118581936975336 0.011291727518677746
149.18845780233374 0.153236943682261 0.0036327672997089814
149.1431640306671 0.1897351080274735 0.01520359053503641
149.15844614320756 0.2019321198217526 0.002642135215826368
148.98731010191514 0.1124085675960724 0.0034319092052719205
148.97162955758284 0.1445418647362688 0.003862861789029904
149.009278635048 0.1342423090418471 0.006617689473804763
149.01820123475792 0.1434841743771674 0.006436395753236557
149.00230457438047 0.1406866348543759 0.0032369355670043166
148.93872962246155 0.1765737952624226 0.002658760142367731
149.05679523338233 0.2156504735581177 0.003526406388535967
149.01639262661428 0.193391643598679 0.0034962750790329725
149.0571656007063 0.2312390856361264 0.002799535503888525
149.29273536083468 0.199078239345027 0.004697402932998256
149.37377040002778 0.29948103182215 0.009080846501385319
149.3434209937631 0.302806957040151 0.004379898231323015
149.2954905082982 0.2804855216475669 0.00822243983986794
149.27033334146162 0.277956124129739 0.0028438366678158553
149.33941900312155 0.3603212480637099 0.002929147217223063
149.16938287876772 0.247845878112555 0.005868174564574747
149.1328985694306 0.2788896104185999 0.0029569485950431285
149.1933144049674 0.2759806390509872 0.0033441869254908084
149.17696049974745 0.302354114480464 0.0036714262576248613
149.12785676712593 0.2957442376955063 0.00998492149439567
149.11609678717585 0.3009171660375575 0.0042451373828068205
149.08349546189504 0.2953830576252327 0.002699052297386904
149.08712308211662 0.3053760418064342 0.0031187798857231857
149.15080046210687 0.323491854762227 0.004994268759841633
149.14720938645866 0.3335054574680396 0.003700847755889926
149.1464848324558 0.3337791428521687 0.003086865199156964
149.16266437322 0.3472223528108215 0.003523118408377759
149.26734323303057 0.3922429299662099 0.0027584446222984516
149.20622734049996 0.3993166842962029 0.004629673930803651
149.2165212111424 0.4072953038903805 0.0027274569511131063
149.2379395242485 0.4289040020999987 0.0030639815061559526
148.90061158042894 0.1694516175889942 0.009723784706863518
148.9048997599648 0.1655456752633718 0.014790804938443763
148.90273578639273 0.1783611761744936 0.006731706298250181
148.87253268794615 0.2103355079439074 0.007416906848927153
148.91809938375786 0.2346966545371574 0.006177932652496445
148.90901690514647 0.2734575296489953 0.005107059405526932
148.98198334105095 0.2368664403521033 0.0026795810303638806
148.99456331146305 0.2560594597469734 0.008754393214950385
148.98044228945676 0.2732538791688398 0.003355708860356867
148.9811195194573 0.279186338504725 0.0031042131520521055
148.99607795945215 0.3081921199622658 0.003547700135927107
148.99626398450835 0.329836671937092 0.007756113658298858
148.9498751499126 0.3303006681818617 0.006250613341942218
148.94985021267163 0.3350740299355942 0.0033624094657887724
148.77774871509737 0.2417726053969315 0.004073371304526411
148.8228105121049 0.2707781120536947 0.0026932496037194
148.89131548704535 0.3055712924741918 0.015741902732720848
148.9031763155402 0.3328360204493608 0.0032251817572705455
148.8726783830986 0.3403325496374911 0.0029816520392044275
148.93174072807997 0.3367201218525475 0.003481940252025224
148.92556530851405 0.4001033353534078 0.0031298830099765165
148.83949950105605 0.3559969591447781 0.002891592133676316
149.0831297958518 0.3252330780172373 0.0036591817362827813
149.04477685146918 0.3214701641987194 0.006494166732832324
149.06791383898693 0.361839262546935 0.005428870468443139
149.09874705228077 0.3630616323935125 0.0028281459278891585
149.14187672595764 0.378794701291145 0.003875278551138039
149.05480614524302 0.3716675233116904 0.003299079868249733
148.99188653853204 0.3603158392174947 0.004379328410474123
149.06468584860423 0.4141411210556091 0.007877199771215152
149.14262632501757 0.3899433302109897 0.0028373778207662647
149.1095499109985 0.412714765642291 0.005619016722959135
149.1560595458827 0.4299548614271899 0.003799098201476507
149.13408102304234 0.4272459762268234 0.0027585645739936675
149.20099929265203 0.4451661319342632 0.003800775383440793
149.11370265142435 0.4173695388270346 0.0035661118011487704
149.13325741185594 0.4793701852990649 0.002668047146362307
149.1468022217177 0.5112600978181289 0.005289102391844215
148.98637687534173 0.3842830429610067 0.004442480443169153
149.00205679135627 0.4403960121927319 0.003117335818204536
148.92082862884214 0.4306078929272308 0.010545571597709434
148.914271237769 0.4636754187613809 0.003552915794130876
148.99743992394556 0.4716312673668888 0.003034662056860158
148.98268666843413 0.4965806952656293 0.00613078300192769
148.9650642927295 0.4987084211172627 0.00404071541666534
149.09668326453684 0.5413313893903668 0.0030303598941818903
149.0139890239336 0.4889334355177882 0.0028555171616442437
149.0105967910953 0.5499106731520792 0.003476555121590945
149.04735143828367 0.5531277188904908 0.0031918292082593436
149.42933562278304 0.3354572745763872 0.014435531196590546
149.41955394909587 0.3640814742530826 0.004413499529407016
149.43402469936785 0.3739012982944708 0.0038776470347660183
149.46364946648285 0.3920531713851057 0.006622604572193038
149.3731129562352 0.3398036076101223 0.007904053471370846
149.38915053906686 0.3926459287141194 0.0034063733754289304
149.4123482942099 0.3918344765066597 0.003624239627306333
149.41456721159145 0.4190612952626927 0.002811353482675758
149.50590351416062 0.3942730270008163 0.008434217855190097
149.50956489671012 0.3889553931362786 0.004874583000589909
149.52935830598918 0.4247658264449801 0.002781039834804451
149.54091449510125 0.4529413937223657 0.0032322124562963353
149.48947866975675 0.4405588793464912 0.003989227962955141
149.4439377073536 0.471501429869897 0.0034409928453258414
149.50714982789182 0.5018661546624174 0.0032622981483803343
149.3485895518806 0.4496389645819817 0.005711361302210316
149.29179254330506 0.4274081286239486 0.003351131534907563
149.2798456148172 0.4741732127694739 0.016896316831802764
149.32760098838992 0.5108045756907276 0.004771565607523354
149.40253816292346 0.4875456720926676 0.003967139202178025
149.45266354695832 0.5146877921793435 0.004405000373950924
149.44383497310756 0.5119867986176986 0.006757819452398248
149.45462109183413 0.5380339925656126 0.0031387400184427388
149.35881866476782 0.4970084505618883 0.003036728844336313
149.40016203111188 0.5196815558484286 0.007784067254977853
149.3622891043023 0.520637972998685 0.003041108216632269
149.36343509990033 0.5262482329503899 0.00283137748740115
149.35125706620423 0.5353443169450706 0.0028491444587643864
149.38398392311507 0.5361222015656805 0.004453527410167782
149.57985786315794 0.4684251045955023 0.0028800571096236874
149.56616219971392 0.4828873305984147 0.0028362976792857164
149.62954072795642 0.5427556774814009 0.00393516629331984
149.5376654944357 0.495826565994601 0.002968788503898041
149.56944353388946 0.539113556051658 0.005283826146634823
149.6021817734828 0.5600176674150161 0.0026801592491553583
149.71314754499892 0.5564057731404649 0.0028405553723732132
149.70236785932633 0.5596882870427188 0.00862906985230316
149.6852061158421 0.5532964819226232 0.009335220802589894
149.65795780844283 0.5711107864087491 0.014128925319775647
149.7455152760093 0.5810423766176609 0.0056966594734761
149.70758157603052 0.594568789294299 0.0031122705599865175
149.7347661960123 0.612196802160107 0.0027303207182411185
149.71482641694587 0.6253923334777568 0.0038247751551097084
149.64588491612238 0.5969938087898715 0.0032325819947748562
149.69940985875277 0.6261732738075219 0.0033848038758003606
149.55972829890703 0.5833759871711923 0.003648976358589199
149.5800356681001 0.6026296938837483 0.0029899752583946388
149.5406424573906 0.6240866253305022 0.00398460526632867
149.49411734560744 0.6516911109848172 0.0034239929328322796
149.52944246554424 0.6831448008653013 0.004128171436998534
149.23595419619798 0.5172044878530324 0.01464245893163408
149.27921642140748 0.5548913724803056 0.012348626488139763
149.21087590393728 0.5319787078220938 0.00933400952255142
149.309705065247 0.5781843841150115 0.004038039655557599
149.39018903974812 0.5846732878380444 0.004594581077311293
149.26298092183714 0.5780514987277396 0.003008000122570819
149.27058068161287 0.6209485422447808 0.0040801378816501845
149.17027538475347 0.5406569918509908 0.0031032266025454746
149.1682164262684 0.5756223182981752 0.003203219831810114
149.16946186631597 0.5847626004409194 0.006018552726913457
149.18649812810273 0.5966742589362365 0.0032337992026342066
149.1769535735789 0.6034044268704672 0.002840688215480893
149.19091737187645 0.6231072949368848 0.0030259383088059315
149.10129087719648 0.6123464097373194 0.003207883624794276
149.14094442291434 0.6211711365207486 0.005176685125659922
149.17007038677897 0.6305654836409816 0.0032118515899086848
149.30212972169937 0.6526258253098138 0.00949780720454892
149.31799397532265 0.677931673939441 0.004465237050034881
149.29667017966565 0.6766565643315055 0.005287290890571687
149.25721877112116 0.6603699781826622 0.0027204199410038607
149.24728448174676 0.6637916018195027 0.006045110441201572
149.20689088326253 0.7073571578390925 0.008654246868905214
149.41350691854953 0.6137973051488232 0.007134274323856115
149.40699479341623 0.6036893778690187 0.003719347355002113
149.34508603075778 0.6572923239452476 0.004281856609856639
149.34864968570895 0.6860742099990578 0.0034167463930157662
149.40845696308762 0.6764472028481632 0.004550774120038126
149.40188096965272 0.6918300884029952 0.002984586014678557
149.44304464212487 0.7212089857555486 0.006454964744824104
149.40089401678537 0.7229540133522141 0.0038314265080514414
149.48670553344527 0.7258079095589027 0.003595217546143928
149.56545153276355 0.7452735547332549 0.0038417473875415335
149.54611231832826 0.7501132193925419 0.0037561366145349383
149.52882081997294 0.7928719874794877 0.003974402017479254
149.34998980538572 0.704116096793068 0.01060257027313374
149.31987695772105 0.7112322506069942 0.003256693741902942
149.29334306873147 0.7031139920872751 0.009182867959009171
149.318425065835 0.7247813150569985 0.004728632519606744
149.35334599212842 0.7272973384518475 0.004798128553790329
149.3515410843046 0.7299660888607741 0.003572802829064458
149.40689748115756 0.7466325586704071 0.01878382915844352
149.3359982476824 0.7651207814441809 0.0035013620447056156
149.34573125045702 0.7932009439357862 0.0075286442265761165
149.32608161870965 0.7900019456362586 0.002773573151289828
149.31459577589763 0.7939038413003732 0.0028205705016449917
149.442760522224 0.7901313996368056 0.0037155587662954675
149.44462682230025 0.8409837080769539 0.007815817402821139
149.3763621462677 0.858321207769537 0.013606614625413106
148.70536293000782 0.3087162519986346 0.0047041429387404505
148.73176785705692 0.3514054671645277 0.00609121998842793
148.69253508624558 0.3521959621892854 0.0028473149906761406
148.76099731389365 0.3724217977247884 0.0035663373309718647
148.7524437370916 0.3854882834541318 0.004800732247410484
148.7643608829396 0.3924768383911902 0.0035493083812776
148.6784344579792 0.3914926992135346 0.003648873014486263
148.72897030830964 0.4076104740826862 0.004918858898178258
148.82459706594423 0.4149207420268524 0.002987408859539699
148.76666401047177 0.4019747015712694 0.018088967963980216
148.80034657768985 0.4195733569338085 0.007230177421969261
148.79637703443166 0.4283595975294728 0.003101520096979042
148.8602126818109 0.4398954950283432 0.002834269214916536
148.7543878491244 0.4175399112959377 0.003644925697897094
148.78510198837245 0.4444420081893673 0.005203478741488298
148.8033509547013 0.4799194668995335 0.003346311258759032
148.799058416893 0.4783348092617621 0.0027303701329031457
148.7851929020385 0.4798774970521529 0.0033312831615632966
148.80219229354748 0.5040589348717249 0.009001111253781922
148.8134838628891 0.5044445501703297 0.005202637352106078
148.59376713639992 0.4123981220934108 0.0028458382652591188
148.60740188544162 0.4232661999674652 0.007265651193941679
148.6609664258629 0.4187737829140964 0.0067797962843317095
148.69209020023132 0.4434897367969794 0.0030439293249978883
148.6708164273292 0.4519456367979866 0.0038371199851273967
148.66913709608832 0.4810764424565512 0.0026725276038279183
148.60690821498548 0.4394634199130743 0.003541960059547485
148.60627804508195 0.4612517187964979 0.029059720281364644
148.5567588884362 0.4643194965802737 0.006085650745055218
148.55939247258115 0.4546806954523359 0.004596451951383967
148.62755081503914 0.488931304109617 0.0049248444120164195
148.62820056246085 0.5045469866581884 0.003975271449695724
148.68615149805456 0.4959617260348153 0.0049231204293951145
148.72156030030152 0.5256812326103376 0.0036857786887986355
148.66241560026808 0.50866148152848 0.008973302522086337
148.6517061879354 0.5172050268198659 0.008085330734080333
148.63765931857063 0.5249792741990911 0.00551914265577795
148.70243152465548 0.560479573824141 0.0029134713691900075
148.90598735491278 0.4851432562239687 0.002810947922268481
148.87004599902073 0.5172675792388859 0.006589057077351552
148.87611817202105 0.520964910798401 0.003202411742938014
148.99291087308555 0.550480429159921 0.0033669600983239237
149.0238612819601 0.6264516769245738 0.002765855102806041
148.92716256512165 0.5650486214902867 0.003103129497490141
148.9419134110844 0.5843240971866935 0.003940233913197962
148.89743106502928 0.5972134350881483 0.004076321500653205
149.009368768873 0.6407122334685582 0.005396843751362238
148.81309686127534 0.5691024228236061 0.003035924798283243
148.7826918024063 0.5775447118898012 0.002784562432448857
148.84320590033428 0.5948592461215567 0.003503467391185559
148.8797490636656 0.5991029623136738 0.002651201700386303
148.82873081965167 0.603625446963663 0.005338433898992882
148.84429486774664 0.6130628108352444 0.003691874629485953
148.7561561251594 0.5689347240402463 0.006180047379278194
148.88325585272432 0.6075931529471619 0.0033760308739697975
148.9004764164751 0.6559250320806262 0.030419109808666085
148.8900191261612 0.6553900480089876 0.003748578626539678
148.96575333833636 0.6773713436934684 0.003187384046786442
148.85596596763577 0.6856237796926956 0.004318782318047879
148.9154488722597 0.7041316095591795 0.003679876974634796
148.90458210626207 0.7061575695808752 0.004893730790042682
148.5672617635306 0.4754524231383222 0.0029259053269278397
148.56210697190684 0.4736710931796474 0.030003414517905187
148.56978945175575 0.4916947378114589 0.010491049220934108
148.53957103255587 0.5355625019464643 0.011485774343516005
148.62178246864826 0.5836897393437754 0.006380456389635581
148.5688831236639 0.5988127166310584 0.008699223014418427
148.59331728690591 0.6207828599568957 0.0033114465508875526
148.59513263327796 0.6122491558575124 0.0039474526527331555
148.4692087926776 0.5730370825985047 0.003692607901082423
148.42918775234276 0.6494536857786772 0.007399145279471273
148.53004766389253 0.6241931313432335 0.004276206059778256
148.53660070267088 0.6630297197645151 0.004488073489494678
148.58365848137436 0.6425283470352463 0.004559734698569333
148.57655138791884 0.6905188303876353 0.004208770692480637
148.48621131746998 0.6656926259793624 0.003123801143982789
148.54712214992242 0.7167025672854458 0.019173517518926618
148.67090910374512 0.6677925398886703 0.004667799891938787
148.70142675089534 0.7056914767935933 0.007289087432506654
148.84912446330182 0.7398537589477833 0.0063959833513911905
148.83444247361507 0.7502412887338086 0.0028049490346135552
148.81402815140817 0.7624000940419952 0.00834734367634569
148.61112437818133 0.6912329919608351 0.0035709228276373365
148.6432446201113 0.7117597493091137 0.0032592327798954108
148.62877703012728 0.7317335281548153 0.006385144787243678
148.66421133243838 0.7628890609344222 0.005526919888409434
148.60277035252432 0.7599762360061894 0.004678681208043446
148.56877250723522 0.7726041202645624 0.0046946388090440706
148.6285178543773 0.781726951098149 0.003796025967236021
148.59719505278449 0.774541000075115 0.004526932663997615
148.62234270691985 0.8099271243948295 0.003543424589455012
148.72020038986528 0.7906479174828482 0.002784850492608333
148.7419645259163 0.839635933526498 0.0045302978858879515
148.66318252638592 0.7934789564347954 0.0027786124647877224
148.6415537977579 0.8069174827232208 0.0030786900252985695
148.67037730394006 0.8296610774740173 0.002858116253049961
148.72881446896312 0.8569409164778242 0.005743454958992527
149.08878658629033 0.6468296885497383 0.0031445597747160534
149.0564148610746 0.6382247857153699 0.005668521126905987
149.07386604261603 0.6529809659117283 0.007512121864686428
149.12220869444388 0.6894859116185419 0.008862710730358058
149.0553043513772 0.7071147273476872 0.008397933370664877
149.05373807685734 0.7244837859022745 0.0029200524990675453
149.15566514556076 0.709144850601206 0.0038004423555611784
149.1167021129889 0.7066805981266385 0.004209691249320938
149.13974791207175 0.7335738088415696 0.004746761373013839
149.16815045057214 0.7581579047365363 0.0028772543121627202
149.19519252975002 0.7528661996951846 0.003191133327169341
149.12657922735278 0.7399872742377309 0.004034531165600962
149.11857294134668 0.7830540339727979 0.0037515803255309768
148.98082816137477 0.7278129555250055 0.003075866021952112
149.03684484391636 0.7464075323085422 0.003082502231158608
149.01632594268978 0.7647328269599072 0.0047041258788605685
148.9587717709775 0.7660930195094868 0.0040783454534538055
149.08043538692922 0.772700245118847 0.0029593444992842407
149.07536215180147 0.779231941557554 0.0033351039106024574
149.02902988469043 0.8288286962250568 0.003636373126766163
149.0658650207982 0.8392572589261081 0.008860221204240154
149.09453767720674 0.8586722488057928 0.0033608282154602266
149.2222119878427 0.8332089666103156 0.006234997800592273
149.1804655216866 0.8206348962765911 0.003676852893536272
149.16923007214544 0.8314125955073645 0.004065165578984289
149.20256936193215 0.8289699472804904 0.0031990559047531623
149.2730502608407 0.8520523058623563 0.0030472537812101332
149.3242847395042 0.8844244229208963 0.003956485419668382
149.3731585023335 0.8784153399024485 0.002969164022981818
149.39815076963288 0.8827821127365716 0.018062764704969977
149.33513058651357 0.895782846485168 0.006333488110604723
149.27743958637555 0.9039196332983293 0.0034145412575089396
149.27904341228654 0.919011729034973 0.011284599744462732
149.31048997675938 0.926880616599761 0.0027760848089719127
149.32623557171928 0.946376443466062 0.00949209605976426
149.3186258763745 0.9481997316153692 0.00463193903488056
149.18967192504536 0.861699627493787 0.0033673537652944715
149.13055599661513 0.8528380939914697 0.003319755312905479
149.12179725092406 0.8535531058170361 0.007142656661142453
149.18375152402072 0.8818742795358698 0.0077397804169608226
149.2153755723295 0.878388610436383 0.0032323508887231885
149.119443465529 0.8727973555160056 0.004052494224869134
149.08460093167346 0.8863651198488148 0.00689554972542167
149.07964775364036 0.8861355688151488 0.00339873422316265
149.07469219651816 0.903696747669032 0.00346748598670339
149.21170273790017 0.958043534602942 0.005185757505837755
149.21981744232357 0.968937883034782 0.013724180922411369
149.18530971544422 0.9885788178803058 0.003089503806372752
148.88944991099655 0.7515750531554657 0.002711275655839997
148.92738585193607 0.7807540776595264 0.0028325659133571
148.89482244775593 0.7841538522910781 0.008673924140386844
148.87029036508108 0.8279121327879254 0.0033183701617185324
148.9214232117084 0.8533413481699152 0.0030898427285567715
148.96387237786325 0.8419366193041616 0.016983651890044128
149.00121879856357 0.8582712101040998 0.0059229070832585076
148.9464943616565 0.8601668660065742 0.0032978923070428033
148.97587967943002 0.9453750394450214 0.0026505983276146655
148.81011337075256 0.8551514161672257 0.003298501755981379
148.80646314204168 0.8655712608815528 0.0036834920309392768
148.80406796230005 0.8676164281823335 0.003792987658539657
148.83596303822242 0.882812218539229 0.00493206355840845
148.74053575528728 0.9059039103969552 0.008088892329786948
148.7942031411474 0.9344332562015636 0.0066480164379227715
148.7966653299742 0.9339308945609506 0.005250712623853757
148.96543449402378 0.964096019857562 0.01356425965223557
148.8401507835774 0.9583775716587252 0.004074297145063217
148.88181451005022 0.980442179784646 0.007424413377927359
148.86903376421495 1.0206691050051488 0.004588516255717628
148.99002005173497 0.9648036188239008 0.0026911701660623033
149.0857512769231 0.9935090195974342 0.0027354832486194713
149.06582592453248 1.0382123129544951 0.003153315965026156
149.1554642831852 0.9919322557628368 0.0027242694774640276
149.15560715040954 1.0135562691563678 0.008710095657489501
149.126385419504 1.0452428431627734 0.0031474644578316233
149.08703438102364 1.0373830669491328 0.007522699944764433
149.14172024611926 1.1037536901727685 0.004142652451460404
149.0041315242754 1.0208041073648877 0.0029733978948685677
149.02070548518495 1.035583456806337 0.0029261887050100466
148.95037140562982 1.036045745094343 0.0032712733802026045
148.96136955718347 1.0537805058537617 0.00288290166927109
148.93777046869045 1.0652695802427157 0.007989024161554644
148.97915662272595 1.057081659689527 0.0029228585242461937
149.06227133203654 1.0644850449263867 0.004222505117754757
149.03360992136993 1.0717364811433134 0.0027819037800123187
149.05675640049677 1.089439150737184 0.003961689957871174
149.123905421547 1.1207859027091664 0.0034870764559938095
149.11889026720283 1.1257094255358586 0.00517085000012424
149.0959925606863 1.1354826419723798 0.004363874925331057
149.09117580784073 1.1671920502160869 0.0033813860732362596
149.0408654299157 1.154692371143988 0.0028585803538814848
149.05079455391035 1.1642619152190523 0.00399039625871678
149.804783361907 0.6458380269159681 0.006641754361419381
149.73337312676247 0.6485242509512968 0.006124281922624483
149.7680974551999 0.6903690371322534 0.0033487977917675132
149.74729141724114 0.7000559162572165 0.009390108698346408
149.76617694080144 0.7127972749787234 0.0033280805544465743
149.77596848316318 0.7328472427364876 0.017588078674113366
149.78081905927215 0.7234477519096651 0.0028111858918469183
149.84808632351545 0.6859359620801561 0.00492063186415724
149.87668474066376 0.6982601533729262 0.00264404096550393
149.8129431898163 0.7454373554086215 0.005175822326287679
149.79261476532426 0.73904480020747 0.00535750801726787
149.81671639245516 0.7584165127148891 0.004908127032213288
149.86013940035104 0.7798046365001432 0.004805814070544748
149.8519928885699 0.8023327876540798 0.0047052106853670145
149.67499936763684 0.701414861245842 0.0030397932382592286
149.6750328945819 0.7019084659983647 0.0027040390531052503
149.70115599642165 0.7455234784406395 0.0030963672806673874
149.65742542901972 0.757413073714186 0.004490056383116264
149.6572513161815 0.7484696112800997 0.004547056646570958
149.65600204963056 0.7478425496049705 0.004792042980169203
149.68373184806651 0.7701309437870217 0.0027209352663149894
149.76776539205872 0.7771199897365451 0.0028777016421043383
149.7161518818021 0.794798785131802 0.004913947244233782
149.73133341724562 0.8052330952301968 0.0033771664378155026
149.71729430935082 0.8030626384391153 0.003230935138775672
149.74673038562398 0.8646603951553516 0.005971555109478865
149.75947245509155 0.8834525007833586 0.0032664173566468026
149.98069984280818 0.7865595254357355 0.004377847253427319
149.92012765020735 0.7753129119144817 0.0028219439574977316
149.9266282716425 0.7924257087601421 0.0043303003950299285
149.99301824989098 0.8112413729229759 0.0031810028969161074
149.96595296695523 0.8294163346639527 0.003501795736442747
149.92885946204566 0.8806118771671226 0.0029396246780900664
150.06897943775155 0.893517129769113 0.0037358726604873227
149.98335747555743 0.8929731955953295 0.0031223013700165453
149.96724345901362 0.8903306729309849 0.004669043870717087
149.96826854818096 0.9132202473389608 0.0029834734308733348
150.02552904137363 0.9239055161168684 0.005379293117476668
149.99772176256036 0.9312060794418796 0.004485868357586044
149.8573195281505 0.8294068911094328 0.0037333237197899756
149.85960682524865 0.8811265593490121 0.0036181623874501074
149.80394994379827 0.9058172478618728 0.0038934583176754175
149.94003881313645 0.9866534109772124 0.004146451735839949
149.9810338535649 1.0041658721914792 0.0027680706443179723
149.6233267463176 0.7820838774597574 0.0038362720230192045
149.58308648037925 0.7788808383588516 0.0036332015819641786
149.6236672601049 0.8006486279240157 0.006210575627061869
149.65653405489243 0.807841080266323 0.0033466078437570253
149.64968506125126 0.8407894555441439 0.003386623905247623
149.5603364957889 0.8451146284546812 0.0046369459605935075
149.58968899179956 0.8813341651106603 0.005909852130697413
149.70787208035054 0.848497514052559 0.003645826309423656
149.71826448131267 0.862310968391626 0.0034880057694198327
149.71552794915644 0.9004764644968408 0.0033723165168581546
149.66713256957746 0.9279329796160848 0.003181763713556141
149.48838881312278 0.8612008482668904 0.011474834477092065
149.46174733900452 0.8573717548688836 0.0045206445397908
149.51318765153712 0.8788092603758151 0.002937903520322159
149.53223512565597 0.8804995946981151 0.008142312840003564
149.55030250675523 0.9271196028985856 0.003318558131451939
149.46131332507628 0.8934813017144365 0.007498515173458029
149.45767894232375 0.8970997007310051 0.006198936314745663
149.58817887761958 0.9317837518587456 0.009092018999954201
149.64502948293813 0.9430170554168722 0.0063451753677941924
149.63595291095683 0.9868319861670224 0.005546206935941904
149.54295446418544 0.963069615253352 0.0133466066023121
149.5741407966361 0.9570086368235904 0.0026907038776945867
149.53269306397428 0.9890043295104582 0.005085113661276142
149.5961024504151 0.982671831854266 0.0027662505266390987
149.7827614530241 0.9233325506659548 0.003001395759520393
149.7402980203034 0.9239761567893964 0.0028643053199181776
149.808265468612 0.9437436234872716 0.011482029666031575
149.7580312976176 0.9758545998239366 0.0026802316394201903
149.84667668209664 0.9858519749771878 0.003225000079048556
149.8915091965425 1.0086808851278777 0.0031315752687506803
149.87046748944536 1.042570671594094 0.0031514552137248014
149.8258576109495 1.062695957913606 0.0031605377691723167
149.88422047115503 1.0706602050953895 0.009471779616824964
149.88190270641445 1.0749595908193883 0.0027055847951792467
149.87627693319772 1.0726172982422362 0.00393560192766198
149.69081070828307 0.9816841858170064 0.01503836839783695
149.6881490029235 1.0066983234830964 0.006980810511905205
149.64695898744685 1.0057115720172694 0.0038467693727414136
149.74721095624048 1.0314225147941791 0.02471333146359058
149.6296356618778 1.0172685105373291 0.006452490289197543
149.68498631844304 1.0706504386740758 0.002872583916966047
149.67085312023602 1.0785182851159998 0.004147884689933926
149.69599682446196 1.1003303233424744 0.009239306398020708
149.68059387021287 1.1028572714648437 0.004888227440100226
149.78145088106035 1.0616138529473464 0.0031408083699946006
149.81781551695843 1.1228157872640023 0.0040531657079105185
149.78926294019493 1.1247659195600472 0.004807363974466923
149.8052403035818 1.1412373392310855 0.0036740925726474884
149.7452186302083 1.104238511365788 0.00565444552746587
149.7908914807213 1.1708586138511707 0.0029814379460385496
149.76892267592558 1.1630096898372675 0.0037245342698188715
150.09698624774404 0.9502648023363826 0.00434528288132306
150.19552347278733 0.9667860316604948 0.004224591876712379
150.09738606086623 0.9836249540111958 0.010483107748234096
150.13081678231205 0.983552500560687 0.003939866621091812
150.20621874444336 0.9861712433035634 0.003056217158256976
150.2458365344034 1.0281100159376535 0.0065659400728264655
150.24978087362186 1.041243666788081 0.0061157025525906275
150.1918784214363 1.0852870033281323 0.003062687948510835
150.19633635584475 1.1053590954863464 0.01287799032908249
148.5682252946234 0.9187713394000656 0.0026619787214532697
150.0777178428961 1.0507000802754831 0.006424479455041899
150.06867818418962 1.0533251911321322 0.00631167538480645
149.96677521086644 1.0377271196353184 0.021031002626274015
150.03934878140592 1.0774033326788452 0.005750940238658145
150.0355938204824 1.1103540142511343 0.005323157542625159
150.16024479503048 1.130381480722592 0.0062001512580432605
150.08756036452442 1.112198840492351 0.005757727668993826
150.1076824509437 1.124263569926471 0.007277406756012514
150.09839344081442 1.1226329092889993 0.0030634728419739656
150.10550907977787 1.1480235158013694 0.004231354479195931
150.3095351671331 1.0665523821552925 0.0062356878175913065
150.35875258759057 1.1294846020994505 0.00527726544496187
150.2648944971425 1.099449977242453 0.0027507096726671182
150.26485379330035 1.1620902095230756 0.0039026336026699087
150.38290861959888 1.1742153496597458 0.003646168582517046
150.37917437244872 1.1891916237732008 0.0028667725979727335
150.42000536848315 1.232806015359006 0.004366063065912469
150.36327256146825 1.237407170565763 0.0026766303287284092
150.39747779152225 1.2540682326954729 0.0027653340398302094
150.17298070683665 1.1489351888802486 0.0030967294167225396
150.21200480131944 1.185148506676232 0.00357693591740854
150.2378988993105 1.1736039138528866 0.005667505491633316
150.27394198379812 1.199769018222837 0.0028223176687687413
150.22515148425157 1.1861271322269504 0.0027299177957985045
150.22156359102024 1.1947343808522208 0.005341596450257235
150.16617473606914 1.1643849052238664 0.004680589560204832
150.1719179200674 1.1942304712641545 0.005476672604962184
150.13869724085626 1.1882561891098369 0.006353063696150011
150.2025288270901 1.2219832552033427 0.002828323907724271
150.18000255270243 1.2161804325231935 0.007719903019976494
150.29622147173578 1.2201091814984482 0.0026831837162495614
150.30863905383217 1.23726684872405 0.003066376335415676
150.27975875606327 1.3227194355686265 0.011991037871354578
150.29474152120366 1.337759803355297 0.0028171480077611153
149.86787334736323 1.127733139736415 0.0038318859950254996
149.97502339767811 1.1587943914324113 0.003446848574750917
150.01734290886796 1.151385604825601 0.003306379462077576
150.08198541324353 1.166773545745912 0.007256194655083424
150.02081596753106 1.2206262781667123 0.0046376913792647995
150.04278842460928 1.233861084712249 0.0029520389243655487
150.0281641328715 1.2315907075695256 0.003784555074098675
149.89642249759513 1.2216145672542684 0.004333191071507319
149.83763204593777 1.185803054741863 0.00459806471718119
149.77289436941504 1.1963107314008998 0.005411629114536781
149.85300213896292 1.20291104472582 0.00292617516206642
149.84359227177094 1.2326693906012118 0.0037690246222709706
149.84227609777997 1.2302216404885895 0.00273087385512285
149.9354902198143 1.2119664920561766 0.003114922706815335
149.97975705549337 1.2434560407896844 0.0057782655887115685
150.01592905566997 1.2779766356016868 0.003764762549220791
150.0074895594432 1.2746034545711988 0.005518679076624468
149.8649953089857 1.2702137318994855 0.0033760652723178004
149.89458727108791 1.2944768623718828 0.007135103785120224
150.14280163643335 1.2782896925426646 0.0032854669638647206
150.09076880960285 1.2796130635391314 0.003822489266707073
150.0773584865213 1.2796775102571856 0.003528396638193566
150.1161609595648 1.305191782540639 0.017529299835274386
150.07888361947704 1.3099520156914273 0.012680271272237746
150.20574741031913 1.2982522606809417 0.008389033711407527
150.17624203887493 1.3077939259319238 0.004790303772083612
150.27336227685788 1.3419348727353837 0.004681118385942933
150.19338286918136 1.3546413082973954 0.0027682703719830674
150.22888634364992 1.3947136422813866 0.0027433479195490386
150.20410078322814 1.3797806391585483 0.003241756270846953
150.0288506089936 1.282126322997785 0.002870416974503878
150.04080848753094 1.2788173509004097 0.018693947540102642
150.0538134434716 1.3096104629982084 0.003330099420537832
150.0490252406283 1.323027237848793 0.003146268227670025
150.0862399791055 1.3582089154186694 0.005725878583372573
149.99430975272156 1.3191006522293538 0.007169598729619147
149.96577591441286 1.35192014603889 0.004381824553708409
150.0055950968777 1.3897587442737314 0.002986161346853047
150.1664991764901 1.4054132593753366 0.003879882957234117
150.16350433464154 1.406529945454427 0.0028278637424262176
150.1429888278658 1.427244995407869 0.018687200256252548
150.17538608851513 1.4330540423852305 0.005129248671216137
150.14439486881164 1.4463051950582029 0.0036296969341438248
150.07941304792982 1.4497385311709503 0.009020397576583652
149.40113586766617 0.91044917724937 0.0027870573770893835
149.4304450386261 0.9694722824770176 0.006989528412187098
149.3428288350219 0.9713069943013448 0.010237635422556879
149.40212622177225 0.98746164898669 0.004763412309424473
149.42280600560775 1.0292394578216446 0.0031750393683197932
149.51545711236645 0.9948136624807392 0.008409030343636357
149.5368296176495 1.0027040196250023 0.003912590711862173
149.48914154585128 1.0166850187757157 0.0029986220459708394
149.51245155236808 1.0169954297965071 0.00835907303202454
149.4742670037804 1.0588968221704456 0.0043000765762762775
149.50608284593577 1.062347806560074 0.0047687499376024905
149.50657813848107 1.0800208815036765 0.0032469177670139456
149.50605508892394 1.0971827362814794 0.005986388661150599
149.50617209509272 1.0957032974465006 0.005071156805720517
149.33052347427437 1.0008888847006174 0.004190422612252299
149.3523945979595 1.0107187392998742 0.003989032178041956
149.3876249984149 1.044475572030349 0.0038627804045902967
149.43359299884216 1.1123341757012453 0.008361182340396
149.352609927507 1.1200591866141028 0.007149560649475981
149.374559746006 1.134382496099759 0.0032166783765420256
149.43714446842876 1.1499975609401287 0.0034632056762101877
149.60783720991594 1.1245301249652853 0.004281244536533212
149.61317560638517 1.138475438157084 0.0027952775054797385
149.5672280741464 1.1111006469025977 0.012214486662263001
149.56082195181656 1.1625804003891758 0.0032874121778483745
149.69337012290038 1.1481532923629405 0.0059362410063477904
149.6430590862568 1.182411977091984 0.0038436130532492935
149.64660837405802 1.1763154013115975 0.013527677141451668
149.66292604458195 1.225013973261049 0.003918922360974893
149.5097424557804 1.163608176532546 0.002811965672191557
149.48715935702424 1.1780846813074557 0.004634324333182785
149.52832664231357 1.2049733822693116 0.0031130036480131397
149.49327942557437 1.1926675613035005 0.003312940031157859
149.45426816280752 1.212962596334747 0.002683523109469863
149.4851552043285 1.2198853447981108 0.006761990084771532
149.5769325532487 1.2337931489893996 0.0033574988656842344
149.5953612994935 1.2546427561430873 0.0029120984260689767
149.64326237135867 1.2412004937435206 0.006413708677999774
149.66029663649448 1.2698936737574011 0.00326772269670317
149.6136284035184 1.2603547037943856 0.004076167055680073
149.5746426659926 1.2874809185464824 0.005556523553519569
149.60731334438364 1.3149236589663529 0.004424279288897205
149.27110316710582 1.0960946011366874 0.002647965604739949
149.30125169120717 1.1087106721050424 0.003800722742878763
149.26395898727787 1.1063020687515353 0.003946439911436962
149.1892874729512 1.0884126470674926 0.0046938253876205975
149.1889052809483 1.0876216679226238 0.003342822291755247
149.24723834259285 1.1386393330203028 0.003137875798546828
149.34193105477445 1.1950745413314403 0.0028736229907002577
149.33448235652088 1.2072991422485884 0.006090977210955177
149.32810443479775 1.2280514157127267 0.03828240430789682
149.13613185862872 1.147035809469717 0.003947179709120456
149.1261370173964 1.2465646047495125 0.008390362885998249
149.26358138624187 1.2263132044978178 0.0028499009073998005
149.26101967677783 1.2467481002661256 0.0031616727026083846
149.26755558391255 1.2622697486284609 0.004283073918285179
149.1956142209567 1.2503173653768689 0.0041382637298069585
149.1845452684885 1.2583948272474137 0.003624097554420716
149.2174591046906 1.2656107454147494 0.004149661243238092
149.4153860444613 1.2226151440348372 0.004839087272227202
149.40495700189564 1.255190633831878 0.002906573867827122
149.44318392946676 1.2606160274806557 0.004987043996106034
149.38962984698128 1.267658017196648 0.0062900659595908565
149.39334076308197 1.2744632991920763 0.003985676395495115
149.3965662791549 1.301202773303653 0.0027863542751573977
149.37139169263423 1.306270409972766 0.0033137836788835772
149.52936974039906 1.3049517339781849 0.0029123181017652053
149.51241706557076 1.3094395412441704 0.004796778942104679
149.48275776123924 1.3893755267761576 0.009619301665578143
149.3567881963538 1.3449985603941592 0.0030291383867930696
149.35517418275302 1.3500689068052232 0.0029346760624287286
149.30145834714477 1.3295751315132731 0.0031575223230731783
149.30600000815093 1.3478284769316176 0.011614413119047632
149.30903756052678 1.3536720510723588 0.004049882700362197
149.33003353123027 1.383616936652397 0.0028500727750114282
149.39379232508932 1.3627843321068234 0.0036716850789579015
149.4070991495922 1.3606839471858303 0.004046774405999746
149.42987971117932 1.3740034119320397 0.01014659018019681
149.39378481409497 1.3662059155515605 0.005293970471925773
149.45134683446705 1.398840085700613 0.003081891071277903
149.45013277635303 1.4104640226627605 0.005195987224792472
149.46690156360495 1.4210786971014489 0.004776017062048619
149.3804939111822 1.3952205986926434 0.0047126619139091774
149.37897397793066 1.4087799851843763 0.007011240177977802
149.7613705673871 1.2171543482739358 0.00463660852746728
149.7311866353619 1.2276750592046577 0.003665560944748679
149.82101268545338 1.2472052720086904 0.0027109819100751458
149.7409779771053 1.261424128828381 0.006639746514279511
149.72981097528432 1.273188361812156 0.005102706153755034
149.71765618170858 1.2668454782133118 0.011720351041238884
149.78775606654628 1.2931017098419897 0.0028722442230656826
149.79542654751947 1.307565617142707 0.00412598822874192
149.77605191891683 1.3320211819239625 0.0034550885682073417
149.7551630429333 1.3159861503137988 0.003379759244440041
149.76287282015028 1.33095566679419 0.004312141213296507
149.83361827356606 1.2854737389868038 0.002992249200530283
149.85127057064713 1.301375228940672 0.0032893901273756843
149.85679673273737 1.327270108714372 0.004495200264245289
149.8379525865772 1.3795240665314574 0.0052386096620835754
149.81243627066695 1.3826761006244108 0.003431478479948647
149.68514513270745 1.282105927321337 0.0029154172534886984
149.63343536584665 1.3468235275267164 0.003999716822344963
149.69649403782745 1.3853195984395756 0.004293181454207822
149.64865486850823 1.3687890850695386 0.0034483702496212725
149.67734818065466 1.4065481290059196 0.008602019537452177
149.72804587482815 1.376766709500795 0.002681879463098161
149.79443036051944 1.4016776425741193 0.002811193271070595
149.82381001549015 1.423397590233478 0.0037723880862305364
149.79400527800462 1.4304127157405992 0.0028110488942517573
149.74266037922916 1.4174885765739094 0.0032975403588641917
149.75785991617445 1.447986700477219 0.002896729416275522
149.7335258021911 1.44812021166659 0.0029018768281857264
149.97345882137353 1.3707261833918294 0.003993624285204186
149.980670568509 1.3788240991979912 0.0032932625811137118
149.96044923450566 1.3791160497030537 0.0040953122892782075
149.94172880105438 1.4072000493571266 0.003078421224210642
149.97377871599366 1.4260837706062386 0.0040733444329662605
149.9239291858309 1.471995718148409 0.0068675628810704785
150.05007317785925 1.454842375569192 0.0028738217981751487
150.01468221910417 1.495459061791582 0.008134769368377632
149.9959813291435 1.5168528953700524 0.0030887905478702445
150.02518840920166 1.510818794590583 0.006151004285681402
150.0241636341649 1.524157294890372 0.0070502619705625404
150.0261002659398 1.540800852286626 0.005656751876811762
150.0408156133625 1.5428454840875232 0.0026562269248780936
149.86931076034654 1.4330240714037823 0.003360889157432225
149.85065164325223 1.5222256257164306 0.005983981602197361
149.95407758499445 1.5415357771419136 0.0035117386675280323
149.9839349261129 1.553271920250704 0.0041982864727348685
150.00572493741757 1.5766437520818375 0.002840689196620013
149.87258160978385 1.5574971815121614 0.0026870522079359524
149.88507314706104 1.5835176675289473 0.002847452870586075
149.88263296173918 1.5870852459921356 0.002875077193355517
149.93930512199785 1.5859714073265876 0.0029835598873187105
149.94748854524255 1.602148188446597 0.01710182466746176
149.92022041236635 1.6121464185017322 0.006315312413351083
149.92348094481846 1.6089521645895404 0.0032492127190803925
149.52401827497638 1.406721715687184 0.004238116782208178
149.52517022816622 1.4000847254147493 0.0031942156238733152
149.6881077155725 1.444874143320121 0.0038170765497483146
149.66258498320624 1.4457137156504962 0.004806179753680274
149.72743111286587 1.4809830248385027 0.003442509675974342
149.68455481316835 1.511149440657784 0.01054893799487103
149.67943885270697 1.5131574020447651 0.00459036357364149
149.68953592373043 1.5248730284336558 0.005055879325795156
149.6893377175777 1.5549409487976695 0.010224260227829105
149.55419825461436 1.5159012091551645 0.0027947343934643606
149.541137903717 1.5078497491435638 0.004056743926315886
149.47679887144523 1.5181421580935772 0.00447738912019009
149.5883408200766 1.4949636800542494 0.003098151632822285
149.57433969925663 1.535549148270536 0.0037411640258163625
149.6557203452994 1.5571873389286612 0.006698314266974276
149.6006047970017 1.5605056585198254 0.004053379340392445
149.63517440145273 1.569309230214032 0.0033141013040477196
149.64440271932693 1.5809203548736772 0.0031421421938170116
149.52970153665177 1.5589668272795687 0.004453839828301233
149.56194801906798 1.5811654253924945 0.0034109733762859164
149.52768081458106 1.5841627031118868 0.004048322242422966
149.5956528754202 1.5834115681353855 0.002719193476107408
149.76095676764473 1.4982914162835488 0.003453703849190685
149.77216690120784 1.5120451964485049 0.0029638006204658414
149.8081952101283 1.5346686355554473 0.009961295753697325
149.7936020944698 1.5630438740164831 0.002694956997038818
149.7640330080295 1.5694188258121016 0.0037639119871484003
149.8830056142886 1.606087428533784 0.003831249847858419
149.8919490356863 1.6098571145854954 0.002664075168883147
149.82344310750705 1.627378857908092 0.005704575923322306
149.8021815940257 1.628802292640444 0.0039600056413737475
149.85140900671206 1.658303629024861 0.005674069416112289
149.89197615454574 1.676112029341528 0.002693895529756472
149.8222201091311 1.6796484249700596 0.004335835377660227
149.685594429608 1.6047884158219778 0.002812118546144482
149.6942352391999 1.6260000143509392 0.009219184886022181
149.74511038362542 1.6294388141739902 0.014279088806065179
149.7574596324382 1.6438602143077867 0.004673356745608562
149.72864178888878 1.6521343872019565 0.00354926400442081
149.65794780881515 1.6488852466030923 0.0036806528653468987
149.60189716310109 1.6427701712378555 0.010049374237852932
149.6938099415941 1.671557325957449 0.0026828522422486433
149.7637302980736 1.7001649860473411 0.0032740524283605636
149.82632564814722 1.7171603831264102 0.010334040984601498
149.7365621343753 1.6982842127134683 0.0035187831578562772
149.73805412764125 1.7373667601627167 0.0028309848784835285
149.78330122421528 1.7744380099680022 0.003997124951032961
148.37572978570157 0.6622824738094338 0.002859991284161617
148.40268365660023 0.6997061332550996 0.003178730101936673
148.29083567190295 0.6600674363006 0.0028823842405670394
148.28334373876874 0.6664671566323752 0.002961411745989367
148.3191235572988 0.6841362110388135 0.007808604462643895
148.31392930109334 0.6857506126336331 0.0026480650208998836
148.33148287285147 0.6882939892631799 0.0030971415504093967
148.44285608633714 0.7029871359021912 0.002931918539018526
148.48096051627826 0.7322007242819626 0.00326983301571868
148.51973301382245 0.7518479366304093 0.0027894085940796654
148.4118082321175 0.7459223298427557 0.0036613157144695456
148.3734192472624 0.7427623257691206 0.005594882041633655
148.42218039209104 0.7624441458377595 0.0028530408477785473
148.43289604482848 0.7653040231043098 0.002820431098423947
148.46705771298605 0.7795833387833806 0.002721407545615685
148.29391411531137 0.7178956242020337 0.00507030336403492
148.26640611326073 0.7360811246487958 0.006651288788337104
148.3055763240974 0.7259565429184173 0.006266332055768088
148.23494438004874 0.7762540826627556 0.004036570199210768
148.36826038224208 0.7925893896675045 0.006103217745330442
148.33590444945742 0.8351460151559874 0.029835346542808006
148.29919308437636 0.8127633721515235 0.006494382737876023
148.3697412569823 0.8824422844115098 0.004290239673179236
148.5323440792024 0.810416130853883 0.0026562951824189818
148.59396176635525 0.8031592483110671 0.002794366168340034
148.61771431437296 0.8194435436710742 0.0184949309662253
148.46383686724946 0.830851322477832 0.0033914484846658878
148.47843207864392 0.8422165418993791 0.008950448842052556
148.55815262114118 0.842704516607204 0.0035719003937134883
148.55213354413436 0.8627812643593723 0.002926315850029774
148.51119499869185 0.8712028907226014 0.004507599993757186
148.51686724652407 0.8752848867789356 0.0039447984566971395
148.62718210454017 0.8587075198824914 0.0032286904536652995
148.647048084773 0.9071611329225056 0.00563830772119358
148.67564383928996 0.9246713938880826 0.006502893621765307
148.6645646087999 0.9180862923803278 0.004139482535256142
148.57336925007914 0.8755371716637184 0.003101292255345938
148.56791871312907 0.9183763020071966 0.0031824167720548423
148.6432031995831 0.9440233290339825 0.04712300828864229
148.63549272772352 0.9472859875559736 0.004598475104485315
148.4394324446295 0.8477003792455731 0.003588737390994114
148.4724109096974 0.868830605230225 0.007133136990090146
148.42542506229964 0.8499645979437976 0.007378827788121503
148.43559415062165 0.8524361727366747 0.0031803199212143154
148.44817555969453 0.8737521564283628 0.007891535319914838
148.46775897388054 0.9091029825291056 0.009476613416253858
148.3771009534148 0.885212479699359 0.011578606632570397
148.389463065079 0.9102920025318314 0.005479798001164027
148.45127415262442 0.90998199226458 0.0028956323813075185
148.501904028644 0.9450751965354486 0.003608691815408812
148.55413236613546 0.9996691895323973 0.0033165966643849054
148.50370235841925 1.00036116766126 0.006817857732577263
148.5532685959013 1.0277063187309432 0.0030540213909758607
148.21213236539288 0.7891865633143019 0.003848419349871513
148.23606144618532 0.8000055130698651 0.003921321446413621
148.24681304768455 0.8206613048682199 0.0026813247663770245
148.237628266585 0.836455550971946 0.0027508057255580492
148.2232256860189 0.8444168765331189 0.006105111845475636
148.1460643921709 0.8112841905556409 0.0027798931899216416
148.1773407010871 0.824213293319334 0.0039583128810305925
148.15126298756883 0.816961808751376 0.0031686077464646288
148.26858068586765 0.8327020253812676 0.0035857786710301073
148.27935495434028 0.8559288750183495 0.004090448127825951
148.25073326881338 0.8531883982851713 0.0038046457388037263
148.24921524734066 0.8519110895155453 0.006902071590434588
148.27608000800973 0.8724200115485955 0.004699157751622998
148.23275431158342 0.8854399221599486 0.003681491860456089
148.27272576635855 0.948995926678997 0.015841846819185986
148.13843942927753 0.878909306575158 0.004948218624890679
148.12200659207974 0.8810428239396397 0.003608448152826962
148.13229505702793 0.9099416769610352 0.002863401542768959
148.11995546934526 0.9147854223262872 0.0029674325392649854
148.11743629891942 0.9284857878025852 0.0027480589491060115
148.06023530373048 0.9290559040485216 0.0056350566913920585
148.08305926081135 0.9544822334851488 0.0037708674747910617
148.16192589116002 0.9141153347181188 0.004034726535904406
148.23413147491027 0.9536775802785826 0.003655485870881147
148.2218200283394 0.967266809708449 0.003948557980991614
148.20710392464105 0.9713820575769084 0.0030186860279494635
148.20593510981033 0.9859631166619062 0.002691714441730966
148.14352511629997 0.9362288440334158 0.004937204766698607
148.14880268493746 0.9991516987517364 0.003216868030063491
148.37003378770407 0.9199419120704528 0.003516184495700718
148.36556309847856 0.9491081790920493 0.0034115700225902683
148.32649502374898 0.9528156420192598 0.005625822745750049
148.32504265428298 0.9846772190566055 0.025927921020637953
148.3472537184116 0.9926466147664184 0.00704008146440918
148.36099418200786 0.9904544492063544 0.0030229367447388326
148.341973734702 1.006086976907475 0.003042071971012648
148.33143698089177 1.0071974651032327 0.004116715073616757
148.34013660780593 1.015528119485773 0.011406479508529363
148.3503854325067 1.0148887362854673 0.003948906579469915
148.44800129631574 0.9894464004752608 0.0029706509787236126
148.46378300853522 0.9982066113423488 0.007199290854679349
148.4808966221812 1.00787048897944 0.003072741065870105
148.4817581697753 1.0086792985324051 0.004559889354071396
148.5044868140355 1.0211224808054304 0.003431594986170189
148.51996253717303 1.0450042888808229 0.0029945435924353097
148.47852817143223 1.0397794775035831 0.0027571864442787436
148.43047964506056 1.0476435764687344 0.004195252207768355
148.40718284073944 1.0584076581857305 0.005151737898624171
148.40981586054428 1.0533161302870204 0.005577078592240757
148.4615234287932 1.0581986844207834 0.0029379093042086403
148.4509473276635 1.0806041069744277 0.0026647140979723528
148.42070270841333 1.091555797318439 0.005347021798500394
148.44361306284927 1.1132328584257327 0.006482741279174891
148.2717247991615 0.9770212124335352 0.0033364421155984442
148.31312523372347 1.0462200903891825 0.0030466747594381544
148.2828205070801 1.0440902382954396 0.009582121748530145
148.24158040474552 1.0654576638413682 0.004170305248321059
148.37665645383336 1.077510656344352 0.0038921632671474094
148.33930048766618 1.0728404535121523 0.0030509658365233043
148.33996473471512 1.1021727003982749 0.0033724009627878683
148.32661178456374 1.0942045388219075 0.019209670237500913
148.28925328974324 1.1340181898185122 0.0028482127066792695
148.34345523061944 1.1413166267545405 0.003273834527051355
148.71180508808663 0.9969018819696526 0.0047269741205701234
148.7961161513982 0.9978688602751168 0.004283286945853264
148.84506925824203 1.0508181770895595 0.003178330164138408
148.78790105502586 1.035631906936162 0.0034337749624005227
148.76546524447457 1.040042490457305 0.005932271098624457
148.73154826492797 1.0382826678022063 0.006428975705650027
148.74753659508644 1.0482192592076982 0.003014983464474118
148.810561927385 1.070972220801463 0.004279958565600031
148.81503695666908 1.1034477453158296 0.0037403557426794573
148.6189772572781 0.9809560421679948 0.002728763483102009
148.6696449423998 1.0130439710042056 0.002674033351380309
148.68245405645018 1.030008592182326 0.006863214298632082
148.69169278889655 1.0367836900400518 0.005308215302221365
148.69173274698207 1.049772334538281 0.0032475434818348492
148.63805561476923 1.0434898707386226 0.003564617949310759
148.73425662240575 1.0815842056074387 0.0035729405463842427
148.7294605170849 1.0906350086520613 0.004340516531312876
148.6921004657763 1.0950277173619396 0.003060594402351889
148.63595816107406 1.1214735682745085 0.0029903554197502503
148.8596481030193 1.0830500090669442 0.0036996814292682657
148.9331736479415 1.1036200194570664 0.0032014172052049696
148.94720578388373 1.1243379115770902 0.0027889803833841126
148.84517246669068 1.0931024484597411 0.0030618840089067065
148.83088937655475 1.0960882913214811 0.0035956911785577487
148.8851955696691 1.1442668389527195 0.002805114412807977
149.02788438238758 1.174354252110222 0.0031343677100643097
149.02653292167082 1.20591778297356 0.003266657329472217
148.93574610325317 1.1661510071680414 0.0026474963779279455
148.928883554431 1.1874182853173687 0.025490611126371434
148.9106108770671 1.1854143620072362 0.004651386623761271
148.99999641125785 1.2347532287473773 0.005652434319644051
148.99218235463317 1.2504175334159666 0.0061163975351011535
148.8295779464715 1.1590004336873785 0.0031255488401064043
148.80253049953797 1.168447199096917 0.003153992270130995
148.78979084476774 1.1719928891815323 0.0027546148195492495
148.72617245486796 1.1962410518751685 0.008774806729004549
148.7295437373989 1.2060994060008396 0.004636438939359286
148.80326096332877 1.2189155665533205 0.005371874087761857
148.82432830101305 1.2258093786101794 0.01172902885248924
148.8661673257585 1.224658761774306 0.006322974270999312
148.93366603193329 1.2381263943594212 0.005560106619624697
148.94098374113315 1.283170122464038 0.0027926565601692818
148.56387219898542 1.0853488210639437 0.009033161910807523
148.4716836921676 1.1206250432558984 0.0036381295067729534
148.47795290801332 1.1427537001370274 0.0030859054796068294
148.60726308946826 1.135589555346853 0.011065817020042576
148.65138225022216 1.157870042718314 0.0027482336924283045
148.6110634397612 1.1686991860542573 0.003615340236413261
148.62541146813322 1.1884552079767683 0.006203520041354888
148.66482466412924 1.1813508251892857 0.004654948543809337
148.64939474695166 1.2000288691083238 0.007123888108944421
148.64356039857785 1.2080450503417004 0.025651916680054964
148.5520802547169 1.202396698088681 0.002889664047667505
148.63448110870755 1.2559910250202402 0.006399399302272204
148.45493326517854 1.16837781114037 0.007287428548202906
148.49608500047088 1.2121979709741977 0.0033095295230462086
148.41855561202374 1.1838342545998914 0.005029416469537153
148.43549209009086 1.2081550791811957 0.006182319558789842
148.55963417925395 1.241772157980934 0.002879657750615738
148.57212163750873 1.2409510857742492 0.004521129997438441
148.49976982925173 1.2439560360439887 0.005400281136573398
148.75649135893983 1.2607038304997111 0.0035480203296839336
148.7638608300297 1.26225036662918 0.0037394884796360128
148.7397156527277 1.2848871340858627 0.0026531995784029533
148.64834802509907 1.2855766161513174 0.004524994593222544
148.68977147415237 1.3062654992659055 0.003352935658853034
148.6864681944578 1.307784951051566 0.0026632460686883616
148.80807103240568 1.2925738560230091 0.006438367680363614
148.7698392542453 1.2987597752358233 0.004340513682907346
148.79546982197613 1.306460252030727 0.0036459332190914707
148.76865079780336 1.3331962945746867 0.007129879000688542
148.7279823409144 1.3562199178651346 0.002867123825045051
148.74334893408704 1.369452554063181 0.0026921675154714
148.77895748531787 1.3693961821504654 0.00771951400784802
148.8028590658214 1.3856306263220717 0.004088550201364362
148.65623098884257 1.3090139759037902 0.00574793475258335
148.5872473605775 1.3384501488012783 0.01219803035062794
148.57781633079674 1.3466650150943025 0.0037910340889469544
148.62382169263282 1.3675966889090263 0.005660158914687364
148.78245643341933 1.4145727025211603 0.006359397101820007
148.7126160753385 1.390905899911516 0.009975549307607084
148.72385284739238 1.403374637962056 0.004624983946412733
148.02487366039423 0.9367992654778192 0.004080116320492749
147.97877445469837 0.9245392698391688 0.003745472084945145
148.04072055417802 0.9477013111163486 0.006020132980405305
147.94019127419236 0.9692877430117924 0.005312782413441508
148.09523429184003 0.9881535691425516 0.0038065348006446845
148.10476531957923 1.064862336496386 0.0026877311805325863
147.9477392844044 1.0042271372598353 0.00736796415935155
147.95669893810685 1.061762804290146 0.0029035806907457976
147.90958808261016 1.0434959694552524 0.0038979546726230834
147.92370661907557 1.0641533456141503 0.004890857558702557
147.9132155775168 1.0748509737737446 0.004203580702255627
147.9296869300433 1.1162517083383665 0.00350940980083782
148.00855499721328 1.1464773616362751 0.00561825969143353
148.01232916857003 1.1567587518553517 0.0029750858995605334
148.20789400449522 1.0886569232354832 0.013920044851754352
148.23569673824545 1.099703822298701 0.007893763299721237
148.24894743049057 1.133118936550978 0.004022310240143893
148.20850873117638 1.1098328067887775 0.004299950485168536
148.21698880457996 1.1309772430556244 0.0033356609027323605
148.136918556126 1.0843981370039857 0.004243276719542057
148.12222382931336 1.1014473317432123 0.004260221007822535
148.18720550669752 1.128959513326453 0.006997623219846876
148.19432873256997 1.1699017178413391 0.005117422150465721
148.2695181608736 1.1416204400197898 0.03985285656467103
148.31477423605017 1.1740079011847724 0.002912429354111609
148.30554411262398 1.1712005285823364 0.003789778080967518
148.31151075912024 1.1865747416526011 0.015140188057915767
148.3341259701811 1.1838913819547146 0.00375605747862738
148.24858334527426 1.2096299661255354 0.0026602458209302824
148.27435202608487 1.20370810846911 0.0033236974938094027
148.28762270242387 1.212522013052939 0.0048109044301426354
148.26438920408307 1.2217054176006004 0.0036892487993886976
148.29920973361988 1.2447194298139137 0.003157799994295351
148.10669995190358 1.1413346875467862 0.003074454036131042
148.11450024962153 1.1540887517041574 0.0037296524150091433
148.08676752191406 1.1691573814335066 0.004411402344015747
148.13062998513638 1.2062273322511543 0.003771320871484363
148.1343562067947 1.211884424598047 0.005034798447591253
148.04663406389838 1.1858262681303082 0.002694342735640783
148.03383920479172 1.1827401828752 0.003402719771911743
148.04520142475437 1.2118232509307414 0.0037894273004846746
148.03540364820896 1.2162700510123738 0.017452329529893073
148.0828540337085 1.2258000269911753 0.006906977235278362
148.07373865025366 1.2361530537011522 0.004818359609125
148.18908386870132 1.2016309334238129 0.005448072014738752
148.17288084985535 1.2324922814908943 0.003490463047474669
148.18166399705362 1.254092640262665 0.0070150171904942
148.2332771331968 1.2606551620736024 0.0026534600271401936
148.22264368756365 1.2699995357381393 0.0028009817207244685
148.1322971468365 1.2375473485172963 0.003141047359817337
148.1178831282366 1.261929646273276 0.013458898397753025
148.17948852326126 1.30814567796894 0.008324444355362016
148.18686994823418 1.3234543179223346 0.0061121420592370876
147.84906664083613 1.0776828335398427 0.017221591149509597
147.79233276925876 1.0961622513574203 0.00275182346514057
147.85130533082028 1.1534985823048085 0.010388647243101233
147.81856732498963 1.1565222521286267 0.00893249176755826
147.8367222555571 1.1893109116052845 0.0034514430328463565
147.9569439298922 1.168496931883559 0.010517798821461205
147.95681690088546 1.1707056090044126 0.006194847855189565
147.97852093371506 1.1841258103265897 0.002733228840188383
147.99675062971784 1.2014695855437332 0.004024056914999883
147.9130271136563 1.1969106757222006 0.004973790398360252
147.84489058894985 1.1921092491343066 0.004878661426461623
147.91879916934224 1.1952090198989 0.0031587789091962097
147.9499460622664 1.2300237473975015 0.003551774865786771
147.75020628522722 1.134743459903936 0.013446964849160093
147.720321281712 1.1514966152706083 0.002903062358040278
147.71916952559386 1.1581474638811338 0.0069582830268397865
147.72617500000123 1.1716548846278874 0.004236461554872219
147.8163355770337 1.1935694004821304 0.003252886758490205
147.77768545381738 1.2035506370634723 0.0029612508583544343
147.7084768029689 1.179643428221263 0.0038991437766540057
147.87409750589526 1.247735445473403 0.003982638425549987
147.82267270413308 1.2606148066908047 0.005128044138456254
147.77083370371878 1.2893260061956782 0.002735448102194398
147.78918928997268 1.3005038774175 0.002811693355700808
147.84238188823252 1.2807152167997966 0.00655259859875385
147.8602349147872 1.3017306272150826 0.0029373742921671156
148.00423153155754 1.2461968723812618 0.007475318986989835
148.01853469845133 1.255024151627247 0.003749175148364284
148.08383415800554 1.3047609072132875 0.005165768439587331
148.08360238181655 1.299040099842686 0.0030241536622884124
148.11176550085972 1.3203122409257209 0.002676451356281658
148.0834417805707 1.3298611414879382 0.0026853790387038985
148.10146922745582 1.3477601744657433 0.004112242617568824
148.07671760492534 1.3543499311374871 0.011363133253822082
148.1042775078853 1.375098079185611 0.010380386749071555
147.9127998095316 1.2867055509319425 0.0041919467733336465
147.98046093785482 1.3274408564823188 0.0028467626528842225
147.95815490850137 1.3417321821655672 0.00342700327622118
147.9424687008867 1.3450172477720297 0.003654071319805732
147.8740599864969 1.331500836613775 0.007483791588833815
147.9073430746681 1.3468329491900348 0.010479607080042025
147.85066238917182 1.3342136065502923 0.003472578080802143
147.9539403195991 1.3862566723642993 0.0039709239953197445
147.9164550889344 1.4034844779558524 0.007977046701264317
148.0348313429163 1.3767850514979836 0.0029200005591837174
147.9887288159437 1.393622571870688 0.002865281030861094
147.9976448927664 1.460814341519144 0.02155742206075604
148.39722833406958 1.27067899319394 0.003360051157109146
148.4707954858159 1.2894286139387727 0.0030032282784181537
148.4922028930291 1.3153613209550656 0.021346573772975313
148.48188489783092 1.355932186426671 0.0028680475981810944
148.4358750148349 1.34205347336232 0.0033879370293053578
148.45291202507832 1.3948432288970682 0.003959026188927723
148.44441126090297 1.4022852398191412 0.006359652555009584
148.27293980543692 1.3320363929190635 0.011364533275980795
148.31657332256754 1.3307731450520233 0.004360071734672811
148.31113397404982 1.338983885319141 0.008963728412998032
148.31853347244154 1.3533502922093583 0.008376125573985335
148.30217073391626 1.3668037051401762 0.007182878488578756
148.26305359736597 1.3473424929473163 0.006762357470259697
148.30402983028856 1.3780519893460548 0.00394132809950334
148.33646223180355 1.3882197811732062 0.002804340212991619
148.36804358319603 1.3927969290386712 0.005962241108853909
148.3521840890414 1.393427674789916 0.004618831931963391
148.37656086676787 1.4114629918769104 0.0027796102507414047
148.3868354334866 1.4140969867803053 0.0038999478493301886
148.4181744741252 1.4311576675585422 0.00681275748599693
148.37078683846667 1.4607452411885535 0.003712430607654626
148.37574268261278 1.4712641884265871 0.012788123730905725
148.34971779059657 1.4742687462477218 0.009726696605844501
148.56733659411472 1.388497763222918 0.0077065875159129
148.55913983600524 1.3848524674022258 0.00682019150783061
148.52008507973784 1.4017160814339304 0.0032011588064555954
148.575881803807 1.4020503188481268 0.004570525271667352
148.59910304606836 1.4114107464994554 0.0027183150187418473
148.605101572262 1.4271011734865209 0.0037444322719280467
148.52818427169683 1.476436367781735 0.011407170939543214
148.54162444320997 1.4798829248689116 0.0031390573454000304
148.6658903496416 1.4691126160643455 0.00758951868676854
148.67782360394338 1.484077313973742 0.0031010553263712023
148.69236108232286 1.4958927238301714 0.0031583418833950106
148.55907893844758 1.4833983352124511 0.009993578302067218
148.54691237384378 1.4881171970437086 0.0031343119580890355
148.5710470657961 1.5224926283962432 0.0030774236330016564
148.63726708878522 1.533188206098281 0.0030003431271123
148.62824725243038 1.5514374038843777 0.003175287214055813
148.44717644249317 1.4245774831980724 0.0028624397197475277
148.45914981101427 1.4494198103771303 0.0031620944623205
148.4022302021007 1.4861899912539829 0.005037900660220489
148.440488983139 1.503538783822378 0.007118042875004146
148.45923505780323 1.5233783762155346 0.004374585152560678
148.42903254985046 1.538125751297836 0.0031023518020651757
148.44503764535068 1.5346303633598537 0.008105268285249125
148.51569312424468 1.57200739779001 0.0034348664781917314
148.45627357152352 1.5702318590547597 0.0030053875266837244
148.49561896561636 1.5799620081889834 0.0027152858387956324
148.5559469096793 1.589689037966845 0.0035130228904710448
148.54487074774937 1.6207830008665356 0.004467864717280628
148.20720592350656 1.399002818528571 0.0027705581807046173
148.2403439517061 1.418644072812538 0.012736275348729351
148.1656853091216 1.4513435899210474 0.005096878895128936
148.28476364191897 1.4314264939942596 0.011088983049483522
148.25996403642634 1.4615483281017505 0.004199150928644258
148.25873515544032 1.4623931749816388 0.003295027925551323
148.27539561570669 1.4755891096258922 0.009037313637558896
148.27423855686305 1.476866275535955 0.00682001177710285
148.2386797724999 1.493901044824277 0.003645041016127944
148.22578200304005 1.493081223068054 0.009243007908258737
148.27461018858574 1.5060127739641809 0.0030613111945543016
148.26496957602762 1.549536549701939 0.0031408683598294273
148.27683981998788 1.5576192086116727 0.006701898398781143
148.10536040466678 1.479584016069729 0.012261116942710155
148.1715185076846 1.494568149934636 0.0054159019048114045
148.16126467234065 1.5027460197148048 0.013724691921620801
148.03886160226443 1.5045151581261216 0.0069869042980035545
148.16425052371324 1.5166711190523166 0.004282111875757157
148.23264919725662 1.5445504359297089 0.0029135807535925376
148.23549634501083 1.5731953487280668 0.004930194008980619
148.18949869547177 1.5701470131255422 0.0030555155947593338
148.2173731323023 1.5896883606453611 0.0038817121737773673
148.14854117603994 1.5586232759368228 0.0027554333442358007
148.31344511691512 1.531930602093214 0.005605126772907287
148.34471704269427 1.554552018826764 0.0028486780526775697
148.3138426984877 1.5884897534454785 0.006764716873645777
148.39095676183132 1.6131516789365574 0.004678781398589104
148.3657167272786 1.636124388406343 0.0028150851097997146
148.47097215403917 1.6157059851619202 0.0037163886462577775
148.5199740447635 1.6295216533078754 0.0028241496085256953
148.47097799546506 1.634128792445519 0.0037831840029747496
148.47007215183234 1.6590484708117177 0.005784913834996782
148.4517176862567 1.6672686367465948 0.0030853292369752853
148.29422454248422 1.5886200819191136 0.0031593054714095336
148.2801571479472 1.6022841640719123 0.005001535257232992
148.2952415723648 1.6120801631801844 0.003048332979037017
148.2598041830393 1.6090211757063355 0.003160471181598324
148.3463303522476 1.6488956300808582 0.00982336315629585
148.33387155714462 1.645939621564434 0.0028287469234026933
148.30499606921242 1.6382340754853049 0.010827433364347444
148.2797138950881 1.6421531318377685 0.00421081735880983
148.23720245894475 1.663134642279431 0.007201833300476665
148.23896310177898 1.6643742809832829 0.002712736242245192
148.27828302915714 1.6643859820746008 0.003725207894251547
148.2310751518474 1.6783205896897058 0.005008970623039053
148.40561848398923 1.6847581010332588 0.00489463193713974
148.4094659011991 1.7241635566684232 0.002910872811157634
148.38642960901652 1.747437129977609 0.006803348052734335
148.36895273539798 1.7482844645333404 0.002967053344985699
148.35603298472483 1.787320145546066 0.008332855285556317
149.0585615601356 1.2077764205392778 0.003717110867064276
149.07351296327215 1.2047844355554904 0.0026831138410520873
149.04844072605576 1.242176072420215 0.003343920352596731
149.07695985386738 1.2505859838652846 0.006566943648961627
149.0758018937301 1.2483964806001648 0.004170816323764114
149.109795840703 1.2346086236043767 0.008530343007382741
148.9875281381168 1.259958205223784 0.008507964509835477
148.98697765055303 1.259664269508539 0.0075866294860808614
149.06656526349855 1.2861565561675603 0.004472233337047022
149.03109579697076 1.3122080363781607 0.003766834111409366
149.06679593346982 1.3110721208330658 0.0033051044555485482
149.07528414174882 1.3179700576608548 0.0067251995402856524
149.17560137975397 1.3121133199097583 0.003142329514839115
149.13628205066888 1.2976541375349928 0.0038435485354965737
149.17499527943434 1.328531705608409 0.003694027673662325
149.16156679963464 1.3468777946082209 0.0027662049530472093
149.20017240248885 1.3510710739099427 0.02312834404877802
148.98013326232137 1.2845611586370105 0.004257034056953381
148.96797620545567 1.3348565463983963 0.0027262991591254764
149.01717606216306 1.3347015972629326 0.009040073668826741
149.01303461561605 1.3652754312321174 0.002680524738147811
148.94570298102616 1.3211375489510488 0.006736599746536108
148.96892085857607 1.3390004327212208 0.010757398563661941
148.93318883133546 1.3743488107422352 0.003538197201136968
148.95717603626878 1.3846068802299352 0.004108911900466533
148.9927024886147 1.3971931110240725 0.004757759385117885
149.07529860886171 1.357859232636622 0.008477916690930046
149.0849260051196 1.4069842084525992 0.006230766548542989
149.11513395127832 1.4405128367915343 0.00425511615286061
149.00667691872107 1.4058427445522077 0.0027083881790221412
149.01871040877498 1.4156237174318882 0.006912307496000545
149.03512277692303 1.4433528186518876 0.0065062639738999095
149.03843532765384 1.4477542748361376 0.008737471348058782
149.2621101890543 1.3771384058120275 0.0033226247793838055
149.2253215064089 1.4035281045060668 0.005805022797179774
149.27945246057934 1.4209310865085616 0.002666783685651126
149.23422795811786 1.4571425729203835 0.003819034569827024
149.2171293921055 1.4626820692927236 0.003149052017812702
149.24381372006638 1.483842296071581 0.0057606698307206975
149.35333031960784 1.4748777290529993 0.0032791087088432824
149.38282340169556 1.5076584699786384 0.0054406817726670295
149.2960222276684 1.4969161586473037 0.0029706274828097045
149.283666620722 1.4972767138558811 0.006074893863271891
149.3477818283304 1.5317715672935266 0.0044517952793377835
149.1489093785451 1.484548004077905 0.0027430001074465493
149.20174245974516 1.4639042468637735 0.003018298199260115
149.20008627062393 1.4791605051227104 0.0028475935110385212
149.08376216589178 1.4793016642664407 0.0028218668625562024
149.1614258454004 1.524508908958664 0.009861992084443808
149.1151696705016 1.534405871176538 0.003582250109436584
149.2345055889343 1.5069095021867451 0.0030346779885561384
149.22862992031403 1.501980682221031 0.005101862380530872
149.25883551879826 1.523095018135321 0.01007257534335217
149.22086269717735 1.5215371778325688 0.0045355804495465345
149.20729697888635 1.529666576186442 0.002810208218945041
149.2068258069889 1.539502215541879 0.003384835090109075
149.26195200656937 1.5581177091905454 0.0048114368450598004
149.29937715974555 1.5828333742318097 0.012484329991548021
148.8875014630917 1.4031339383890034 0.005076824196232804
148.93748432236742 1.3963679538275686 0.002776807282268075
148.945785433946 1.3955144967135902 0.0031598154235233963
148.93234279011645 1.415410810094602 0.003219591295911566
148.86575830310773 1.4275600524288508 0.00592806960915879
148.88637255741028 1.4220735204609425 0.0039293817579479995
148.9824615722851 1.4274726734222605 0.003210402571684408
149.03871763387062 1.4723397184379126 0.005181163049612506
149.04010351657138 1.49499833972609 0.0061444151261152635
148.9641019489735 1.5061811057308898 0.0029585491913133497
148.95141376608072 1.5150201447533154 0.01115234188431078
148.9476402364869 1.5263986563452117 0.004025987198454384
148.78249366318877 1.4320296850904215 0.0047563084330147914
148.78362600834546 1.455299874014227 0.0031078461367997656
148.85094575535086 1.4851103612322134 0.005248221059662028
148.842222838007 1.493755804837243 0.013706611856733506
148.8444804949718 1.5088868130929036 0.0071362744604800184
148.84652854180763 1.5263524045014076 0.004514806738959685
148.7711126019666 1.4722768885183026 0.0047001485545436735
148.810136859032 1.5276246371224995 0.009214145366937944
148.80192177902026 1.5349792025094215 0.0041885458577038326
148.88237539331982 1.5011486739283293 0.006076646947448501
148.87028248125893 1.5459720622733228 0.003719080292702497
148.8828207807612 1.55958820190596 0.003190333466343195
148.9402830529842 1.5893651044293056 0.0036903608525464954
148.83483774819624 1.5634181961803286 0.005235349320671817
149.1396171562476 1.5590345912416743 0.009574341845463035
149.09897326632742 1.566815737019718 0.003453500113508049
148.99637940807253 1.5811127139451286 0.002644342253747537
149.01252847533013 1.5738067788475392 0.004795679483978658
149.05750310623034 1.5936078921458086 0.003912798286411228
149.0305316308359 1.600811591054605 0.0037391756736024923
149.1730769931949 1.606130076132174 0.003956592283104729
149.1401986038383 1.6225270575191306 0.004013279388323332
149.16611735962726 1.6523277006825956 0.007669493869165686
149.19334254752522 1.660488801613636 0.0031511449050459074
149.0993522031858 1.6420543818302809 0.0034775560987913845
148.9482442202328 1.648453606112274 0.008002326826535039
148.96354092685954 1.6740110431886177 0.004614715371921704
148.95356073710354 1.6959513354491278 0.0028648714510355867
149.09171533988194 1.677359212798866 0.002874078293038277
149.12965840105588 1.712384345545283 0.0034189136300528684
149.07684120250914 1.7173111905232767 0.0063814274276466606
148.9990761938287 1.695707719790242 0.003972623383652948
149.00714250610557 1.7276311852587196 0.007720530973304527
149.06148069476114 1.7488636159583186 0.003918013694321874
149.10449124603252 1.7540244839110646 0.004080252030852581
149.38830296388045 1.5220265364597654 0.005616801805336703
149.4340499285395 1.5616001305135252 0.0035026677572575853
149.37071267100143 1.5644423849474 0.01206588813608002
149.38647992160378 1.614929024688095 0.0028211028495860354
149.42312544141706 1.6120539897699913 0.004343704468620319
149.4975255330943 1.5878417999310452 0.006886588446275874
149.54174614250894 1.6129309248771375 0.0033805931693295815
149.47280413179416 1.6587865846899643 0.007808751180628297
149.49680209430363 1.6533552525713051 0.0030217351369586326
149.5133029856062 1.6839333094646496 0.005030775238105697
149.31037700265207 1.604913983446682 0.0047572077707288465
149.30786601297268 1.6133461671203866 0.006786248749186318
149.363971670445 1.6335039516059937 0.003525287975284253
149.36099580514662 1.6639589291872527 0.01833294601674451
149.28678191604445 1.6265726547987496 0.003877985622524363
149.27119613250804 1.629583463192472 0.0026630513430111083
149.24860524745137 1.6369115317508298 0.005287123616450822
149.31535913056564 1.665891180826398 0.002791783682945388
149.35445889434257 1.6736032209649094 0.0026999219187068186
149.31602355756493 1.6927665486083654 0.004706077117774533
149.4171870238599 1.678199953564265 0.0040687222099272
149.37711744122848 1.713322285390534 0.0029081089274041413
149.35520884165436 1.707586360082817 0.006908711057785017
149.3638701405414 1.725254349327371 0.004047736981063521
149.43741529012743 1.7662535238681203 0.0057498889838395505
149.42601808531631 1.7692312326507034 0.0066466524389978705
149.40441949957065 1.7678264324598283 0.00271788974265825
149.41833209702892 1.786782327392246 0.0038874277420351323
149.62643609806332 1.6792679549660254 0.008061546244292386
149.62410359905215 1.6751490780339169 0.006141916100456045
149.58518503743002 1.685600112348564 0.004178113606223736
149.62609110946826 1.718803541352589 0.007300452752511336
149.64044298087336 1.7301099856703948 0.013329696297895403
149.64247328207725 1.73368711708103 0.007214119958468464
149.63672788461997 1.7448784838816278 0.0037410445036399776
149.5449859004678 1.705230830624173 0.00393560192766198
149.573441198488 1.717390693790137 0.004465802007639476
149.52947551912504 1.7325377536101307 0.009954076741003624
149.65666509782133 1.7711625937575537 0.003989503814163429
149.71074110022423 1.7900353827836737 0.0029035376683172387
149.64053169955022 1.7701660052803 0.005884489599787339
149.5041933672173 1.7392715229771192 0.008602945955204238
149.51160652876231 1.7528507964729054 0.011355728605319425
149.4779843849494 1.7483703863123454 0.008290633455937111
149.45329013351343 1.7844566939613706 0.004818932628099158
149.47573637621832 1.8119108401470316 0.006450063565196429
149.44981108418042 1.8058842457573976 0.005451965696558283
149.57613993327774 1.8485319548836063 0.003098290423188272
149.54751998672003 1.852481873825984 0.007951280960196549
149.51832900564995 1.871176226309177 0.002686895553450403
149.54051608305545 1.8771164423721576 0.006132039230090673
149.57762441224645 1.897880695693272 0.0038328693393248027
149.5839304598141 1.9232463640485544 0.009322846520697937
149.28395612955262 1.7274210134132926 0.003041322497940857
149.2187974899716 1.7113726614036204 0.0032707594482650213
149.20030432790085 1.733053520216553 0.005233366615196386
149.224353488527 1.7309623111537304 0.0030605177641517952
149.27490391877168 1.7529525976544822 0.023350660689632142
149.235979105269 1.7844341518243558 0.005979262699580967
149.32280527624556 1.719467869446133 0.005372173183276275
149.33059419806926 1.7463603988490604 0.002686389365764932
149.3094054684189 1.7536468271027674 0.0036725063012097926
149.34340888331107 1.8009916581622751 0.0032398444504971153
149.28484075074007 1.8211637392017457 0.011609616785316995
149.28199607161346 1.815876297797573 0.0075956359199555274
149.33518181129747 1.814679646061003 0.0026519956331771304
149.3233609257448 1.848142594929176 0.0065744125752227305
149.14898515433254 1.7392979265609496 0.003926900159854421
149.11557087698475 1.7898467930641224 0.0033736508932938683
149.12652286617868 1.8084964979886369 0.003260963776664064
149.1357646904316 1.8309850817439688 0.009557094264701574
149.24517041610198 1.8390055648746133 0.003097343519147683
149.23952690703786 1.8615873243953849 0.002881161578317218
149.30959799266452 1.8666096034580435 0.005570584925881857
149.17711715557917 1.8519222366187795 0.0026947057844323467
149.1652190269344 1.8635568361048216 0.0031301706834946127
149.24829039109792 1.9237704196783656 0.0031265002634822112
149.4148461958159 1.8056361033744035 0.0049336575865980056
149.47591147865975 1.8720168985583632 0.0034434850325107728
149.45511514809948 1.8668340590253352 0.0031746398948779976
149.4528828333574 1.880878821504096 0.006274831233447992
149.44741586499666 1.887574378741938 0.0030472778831929347
149.34233352562606 1.852356091740296 0.003526459858158733
149.41856809783332 1.8726096695357088 0.003033635686908219
149.41170583246227 1.899669156184598 0.0026450540111580875
149.427102184058 1.9031276108195216 0.0029182063262819876
149.392041799696 1.8877223102672656 0.004430389607004945
149.4303021827254 1.9234914132422851 0.008886783492023547
149.4237891398465 1.9207889593642071 0.01580376887414878
149.50600001671685 1.9066788356266544 0.00389364685659153
149.58153596435886 1.940044991999864 0.003032567662587979
149.47259639975812 1.9177927348646 0.003073322069386799
149.4418539846293 1.9330205407529892 0.002833933170949042
149.4505573714341 1.9601440227507023 0.003443600757003344
149.50923466240295 1.9537451869597764 0.008270340771602956
149.52423401418972 1.9957911725217572 0.0027081677973501716
149.32990614094678 1.882076943192784 0.003431804067273524
149.35107521168774 1.9064769597065965 0.003186988303756211
149.32284728068734 1.925960021559911 0.0038767020116901403
149.3760482396687 1.9638417331984852 0.0036524793110704373
149.28301218672567 1.9210065896470312 0.0035877374968882702
149.29218495353436 1.9340502607490735 0.009306315560951055
149.2545756946306 1.9403368653854884 0.006140073354438718
149.26495484586613 1.9600368906447545 0.002735524725761148
149.3325507569779 1.976989625921571 0.006759555988772939
149.44590423913633 1.9855020377489352 0.0044611267189698005
149.37770311938337 1.982653398778988 0.017658323125819272
149.4105564038984 2.002295944063928 0.002835559727701415
149.36392996912775 1.9945535402236 0.002686734546657616
149.37298413872946 1.99875887654645 0.00593314667266737
148.69371503891242 1.508863630696569 0.006632028358965032
148.7407889214497 1.5512155826157463 0.004064510919248633
148.74793383288315 1.5841611313678263 0.0031826830016344035
148.650162041464 1.552278189196176 0.0036799012505184334
148.6620578799853 1.5761694268477595 0.003365046381474584
148.6560606813511 1.5844904068331631 0.003271574049179349
148.72579037461804 1.5876251477156602 0.006256094347007826
148.72178408204488 1.617058978390564 0.002850661396745851
148.8186939152529 1.5881233608829912 0.013877756709428016
148.81599564001357 1.6136990695108413 0.005292317607905962
148.82897472990425 1.6581369460094837 0.004499749626820243
148.78995845698844 1.6384716255500842 0.00421249864919892
148.7233191132957 1.6347773942981376 0.00429384758518533
148.84117364827716 1.6801127250062629 0.013263055581154792
148.76058471392767 1.680364858428644 0.0041423754536855035
148.8080946850446 1.7020393060021402 0.00351767761100588
148.6326772531038 1.6431538550293634 0.0047259543209950735
148.602753506661 1.6524052533654725 0.004954557975105866
148.5768799080518 1.6444617880008352 0.00290460519391961
148.64331948837582 1.677831851806178 0.0043534790073615414
148.60105659185362 1.6913260531660486 0.005086274556254762
148.70171599033588 1.6607828456466358 0.003136670862249261
148.7391178143567 1.6887244433467354 0.0037560797921899073
148.70116859534855 1.6815348433916162 0.003612536881360197
148.71088838833126 1.687559373563814 0.0028029097844698907
148.71044479718424 1.6982962475544792 0.012193663884262249
148.77622669257596 1.7006831901833364 0.006242847909415632
148.77587266641447 1.7203859159078088 0.00391952649593349
148.65095138923323 1.6920427926181871 0.007594552778936383
148.67285104219386 1.7364812936014924 0.006108837245598347
148.7181874836681 1.7339607916895798 0.005255817294217535
148.74792899427575 1.7570754344604698 0.00666589801094059
148.73451676056936 1.7577390813316658 0.005922797843905466
148.90981849133038 1.6717022905409678 0.004036894638389423
148.90605307006342 1.6698776950051253 0.0030318375997393644
148.89815315256914 1.680607134395837 0.005594277618376381
148.9380674282283 1.6876396200356518 0.004877568806901017
148.90013480800977 1.7181096187880258 0.0033364388889744146
148.93039055583503 1.7255511165968596 0.002814764270420411
148.91775201837677 1.7408709191903244 0.0037491158415330367
148.91700403407668 1.7360060446878265 0.002970001369781611
148.85769217833248 1.7344544314343189 0.006653239000159363
148.84745872530848 1.735382881533447 0.003654002663759907
149.0167689264952 1.772271141012569 0.0062386402036357265
149.01256373314928 1.784115555897805 0.007821225537039735
148.99293445602552 1.77881046152412 0.011214426131409218
148.9936161399212 1.778532764495655 0.009602981995601728
148.93901261390243 1.7952938132754317 0.003631740712833923
148.91982050358428 1.8004625331777315 0.0033929167567845965
148.9288209159852 1.815185574865797 0.011890186306894318
148.96013450120023 1.8374328815882648 0.002715943240962026
148.973054251318 1.8405059578840572 0.005197589538364755
148.80535174572245 1.77584283799662 0.003331826281689381
148.78157279587884 1.7959363094316838 0.0040817737614945475
148.7927170375495 1.8195139899930173 0.002769300025057114
148.76962139231065 1.8161734463941657 0.004058566951357419
148.78012538715703 1.8496019592059296 0.003811833430816131
148.9005868270046 1.836372820283989 0.003061652099766026
148.92184477881776 1.8542047287335237 0.0036171566686613406
148.922247090482 1.8800238216126408 0.004893108485183926
148.85099067949466 1.8991927812465672 0.005342412890654448
148.8881329221517 1.9226737052528704 0.003364339345391049
148.51385284718506 1.7222100214692284 0.003338676033743453
148.61923371662778 1.7858438124055716 0.0054171809756446
148.55434168147048 1.7818584077510633 0.022236944114836187
148.54804908692884 1.7882064270285072 0.006018574553664952
148.63169316741352 1.8462055502386432 0.005350437984311326
148.44430279559896 1.7390269874487605 0.005320613960216389
148.5003868868629 1.7853323783439403 0.003415153154320727
148.4836757324166 1.8150547449714256 0.005589159064939617
148.38435884293642 1.7948380597537077 0.007196945925551156
148.43051335845897 1.8114317276570904 0.004159933514300388
148.5478653586267 1.8092163046690344 0.0033709848803703335
148.54390363012317 1.861171993774234 0.0033771831178337846
148.59616901461402 1.883525751678204 0.007735108761998721
148.74069598175302 1.8485066383412605 0.0034424314406160204
148.73539625025882 1.8781532648873975 0.004563905933560748
148.70886536689574 1.8647368769756163 0.02317617473917412
148.66769120689847 1.879220054253608 0.009946646524268247
148.68529350774784 1.8842624065878208 0.005390700139156974
148.6810561705639 1.8892909188934215 0.002800410708068823
148.6664576167169 1.897011151472333 0.007353942665785961
148.71354264732494 1.8874705274706365 0.0031553296221865728
148.7274915957823 1.895985057325675 0.007441411817275629
148.85453966969348 1.923786770014628 0.004348215247599109
148.82981942052328 1.9490369334039936 0.013460223761424651
148.7624341816298 1.9184151375370015 0.004258256956895731
148.7800714605959 1.9247412837485465 0.006043955521288566
148.7597866294406 1.9451118856182852 0.00456776796767285
148.78339615062063 1.9958484044465736 0.004107417930255553
148.6462017953004 1.9031703669159885 0.0037883627234981776
148.6242535447974 1.911655768468926 0.0038749300282353515
148.61096060223886 1.927028983455573 0.027937139771912794
148.6945094459117 1.9432246299824625 0.004262475243453768
148.57715993702698 1.9546309116835645 0.0031818066824884314
148.59340192704545 1.9565624684458336 0.003745711416033547
148.60121539406043 1.9886769300167757 0.003332736206283719
148.6193365129009 1.985840436857184 0.006440418956394559
148.77359372325589 2.0077474476102384 0.004511083122617738
148.7486310506891 2.0245041696681256 0.005882875258313841
148.71859276162564 2.0358005850551657 0.0035234758129973117
148.70810782797082 2.077556697100315 0.0033129236684382875
149.03360174173437 1.8580316456150685 0.0035008269581301155
149.0075344965349 1.8726284275489584 0.0027965557699787544
149.0619721941413 1.9062959299511455 0.007080019349662668
149.14189447376674 1.932725706454121 0.0032315567690515924
149.10539447675657 1.9705135581091793 0.002776515546900689
149.1628570426818 1.9524699842589472 0.005367715936904184
149.1458894853381 1.9614901024610591 0.002681290315798668
148.96634351248838 1.8798288061174704 0.005536401843903227
148.9369428767078 1.8978328573480117 0.0035293056356387417
149.0086126321103 1.939972472518967 0.002961206981425546
148.98593929411965 1.9472211227913057 0.00987751208293555
148.91999463623029 1.9627441133608017 0.003294282351478602
148.9841654769573 1.9783651441562875 0.0056693186103492135
149.00960395374315 1.9948940226605616 0.005648704545274262
149.06527589467808 2.0350109736510817 0.013064566223023046
149.22387848253416 1.961496142963769 0.004920863515008644
149.23369445895594 1.998055716551956 0.002896626367134242
149.24799784229813 2.0304355476121763 0.005983388255051634
149.22424186294307 2.074257438214214 0.0035819775502483322
149.33591833260678 2.078796038026965 0.0033317802511261775
149.3609388619968 2.0736898672408364 0.003566309123566991
149.38272924196994 2.1058519494151104 0.00373649529403667
149.37953438878662 2.100930807272211 0.002645307538785682
149.36018379673777 2.106958918847767 0.03248288477818509
149.1320690003314 2.0368186541626554 0.0027535026552576725
149.2036510566628 2.088968732635045 0.007438914542680266
149.15690336334995 2.0972317109817715 0.010193907996545824
149.22178026223747 2.170723186608403 0.0027890925113949307
149.1805444157745 2.174487006027564 0.004040616887542056
149.2006144411087 2.201034972461487 0.0027554069824668724
149.2319487730392 2.2271160853538476 0.004131851263712762
148.8913273484983 1.9732903144381408 0.01324625571193888
148.90208423336898 1.965411540517469 0.00518590616903534
148.87495177955643 1.970208726597683 0.00437562419015495
148.95186296616097 2.024428151283821 0.0028913873033483708
148.91289860890686 2.0173291372784767 0.008392206460939354
148.84745058049978 1.9879728585643517 0.003459992517641748
148.82858961090687 1.9952795244455184 0.005761307553608361
148.84186844217552 2.0201866913512925 0.009877486155023808
148.85336486631616 2.057863742864849 0.016114936168924822
149.005181570243 2.0594502332933016 0.0028521848560043956
148.94207082918035 2.0555223507616582 0.0038480239340930988
148.91677515090788 2.094756799552212 0.006202394196763396
148.97013697741593 2.105669640241518 0.003815964006338456
148.99928743512828 2.1314295101020555 0.0042389740664803
148.86882380264137 2.091786294594826 0.005058289535099304
148.85929368007945 2.0856450701398135 0.002672969600703716
148.7672105430485 2.0979917006163156 0.004674552961772481
148.79244372775898 2.11025943137614 0.004775914789316734
148.82082054650698 2.1315825233624133 0.005940213570754723
148.78068062340375 2.1380986263411454 0.0028489707775329613
148.91412547526843 2.139394681844399 0.0034413850650297385
148.90507916108797 2.141106740234694 0.004009977165915019
148.89598307220078 2.140607990037972 0.003125131846905979
148.90478176138956 2.169680013757334 0.002832985845265921
148.93009375189058 2.177535842603461 0.00828215014812917
148.8586215454341 2.170079534859831 0.0041956115723762845
148.89407372966278 2.213487314183375 0.0037714624632928934
149.07543646906262 2.124672889346398 0.003083548222684247
149.13780137206697 2.1708206908196157 0.0030103105428920945
149.09278534841553 2.1586067935783433 0.005689743582025032
149.06786822841786 2.162209988082316 0.004479293496356063
149.10913814863574 2.1969210603131977 0.0030570155976972126
149.02753551630587 2.172351562457287 0.0037188389383194854
149.17094686229666 2.2154476523628563 0.002852151953528533
149.1474322029609 2.267432251318682 0.0034081476760910376
149.18098084131736 2.27137290679318 0.0033568796755470832
149.1163192890795 2.2728403407072673 0.004410144145575527
148.98618669437425 2.2359611099491583 0.004527657426112843
149.02024740098793 2.274426588107823 0.0032721139894044773
148.95573630252173 2.2480838778299237 0.003685815097432245
148.98321295610006 2.2582088858622 0.012920419204317043
148.95452177676376 2.2577157066830456 0.010533414019506467
148.96673317188052 2.268031960011924 0.007412110319841623
148.99988199265775 2.270398112869315 0.0027002830145935134
148.9777991275982 2.276723227282397 0.003678679647888063
149.04201960145826 2.272328970475168 0.008817574538410268
149.10436542037354 2.282043815897687 0.004639159663044048
149.0933837270851 2.327091619882427 0.005854883522629818
148.99223777628853 2.303498652508287 0.005775133521721021
149.01513588144053 2.338726211527278 0.004816076365244806
149.06136474763878 2.31732018038234 0.004058664516373843
149.06105536153845 2.35509433305386 0.007004377585970604
151.84404781666356 0.0393376344564578 0.010962866476889965
151.9487349742255 0.0894034191544549 0.004105320138126204
151.99792484370997 0.1124698702929303 0.0028132505964317592
151.9639271548073 0.1472748067884616 0.003761071499505344
151.99748056679397 0.1742184883780369 0.004171779441903472
151.94916055985246 0.1634918537807263 0.004332580339368022
151.93630061092514 0.1820137256908982 0.0032294903384382035
151.7911327597099 0.1076347395512161 0.011176053436400392
151.79557061628077 0.1092161039007087 0.0027983424756442415
151.81739639990204 0.1251294213860208 0.003344678200613718
151.81490961714783 0.1608926470188007 0.005204858648596351
151.84451697608677 0.1724197571743885 0.003143136989726868
151.7185078484783 0.1583661274902398 0.005806763183495474
151.77873982858617 0.197709217620172 0.004081093451266368
151.8684756786729 0.1787832984996647 0.005147997467859009
151.91101164075073 0.2129245412098576 0.008366527148181759
151.90362177053728 0.2230551934893695 0.004286956676643441
151.84449329015 0.2122790191887056 0.012514158451488221
151.84613113815678 0.2178156878550869 0.012748169951616645
151.87482848168813 0.2575461853684189 0.004582420346503802
152.0835080311616 0.1809276751687585 0.007467975330038166
152.03500787654332 0.1849812529369897 0.0032823733631087574
152.06671601179812 0.2224613366420332 0.002853283267805179
152.03343867090598 0.2357291233074526 0.0034922075716043834
152.0591077533734 0.2745919109373805 0.004635257119342738
152.1870248804031 0.3115582336367524 0.004947565125734273
152.09835800754445 0.2953657632807955 0.003554538189689207
152.1387338773657 0.3049066581945891 0.005378898133504809
152.1393543204233 0.356808137334184 0.005098156577239554
151.94923594296822 0.2670109882227597 0.0038358929588431126
151.93492706822576 0.2618313526078702 0.007427828017551856
151.97776783553454 0.2746356235352321 0.004581593295899416
152.0258000774503 0.2857769034322459 0.005327560307844751
152.0001265193914 0.2953054042699912 0.0030694858072141534
152.01455120192995 0.3056132116122672 0.004744993366458917
151.92219851182375 0.3095721456255472 0.005552227842442899
151.9121589297322 0.3219665437957177 0.003322295321497701
152.04729771495232 0.3588755003834445 0.012966937859609621
152.09308854838014 0.3510542812929329 0.009733689864707578
152.11449119655254 0.3537049920561146 0.0026742024639326667
151.98508605930311 0.378847345840246 0.0040089061522515105
152.05599367441567 0.403607007078268 0.00419271043745759
152.0190641528295 0.4055389336242097 0.0030212753307929047
151.70236609052935 0.2172066931241782 0.00474251359603946
151.76626458584747 0.2140790832696308 0.004183226640701075
151.64132763176306 0.211612935962218 0.005051627800387663
151.63686492133368 0.2059628943185641 0.0033815164122024555
151.63034577808102 0.2357234322467208 0.006330507674427826
151.78102695038004 0.2526030712219402 0.008107334830437964
151.81653863178127 0.2626361531669274 0.0035606081749144517
151.80892344526447 0.2617978284259412 0.02547752465974282
151.77406384662726 0.2804918032005186 0.0026844628279412996
151.82878090361555 0.2837487606569573 0.0032339377030198182
151.81615659502526 0.2962757644672393 0.013004865789197876
151.79548797313117 0.2985721870289211 0.0038749913253067125
151.81464988063215 0.3195819467615755 0.002648218496780486
151.83956336048556 0.3270613968115824 0.0031348395305612576
151.73066601867436 0.2749150796104805 0.003811211933216286
151.59212040043644 0.284930630947711 0.004173463163527259
151.7395337724367 0.3562260494640398 0.008623168344194484
151.6517952658861 0.3527164880598487 0.005195347298997722
151.70110758625918 0.3997953729047286 0.0039029858305547056
151.89474141616148 0.3356695351854755 0.003837683674189739
151.87132429235402 0.336720625179527 0.004861432998989024
151.8430479750968 0.3362925723636348 0.004077876553936935
151.87209877200914 0.3383381301518808 0.01056065425786797
151.83047123944988 0.3421068738383829 0.006285875928724985
151.88349828611774 0.4070320652058152 0.005829553329231282
151.897176738831 0.4109524101380898 0.0030096135923279497
151.84151938651414 0.4168461682988746 0.005420682987655053
151.88419881530817 0.4342511024047915 0.0032022872014463946
151.9554452101448 0.4149235244201854 0.004395934063350293
151.92832327672195 0.4170800938189465 0.0027342239279656
151.93870656520994 0.4632759129432577 0.004542190081537805
151.94547054021243 0.4686586736769102 0.005144925904933157
151.77430635764608 0.4165437734297855 0.004117158434377304
151.78086694304386 0.4210899500358858 0.0065951043215047985
151.8039339065839 0.441002887471947 0.0032873613108909505
151.82350875130655 0.4520391436803698 0.0026923174101291646
151.7910236002608 0.4478747573264965 0.0032098136132178647
151.83848254710605 0.4740829397290876 0.011315936705631531
151.76412916181286 0.4416515152463229 0.0037965036313517956
151.72372782460738 0.4384703216692792 0.00540244817715163
151.77807207285403 0.5118027541705978 0.003048600100538514
151.84241797157082 0.4782170919994241 0.00411815809086588
151.9396810742724 0.521600450173321 0.003523414356778942
151.84126454975544 0.511303017310789 0.004370843278142412
152.22695432156732 0.3260920229386665 0.009856039483494495
152.24551416871867 0.3691167985341128 0.0028903942168454805
152.27408106578 0.3825213571022284 0.02551291306038627
152.2743364862481 0.3868654252919231 0.0027524281103569453
152.26900722655233 0.3770485331809473 0.01637045874181242
152.25772992859618 0.4673369018616912 0.004404711767522176
152.33350685286635 0.4682678541822685 0.014967528184591539
152.29242501831845 0.4703827667866213 0.0028440305659146606
152.13797604952995 0.402020556071907 0.005154458704961528
152.20608907939263 0.4414189034947887 0.0032844087435888437
152.21682133390922 0.4479957881695697 0.0038960023450742465
152.20090636515312 0.4647733328940409 0.003921246550111413
152.18913582503248 0.4710557813868721 0.005101099615444532
152.18583757250258 0.4658974451678668 0.003989385589881402
152.0976768867063 0.4551666723860361 0.006752906391904427
152.14113207310098 0.465559585428519 0.0027936740557421517
152.28731523136614 0.5091349867626416 0.007792399406817239
152.24442326934357 0.5370304948788908 0.0031568202924358146
152.284276873185 0.5398380624148336 0.003151123137783233
152.27077323339856 0.5547913753933473 0.007816533069772957
152.172576670884 0.5072750737732123 0.0035196769142610117
152.1881180901063 0.5271931934674144 0.003917926005740676
152.18997233305524 0.5413417331175068 0.0026816418806602455
152.414221215575 0.4827053948279552 0.002997075645772841
152.41418892431648 0.4819370434107545 0.006475022242580445
152.47068040981418 0.5096398897445368 0.002643010872089856
152.3323034802678 0.5307243291292478 0.0026499968311861416
152.48224527280007 0.5848326877846141 0.007314222956323554
152.52715227201088 0.5801497720231892 0.006147959807423177
152.56898856096316 0.596897183494855 0.0134724794435143
152.4458197337958 0.585042696495695 0.002817788417402492
152.4970799574028 0.6331231063704446 0.003027728923474972
152.32134029719353 0.5498904286612252 0.003142894692910538
152.33168246805678 0.550942031864958 0.005484258153836397
152.31933130413643 0.5903964939760484 0.0038379226672947495
152.40510914773645 0.6097950191321224 0.004409367072391445
152.42124727957565 0.6223483164300251 0.004259388996426551
152.36580594541277 0.6508347058463105 0.00580531152203318
152.3831983175307 0.6869424053284877 0.003949382747067385
152.34603587946984 0.6637032726195473 0.00462866137412215
152.3384917901969 0.6698375175278206 0.00396908796994842
152.33582215851678 0.6853653110953085 0.016628356987069295
152.42748907218174 0.7120284063882921 0.006977578475510596
152.38244162614265 0.6993975165409632 0.00751267116052391
152.4022451300129 0.729524116782706 0.005594170769011214
152.06088468863922 0.4926788982331598 0.005741465236758214
152.09491228214625 0.4979506497713239 0.009307250644165925
152.114616948137 0.5217937805576017 0.005206060725922843
152.01572376639945 0.5114688726681698 0.003833028334145511
151.99109268848215 0.5276003263490957 0.005195915440071976
151.99322800341682 0.534658942577667 0.0033486079935427736
152.05370472307752 0.5350581497740328 0.0030397311893657973
152.04899132906576 0.5252208269667467 0.006763065905620452
152.14478593028377 0.5709541241039778 0.004535041123962014
152.168696397538 0.5948583586536104 0.0058874908423326095
152.12589103036586 0.5868569120126448 0.007503110537426914
152.10007015816694 0.6093409478720411 0.03822531215395276
151.9676693943873 0.5500109134766427 0.003095868637513481
151.9343832604879 0.5583562526550626 0.0034088831101040853
152.01935881429807 0.5860021778647068 0.014127933747121726
152.03519988169936 0.6051561382510623 0.002882071856966103
151.94004946257775 0.6076901186295951 0.0048997469880756594
151.8853657261424 0.5984971201869599 0.004520358661011336
151.9010350232105 0.6121598333062951 0.003812984936975509
152.05156578411692 0.6335637774293579 0.003444669340632121
152.0898346765401 0.6703961442931201 0.004026040316925361
152.07722631205607 0.6719245420148448 0.010369427383660488
152.0926452182547 0.698552469478773 0.005691933003590462
152.009429062485 0.6401205422823779 0.006772533308030476
152.05376370637134 0.6873366386971863 0.003006347956187143
152.063721497469 0.6838192784825523 0.005924173302090674
152.0404150359835 0.7069773624161457 0.0031237764367508486
152.24163073188402 0.665150253665074 0.004947626985711093
152.1978174054502 0.701355308788227 0.017971348438681405
152.3152706775411 0.7377403910609985 0.012194973323067555
152.31630067979248 0.7398383831714658 0.002821432792052327
152.2895722354406 0.7482612314547687 0.004586973378497523
152.2872609381622 0.7514134975248316 0.006583739589134716
152.26785429159276 0.7806478110255531 0.0033335969846564934
152.29968729309888 0.768686062102807 0.0028027214003422535
152.3278513742236 0.7854560236752449 0.002779776919266904
152.30421535089823 0.7870844740883163 0.002900758707718976
152.13199719812462 0.7002473238743189 0.003684688633243316
152.2161099943864 0.7391073646227458 0.003230889386155634
152.20125820697493 0.7632055996965332 0.004355507135985902
152.12922294392075 0.7788115345976395 0.0030340223426055333
152.1382074616604 0.8144047737188542 0.00397431045878851
152.22198048676464 0.7499699763760161 0.0032396320707591963
152.2575871161701 0.8293350627270272 0.014831106537516266
152.19938104218227 0.8312697480651337 0.012764619827683888
152.18477959027408 0.8525481557916448 0.006888546503649391
152.1825700602319 0.8482811455643013 0.003510242132331003
151.5513291502584 0.3644733826209721 0.0031515082228577994
151.4707369514892 0.3980097136309428 0.0029068246516287433
151.54390136026663 0.4212903165623599 0.002688682123270368
151.61838808253165 0.4376621741292102 0.003055601183845433
151.6052110725245 0.4967618743404592 0.002790643692589497
151.6102251042883 0.4922600048652121 0.007695963771659207
151.62225219080645 0.4974314723448098 0.0045707300211278
151.43529868492791 0.395274190464652 0.0028139957657808625
151.4995400168335 0.4455456473850315 0.004943494150642849
151.50038229366973 0.4455673194539689 0.0246314380074699
151.4650055731354 0.4632542227927 0.003147706019767888
151.37377470559423 0.4544799991603159 0.009563959307372742
151.38337650098688 0.4700233184432297 0.004307429664308189
151.54383372163412 0.4747146577596899 0.005452242322481087
151.54794924600938 0.4878606926716863 0.0037841511896957937
151.51597499265287 0.5138804989385832 0.004415837920549586
151.59768490666997 0.5126863488214852 0.0037007917699475403
151.4778420071213 0.5024130719773834 0.0036042513900013174
151.48915021659198 0.5239280618654423 0.0026922925820874583
151.55568688605615 0.564329519785761 0.0030322719926615836
151.49516184983975 0.562192416339728 0.003722987684714509
151.53585302397988 0.5728346829244997 0.003717032553368007
151.76629680027918 0.5365949199103559 0.0036671670148998125
151.6644236690358 0.5053299394057742 0.0027989416813526246
151.6595111265559 0.5607893283597052 0.0074140441795088165
151.78122871117236 0.530703192226503 0.002667997938137352
151.78041315993778 0.5810993833569302 0.005393367758569369
151.73441542682622 0.6146552100145221 0.0030274865305250343
151.7645274270194 0.6482687609175403 0.003432878119950343
151.77454195856296 0.6508730997650831 0.005077443034552875
151.7867084241524 0.6544243442575585 0.01864055825398351
151.618089779866 0.5393233419036613 0.002978854285201955
151.6360083088345 0.5460093503302198 0.0031996196819386743
151.5914838973662 0.5655353513918714 0.0038320348901534716
151.6668221111609 0.5882065526250276 0.00402320210290644
151.6294291247064 0.5959689706540661 0.0030888363152360757
151.61356831698208 0.5975223071118261 0.004697071807625899
151.59161928971346 0.6102559156576538 0.0028422540540776506
151.5259692737729 0.5957406418423985 0.013731402091521568
151.63226564177876 0.6173323419261432 0.009625320394378505
151.6001937632494 0.6568693758689571 0.0032833952049981375
151.70296655315127 0.6373404199626894 0.0034756345010453914
151.36177036396623 0.4737780151348246 0.0035900555997475073
151.3950807280057 0.4941273740698546 0.0029113331104435604
151.4107413608179 0.5101042613818629 0.005633154524172999
151.41402439471983 0.5304287806647726 0.0037253796648151396
151.37016685115262 0.5382530506027832 0.00878200094732737
151.34493509587244 0.557013032152434 0.0026642699694238436
151.45070566567577 0.5436866018064721 0.0036998093417315177
151.47222991463127 0.5542824669598242 0.0027014733315224556
151.48293555272463 0.5795502358081706 0.00285017692434614
151.41760974240896 0.5913825931381562 0.003619125510559025
151.44172425775193 0.6400094490693996 0.00910005473695701
151.24605356109845 0.5545805345013803 0.002778326969078763
151.25567388935886 0.571685050773207 0.004014721785017093
151.25250046108314 0.6078522861646185 0.007021984793094917
151.29165980316662 0.6376703431716679 0.0034823554210459597
151.24863336584343 0.6466507055211466 0.0026498580789043953
151.40036628214523 0.6965211026613981 0.003231331093390312
151.32026678312397 0.6838129987391277 0.007269203710827275
151.37774455089067 0.6986740120950629 0.004686968876389074
151.31767427156214 0.7062474375601436 0.0027303324117063177
151.36214503654753 0.7296978762596384 0.005688437484911707
151.59611833849135 0.6610376484721205 0.004494196473473934
151.4918063087589 0.6915008187434454 0.003905116590382438
151.5529114092374 0.7113658989573628 0.0032534526059679303
151.53728458505387 0.7122397234361171 0.004737662502740389
151.52487961114142 0.7332854190390441 0.002795030842701104
151.61411631780217 0.721027326492794 0.007837991345686553
151.6759539455076 0.7284991362195111 0.002739580615581549
151.63023946675366 0.7468785042021616 0.002955685524373475
151.64498693388003 0.7657386473961518 0.018715147730125548
151.57011418487596 0.7182622994252409 0.002862150257180023
151.57448347065792 0.7678639097550729 0.008010022197624032
151.55800145682787 0.7727784548010153 0.009991330488961758
151.61077886552744 0.769561990608908 0.004255732869004634
151.5936516419953 0.7774456400884058 0.0030709622268998834
151.61572661311666 0.8032572754822166 0.0038845210089323893
151.47821258324157 0.7510918224106132 0.002702777311742137
151.4773172578168 0.7530488182018454 0.003365805762356129
151.4093805966294 0.7244038470464843 0.014068924680999796
151.40265377970192 0.7364845620585575 0.0034278466086667073
151.59229928842174 0.8111208857240063 0.0028443012988492375
151.58609639916298 0.8272755514861451 0.003291562073684965
151.53031520158848 0.8259213170626309 0.007840702750867713
151.52776202129152 0.8534005153247392 0.0032295710963226596
151.8772301759298 0.623094558928691 0.0046825433278283885
151.86268221787662 0.6336814505622205 0.003348107352585645
151.9193905027547 0.6787914307848152 0.0028581990768382216
151.914242206696 0.6775569830667418 0.003592335123972233
151.86645942505794 0.7043782405085772 0.002774196373126192
151.967713206162 0.6979184936760517 0.033235194072030745
151.99297373068487 0.7656468931367946 0.004055447929774092
151.78347806956486 0.6834276171071058 0.005816713785279742
151.8208440628829 0.7159333270310783 0.0031025725418743796
151.79563702523222 0.7484107363160771 0.0029380941916320132
151.72795497813962 0.7311095887503786 0.002939044688485401
151.7716526754737 0.7474476154982231 0.002890782684122153
151.77176871975138 0.7437598589932077 0.002955336105467781
151.80454209686658 0.7729819537098411 0.0039761357162002
151.78700750040096 0.7889229239630071 0.003057345887227183
151.8882044075527 0.765029881360418 0.003257059554616099
151.86508041460056 0.763225321045394 0.0034237978085239294
151.86208366695257 0.76908551748072 0.0031000115334962487
151.93530259253836 0.8092365149279117 0.002650332026630597
151.82818395076578 0.8110605403627167 0.0032079934258812367
152.04366784890553 0.8074558426990381 0.0040706365203051
152.0739177287964 0.8055565312354452 0.0030448709419460844
152.05409846087 0.8224025824967357 0.0030216345288125467
152.0165917865479 0.8110103341758002 0.006395387144605549
152.1738788892073 0.8672556213280664 0.0035116553414920415
152.0967423969846 0.9103187564155408 0.003411972322893022
152.15754736472073 0.9269112917440604 0.005660181201157032
151.96866702209903 0.8935522071430602 0.0045205627244649564
151.94427298805945 0.8910647225748015 0.009279449542670216
151.92487512090548 0.8970754091692401 0.013062870595202815
151.94505830110035 0.9094130757847654 0.002710998857881761
151.91715311662605 0.8962490341265182 0.00978185925219307
151.89254375894853 0.9076153968058944 0.004666069031528495
152.05701687609226 0.9622762627686746 0.004576153140157328
152.04314764521857 0.9629365850914404 0.0027930585168309857
152.12426549453824 0.9638325332248672 0.0035828637218738215
152.10623436856775 0.9685859009771186 0.007843900565344435
152.07340063241344 1.0019509352418885 0.006195229362011407
152.0277006169397 0.99295090808725 0.0038340158118358903
152.05760566620037 1.0153882146929576 0.003817348143946222
151.76991647010058 0.8138846874067984 0.005174891572455234
151.75753582794334 0.8255718452514701 0.005786737532290395
151.67524594593354 0.8401547914031562 0.006281866600212848
151.6994428507101 0.8536421694443819 0.00428368344203696
151.72310025200875 0.8761959827800619 0.0038604323349896523
151.7577248630694 0.8834071796694105 0.003096227613990719
151.77636712881335 0.9374047580709752 0.036253862320412104
151.7542695371214 0.9374415834750204 0.004086476724330584
151.78113546303558 0.9482464987470552 0.0033533398471825506
151.60618662403132 0.8387539220563882 0.0029325212282487537
151.58815336371254 0.8622208867437023 0.00833864595130614
151.65713381285403 0.906304306926067 0.007137877734687189
151.5318755956597 0.8901954610729684 0.012068809844259589
151.62246430123142 0.9522625756588532 0.004062782888315352
151.72916513648244 0.9579159820896864 0.005883415964601166
151.7084799777998 0.9644805038400884 0.003291515462539148
151.68646568465152 0.9784662171901176 0.0030725720074754334
151.67676029506595 0.9877560714982264 0.0036103349419332694
151.63853890600475 0.96993663102674 0.004540540142806828
151.69760219489453 0.9854981895301106 0.013356145286701605
151.70435039508547 1.0020110356633007 0.004908730054391811
151.85077620952853 1.0071137751394794 0.002677790796801459
151.99017034093671 1.0049947560387464 0.003199591280750901
151.99250071708082 1.0674041522284807 0.0034663748864504685
151.9416307608007 1.0812990199368966 0.0033297890026142184
151.94911020789107 1.1069804053230308 0.00609756740128649
151.79620707178657 0.988692939299124 0.005178926107892303
151.77912286426022 0.9959065540313142 0.003437325972547571
151.85806763179494 1.0495005936090769 0.004392564573462565
151.85847908105444 1.0497837048825822 0.004123868702867449
151.81065808171525 1.0421239746234603 0.002948733709557277
151.81495820496266 1.0464249998647803 0.00918808997952965
151.72281286466708 1.0299943303626893 0.019288392264048312
151.75177616205704 1.0554982118746268 0.00339919324171092
151.77824468736398 1.101842669288362 0.004937487675797853
151.90011065042242 1.0895319189455546 0.004614096833897223
151.88269371232838 1.103804043153897 0.0037160152671820543
151.91636400472575 1.0845614459643254 0.003745458501747375
151.92041906245043 1.104611170814428 0.00290149839467361
151.9000993264301 1.1288299829655355 0.0028128874124968175
151.874514575639 1.17787350185734 0.006843274952028716
152.57929367379782 0.6450711205858709 0.003339001580429092
152.5057947149575 0.6690947151158937 0.014890805966216504
152.51959213201607 0.6951890319075431 0.005118030735176885
152.59367643370447 0.7290766788523828 0.008909501383654424
152.56447731386635 0.7280999972166594 0.0033145914794407406
152.67958287067907 0.7110085185710094 0.015777087153860683
152.64292627761 0.7001856181333174 0.005099446380243755
152.6163231638273 0.7169918130653018 0.007758413270472225
152.61739345749746 0.7346689057498484 0.0047931906074172035
152.66035699946318 0.7467382004103625 0.0032046476771410743
152.6512574264646 0.7441300547604903 0.004981411105321411
152.61070839004336 0.7378019382641365 0.003191657896982563
152.46620889161056 0.7079332634162441 0.0027471303667295772
152.5087347127849 0.7309225376973201 0.0030908504305774596
152.520739705678 0.7495924227672631 0.016696479347671735
152.44562417697207 0.7575270489575654 0.01000079971094426
152.45725709198368 0.7758280109191644 0.003743740430467129
152.58001116747778 0.8104657793058558 0.00661969751002015
152.61882321254294 0.8215093437063987 0.0029540903545303204
152.6236799237024 0.838696208155423 0.0034097522498712798
152.50973971291816 0.8267748647871862 0.002835999595819689
152.56240213135067 0.8445205011914205 0.005250712623853757
152.57139675235683 0.8516690300192465 0.0028746624402891862
152.557597691486 0.8718612016198464 0.002894053328821881
152.55864597070934 0.8698437927181822 0.0027319849943381077
152.72749154421575 0.769317859976335 0.0027617957032845275
152.75156493947054 0.8131534196843403 0.004680897859479522
152.7703933020056 0.8258522531454581 0.0034649570416073272
152.7905140598332 0.8318695215624182 0.008053692888170637
152.79005083200627 0.8406692500777755 0.0030413595785427705
152.80776991032113 0.8485788822382773 0.01059558072515637
152.79125741121516 0.8819005928253901 0.00408420525346397
152.83202923607982 0.8963269498044718 0.0028510078927590585
152.789022584807 0.9195892895997236 0.008758731125303992
152.85223705299376 0.9192426506696222 0.0026741690284891916
152.71279666298312 0.8821166008067517 0.004464441480208383
152.72746340597686 0.8985434856068295 0.0026625075294672623
152.68873848625924 0.8903715322910084 0.0033221104675880348
152.70327072331656 0.9034159831886204 0.006387300881675514
152.66433055737448 0.8945651808435949 0.004904809108361261
152.6005561142106 0.9032370031245012 0.0027214380938653158
152.6831856784089 0.9261397154074864 0.011362088942552744
152.65256606299653 0.931015565098614 0.0033078206160274074
152.75618590823896 0.9185452345390968 0.004507047805834512
152.75875650376892 0.943682255302918 0.002850212560436617
152.7983969294887 0.992189405847996 0.0027877129953560774
152.71893725245712 0.9571575348012548 0.0035779776600242973
152.70265020269412 0.980450798282532 0.00683729533635818
152.71744018996736 0.9843508012147378 0.00652597573444445
152.76551526978412 0.982548360764008 0.0032517480585087305
152.7537664480378 0.9920805426522016 0.002706972754305593
152.7640881600215 1.011933559906684 0.003900956474343512
152.76752112146252 1.0142568679209516 0.00938243219675128
152.71735820179387 1.0050868891157436 0.033202554452363156
152.74874011474787 1.0352509153361709 0.0029685518548825973
152.39737812523595 0.7971112195712895 0.0026693964871715254
152.46145712065936 0.8108315710193412 0.0038970007970303053
152.47657271812182 0.8229196185484 0.00822919994697328
152.4536555274293 0.851350219127019 0.007645471691660668
152.42814766348968 0.8595538510395531 0.009611719308984619
152.49431022276164 0.8761926625254475 0.0031329691223218044
152.53140059486222 0.885581060238432 0.00813025298666045
152.53322382929915 0.8842244444444755 0.0055459713231292
152.53082596302875 0.8852984031898267 0.012164006530056636
152.45259432238706 0.9133712215874238 0.0033988955182686
152.2818187384639 0.8608724501687511 0.0036393832724168685
152.3524861358599 0.8801630361222202 0.004832421296717671
152.35084399277744 0.903507831036546 0.003900519555597253
152.36309919463358 0.926843172086229 0.00333051178401698
152.42043181538784 0.937511580341012 0.004007316638579681
152.40152370918716 0.9465724312020276 0.0035126768586337207
152.40470687692823 0.944138791817432 0.003106485992115235
152.43916545427854 0.9627753326104022 0.005791159475841099
152.47296241006256 0.9815870524661716 0.005353759272871769
152.42931612785554 0.9819012597877728 0.002771070178546053
152.64175560543686 0.9794992628062656 0.0076815255533603
152.53999962786878 1.000700190874186 0.0046281797159960095
152.59054340843014 0.983990086829396 0.003565073513325643
152.55434201237685 1.003006441435627 0.005054249125450727
152.5749800862734 1.0251322403268488 0.009992008265429118
152.5749039996781 1.0344469875088458 0.00550885719786485
152.654687867818 0.9905150926547636 0.003161595608131943
152.65494118877976 0.9885275260923688 0.002671325406213946
152.63642962583285 1.01145208852057 0.013556054607200245
152.65702029261234 1.0302954723832618 0.0026824139847369546
152.71284699875656 1.0204247646911748 0.004017327841783545
152.6832678774865 1.0579191971766355 0.003009970468242511
152.61638610258726 1.0178148366371624 0.002710057806418188
152.60497258942675 1.0596222215278086 0.005890617721666421
152.64909268239597 1.0992427451837383 0.004223403588716341
152.55849186499373 1.0339206406508488 0.003451851108071832
152.55809165288912 1.046806784876101 0.002792602256565768
152.46351051649157 1.0490009040251669 0.008462019944742919
152.43967499364766 1.0560249706908182 0.0036655114429229086
152.49318226588704 1.112597818541177 0.007455101567600233
152.57847459876356 1.095557144712613 0.004541720245184743
152.6399643932633 1.108982597481914 0.00636715004896408
152.5130247380913 1.1305526504915189 0.002781971615827525
152.5879896904609 1.162977997729736 0.008826146862711942
152.948230252647 0.9225190105758644 0.0030948103429716827
152.89296713686173 0.9359180352732211 0.004696896925741914
152.91347440386588 0.9450931103798612 0.0031226201627160377
152.91319592878978 0.9542664307954494 0.0027461071544562154
152.96054855790786 0.9818082542058646 0.002919170654923398
152.91514445647684 1.022627462394373 0.0033439985435699308
153.04409685210618 1.0028577833625325 0.009999133220575523
153.08173452289938 1.0643052334396934 0.009288908173098255
152.97029866991207 1.0380761943254315 0.014921060098738682
152.9336025902927 1.04653158765997 0.002659406522733434
152.9969706493771 1.0946656631138254 0.002713116013001055
152.88267712216577 1.0319917171799635 0.013294538456220223
152.79599152340043 1.0212185530553717 0.00292128581316869
152.7780056460618 1.0360701813461917 0.002710861312168195
152.89192587084835 1.0795664312812414 0.0035625203975355015
152.92841154772194 1.0911704913801874 0.00311063793924718
152.97905695359876 1.1123650007936838 0.0034947402314827822
152.85476903082613 1.113819661152324 0.0027303755082161148
152.86909732963164 1.13867957423475 0.0028318102514599828
153.08447692294692 1.0875277223734854 0.006468480073453655
153.06384513864953 1.1098984476474747 0.0063704227638851085
153.09060623878193 1.115298537391949 0.005484389991438996
153.04704142506918 1.126434925262667 0.007571027080831171
153.11341687530134 1.137036575193939 0.0036451442517002617
153.0746561246592 1.1632394333118603 0.002833324614826788
153.00144239940218 1.2247387557942435 0.0026448501103519756
153.09757810765075 1.2144635404121045 0.0060433485043644205
153.0945490749604 1.2063128445726627 0.0035960619071273544
153.1233742669907 1.225553678305722 0.0027086424446731783
153.12291680386133 1.2643805621609137 0.004470801671369568
153.07984007984575 1.2842066784534856 0.003598482704093861
153.11559895202916 1.282443116889232 0.005700024988813517
153.11384886823384 1.3197860932091718 0.004711547562391852
152.75547231392613 1.11172495820499 0.004794687587168241
152.7797886524539 1.1032493563968742 0.006028606182848009
152.7067637582239 1.1181934831407752 0.0029684345627097072
152.71135751675604 1.1214475790827094 0.0026708168937386216
152.76955519766292 1.1384311201981834 0.0033491132206541073
152.76501224784903 1.1711571786207993 0.0031066098121185263
152.8274608798076 1.1682726722044434 0.00421312737805998
152.81530539573683 1.164915645104373 0.0030798320535549793
152.86625005875092 1.1913964941289965 0.005411830608397509
152.79901044628076 1.1981740042201152 0.003142244643791995
152.79831700121193 1.2127830944295774 0.004096237740595812
152.85194520144523 1.2489373998091553 0.02238843178316739
152.70378030389605 1.195083783925905 0.0029560799079792355
152.6207465505364 1.1583659779231756 0.0032762251103997477
152.6337462980351 1.1713933309153046 0.0069951320879256575
152.65639050652615 1.1980322005451525 0.0044688272809920064
152.62066152249017 1.2167506676836464 0.0037523700386505763
152.61949280086836 1.2147163363381634 0.005876507362677904
152.6639640897725 1.203134523093236 0.003740703143489887
152.67694785073027 1.2586175293204709 0.002984239981922851
152.76028887998527 1.20114304780982 0.007228522457428341
152.8037230386115 1.271374082074893 0.003510881607526603
152.79060734455612 1.2688485643881016 0.003725414019878291
152.68566703679474 1.2750982298230027 0.003161487395118942
152.70981707408478 1.285631090931656 0.003004432384933963
152.78754334915493 1.3070734394099142 0.006384251021090475
152.74430128490445 1.308638777041858 0.0032466397725343667
152.72794147271009 1.3105462797208132 0.017361915157248293
152.7407712367816 1.316376851557136 0.0057054949409350054
152.92158832287538 1.213277931337884 0.0035987316599458133
152.92323682716375 1.2271956612908033 0.003360323426262123
152.95075766482438 1.2498209688401518 0.003751444403824594
152.9203296085681 1.2461296499915446 0.004071635428339454
152.94783293932696 1.2703472005242606 0.009946669541809889
152.88334499427097 1.261405663454354 0.00284067977769845
152.92023663073053 1.2684033549299714 0.003878831283480939
152.89260808427386 1.2667901469121974 0.003151080583219035
152.8616656491607 1.2737306298270374 0.0027854137146531904
152.89293856672464 1.2935226353616769 0.003944562072611833
152.92666790287868 1.3071159712419285 0.006141794760854029
152.90293656623447 1.3035376175131506 0.004037638004961997
153.01960372510882 1.2762642418332597 0.0028099916838548065
153.0613230694487 1.333197287064085 0.004478636958136635
152.97923651447803 1.3107964919373578 0.006734454136804245
152.97683051391235 1.3705885637833648 0.005067314736258359
153.00370137981875 1.372868986928749 0.003913414317902474
153.02973619704525 1.3983605552639422 0.003361989669362818
152.8289354223749 1.2951440425122198 0.0029404884279845157
152.89552280691717 1.3468220190447882 0.010145323379607354
152.88003821229 1.3690196254689213 0.0054469613619821606
152.81387548635033 1.319803975748654 0.0032429000963307103
152.79342704589425 1.33878382215748 0.012554978826156606
152.76730197042997 1.351881236757437 0.0030110106707529945
152.7717089276257 1.349092137666157 0.003039530877725257
152.80628745968474 1.364039740373319 0.0046497415046554465
152.91858252075252 1.3624789829782442 0.004315193248489931
152.9334168328676 1.3764995133389386 0.004380046787194076
152.96523201720805 1.3745595738798937 0.004566910437004184
152.99327129234393 1.4136285228613137 0.004985885945806833
152.94826119998208 1.4286855570141517 0.0061511177340459145
152.89286272135092 1.4277910610277431 0.003014563417827821
152.95502500742123 1.456389598415465 0.006733937319868116
152.9659579479759 1.45419142496353 0.0046901240501127425
152.20860952525894 0.9329771318743444 0.004844409137428509
152.27952723619106 0.9507147923129268 0.005013064178745378
152.29886088034465 0.972836502075539 0.005497768829048713
152.26792012689253 0.9718742011269024 0.006530999110575735
152.20200841819604 0.9797655852666995 0.0049163548273427225
152.25015392565638 1.011375297052109 0.002931137384558805
152.26883538083337 1.0107032390737176 0.002915606465429339
152.291165809031 1.0580410818252373 0.0041848252228690345
152.18104337196482 1.006727619965583 0.003997492334412238
152.13615601693016 1.0346447996934809 0.00545387148001625
152.21151205405246 1.0349115497439392 0.0031532225201935824
152.1096092524417 1.0561747140308284 0.008135130978344172
152.0877317247892 1.070813316006744 0.005187377089663197
152.13016892624714 1.066600203193806 0.0029332081269816423
152.14372445523398 1.0756892611583848 0.004760140424358122
152.14819037205018 1.0817815389672651 0.0026699750903644162
152.12760909879273 1.0925525109077605 0.00328781834694338
152.2466199316262 1.0875817224698938 0.004468853828896974
152.2777647040674 1.1113811209339752 0.005499100092522734
152.27459207150292 1.1205797679209668 0.008716119574743999
152.255932935171 1.110761699789727 0.0027946727135796847
152.17368325292256 1.1190541389972537 0.0039564150444291925
152.15214316590595 1.1157300059105415 0.0032048756955483826
152.18255919299952 1.1529287632998868 0.0027640372056663416
152.24640710917814 1.146584810031408 0.00534001669266013
152.4472301440092 1.09238340434975 0.010248408420307534
152.44411976240994 1.099724538546623 0.004680432265881247
152.3610634203419 1.1352295738175864 0.004563506039391143
152.4227085772852 1.1737666787329832 0.013571919799831696
152.53788053118802 1.1992938833048483 0.00978981792326049
152.4274777540685 1.2027128605194253 0.0032007497453934008
152.42409440284453 1.2062593514079183 0.004604791171571669
152.47858439695824 1.2361711114538976 0.0027124788754145385
152.32261183887948 1.164342855823501 0.0062782859135925816
152.35743800795146 1.193068454186397 0.003327637804858151
152.31836960472302 1.222625869680507 0.0030479142865999583
152.34633928867703 1.2376391460265763 0.003952125886140482
152.30354199169977 1.259055552557033 0.017263460269134268
152.43097189939272 1.2302718189025916 0.0035672289970238987
152.41248513937649 1.2542839319958663 0.009937591710133914
152.47052376512443 1.2639173883321977 0.0034117261528395734
152.4168104000675 1.2664099711482435 0.011789107140254046
152.36493671382252 1.2896015705711297 0.0042517284545167955
152.4100487024105 1.2858889057375125 0.013358274839945691
152.3776887260782 1.310094472722395 0.007517290258788035
152.0473706240015 1.0535081349412043 0.0028817557249897962
152.0289720989926 1.0667053376964477 0.0028208650148197185
152.095759190402 1.0840667907356587 0.0028021029969704397
152.05651612387803 1.1464524317663054 0.006521205551868767
152.08602160170912 1.1546786188773135 0.004908030067329529
152.07817117734746 1.1686122612219214 0.0029916529383740846
152.17200543393753 1.1561493417475706 0.012167749202752818
152.17199336031808 1.1608716609361285 0.06821171826408601
152.19097698884934 1.1714429946656495 0.006569474929511899
152.17840255032954 1.2262637070738662 0.004762690604190866
152.08036838679277 1.218125915909919 0.004919416343340087
152.12453231668553 1.2228473839751288 0.006215736846635902
151.94775307217637 1.1348258192558582 0.003683540630563388
151.96760140735847 1.1436902739169568 0.005482363527837502
151.97598970230757 1.1634230639306549 0.011814149292155228
151.94746131487452 1.1433799605756798 0.0028475973467845333
151.94827766344753 1.1753645577738687 0.0032654481677005047
151.99452667282736 1.1949034720080614 0.003098544585117846
152.00037399624102 1.214926681546644 0.004717080247947604
151.92174771348814 1.1633188732623505 0.006394776195239761
151.9464934156818 1.1960754356582683 0.003830808166855831
151.8911966625394 1.200998453359167 0.0028495574001086983
151.9112543119629 1.207513727667396 0.0053047177918336885
151.95679700739325 1.2042837152037111 0.00402740648107954
152.06294596955706 1.2307311551856577 0.002717341863602098
152.0146374877877 1.2330897576310331 0.003965086760622229
152.0536882748766 1.24266510997642 0.0052619562106100085
152.0898593489868 1.2680116582631988 0.004628888552551611
152.0484832657122 1.2697514837235977 0.0028821515922006326
151.98646518550925 1.266271409396784 0.009629500157775648
152.223173749902 1.2569375746288785 0.0034825217671351485
152.16354307860195 1.250540875306152 0.0052231080436590535
152.19416996694991 1.2799522705673063 0.0036344201331116833
152.1731057982106 1.2826589146827576 0.005989548412828229
152.32159953759617 1.2893764989891112 0.0032951061113608102
152.30748646097348 1.2899889679694336 0.0041906158340198445
152.34658565285017 1.3000495934510057 0.008475283797747164
152.34596248083875 1.3005413039952427 0.016387048520451204
152.29540320115655 1.3256459721804672 0.00638560748662236
152.35267357062065 1.311171413894172 0.003070002468043521
152.27012672356412 1.3097585105548213 0.0035797930011474827
152.2540435524021 1.3265960449493943 0.0038518511376721158
152.2769605202967 1.344785115547659 0.004378974937961227
152.2732560618941 1.3586196123068424 0.0041280110353758915
152.3249679561014 1.361065983733614 0.0027295015459262756
152.32003262792298 1.3620983891910663 0.005431546283514268
152.3509285537127 1.3779909939682116 0.002742078632830125
152.31791536989147 1.3796617546734131 0.005953259101701797
152.1317405763749 1.2832596072449156 0.0033610751243376095
152.1190371053373 1.2884718878114765 0.0029600542432537988
152.1040016211877 1.3532660407908077 0.0028841145108728034
152.12464167388217 1.3677975769187676 0.0067491795917068356
152.16747945855164 1.3720000636807994 0.0032309372590347443
152.14228007486716 1.3799333150453787 0.004401989270055235
152.12845673569024 1.3796584821503783 0.0027426134065685675
152.13912067169525 1.4087495291822136 0.00401514500856331
152.2586852478356 1.3827747043124052 0.005290252299238933
152.18519921078007 1.4027611299312577 0.0032727811838603764
152.17630974852148 1.426416915257224 0.0028850152597426236
152.56473730576982 1.219573630556344 0.0031215250151764256
152.57599985835563 1.2399540573291277 0.005661559222800855
152.61029476057746 1.2602597064334469 0.0027619504286482553
152.58925025221907 1.2717150159984385 0.003515392279671044
152.5337122287538 1.2381667758366222 0.003425559770150651
152.72050980282242 1.3198500836467373 0.01405434384828173
152.5882198517765 1.3403023032285493 0.022115884700772106
152.6848389423432 1.3590977982053596 0.0037366884928325193
152.50386648740445 1.3220217686023676 0.004100038922797982
152.5602020266615 1.333467298617132 0.0029287671493458244
152.55975707639683 1.3477098904085585 0.005355979975229284
152.44947230343791 1.3245929545994264 0.002777599495510092
152.4750888810688 1.355222803324876 0.0034914162959048065
152.42609104744065 1.3434458974415031 0.00650673972013816
152.4425365983498 1.357285363515168 0.0033713269681647806
152.5830049303146 1.3522441201937894 0.003693613931558193
152.59388050574307 1.3648407096804993 0.008856900578573652
152.60843881109665 1.3829401716983685 0.003129240731844518
152.62782634052007 1.3968872507701529 0.0027668391335682442
152.55333232050356 1.4125031250284812 0.0029366003053715077
152.53772252503524 1.4286013261231183 0.004202366537469628
152.5308087119562 1.4481277599179163 0.025153001870898136
152.83852682692986 1.4509008046559615 0.002849498250166867
152.82264934805133 1.4434884420792369 0.004390627615353956
152.92172960864698 1.4877741409074237 0.004111828189578229
152.91874705061133 1.4830205092647266 0.004723126740656651
152.78958297643405 1.489032936179587 0.004311834415883768
152.67310344109336 1.4558372789960077 0.002757646061820329
152.70360825153583 1.4707173882082567 0.0026840658385596824
152.6330980307879 1.5192033918498793 0.0052492946334174164
152.66429033352006 1.51921555578394 0.0027556611889504147
152.68746907623847 1.5413637385805343 0.00275635740267367
152.66432404500722 1.5370460089525293 0.0068109512942989316
152.80883553859448 1.5539357404716228 0.00349675644982154
152.79443701470956 1.5476854644758509 0.002963834810922717
152.7071477114481 1.5374406556523683 0.0034007264136693884
152.72768911921267 1.5984154388433074 0.007489298225222101
152.40046862814054 1.390524317145582 0.004022878764176364
152.40927385425346 1.3896297090330163 0.0026934332345107453
152.46730658852096 1.422848603786095 0.005501254155383651
152.43629780284448 1.4439437763055438 0.005002752752852847
152.36710430273885 1.4301176207716897 0.0049393209238939115
152.43146262824348 1.4498087421324888 0.005220643282265845
152.40678451187972 1.470371753162839 0.01534467641690448
152.4099291242572 1.4818468384322685 0.003442553907085254
152.4770687014071 1.4402468103794996 0.005031655219601509
152.51712943420185 1.452357986894824 0.0035234248225146565
152.4890360025176 1.4596864605228452 0.007465842772300371
152.53609861626774 1.4703964649882202 0.004537663478015926
152.46352004598106 1.498325098193094 0.006456627471613832
152.46591332549605 1.5233578299789965 0.0107373796634181
152.46818007576252 1.5154814129981844 0.0067442327471754476
152.5000606905088 1.5383738751732443 0.010537720605565121
152.29187011911233 1.4592216243944358 0.0028191512683714477
152.35019454531707 1.5076018075335835 0.006305800688684167
152.27885357719342 1.494172649942602 0.00506114120959786
152.32281201517984 1.5062412764772384 0.0027004244072336013
152.28551880089137 1.5401579622488586 0.0028117433690563864
152.42008763998675 1.5186630782123702 0.0049834723686609655
152.4021839277834 1.541807778641742 0.0036721060037611013
152.47225955132876 1.5613005672611802 0.0061568704379628214
152.4252270293456 1.561294995816014 0.004055819272899009
152.35147166053062 1.5594457173044287 0.0028024222963691165
152.37229316560882 1.5868662883831834 0.003971436698315095
152.43487677855373 1.599746068580943 0.004704310291318532
152.42185299162975 1.6159747758757976 0.007485130381690544
152.55651632430678 1.522934505337578 0.0036555544285369742
152.54617004240473 1.5915985346730208 0.013750543034980288
152.6097709611549 1.5939595989699855 0.0037045993365729447
152.6567783988266 1.609217360301738 0.006782184025719067
152.7015195296171 1.6696147165415425 0.003117680916336906
152.64243552428445 1.6586017496678438 0.003777369111101955
152.5256123308274 1.6251148446654915 0.002714525649282284
152.42705974747497 1.634768865915866 0.006958567343726233
152.43520475924433 1.6510383430505124 0.005406551442818135
152.48892329278033 1.7007393802253918 0.003272665774242792
152.58778666023397 1.684995299971737 0.007806907157580517
152.58564524513545 1.6834177777711856 0.00441094755960903
152.60183229197906 1.7571939557080445 0.0031323830094338975
152.57676542776275 1.754367531932959 0.002808932057568626
151.22725475369913 0.6729976732249761 0.0033392039819892102
151.19231505445106 0.6738290120893256 0.0034477138191888732
151.21575591401165 0.6947157694408671 0.0078166953255232
151.14838414496162 0.6616619433375175 0.0033658090173804573
151.10741855832043 0.6624495303132429 0.004867470517036167
151.12140909419884 0.684936379164155 0.0033336639958560154
151.17374905771896 0.6732244588157725 0.003775575372724248
151.18580979441367 0.7319138493837716 0.002696607726877439
151.3135955513306 0.7230916220376417 0.003030501613801105
151.27761535207262 0.7319036213381225 0.004909145618270624
151.3173565394441 0.7598011113108277 0.009044183590170684
151.2543700370994 0.8009990502216372 0.003190021422917852
151.10128546319282 0.6877842513696713 0.007393622445704365
151.11905118047042 0.7080696103081418 0.004198731802646494
151.1067254754651 0.7469879087178872 0.004139751189604951
151.12086651891897 0.7571458674701745 0.0031921562024102112
151.16174597258896 0.7575174260683961 0.009278923936190646
151.16651999800445 0.7857170208800492 0.003149015799474616
151.21379910501932 0.8099418022395237 0.009079518327505875
151.20026164420162 0.8370055277197539 0.006826941078937964
151.1886853422299 0.8460639797874747 0.006426718530264434
151.3254871403004 0.7726714054674632 0.0067155436240339565
151.4069417244068 0.7992611873958675 0.0046425961254252515
151.37234171459593 0.8404910494363639 0.003519067195363406
151.30553098603204 0.8259845350052043 0.0038231163005908323
151.34570201472522 0.8522975811320502 0.006273663627832423
151.3503466134037 0.8472666659841345 0.003090326205201872
151.42307972272388 0.8958346118698725 0.006095709748910007
151.42346912440306 0.9215766408300696 0.005460326217291422
151.43184884288738 0.9289202486091084 0.0038217753470402307
151.2414586775999 0.8686284281120189 0.007410660192137121
151.30400776732478 0.8733857593230689 0.00540853213733875
151.2763429682928 0.8876671520583009 0.003133547011244864
151.23256889963102 0.8789259278358382 0.0040433461670683615
151.28155283209634 0.9293149898870736 0.003347245024030435
151.2281235319266 0.9321089101795682 0.0035842104739623815
151.37888332021907 0.9235444337209958 0.007175602039200938
151.37838243840284 0.9519562279770116 0.015277278635959414
151.42276523219024 0.9782924402384952 0.004221638624441507
151.31463697585082 0.9807345443182848 0.005386349932698085
151.3445351806417 1.0309825707708755 0.005987414084396995
150.97973218758207 0.7858831880046909 0.0028425180400270533
151.04143215164788 0.802644808500433 0.00518904503169847
151.0308499690306 0.7962921080410715 0.004171518362332243
150.98856573960828 0.8380559227982828 0.0027229354722832074
151.01846123877763 0.8472596140528987 0.0030661006669759727
151.10124247163444 0.8468008393428114 0.005887430652008285
151.10454885170338 0.8721044270359429 0.011760220904316299
151.1556185305111 0.8962085525761704 0.0033729430977763124
151.02094111196487 0.8742241885903612 0.004941901894259988
151.0522054505155 0.9011624218079796 0.003027843538805602
151.06557545485322 0.9459447998710856 0.003695259222936211
151.08494243498404 0.9353799156278524 0.007048297626387697
151.09504527158097 0.9574970233431076 0.004708965890327132
150.96759104919923 0.9148534009172488 0.004655506792340612
151.0027575517753 0.921352499063062 0.005776261811876461
150.9993318915263 0.9717743179903316 0.0026599514484581944
151.01830658245103 1.0198851350510123 0.0028494916561562418
151.18929821067195 0.9124943913485328 0.005803271707954179
151.15781808948378 0.9196341781578964 0.005628382377838959
151.2099532158132 0.957046311503684 0.0036089248993613084
151.25245105291418 0.9694720474086272 0.0050122385177519095
151.292494495856 1.0605015803879403 0.0029935149721021445
151.24859674584891 1.064867289733659 0.002667954904721984
151.24906824354676 1.090637843551664 0.006508375096228319
151.10547594275238 1.0178797167076874 0.006308715454413821
151.08223359581694 1.0337952755906146 0.009691687106602247
151.14111829307112 1.0266857176689932 0.006974283378512153
151.0482151809552 1.0554421690562923 0.0047380058173510115
151.0714910856509 1.099301752524661 0.00630028244608257
151.1694385548945 1.0954968985270586 0.002657099358928445
151.20280714991748 1.105817534621466 0.007212430555724486
151.19018689461225 1.1570571302251274 0.008580292233802292
151.49185873948295 0.9672440185126008 0.004468803820184009
151.49820889650042 0.9805944471751228 0.00499901862265437
151.48350644660675 1.000349775155001 0.004653679227812497
151.49726460857903 0.9950524166273866 0.00594992655117209
151.60352183586332 1.003245746575086 0.008866500841374575
151.57584842995496 1.0075916179597622 0.004905529814876827
151.63836504289668 1.0480411457944865 0.003966918331870993
151.57763157398162 1.0718395919867 0.003811363842568304
151.43484205510885 0.993052024326194 0.0037875255362186345
151.4560721024318 0.9940052984033936 0.008195260154998893
151.41198664876146 0.9986823749099067 0.0026726667123389927
151.4748166605582 1.0316736105200333 0.005344945664350914
151.50253602351782 1.0335804896875271 0.002752513290362109
151.3942176536357 1.016059585773454 0.004291360353876431
151.36465463321363 1.0452533849918733 0.003382656040989698
151.43378149869625 1.1130054656772783 0.004241887581062242
151.53481493961667 1.0657761707052724 0.0037509983198076983
151.55037619856654 1.077209513732955 0.003392032811764772
151.4982756235239 1.078134609280081 0.0030091735071047523
151.50681618377394 1.0784099637836193 0.00589356183670635
151.52024379797112 1.0970604326112952 0.0032560974157913878
151.58599522786648 1.1076132895482345 0.003046573320931673
151.57587218644338 1.1443326858960816 0.011784902521394913
151.69317903173678 1.0797760598880246 0.005917912773307359
151.77535592593978 1.111119408894948 0.003254768840403816
151.7389160297063 1.1230907173400706 0.006599728647978151
151.6803675118828 1.1300918295341442 0.004005781713151188
151.76523772686252 1.162698089843767 0.005835264676729202
151.740147896405 1.1749816203140406 0.0029378464938404963
151.75129829421604 1.2021542034333073 0.006502979420291006
151.6218320645584 1.1830593966514444 0.014604800522936971
151.64710497840667 1.1732596600701084 0.004009059294937286
151.64575810448562 1.1726367563939517 0.002950705081652439
151.64954137593529 1.2144429198586058 0.0033354696602023565
151.5698267731979 1.166115081335355 0.004220434549474359
151.5857689731202 1.1760670204725654 0.0042910748948566
151.5943024167925 1.1865173522720551 0.00478252016230803
151.5620706995113 1.2218365884734463 0.0069759627775640015
151.6090457583821 1.2007387742828326 0.00609280522234026
151.70157984219443 1.2310252237924195 0.004630157343633258
151.69182809452172 1.2363414176121683 0.0027916228510245786
151.7508371688691 1.2564736466819255 0.005185371538757606
151.75916641561406 1.261301659521026 0.004762409815225855
151.76175134191232 1.2532986827328796 0.006276828238519861
151.74331482007892 1.3026148766484364 0.0044638871787581235
151.62601941642893 1.261711994628821 0.004949900961923984
151.64811469701408 1.2881680412993413 0.006527437612076884
151.65178690424815 1.2923607694894386 0.011479019261403106
151.70088633886903 1.3189321344164 0.011652321925172762
151.36077292651552 1.0709955251124146 0.00272870146852283
151.35500137665034 1.0847319066053271 0.003333754037080095
151.35807098620458 1.1098827984955593 0.005798149173783452
151.3706754840018 1.1351650902576096 0.003161648787831705
151.38265041828296 1.1283425695239178 0.005769988394240926
151.31612343113764 1.102400510491239 0.0029333124775399715
151.2840286146432 1.1311657297466438 0.005623464134329101
151.34902879783183 1.1724500344040745 0.0049575208523895565
151.490138441455 1.1803669979301366 0.0033670665059793107
151.50619679692608 1.17932191291683 0.0026619278782960545
151.47082649345248 1.202303331454621 0.017653461087522356
151.41386203117705 1.2018647621090863 0.008098199092786572
151.44616464314157 1.2474617307145648 0.004526859646934562
151.3230023204547 1.2027524004731087 0.005708438606240182
151.2808579804534 1.2022611701136232 0.002678081038673683
151.27196172370944 1.2124932550075336 0.003849686017138735
151.40265989558483 1.2719249694041552 0.0070076430928475595
151.38307911566494 1.2833577759756545 0.004017641437131591
151.39807005767892 1.299123849002794 0.004638925892053638
151.31709820732098 1.258883209474719 0.004190912703697102
151.31330362190863 1.2860213320745857 0.004115421665873389
151.29098171603772 1.289080382663135 0.01463968070024918
151.500766673889 1.2480946251461795 0.006354083016544586
151.51628332255288 1.2498187049500498 0.005123939516139162
151.59104095973234 1.3561441738209434 0.009014534488316794
151.5860536913084 1.2751043011475045 0.0035146791465124985
151.5617447372364 1.2907002887980206 0.0067247254731822555
151.5109424776425 1.292010472141473 0.004094412643261671
151.5317107983467 1.318415169321926 0.0027685822780873027
151.64201549638986 1.300169815848522 0.006601820160986145
151.61376551641874 1.3288690612799157 0.0032720482154441513
151.63030780923918 1.347612815702754 0.003708145952425528
151.43072267312397 1.3042635538434817 0.0027836004601579697
151.40378755042877 1.3018468868894095 0.0027833207966819645
151.46085908970394 1.3358584487624428 0.0038018785087431334
151.39617147094336 1.3342906676251491 0.003598342883722155
151.43817282651062 1.37287705966737 0.003805573328172466
151.41291149248696 1.3785217920130637 0.006275465836315174
151.43643866292146 1.3951203372353402 0.0028583968172318083
151.54305030334925 1.3917598601535606 0.007388789679362101
151.52118418574622 1.4086284675449778 0.0038377898473259367
151.48172333426 1.41217199675676 0.008931547445912581
151.4790228961298 1.415277799111085 0.006153178651945598
151.45740324013076 1.4142465504291697 0.003512754385244441
151.5130168478123 1.470430714715439 0.004816621995892456
150.8258264438116 0.9542851977378272 0.0029894060878561976
150.88959478980507 0.9829872339511552 0.0059074174919244585
150.80125478986614 1.0045397399316265 0.0031874166331030984
150.93922588922695 1.009827700247915 0.0029096429887781232
150.91702891833955 1.006870475477917 0.035098425295844976
150.88845723467685 1.0109257551981274 0.01064475412894244
150.89352833563797 1.0209988511101689 0.005302177709759698
150.94920250140132 1.0197055435909097 0.004246840883927606
150.95213801249878 1.0567857226054018 0.0035843285756169793
150.96444743701 1.0679627667043712 0.002699616069473403
150.71654907648775 0.9836980759476242 0.00431658790604047
150.73225685339796 1.040393608054938 0.0051203662296765585
150.76780049579529 1.019353693715891 0.005316245028814243
150.747065293844 1.0354084829871368 0.006071931096771012
150.78860051098837 1.0550374142418404 0.0033962901425799385
150.67919089080533 1.0453243985294425 0.0029067729470327597
150.75545645816433 1.0949444962515231 0.0034375920366796226
150.72692633329606 1.1049039236770055 0.003535813540427757
150.8182935562574 1.0555437548932387 0.005435580408187186
150.8154960893189 1.0565682001436487 0.0029004157822199784
150.83541612079284 1.097514411533691 0.0031797343948455252
150.8009016874796 1.113017330813172 0.01044067698270084
150.80162241642526 1.1366279713542824 0.005912806063264802
150.83190502834282 1.161776476873278 0.0036382853242211102
151.02088689647135 1.1017895108001876 0.003135353871978827
151.01053154435206 1.1113808359502384 0.0028032171701345395
151.02786329465496 1.1457435218747662 0.00319984524273527
151.02267010595776 1.1372124422976195 0.004530700816490607
150.98420865068385 1.1138132797128406 0.005724584951944173
151.0230095566894 1.1559244898827448 0.003434160666011275
151.0823410769314 1.1881010177506923 0.006508988355818596
151.1314035449904 1.2266245290102544 0.007481223503818131
151.04972031324982 1.2098488637986304 0.0034775515345941478
151.11215014039925 1.2199844321022 0.005634494244650237
150.94429283361268 1.2086357082493746 0.0034718060019523636
150.87331329417736 1.1865097565390228 0.005158631961888311
150.8854377547336 1.194710673828858 0.003714472091236736
151.0392057185978 1.260677392233554 0.008113842805918854
151.06330747567574 1.2681272456719828 0.0031441817286541216
150.966988871772 1.2567642041057632 0.0028135101394125184
150.9891049056382 1.2951668740067508 0.003551218092336138
150.98151212361367 1.2982933469919564 0.009751468329641967
150.99560540928087 1.332590997334792 0.0034481193098079505
150.6538344270275 1.1087111365522286 0.009827489412606312
150.69987193143368 1.094517535156253 0.021956265797799347
150.65708627851407 1.1159021266070326 0.002974216814986564
150.68075295573914 1.131561673822781 0.003431452524370936
150.61506954739403 1.0942537823025082 0.005366381078263983
150.6649717862105 1.163885163280565 0.008230674646158724
150.73485941108544 1.155875091184446 0.0036327481026450707
150.80785743686593 1.1931664810879894 0.0032279779513311744
150.69367076011176 1.1981317866685928 0.004442732088351542
150.69360552485736 1.2184333878730518 0.004347036628579032
150.55336887162957 1.183913154867468 0.006533017170260555
150.59361197101097 1.2118032898735025 0.0047643271419873035
150.50786520401047 1.1675009935685423 0.003053374642849301
150.50483322954543 1.1927082582996442 0.011600102577205805
150.53982591232247 1.2276072265232187 0.0071469211325462705
150.6456765190344 1.1984791535017287 0.004437414361538521
150.69868120588805 1.264940771700759 0.0026611371301958433
150.67640466195505 1.2686936012632193 0.0027544406218401435
150.66645146267922 1.2721855187391118 0.004291899013112248
150.59655436714283 1.2635400538313497 0.0036981327743888562
150.67537399488282 1.3003178538050149 0.0067791956754855755
150.63714695957677 1.3216505954981166 0.010386710919724722
150.80170951291302 1.2453857358098763 0.0038374309117649307
150.8800830974577 1.2451626246862502 0.002996257365335272
150.84722484787494 1.2792444993166383 0.0035798849917318977
150.813205811786 1.272527905676976 0.007743095391580691
150.8031241228242 1.2718560941749328 0.009012643229468294
150.7508515004761 1.2680915323495725 0.008053201942443395
150.75390209037283 1.2772824177799222 0.006267616058611533
150.84252140639913 1.3167972998045163 0.0033990712611692833
150.90485319967348 1.2813488878392656 0.003929179953381936
150.92092827597244 1.3034289567330375 0.004235730299643085
150.91880044990157 1.328368272571878 0.005287966615011232
150.91204202454878 1.3359220331547084 0.01686243503951383
150.96396905970423 1.3508672307947505 0.0029709181680391437
150.89308782547167 1.346343425158001 0.003332003044961823
150.85099329690678 1.3386438968863237 0.004122756305803309
150.8518714810056 1.3644154812713576 0.00481843266816649
150.9201043615253 1.363916382037302 0.0034360467540661107
150.7313401296225 1.3014090751368674 0.0027583100996762936
150.76475705135874 1.3392275183123972 0.003280804935520702
150.71872400633572 1.386936195377009 0.003276689199330055
150.8068890182728 1.375787178816663 0.004581151187333693
150.75002713715438 1.405550486034404 0.0038538651975831523
150.7424032495271 1.423089100330787 0.002692259757350069
150.78606648819766 1.449993739454913 0.0030376933092179383
150.82627883015033 1.4720925707762296 0.004105655491639131
150.82006684046507 1.484591787452857 0.003982883694483751
151.18372886087232 1.2121904314464422 0.002879475645379245
151.1994164068976 1.231964201168494 0.005279875289309938
151.17040264546043 1.3337801700693082 0.004482651327630201
151.25463269248397 1.2741080778015803 0.002949254390506708
151.2387130419455 1.3071626881541505 0.0028025081523985183
151.19697107969037 1.3541062186696966 0.012562272059126063
151.2849664266894 1.3935240475681596 0.002865140407461507
151.08096645378043 1.2960433715407462 0.002954369625663635
151.05375828907754 1.303860982813191 0.004558261639529522
151.16305121346377 1.3480186600586546 0.010994385345568479
151.13248617739544 1.3454629368557247 0.003924311423693035
151.15318792048097 1.349959381005972 0.002644845816910791
151.11296544466614 1.3526033721849238 0.005507676133376784
151.12864787548776 1.3476590373540214 0.0030764567544381977
151.07781085784276 1.404564848908746 0.0027266269603627145
151.1686343417079 1.370055285968589 0.002826164290342768
151.13380819118322 1.3815496993622698 0.004251295857903557
151.22495650030987 1.3920746160597588 0.004717888411182198
151.14803618765328 1.4194507805117609 0.0038568379749318823
151.15756497142954 1.4311656319114383 0.004476939284726021
151.17247557015767 1.4398514230041046 0.003300443858044496
151.1825935883967 1.45156545045939 0.003262941928660635
151.19958375262678 1.4649050215153467 0.004326743148316115
151.148487822202 1.450532321960129 0.004007997801314426
151.3674910680753 1.4140959652589309 0.0037435221713170348
151.37429043244364 1.4343216467618962 0.0028650356123859798
151.3135362459582 1.4274393278465694 0.002663652306578086
151.37711792462997 1.46565597076219 0.0036555483681399007
151.33663927476866 1.4657764078459865 0.004221509292746409
151.45949893164132 1.4391884074183852 0.008684736367671416
151.40160695441904 1.5092686390876473 0.0055860469248830025
151.4172935378156 1.5127865181970448 0.0032556877438816483
151.45523377663264 1.546089155380691 0.004832605898189513
151.39810731459437 1.534882996745052 0.003110483232909788
151.4000445112296 1.5230871414841578 0.0037406501721480817
151.2944375821127 1.458591779961382 0.006731892769761478
151.30879112178584 1.495845406587403 0.0033041138591724598
151.2812070323203 1.4920370284910989 0.002717314176912557
151.31273091839844 1.501518702476224 0.002783594980060593
151.2329344419781 1.508860983671076 0.004428963993862596
151.27282591431137 1.514892935738256 0.0031676248009249943
151.34416891403416 1.5302111982910438 0.0028236101515367253
151.34258577680234 1.5547432603794864 0.002775860836318088
151.38353894638095 1.5892791624085414 0.006539204731666719
151.3113100007537 1.5461582607074638 0.002881180585132853
151.3025732565175 1.5887423491781831 0.0031357855507602945
151.34360774991904 1.6358999184584415 0.004283253067844022
151.05467655004546 1.402703802978576 0.0038321105972727405
151.02895301257186 1.4042686116972627 0.006244801735268343
151.0646926244046 1.4196074742742268 0.0027352904212375765
151.048043890936 1.42443863238439 0.007429611754021573
150.9438551481912 1.4193425500856751 0.010751433167315638
150.94308482538645 1.4195255390134365 0.013271747932039004
150.969539115949 1.437699937015699 0.008453857044906608
150.98176084640193 1.4336284047006405 0.004911000740501337
151.01853706686066 1.4371969215805327 0.0036263018757399013
151.08494475597018 1.4343034715135925 0.004114941823710976
151.08661091590764 1.447022034130094 0.0030346180355034823
151.06617369186904 1.445908800434721 0.008231970484687845
151.04092905835952 1.5225670284699435 0.004892099647377229
150.95826821876852 1.463329641038278 0.004026853311643593
150.9792746666505 1.4878495740976827 0.0039492904007112205
150.85029553539405 1.4892213988621517 0.008022952752213017
150.87195172119291 1.51869895530578 0.006257091841848293
151.01768490915774 1.568886399178907 0.013857421102787358
150.9444258908115 1.540874628114424 0.006176695609359685
150.9820099526172 1.5769153397914644 0.0032093653144144698
150.94015862052046 1.5688137137394895 0.0035914784892203963
150.99982474582035 1.6028791520598102 0.0026902776249479563
151.14410330731894 1.5210227186829424 0.007290364955206837
151.1262080801071 1.5664179320276568 0.009650196232395946
151.1741903456889 1.6073133847816876 0.014437466336937639
151.1764086230384 1.6212223647001696 0.0027174537394713725
151.33404375947757 1.645205910173658 0.0058457050599350835
151.23686104596248 1.6605859626466952 0.0059865898444819
151.1217689557854 1.6469176493283533 0.004506122921985393
151.02798100321706 1.6664570403076238 0.005059231119454883
151.08180679279772 1.6752391328384924 0.004629980315611698
151.077634062906 1.677564889810721 0.003788144479635928
151.15966477477468 1.6680676631616094 0.0037683096250981703
151.21583785800726 1.6964214510655922 0.002820020527292758
151.16577631246966 1.7164918290221087 0.009442806050139595
151.8749436874439 1.2137005534188838 0.0033878500881276952
151.9059577653524 1.2241915459875528 0.0034705117939403817
151.87925889620075 1.2644596356001954 0.0028076074077989575
151.87394313624608 1.2640476225131605 0.004998807809256203
151.92006609870208 1.2540741404460742 0.010274332814074149
151.9327816970018 1.2792142009725325 0.003647352934121933
151.7969053748723 1.276105338245784 0.010840215592190578
151.799096643431 1.278051948801016 0.018845952172106665
151.99668336461215 1.3000114236058784 0.00358331456321327
151.96536683202612 1.313558023570926 0.0036707031509721167
151.95337237988016 1.3183289174097437 0.004154000501368052
151.89401598222108 1.3433648056425174 0.0026540439760955195
151.95235531834354 1.3600671241974325 0.0038454542567942234
151.79355540404546 1.2905333772486218 0.002756391960930261
151.7678689149168 1.285498233709944 0.004526079829370487
151.753591878583 1.3069752657129423 0.0028537757592207217
151.7527109177582 1.3032714119960187 0.0027858248280205294
151.77700805653802 1.3217195053062265 0.002833680160933999
151.81253656290602 1.3525177823147998 0.0035843699244954242
151.74680817046598 1.328321033021126 0.004840848873575403
151.77658217741933 1.348425453634668 0.004264031208296114
151.76708370495425 1.3519331526091205 0.0033287757165670058
151.80843613794494 1.3923822432052888 0.0026600136461694046
151.78159932780756 1.3760609018493684 0.0034962370407649957
151.78771421447965 1.3969206717082152 0.004136252328144187
151.7764140213251 1.4067154406120714 0.003560828683178108
151.92120715984876 1.3838152141721112 0.002929124049576866
151.86795258730328 1.4197215530088196 0.005355166825341246
151.89760245072446 1.4679646415614849 0.0067220368606385715
151.89651806625437 1.4684760241045731 0.0036880751733579372
152.08976910901143 1.3820452344095933 0.0073438654202272
152.0252198865897 1.3794851211535766 0.007726916864687388
152.10695865351184 1.4132640824340816 0.003034535130348903
152.1173004390022 1.4307520604023478 0.0028344101831766413
152.01164079302652 1.3935275870781267 0.003143236323793175
151.99943313002427 1.3872920033698837 0.005405328089125949
152.02054938251666 1.40310347460652 0.004957037502968004
151.99885407854768 1.4153260132170635 0.002846637882844886
152.02060490691937 1.4585383759342438 0.0031214971993774954
152.19371226458043 1.4714131868101028 0.004661853532613567
152.14159966275454 1.4933753290738625 0.003601380756258869
152.14885923414943 1.5303621301191144 0.005263301269806761
152.17059412826617 1.5391853338809365 0.0032311161469559383
152.12855474897913 1.5388488473205657 0.0033712947140212704
152.00520874549022 1.520384865786949 0.004406560423481528
151.9654118759506 1.5086174920783184 0.003337932688535624
151.92898046668728 1.5292612900616238 0.0038924492114448483
152.0750146188387 1.5409373549820546 0.013482485739860044
152.0230045292782 1.522604594919181 0.002751487217836317
151.9988366589496 1.5374468793776306 0.00416058443115151
151.9865471173803 1.5494051526685917 0.005187858888489012
152.01674945314684 1.5642171930810969 0.0033198372960225745
151.9978366155601 1.5947684852935022 0.0028339611649343616
152.08499114594127 1.611935476597642 0.0030995438843697547
152.0810278493452 1.6027105014881402 0.006023387725609194
152.0716331234 1.6159974750351678 0.0029911937838391577
151.6868237621682 1.3596833789484433 0.004442777355308554
151.69710125981086 1.374262547699518 0.002957051747522513
151.68511776072063 1.3898109097179083 0.004205658108780879
151.77013505445706 1.4404840259096632 0.00696110964811352
151.81285061393208 1.442592600927777 0.005691379819456302
151.7750405190347 1.4600687104131964 0.0032032377547778048
151.7258101022719 1.4697448467196583 0.005556335095670449
151.74063170469455 1.4917083719925124 0.0028294467477941207
151.72984500763812 1.5025276995365704 0.004187973448516792
151.80551095123496 1.521315244667657 0.0033185592776415127
151.611489620017 1.4296785343687823 0.01073610992770873
151.63791709654544 1.4568867062783406 0.0037187115239088954
151.62036228455696 1.455557516041008 0.003596791677187021
151.5954677119774 1.4470094808258056 0.0030291264598249425
151.66794865928927 1.477703303497787 0.0030368849170758624
151.66517196068037 1.4859207667697134 0.0048782243492696475
151.6314344314164 1.505302212224713 0.0036334397628387132
151.60682733927615 1.531432207326998 0.009374878860700138
151.60757412252903 1.5410652409591914 0.0028166702038344535
151.69063023346882 1.5390591941858514 0.005420490150614807
151.77047900104927 1.5577809194398762 0.00383952217000034
151.84141893104308 1.531029787653421 0.0027046011578180968
151.88003717492674 1.5709744431697037 0.007405018785724988
151.8776731685664 1.6102059268620723 0.005310901535179612
151.9720938666044 1.5892346314298822 0.0027442652710939707
152.03022854057045 1.6400613762810805 0.0233370969876888
151.9981292271994 1.6650616179088995 0.0028225965711086323
151.9223195019297 1.669031184837377 0.004976369786150241
151.94936560983734 1.683333838707811 0.004226227139705165
151.96822212189457 1.6942359677313326 0.01191717013608296
151.7735964400855 1.5915097046760829 0.004180613461225414
151.78106402846393 1.5948063334873028 0.00348198378712538
151.76580561231012 1.589274731752765 0.004126633834075844
151.78378085573837 1.6073661925915477 0.004721432765749025
151.77827622736174 1.6129857350111825 0.0036264440350399388
151.83870031244348 1.6600661492180429 0.0026645376708693807
151.7326758855639 1.6355795587220785 0.010068107282815729
151.77654509144378 1.693055371342808 0.0026873372348701703
151.89562021417663 1.730183965660235 0.0028332611046807035
152.26194965708834 1.5660930355116034 0.003810426155688727
152.18846702578915 1.5805373846412476 0.004202626789792514
152.18941290286688 1.580419031024528 0.0038194082743546296
152.2248229900648 1.594601513139689 0.007272812975995959
152.2329707182488 1.6127396392272264 0.012268243283810648
152.3117346093029 1.5741747711281873 0.0031162835317185365
152.36175324539195 1.635463042044035 0.0030215171220892914
152.24777274117875 1.644764572216706 0.006271659614820924
152.32365532703838 1.6539587663035014 0.0028643590391952425
152.30125411369195 1.7019535909386687 0.005110445129004929
152.16253217832042 1.620025348211665 0.01228454355963643
152.1090121378622 1.6079876213265736 0.0035569086747174405
152.2009011085122 1.6572531615890849 0.003774187740634866
152.2032009534514 1.6603563401851762 0.003595508871123902
152.09883435890978 1.6370402720853825 0.0028692759928492058
152.1980458403307 1.6902985297534732 0.0038934173029291494
152.25622581771174 1.7097887449320053 0.0035293591492217414
152.19413327895535 1.7033327111796182 0.0032002373872493427
152.18954549988916 1.7039804935836993 0.006768811339787132
152.15337858454262 1.7229178136144685 0.003092217079528873
152.16914409345245 1.7293260385955036 0.004889657499260746
152.23271383040543 1.7582160637455304 0.0026420525390775536
152.43577301479584 1.710955397891469 0.0029613698100356693
152.43792721592587 1.7325013341148583 0.0063707605136806055
152.35540246558534 1.7023828124222062 0.0037320020154771078
152.4166525747361 1.735460017892409 0.007820756595766485
152.4852860812932 1.7230241886801203 0.0026978381680258985
152.5043347303149 1.7721919562836066 0.002674581274215566
152.55357668925674 1.7982206223472517 0.0038518105612271665
152.52807550126565 1.8009255275552167 0.003196792293661483
152.473559116527 1.7796762637202894 0.0030156249971702203
152.42484491343885 1.7768603701565902 0.007096869994974966
152.50745257372964 1.809876901525932 0.003782695602952882
152.492060800611 1.856013541536932 0.0029132843082339275
152.3255281150284 1.7544933456132037 0.004397270675788562
152.30870261208696 1.7780702229226415 0.0028344606006106944
152.25579379290795 1.7743280075502608 0.0029806131256778076
152.2569689637715 1.797542947489192 0.019991922963358597
152.3030395279336 1.818088997544983 0.006926431357417332
152.32091572906515 1.8159551487274048 0.004935710341190133
152.3088330541949 1.826965925203364 0.0033472792446905967
152.40670818166095 1.8187798122110233 0.003031120589636472
152.43933131067328 1.8282231800052715 0.0026439974052975277
152.38505156202962 1.8614733754206612 0.00465217726535982
152.3566185788952 1.871817484211175 0.004500509985374508
152.42261872260215 1.905810338545459 0.005855728258644727
152.0305060452369 1.6691672147936496 0.0031785007600531406
152.06666296517545 1.6994534445835192 0.004389822140884713
152.11713008953183 1.7082693085501954 0.0031679159433630946
152.08557599411847 1.710239674705202 0.005483615112111597
152.0644108995932 1.7129841328585798 0.0036481567438667634
152.1485280875525 1.754690802017743 0.005645211396561286
152.16937949785577 1.8099826186591577 0.0027754924137719083
152.08463010289154 1.800324098564668 0.0039552475447403165
152.17509128076415 1.8251152701752873 0.0049814733884784084
152.13072446262126 1.842113689761277 0.0027157679244097623
151.97092067975726 1.7316538916248123 0.0032748063181870053
152.0316897845098 1.8011956157202962 0.004530188983418714
151.98368955819058 1.8165570349762523 0.0035539493136633213
151.94918556383735 1.8386222604359357 0.007285522933592494
151.96263624340472 1.845441352905508 0.0028584692826882905
152.0459290249089 1.7987671017147164 0.007182925873511343
152.06189903206015 1.8404400754254635 0.0036762982255857364
152.1195145418146 1.870491047617973 0.003955777761398247
152.01203270878835 1.8641157650610063 0.0049108324803870595
152.22650742799183 1.8033147598771615 0.004270719171822884
152.2418669376455 1.8711995892056896 0.0059005565185745465
152.27420123537294 1.8727884642119923 0.008074230338154536
152.19335978682477 1.846625690284451 0.016365450491137194
152.23341544795431 1.887179522074072 0.005225067913470511
152.24400305900087 1.896459925959774 0.00286721829831054
152.31420843652657 1.8903763469109136 0.00551854450871878
152.34568585868266 1.9215911629013025 0.004409560185593902
152.35447003183177 1.931623170498762 0.009343693192803574
152.3567002365863 1.923978919909762 0.024418417145540716
152.34418615109735 1.975337725200808 0.004232376307887823
152.17519562011185 1.91195230494547 0.002814128338751457
152.09402393312465 1.9493649741571275 0.00469457849071778
152.13906728218595 1.9452083512185736 0.008650892287060062
152.13185908117686 1.9536498270671885 0.0027599224211065565
152.10224993981535 1.9836912233223571 0.0026807022238028878
152.22269842248647 1.9574629265572885 0.002732905719943528
152.23632727545206 1.971854989898876 0.005320489551076214
152.21124331880824 1.9938769602809463 0.002782425274325759
152.2798793146593 1.9969488969591644 0.003429495399549139
152.21676568433858 2.0068634652231157 0.018166645837675
152.16651618346762 2.027001763068072 0.00287106185798258
152.1846740419877 2.0176076001095864 0.005754398242038895
152.1838277607147 2.0179410563888673 0.005750048059938065
152.1850053968513 2.0285896740426965 0.0036717491213489307
152.2183560590968 2.023917968487778 0.004532491983222596
152.20383516461385 2.0592241419264776 0.006028171225537162
151.55222785603655 1.5193352658011556 0.0033770406987905562
151.45698536484818 1.5496204057552951 0.0027574044340133567
151.53606864764632 1.60603133263479 0.00446316522531307
151.52042078249912 1.6177543467526356 0.003430599299630515
151.53093081997255 1.6305204170466512 0.004283408257952994
151.63340654688358 1.6164240679037554 0.003984870475427366
151.65965264827747 1.648116523037894 0.005142160934002535
151.65302766211605 1.6634718160170852 0.008803337146790696
151.56254463904867 1.633483953092379 0.002961602920092454
151.57283124920912 1.6483186323200187 0.003450655272995502
151.62377230360448 1.703115543621308 0.00781853625972046
151.61098305013735 1.7126077356584477 0.006474523322423528
151.4174697280291 1.614305309545081 0.0038484574980131667
151.51144353963036 1.6645770583770845 0.0030393357230523695
151.527063500531 1.7310375416333772 0.006256900153178026
151.51422559397926 1.7395068714099642 0.0037383407052333463
151.70114974387252 1.6448203260276926 0.0032912151206931145
151.66213721518264 1.7000340410628394 0.004519505659985047
151.71889470631197 1.7333520336694803 0.004058239368740953
151.8070208239186 1.7487886625002729 0.0030749786490145243
151.8140787580316 1.7631582465767563 0.0036251660540280372
151.75763861046747 1.7545815123850597 0.0027365710269339717
151.81957781884773 1.7880625052858683 0.006493381728276899
151.73560617389813 1.7792002663837458 0.004802774151704654
151.75558545705425 1.8117769791371423 0.002976858245989251
151.63869301345937 1.7980524122690649 0.0068589113482197825
151.6604367080728 1.8080232575945767 0.006209468876363809
151.5785999909344 1.805617981456904 0.005291372849830905
151.6067853330553 1.821544162045351 0.003495062526160599
151.7265599122084 1.823686899754197 0.0035205801390003457
151.72398654283413 1.8363114820594797 0.003964795617216715
151.6527871956299 1.8463463291628197 0.002693340115204368
151.64178419987547 1.8451189541228985 0.0042031791354847645
151.67886274156265 1.8580989384528137 0.0027418735975878877
151.65357293005988 1.8754051217037224 0.002721288363723568
151.65163346501774 1.8812145642663505 0.007624954730577366
151.6938672872586 1.9254042922577093 0.004074184428910713
151.38287729226005 1.6814688374063729 0.0043082795415149205
151.32691480386555 1.6921486416333464 0.0034783924088637235
151.33898547219434 1.693446734810964 0.005311947751142655
151.4010463238331 1.690126750074382 0.018577154569344452
151.3326517371888 1.7242691209487824 0.0027175146536891548
151.45388240494316 1.7582197633940408 0.0037120136504911984
151.42191088683285 1.746361789293861 0.006302249893796754
151.42521552160463 1.7481103346413969 0.0032325074138181893
151.43914279189426 1.861020487501554 0.003666292662228745
151.24510555952648 1.741373277275815 0.0033029550591984263
151.23483364537262 1.7455511222475006 0.0077366250503600065
151.24212100188566 1.7595131792363383 0.008096836220182
151.27401711968946 1.766487235633205 0.0030365328207879886
151.29958723688492 1.7654516096084707 0.0031084809101488272
151.219182504139 1.7657199640478365 0.004869306527019842
151.2526454569188 1.7918291369048347 0.004744161880411906
151.35060161838717 1.811890595642196 0.003001468947575845
151.32632671323083 1.8323634955365948 0.006582145975319973
151.3803322376029 1.84412003810785 0.0029375029377861034
151.4021278431075 1.8692975588350689 0.004477566190546557
151.36699515276356 1.8772309894827008 0.003929563078758032
151.3520145624736 1.9121371592465073 0.0039845317761159574
151.51156836006092 1.8321494292907203 0.004119697942678143
151.5786816428911 1.8386579282195827 0.003945830265345977
151.5479379185609 1.8484274472601456 0.0036590262876832137
151.55752878045416 1.8879843891180792 0.00268715225627849
151.4560700818421 1.8746500224791969 0.002723433307814294
151.54169463705395 1.923189188363965 0.002763546551600582
151.51318724872587 1.923090448252738 0.008746285398287996
151.68450523896496 1.9339061659108312 0.004070972977576537
151.63209490987106 1.9372778266919553 0.0063685009014001
151.5719097570515 1.926779263292438 0.007535948634499283
151.58030456381516 1.9373866389801613 0.0064426891769391904
151.429634919116 1.8781017085598233 0.005853523949780558
151.43823361229224 1.8883947335336857 0.004166474609860538
151.49119584920658 1.9440032387521176 0.004305679106565352
151.38503659893104 1.923805718318701 0.0028761665401549246
151.4263158993675 1.9505724507151572 0.008707746144074824
151.45167711848998 1.9696599466179647 0.016545737488627896
151.46540735485652 1.9737805735658411 0.004007090901794396
151.46085307661582 1.9746866975446715 0.0034537902138449083
151.52411506930335 2.041471784398636 0.0029070181253342694
151.87956055405124 1.804659290983492 0.0026579213128972382
151.85931507401068 1.8119988628057684 0.006923787647759757
151.87883155393823 1.852010904605304 0.0027119733008068117
151.9044109566241 1.8536046659369816 0.00395883448420102
151.9268369722186 1.8860932500302152 0.00674398840011536
151.93057332083603 1.883285842010893 0.023361146456401086
151.91088847009078 1.8839390767556237 0.006077597778004523
151.82268908818136 1.8855518324106029 0.003370684039468541
151.87384815805495 1.8873805222330688 0.0029164622514730844
151.88110511830038 1.9143155759058976 0.0124801894961074
151.94802562876183 1.8949013970344168 0.004435394816716579
151.97823292830577 1.9194291238242909 0.002838105070672355
152.00404845380746 1.927675940685008 0.02474224625951309
151.97319669363776 1.9770852151856289 0.006613867339506214
151.9867243676119 1.9927837407584343 0.017132231319708494
151.96417704946637 1.9907185053644376 0.002807174658132174
151.76876354760984 1.8918766623206624 0.0035995673975563977
151.8129126389839 1.9355832602006509 0.003240666238334329
151.7394114785084 1.932139178384368 0.003405704707279014
151.7573317664231 1.980525527201169 0.004343614303787479
151.9023137456565 1.983920095871177 0.008663307896300083
151.8570685805591 1.9915120519694256 0.004277781073051162
151.92775472687043 2.0240108940017576 0.006669328428611193
151.9343882762204 2.0387472947186187 0.004172837759547703
151.81829475860545 1.991140790453002 0.008390086717940557
151.80375026732102 2.0269937794066992 0.006974258085820533
151.80250222603934 2.0240165421103344 0.002873578526407242
151.885528539351 2.024444112068877 0.012231553651697364
152.08730348293943 1.9725477126419757 0.004099220638382315
152.08742525184823 1.975779172877544 0.006673534571389017
152.04603881070648 1.980750842840736 0.002932170598136157
152.04369202171503 2.0167309610330983 0.004250940092658635
151.9703034548867 2.0144603355927604 0.005280388294125935
152.06763214921918 2.040328102611197 0.005045649395365918
152.0719479462754 2.0651545095274426 0.0035681492309872307
152.14157540844135 2.0237644173248945 0.004719674193235584
152.16635148970468 2.0439861900612004 0.002862092724050651
152.21694615192328 2.092607596304108 0.004573360849218724
152.20075210644563 2.094615613406277 0.003988157119038394
152.18608948946277 2.1071989944149285 0.004673356745608562
152.09138534914828 2.1200773394962407 0.0026439755798036047
152.15279318510716 2.103949506201447 0.0030355818299923577
152.15630579930308 2.119420980658808 0.003263419126975579
152.1249833539153 2.137737670458979 0.0033510994739777075
152.02860804202862 2.085076106985363 0.004996249750911351
151.91359449207675 2.0704578522399215 0.0028363938798479393
151.91574799346853 2.103705946103551 0.004990338607258855
151.95635585431788 2.157549543173979 0.01086707513078747
152.0424484931473 2.115200835442703 0.00323312499153703
152.12337082626948 2.157103096906611 0.003559430845202063
152.05303652290772 2.204395560953562 0.007495909932387314
151.69543881385584 1.996302008808988 0.0034749980851673723
151.71354354654454 2.0267330335171767 0.0044588188617333486
151.74583729871796 2.0288231637278753 0.003170110054779038
151.6760526720468 2.016208367764429 0.004029800297725616
151.71616251893113 2.047443411811422 0.002693932840600841
151.70847833429727 2.048805533093033 0.006414520163134985
151.767177525892 2.032079702198158 0.0031612103823156564
151.7896378344237 2.052198577620677 0.0032822273468790073
151.82813481931612 2.089860901353517 0.01638911564120131
151.59977044121263 2.02903863624712 0.03189958702053837
151.6240745191236 2.041554567846921 0.0033296145418117767
151.60741176199187 2.058653221615225 0.014569878649830547
151.67391230463335 2.069807914760851 0.004008628821030169
151.55115317538483 2.0697888299243745 0.00765276812483252
151.55070904621022 2.0803758745938454 0.0028740110899651158
151.6247952438482 2.102325074822232 0.013148616528367902
151.72375678456785 2.128408780250177 0.004723397382769941
151.6686092542742 2.1277375194833335 0.0031568244356815216
151.6690489878526 2.1268365047732383 0.004118649119297752
151.74810869879516 2.1627760345157077 0.0029357183308659
151.72146163538602 2.1471270598826986 0.004382941909126924
151.70330582123253 2.16445693412902 0.0030311445640152325
151.69882109652124 2.1964617995056734 0.005636203945376365
151.73277938709572 2.202883983330824 0.011992641589751963
151.87837209757507 2.109990922196296 0.0035759452398457675
151.91148494116678 2.1398469311476194 0.009102246019196002
151.83528541397104 2.1444752912323173 0.0033414726411399986
151.85014774897866 2.149407811532731 0.0038840232827267213
151.80151320555655 2.1604126541734674 0.0057225205326458485
151.8460213448316 2.1882018301944526 0.004568612246827186
151.85544648814053 2.1933807194223536 0.01010400714406292
151.97390979807886 2.1997900685734755 0.004599768921818173
151.98088556090156 2.2480262372159356 0.009555472998474106
151.90869105452472 2.2424419961271 0.004612066807832644
151.92333992118887 2.268781169154307 0.0039016593115690284
151.9797877358844 2.2806321517043644 0.0031291191440425844
151.81504162798092 2.1883516415440245 0.0034272222575419467
151.8269316081155 2.2019422662204904 0.005342984749991313
151.78684608266704 2.2309065327111117 0.002670231928935197
151.86141448657403 2.237242174627542 0.003526540003211835
151.8399767655976 2.26015503032799 0.0026693182124817383
151.78338761029465 2.2936266653136057 0.0037010476760754533
151.86961391298104 2.2964738252547767 0.00975065228821964
151.85306530124134 2.313615099115547 0.005630861491026955
153.11955705323646 1.44930394259494 0.013682014760494172
153.10609645214916 1.4651375347513382 0.002785182544156673
153.10384165897256 1.480550748874342 0.002777738604580881
153.02979502114738 1.4493716706400792 0.0027964471087736273
153.02189749328625 1.4519865119304964 0.0033331281742191043
153.0107058290013 1.456080626715271 0.003285667141642269
153.0267148794131 1.4729730434045096 0.0039529578143925196
153.06413472078194 1.4787010844081123 0.007126443800441649
153.0030908693581 1.5164933464325396 0.003934062132148073
153.03431861209475 1.547358760290011 0.0029028893002480986
153.11625847622375 1.5151065090696136 0.0028336269191502586
153.10984590393468 1.5109554905426257 0.00462685665306751
153.12172184760922 1.5334617322437782 0.0030536994763848387
153.09690196414664 1.542840816141522 0.003018204794204782
153.06786278505572 1.571771413796421 0.0038625933602954524
153.11736096422405 1.6464076390599574 0.00421753853747904
152.92105349077573 1.5097149502645186 0.007772376403617957
152.95440631611515 1.5276594643565995 0.0038680006163708965
152.9620451183284 1.5782653077904758 0.005263303087686932
152.89827536965504 1.5624231104930233 0.0027947573669148836
152.90774572681804 1.604322097467192 0.002668832020414657
153.0421486176835 1.6013601429677318 0.01882863469888447
153.0108880123108 1.6237134802780904 0.0036371769036110386
153.0006549118538 1.655149037173197 0.0036677927660215734
152.94533501292588 1.636492188461678 0.003823234747471497
152.9866084499462 1.684565465307753 0.0034696190177893062
153.00955206484886 1.6961498521466274 0.006725319165633584
152.86843838799817 1.6142527187045574 0.0034662412766541303
152.97664756880954 1.6927395403041086 0.0029460144630221825
152.9936486160099 1.7132187766740663 0.008107882282986275
152.9974356292851 1.700788421570145 0.011923177370533345
153.0027897771721 1.7140813214462562 0.0032515776865797014
152.96261994466406 1.725516598013939 0.0028442516887451762
152.96267955511385 1.7433877489460168 0.003835415372764103
152.8821731143434 1.695094608877522 0.007784880037483449
152.91841706455503 1.7293994641005228 0.004684977824958711
152.9186577744575 1.759774675268582 0.0034633402455718607
152.91921354381515 1.7485315666436765 0.002860863748684684
153.06187593728168 1.7131762562933728 0.00991681153262139
153.02762963011253 1.7204072478572454 0.018398103581733032
153.1143064471506 1.7347425047871805 0.003486082972874126
153.1059036632411 1.7838394764901642 0.0042315900727939865
152.96572298639785 1.7656436248811465 0.006737187739171983
152.95208410716063 1.805369106863827 0.00536173789065717
153.04377970163793 1.823828278739944 0.015476857702509382
152.98607549897034 1.8336076748773524 0.004824060709180241
153.10025047741 1.7970588337455051 0.003943646098882311
153.08721686185672 1.8518758683949208 0.0029003995536218087
153.04665817225992 1.875082468013044 0.003107064147194029
153.09039985558258 1.8783132104243403 0.002725998324821172
152.7778435307391 1.6829436739492756 0.0037936398582553944
152.73984522013382 1.6781773186385815 0.0042858201228214475
152.7321732490175 1.7178744122037006 0.0029433209021993475
152.70333129714308 1.7230856275724378 0.006255948064017859
152.73751448843183 1.742054210012182 0.0029076137879173653
152.75643238962164 1.77026639062613 0.006801725714013222
152.82889044670114 1.8515419752896616 0.002761082571486548
152.66704356516468 1.7689210755702485 0.003342047318815833
152.71275323541994 1.7721681788437913 0.022667622640966414
152.70417284290116 1.7794896137221494 0.0040834722124955935
152.74712240934076 1.7881014311564272 0.0027084078234202607
152.68807138297728 1.786530407416395 0.0034841854244442106
152.69927233345024 1.8080133691996605 0.0029200274871246656
152.61514691881698 1.7762768345402242 0.0035427068709033495
152.58917992837277 1.7844221980997588 0.006328035248609555
152.62035792855153 1.81509506728979 0.0038213977152887694
152.64640442433614 1.8117811898825436 0.0037248495819038243
152.7745217604319 1.821963409732908 0.0031078000877649277
152.77605524050907 1.8337385890005224 0.0039171130853033085
152.72737791667578 1.8150285083992577 0.0033139157614704797
152.74734973859475 1.8226533472742912 0.0034572321230505335
152.79907656003485 1.8918286526973145 0.009693334497285152
152.6812541656281 1.8638040183068656 0.01024138598862473
152.71585807425598 1.9049325766166751 0.004988405962067477
152.7491332146263 1.9143340055460576 0.00392753401152073
152.9465559735774 1.8170625699211085 0.00534844161898338
152.94697335086738 1.816426935444963 0.004572695103497003
152.89464509162346 1.8231274446037185 0.012223868509686034
152.96687092406307 1.852326718120948 0.00364141690968357
152.9893057824424 1.883949199697687 0.0027778795435646443
152.96117040214608 1.8821033510519607 0.0034862644279921745
152.89849656787874 1.8398247901638671 0.004477493815091818
152.88284985861927 1.865144883898324 0.0033470124253005894
152.9577801281805 1.9064264022854045 0.002746336030241239
153.05200391950973 1.907985648585813 0.0044633946097788835
153.0046298196039 1.8928162767525456 0.0035137310758910356
153.0134030058803 1.9078832179690668 0.002968589073559901
153.0908843246805 1.9330193693680915 0.005451823905321374
153.0728578803398 1.963946118781907 0.002926244595582286
152.9550161403073 1.952072357389636 0.004617771665720054
153.01798202711294 1.959649030986967 0.005216380222122027
152.99648003121774 1.9812150130401291 0.005442164056142257
152.83440977060357 1.9019796022940272 0.0034628303450365424
152.88198658390533 1.9322315367043268 0.004652643101480441
152.85249623391823 1.9473115618829409 0.0034279979190621314
152.77892081919586 1.9217686438259745 0.0069347431399365556
152.80290845659462 1.942620267239435 0.0034986343809094776
152.94314285167562 1.963993466081431 0.004331390250191653
152.95214014769002 2.005644621912248 0.005060141070646662
152.88479688850452 1.9932383088895391 0.0026457153352698205
152.9004907860945 2.0016493453757267 0.00574071827725771
152.86927775282328 1.9928223366864408 0.017378163928633082
152.89660187342912 2.040534806088546 0.003184401718478441
152.91531921597434 2.073492468071855 0.005290792443706622
153.1233631185122 1.965966666690802 0.005346481084001627
153.12176192832194 1.9794780213274856 0.003473698008104466
153.11337212447998 1.9926150462302716 0.004052562249981314
153.09601271537423 2.0269317344218156 0.017368000966589418
153.02965687880214 2.0332297000400033 0.01657204884249763
153.01183294637832 2.0298678397290524 0.0033890208804009062
153.04016767883778 2.070621144178779 0.0031381858844426063
153.0609975451478 2.090718683103728 0.00310543018181354
153.03978052514395 2.117840939646074 0.0028529026972865077
152.9991612387104 2.119569701598357 0.003618311351063296
153.01656392797037 2.1590517046093844 0.0062088308684582075
153.0938212640652 2.1189682665509975 0.003940292296608615
153.10820312043356 2.2241439495225968 0.003707730629032119
152.58901095302312 1.860294393536542 0.0061223357769821995
152.526358489292 1.835673977130997 0.003603227012257821
152.51419636088968 1.8775293584196595 0.0044957095416830765
152.67249564870113 1.9325035589282284 0.0353009313921092
152.69397047600287 1.945728912252668 0.011067016045706363
152.65943228974282 1.9790265885839 0.007701989099129908
152.6582018169634 1.9767648417400496 0.003759988915439616
152.6596104992913 1.9791957735625108 0.006414203133381004
152.65810026368635 1.976354696949793 0.00355723559697899
152.6773214147427 1.9896420660983696 0.004892044902331539
152.5123795759956 1.913711153408576 0.004096838221647904
152.47526271624145 1.9375040450669656 0.005905497222904273
152.46513990152908 1.9449380439786992 0.004450900796082457
152.4943101629952 1.9470459373731888 0.013014768862877777
152.49641167440782 1.9813646320044391 0.003250562490935099
152.46206010734585 1.9842641695846843 0.0030203410107146837
152.55669292431563 1.9638976265481805 0.010111797984789424
152.57692412012895 1.982576764133227 0.00789786488446004
152.63743115629583 2.004828010258255 0.005167388562606904
152.6295660612117 2.016809720119987 0.010328909318855327
152.80479038959007 2.0025418565939797 0.00564829153506423
152.7322453066627 2.0318688060183105 0.003731970048715802
152.69667185518202 2.017980202343449 0.0059722339174873105
152.75918454128262 2.0499956602082268 0.004821115650613583
152.89103247445448 2.063526481663756 0.005611605272701479
152.87929173351364 2.078186423452545 0.0067048593912021745
152.86417708117597 2.109243730275934 0.002805782515945702
152.69578745205894 2.0435470289646664 0.00647450185473624
152.71163790821802 2.0606037365012813 0.0064077414471750156
152.6943349602624 2.097125333974551 0.0029622488504718906
152.7203057893293 2.100382668695165 0.003450830235742214
152.7117794123272 2.1233272216820516 0.005253480621509152
152.6556306346261 2.0870352037653523 0.004175038835929347
152.65715769930213 2.085379271081866 0.003916991729996399
152.63891450642615 2.0945068410283647 0.0027529965656688253
152.65032252722946 2.1243381076311048 0.0032154898247326266
152.7859397941034 2.117921750598409 0.005448621121713458
152.7373960660157 2.134987407301402 0.010744682074073319
152.75920183021222 2.1490391562830444 0.00306930887113606
152.79007822881792 2.149406838855936 0.004811663521475996
152.78911903932106 2.147630039043211 0.0048358272102398256
152.8115094439216 2.1663222017294372 0.006517747993656398
152.82823145965574 2.1725352036937324 0.006956289289689118
152.72858424162504 2.20161292491307 0.004493971404241601
152.43725133286486 1.971681402546538 0.005578498808008693
152.45919797300851 1.9888616852751104 0.007770408120982689
152.4783445695054 2.0174807210858834 0.0035534951711577107
152.4603728363345 2.0194910022778685 0.002817839415097152
152.39834162946883 2.0419437140846592 0.004418669250188108
152.43197534713826 2.057218147837344 0.00395796878361914
152.47391899508278 2.0337807158160044 0.0038290357362085058
152.518680085838 2.0653835992732215 0.00870397819991297
152.56032175472106 2.0749290462441135 0.0027088021446860177
152.52522801843168 2.1117729127024742 0.007968629954413511
152.4346886445849 2.0881125825030766 0.004524851592166739
152.48779996618725 2.096158960876758 0.002703836862221429
152.47962024257984 2.1183010312307373 0.004978650438475317
152.48987479277395 2.1352256084880668 0.0029583523901867506
152.30075943283663 2.0392879104686403 0.0036098117531165497
152.38521523817002 2.0804127785356705 0.0035634874171166344
152.40057640209832 2.087882775121968 0.002880293369228916
152.35040436202885 2.0968942708775895 0.0028673042578227902
152.40739794446884 2.1057579079411304 0.005717661423158955
152.42492083873566 2.1375099318240633 0.0033736374933164876
152.46616460090985 2.172039446799831 0.003014729180361319
152.4074168915377 2.18732489592728 0.003351635985148373
152.3717929638414 2.2092248941984214 0.0031309656257944257
152.58176114088084 2.0928404819453887 0.005049982400943045
152.5799873972043 2.119232890330717 0.005022944905709761
152.6320030543861 2.150007564687201 0.009661343751372665
152.62387136119895 2.144639181827948 0.005961722603406688
152.63624636639 2.1719926451332494 0.002749426154158783
152.5867910403839 2.1657490495884417 0.003151609889685755
152.5047324593417 2.1580778973113572 0.003990480331878935
152.65402226948834 2.1998656433343986 0.004493749450451801
152.71170899760432 2.2286322608096567 0.003492778134615663
152.73657255160927 2.2345003179783403 0.0046505930646418715
152.72666704217266 2.236518121617253 0.002850010759729578
152.6920209196074 2.2504127645446568 0.0046074083454564225
152.68966555992 2.2761305472866513 0.011167181495899091
152.67892529575713 2.280525220144147 0.007004529998886478
152.68023086250588 2.294044358533678 0.005291381622200275
152.4941768485448 2.278334379629868 0.009016319017456753
152.4863899961801 2.2869608915263413 0.007589451318966499
152.57214697537196 2.2449331476261456 0.004719787650792327
152.60684115371194 2.273335015306783 0.023590556914222172
152.61914484827184 2.3288837789824552 0.003872138426048824
152.5419021889556 2.306228347415772 0.0028137103274411468
152.5225803690681 2.315205766807173 0.006780883837840495
152.56970295440672 2.3298961227302413 0.004330150684777591
152.594897002029 2.338975529030843 0.0032177360014610046
152.60690069438064 2.3405044963776875 0.004369103014618072
152.56974510892837 2.3533279925319626 0.0030957982800083553
152.9419332266589 2.100925468516252 0.007953609593188107
152.97987449420543 2.1396866270150197 0.003438887627494864
152.9903518961431 2.172020640245093 0.002746180472305832
152.8469492521433 2.16644474085213 0.008003576485897702
152.9204005131031 2.209424249822004 0.006061376203261188
153.03644457865997 2.2128356708556045 0.006268452143871828
152.9966063736877 2.2028664448621824 0.01025043083608482
153.04049542143656 2.220897201109568 0.0027154816640308135
153.04637635077063 2.2497624796383606 0.0032137512207334067
152.97631504361755 2.223465067932048 0.0028537090308711154
152.97311611558968 2.245653331876419 0.0026870991689389692
152.97787608357265 2.2601230288926626 0.0161536623040553
153.01722858657962 2.240475848799805 0.004187092059543219
153.02993501383006 2.287125421555719 0.0027187197030157186
152.88030906871262 2.2038479616991538 0.0036158868312147177
152.90734035174438 2.221370681656647 0.028689153099783593
152.81105020671438 2.2292415776712624 0.006061767495745483
152.75555436419577 2.2373367030260014 0.004717489037409164
152.83177593751017 2.271713508153854 0.005905715065438229
152.9638408083609 2.3209872699760035 0.0028283676717703243
152.84730736894468 2.3090895057499257 0.002927886516183196
152.88284791413002 2.317889950422112 0.00701073214542476
152.90902041439344 2.3544459426929993 0.003655644704391221
153.10136527126463 2.2772227581711877 0.010049678643102878
153.07569665779016 2.2973643220640607 0.005381191154231524
153.0638126350381 2.303688998058159 0.0039467505632267965
153.06149079087967 2.325526636044208 0.003164387822978431
153.0812726819765 2.3905145362157096 0.003183954879399897
153.04952593628434 2.398407932883959 0.004191228847429668
153.02488956609645 2.39732643945907 0.006003629523359063
153.01701160786942 2.450182139670786 0.0035864436747879646
153.08085210071343 2.4746489726418437 0.002784128619109124
153.11586557806532 2.4773017487752593 0.011920593530511432
153.09238510310502 2.509754438641675 0.003443790111117591
153.1183721606326 2.525520999664213 0.012737160448959839
152.75812389106844 2.286221012429456 0.00598378050651777
152.83336340675575 2.314828724430083 0.005301540270007733
152.69592587215817 2.288062508505526 0.003312743683856799
152.75004994143052 2.3189559501698365 0.0050774563625892565
152.7378650788187 2.3654247129335357 0.01033845352100576
152.91949149320456 2.3908869018887855 0.0027192256900403205
152.9213065245364 2.385533606734108 0.003520159318561987
152.83665838969915 2.3851810528938917 0.012038404991775803
152.7739174228736 2.381059423090758 0.0036419566291095596
152.83035667542808 2.429225415535337 0.006235790551371549
152.69555308085978 2.3622109301407344 0.0028701900504347127
152.71194693800916 2.3649463638388997 0.00658623389490231
152.60093398135697 2.397472682306273 0.003280060427222014
152.6118130971893 2.4119029154724747 0.006993577060332026
152.66871855192278 2.4176563436305747 0.0029886203521249976
152.68729636134765 2.4164400136103805 0.005029075314882643
152.67447025824205 2.42412437697432 0.007260421591007208
152.741220689483 2.441632662538253 0.00650879322149939
152.78567347199655 2.448359033104483 0.008775009182826506
152.81577644838515 2.4497928685573274 0.0027828734320083834
152.7791854077995 2.472211638961512 0.0029084461325056573
152.79309735927956 2.477335336083605 0.0038118685831469096
152.6934215722154 2.480649426422394 0.0035087116965322835
152.7647950099451 2.520167320511325 0.0028054073121170694
152.9624907989895 2.453111733192888 0.0027839305357406016
152.99813970542507 2.4549611294566507 0.0026428646353844573
153.03484723325795 2.484728748495405 0.00313668743781941
153.02911364214194 2.480204090553653 0.005216887237796286
153.0114616460881 2.5280062289506593 0.004119788866560851
153.04557885509257 2.5546304085880034 0.005894876347047991
153.00867556671778 2.5359662782055383 0.003083582729519672
153.0233845578614 2.5769219918622333 0.012622202246167552
152.86377742880498 2.5496049836461547 0.005722827884872157
152.97169228223524 2.595855127295893 0.004770185738070589
152.98607609676284 2.622054914377029 0.01628397022535019
152.21158490432663 2.124335959495958 0.004259808439331337
152.25130494152629 2.147909216698744 0.002814369299313086
152.30940519271792 2.2053511573090523 0.0027027194349766737
152.35340130456726 2.2263904122335294 0.004273793848411069
152.25785694539522 2.241092853730111 0.003608978373685183
152.2055425748634 2.2439584327986277 0.0029429447890330163
152.08675585118493 2.218830489006675 0.008231482602271658
152.081972239401 2.2593909359335607 0.0028697136574863855
152.24606340909162 2.260404665891264 0.004748880373238128
152.2695240277289 2.276247303465173 0.012391148011118312
152.1887034472805 2.2765426496449996 0.0032606555237488953
152.204408307091 2.283491434186908 0.003775713342416345
152.26167692076518 2.334492772200183 0.007529276646484743
152.18836424602475 2.314694631122672 0.0026717284471255796
152.15767378923746 2.316283686052884 0.006861293064413241
152.19716357425642 2.3362979195366766 0.005007246937651036
152.2369424629238 2.370677758499589 0.004553258527387029
152.4152069260661 2.2806231256253287 0.0039292136093748995
152.45584276310677 2.3137256733541793 0.0027431970787025793
152.4526176327529 2.332376322887692 0.013857425410353343
152.37524427189635 2.30344900188031 0.0033362751419024807
152.35486625672812 2.319224029056886 0.004282204905178657
152.35455625485778 2.3294658115545923 0.003303645885991839
152.41443515711967 2.351875255055913 0.036675322852012845
152.38103742295004 2.337004321389388 0.004011267913854309
152.50484238696174 2.3572697890837007 0.0047910076533282915
152.49480914964596 2.3685150450873182 0.003470184811539357
152.5639746308476 2.3855127714769124 0.0035811634603953794
152.4442758319254 2.3800125128834093 0.0038312056510016244
152.4204452909766 2.401310961408286 0.005464815443211933
152.36874746018347 2.3687141116603745 0.005698243379839709
152.34674661953537 2.371053954074504 0.051921923278718154
152.33179916337613 2.400551862255159 0.005971468691267583
152.27662623543765 2.375461552337486 0.012377033733707415
152.2793531805294 2.390576005957228 0.003304291320615333
152.2616069696856 2.4130437156461855 0.002992563603567137
152.31761592540315 2.4027108402893194 0.004151795459565288
152.3293810870814 2.4234874133517423 0.003734535220324598
152.31588824960826 2.429047195499078 0.0063256240884189555
152.33100693134827 2.4431752460330123 0.005194893692108214
152.4058284528841 2.4163084593755775 0.008650744087877258
152.36536902199805 2.4490951093114983 0.00430253319426061
152.35014355510916 2.4395133478102347 0.004941542269321536
152.35800550448383 2.46580830795739 0.0026460743907494757
152.40357119673916 2.510861588127379 0.005829322793033245
152.39796785175923 2.5286559279362812 0.0028571796919434488
152.0651690047554 2.270053540132953 0.003817944136800324
152.0082695078359 2.2914914281211844 0.008983410898140845
152.02888791107765 2.3060803183490997 0.0027787946215802745
152.05786201672615 2.321302378341326 0.0056761479200129
152.06133118785172 2.332902370348382 0.0048314281416661714
152.1293349062055 2.373593136971383 0.005283331968168142
152.13342932736114 2.381863210670839 0.0040519616808932955
152.18376549634183 2.3898184202860717 0.0030427203185599185
152.10414925719945 2.3674736655010444 0.0028981629798252536
152.13543834451235 2.4207547576804145 0.01500797489702914
151.96131462931956 2.333030806009372 0.0031160012241441045
152.03349163354184 2.377807399513873 0.006139513089421882
152.03792601344247 2.384589848155637 0.004609958699948361
151.91549319029923 2.359872677435643 0.002856233079381399
151.90123750274344 2.370298550971636 0.004213231423473757
151.97154896844086 2.3986100219038593 0.0029453149011660173
151.9654704326794 2.4138853063312573 0.0035801916440862196
151.95665550885673 2.417571813710341 0.005117277217928622
151.95074124184706 2.444522239632134 0.0071422096572285355
152.08438127279425 2.431002600812683 0.01001299235588017
152.04760299443512 2.447385289769124 0.00461997015066874
152.10767859180038 2.470602102801157 0.0030063409992113436
152.11943982714905 2.47444645035152 0.003619445025088588
152.08273600244243 2.47483837675214 0.0035470212443106017
152.01805612304537 2.461029301526803 0.0028736494909520982
152.07564247626294 2.498356447737929 0.010240073753170948
152.00962545349336 2.500062435503961 0.003907726136298645
152.21341159111606 2.413180382555267 0.015617264819237158
152.19818587755842 2.4172545731290564 0.002951979584351197
152.20526197410473 2.4342045209001943 0.0030366128438541595
152.21959874837486 2.4462669381953224 0.002846250727419591
152.2160283409776 2.4412789991071295 0.004794177392573227
152.30510043047423 2.4567442009772043 0.006989332631614618
152.27606999336172 2.4630045550093027 0.00791793960169862
152.26269106655138 2.487276001923521 0.0030857602098529457
152.2659837830441 2.490003186434941 0.008159194567483053
152.16324182688865 2.466513702040729 0.00288245920572252
152.18461922152258 2.4828764565275927 0.006712272813184524
152.19770586101714 2.47694759391635 0.004920252544566992
152.1339725646231 2.4780632568311303 0.004771004482771474
152.15164063622277 2.5260165079421686 0.004327726577986424
152.16720789128422 2.5359256275743967 0.005698292189016527
152.15203411323668 2.5752712575192507 0.006084350012415162
152.27320792612525 2.583748305497455 0.004142697522581793
152.27991443458382 2.618934433964147 0.003001441268597156
152.29460402101063 2.620463551665341 0.004546622267648842
152.26202132782095 2.613882999648216 0.003265450310608306
152.25555004890333 2.6470068358064576 0.007967302096096694
152.56345667891344 2.4514463482871953 0.0037439943925562146
152.57398538792944 2.4753198863716985 0.00628122115361626
152.56365254219236 2.491849180219198 0.0028305457881560134
152.55305726451982 2.5050427571124176 0.016304811399603457
152.67400910299617 2.4983939747538755 0.002811030350086789
152.71268519905155 2.5301593986145003 0.0047444212739989056
152.73267245522229 2.5199146258469938 0.005122194666749907
152.67490961222776 2.534738563403626 0.0036990526651708355
152.68595549011656 2.554248809815206 0.003414834925988422
152.71822516533092 2.5606172152069018 0.0031595364838153564
152.65639821054276 2.53105573797986 0.01801967523936906
152.5918737516726 2.5487868680427095 0.002828021192386308
152.61498355149033 2.5585555462051 0.0027629685697786676
152.61564293089162 2.564012616175451 0.0031253048766786825
152.65653109301877 2.5891651397255813 0.003526869859473376
152.5278055697949 2.5048583641881805 0.0056684279345910115
152.49037651119394 2.503720578737337 0.005500754080776487
152.51813524609048 2.539474488779275 0.0044658769705303945
152.48137281326757 2.5529252938330944 0.0026620909843770597
152.62604339104558 2.582909516849268 0.0032163054350093034
152.6243387749882 2.5792545785205485 0.0029667660094884105
152.54447053116854 2.6140879102192547 0.007335302436316904
152.50144997548838 2.603749027488538 0.007015581022238279
152.56351531856063 2.6412184648155295 0.008989792749166944
152.74754261640663 2.558016144825105 0.04203571458723131
152.77381339188526 2.560674790396457 0.0034095074175956
152.74757418739398 2.5809552637150657 0.0036595252631943394
152.77265237315527 2.6077273823854545 0.0038196473166859837
152.7299599973521 2.6129614186595456 0.0031617039340503003
152.69382801647356 2.605359452208676 0.00677944574708977
152.69102767381457 2.6169151986281807 0.0027289962859670543
152.75372086035807 2.6655107899227692 0.0036789426654743464
152.85397081892313 2.6516467665163104 0.002885346000112324
152.77388786163655 2.674111089018377 0.008332542445627079
152.8072143491537 2.7016289961123516 0.0043338963415055914
152.85093052716238 2.7251401210107873 0.0028541104101487834
152.81204347166002 2.7331113130916935 0.0035999029654366957
152.6584222777159 2.6656332109379304 0.0029504805742179337
152.7126706351577 2.6538785307351382 0.00367735544313491
152.7114467519821 2.6553261590673767 0.003607951406325523
152.72784942752128 2.708123469800487 0.0051343483939174555
152.61628095845862 2.6776511472250832 0.00494882007760196
152.68275517083524 2.7441563016396797 0.0033487404232233663
152.7490538238552 2.705355491163792 0.003374613267340445
152.77646536799398 2.7307359753626117 0.012748148816936969
152.78084277813102 2.755166559094033 0.0039423226447505315
152.75516646423262 2.7901220980467545 0.002722383003038274
152.41173039852902 2.6132180871470183 0.0036099485280012894
152.4105092256817 2.6073790610646967 0.005386073115362842
152.41166413454084 2.6042042792700606 0.0034083576829998883
152.4117919576932 2.641952328198202 0.004588652393549176
152.48219514724758 2.6419062521659424 0.0035140216236757903
152.5331500593796 2.6485367075103414 0.007370588065588207
152.47167616386392 2.6455329457686254 0.0031508813136097587
152.45503309390017 2.669165738582172 0.004056500694017696
152.44531979958964 2.7118269662370547 0.0045292787487976474
152.2923111654782 2.648496229801336 0.00283460431969385
152.30560633219392 2.6623650770044023 0.006108438906136398
152.35217881309197 2.7169019852060665 0.014671908997267584
152.2829134058537 2.6829270537710825 0.0030473993432473126
152.24652568852187 2.67952665473799 0.002945698133862888
152.31541954028953 2.7471231320705787 0.003422627414377008
152.46529715291098 2.743754499260923 0.003764659696664907
152.42263596921603 2.7456832142501133 0.007606469524857767
152.44238124656627 2.786592364107446 0.008002160993907203
152.3715069207564 2.7917302733954816 0.003425103934162969
152.5827401225172 2.697220859377216 0.005368272890395748
152.59932739361645 2.7143542801204443 0.004396665338332801
152.55708017691575 2.7209348740293535 0.003313205278682178
152.56098396608755 2.709807178661667 0.025578048564443914
152.5704681395759 2.7296405973544484 0.0038485944090918315
152.65271677898673 2.7576897317092737 0.0027234117672311044
152.59866459345372 2.769539357678721 0.0038921414894581385
152.54039675936568 2.733745608796374 0.004348215247599109
152.50411592612372 2.757092007148015 0.004143027772932111
152.54561053893914 2.7849528584186065 0.003346541728222846
152.5860096779077 2.823355147944096 0.006047904706611458
152.5748085305314 2.820337729762559 0.0028561606706152187
152.66981582851523 2.7847565334779425 0.002969384106211237
152.71776683723002 2.843577955679359 0.008075908497601763
152.59985076219428 2.8183896056576923 0.0048593854570693875
152.68429688610993 2.8568902973911054 0.00336649764204413
152.51313947014953 2.813064037163254 0.0031018326967965286
152.4902427041268 2.8250176497250528 0.004370651709559348
152.5321002322524 2.8215180703690756 0.003074303146855684
152.5325886835061 2.85880399497925 0.007829852748609633
152.43690033673687 2.8244613683085276 0.003746324690882993
152.46040207910357 2.827039995281361 0.012194635946969576
152.49828500070063 2.8650980318632207 0.003891627463831385
152.50089762200838 2.8862139386831833 0.003453718640773779
152.4954027808005 2.8895493369380114 0.003219843731495838
152.54800021924623 2.8733830001656053 0.004614589298825598
152.65388933942074 2.907353499524811 0.015529235448496851
152.53111761462253 2.8865735215878052 0.00340194207520275
152.52428130468286 2.8854385637419213 0.0027494668930792996
152.5275453510698 2.9323061093845095 0.006336156996611309
153.08958507804405 2.568431081144845 0.0036989600397847036
153.1021849926887 2.591300399089534 0.003443975074465744
153.04049077145163 2.6111042458025677 0.0029904589113246703
153.01681346778813 2.650014793853666 0.008374227684330325
153.08240656468635 2.66858332641165 0.013253941354669847
153.06479268359777 2.665881280906003 0.004072564953506119
153.06840624170238 2.708505165314846 0.015903822852532324
153.0010479249743 2.7275263607567983 0.00772440514800289
153.0075495276007 2.739854446313527 0.009788115257062394
153.1075735618011 2.7544273799228662 0.007340059148583902
153.10847310636197 2.7581814957179818 0.0114918217129348
153.1035042714176 2.7552499076345596 0.030025540229530603
153.0265575112309 2.7564405056832353 0.0027629303982208983
153.10768226287598 2.763629108006959 0.007831640247836719
153.11759405388725 2.8076482866177264 0.008684032389691903
152.90203729486174 2.7220275020812257 0.002655542794984624
152.9275089485833 2.7330288176525444 0.005830759312988992
152.9983761631433 2.7633732052201534 0.009716103884176428
152.97517162425373 2.7750253112465098 0.004016353909671191
152.98201094815263 2.7834698341818487 0.002768505589147177
152.8779290793826 2.7883864669712466 0.003075675545538873
153.05060489785063 2.8197104644965947 0.0026501303733892775
153.08841737794685 2.823841349874629 0.005202626929938289
153.05114688139216 2.843502506940146 0.006154409072110933
153.06275373731106 2.842588121917146 0.011911197194467803
152.97974757975774 2.8085208696619937 0.0029981252678974745
152.97587701624283 2.821465271409492 0.003684133928449261
152.95302800410002 2.8522557234533847 0.002920828782625457
152.96332327083778 2.86213271127715 0.003939029557110014
152.98252116455544 2.8633071066320457 0.008051833293723885
153.0267541023822 2.866107883715854 0.0029419281009862084
153.0056529615282 2.881418442948422 0.005291123574413163
152.80187690958917 2.8292664729980044 0.0034014971359047175
152.7774835520633 2.8433635248268763 0.004340233498887862
152.92280568963102 2.8940331872730165 0.005723387683876331
152.9769380179942 2.9091861498381566 0.0027493563581105704
152.95253913472158 2.938362398760044 0.0038084913594101737
152.96011044122443 2.9423788348254076 0.0036082045066974607
152.95103180509307 2.9629794043348463 0.007235065873476263
152.89233569381526 2.945163627234863 0.0028308785949734097
152.91404571519485 2.971851245482915 0.00580166802546985
153.09596483466697 2.879654359823663 0.0030438179905576345
153.09814023421458 2.872870653863746 0.002748325102514196
153.06553078020002 2.8915482124257075 0.0031384349724806093
153.0687672858752 2.8867204071661106 0.003537163620019991
153.03222622656472 2.9117272824949008 0.0048153530008921645
153.10148864778256 2.9374553012117226 0.0026653092689746935
153.08953204422286 2.959663650677538 0.0027925673407745524
153.0813912259002 2.960220366243864 0.004686758919917314
153.10668969020583 2.975135329992653 0.003429913437103667
153.0140207840141 2.9336053773137327 0.003108014022975378
153.09064481877655 2.996454237717345 0.0032996807611833214
153.0436785677041 2.974057785772332 0.0038901458530806645
153.03265998046655 2.9937458305911115 0.0033750190197321156
152.96538012927803 2.974844088723426 0.002900689979114915
152.99395319181966 2.982533443193071 0.002696935497768651
153.00696531312315 3.0078434533760197 0.002798751823943109
152.98975887594716 3.013043001029078 0.0038283219161242676
152.99964921783584 3.0222310095138996 0.003124142857488097
152.9877806357198 3.016916516100707 0.0031130364415836256
153.07748717519507 3.0557950068755497 0.0028525361677754304
153.05164462378667 3.076104355616957 0.003578902891803857
153.11036098017095 3.0743306657440215 0.007932425183012142
153.08704738948518 3.0888724072192955 0.0031924800323928654
152.81888257153713 2.8940055625947956 0.002880592228085748
152.79048662789282 2.933014138210052 0.011216173524694081
152.7858764173537 2.925271013224808 0.004062223456842065
152.72861936366897 2.8932827261151353 0.0056877553761719175
152.72339197366438 2.930801057076362 0.004999720016719555
152.71294581963042 2.9330509155014615 0.008674958375419796
152.85719666752502 2.9823446990626565 0.003029197289964675
152.89806186034548 3.008484890949315 0.0033599405613203358
152.78808149624552 3.003956741891638 0.004016340731297602
152.69695038064614 2.9547828598024304 0.003461493812337464
152.68868587145718 2.961976600425268 0.004009524158971016
152.6465491821657 2.967384798679363 0.003477856147845172
152.65697150717713 2.9766194643390147 0.011502175098655806
152.60520657491952 2.9744195762058903 0.0043767543254063295
152.75477350558845 2.9892794385916304 0.0039814172578952235
152.7601171176565 3.063821425904337 0.004468619687987629
152.77649350665078 3.0770166122623803 0.006313010106881784
152.76157458978713 3.0674598920267258 0.004131315140458315
152.74090848753104 3.1027264821621787 0.004868233657537585
152.74739172173574 3.121073451052644 0.003377302096577561
152.95289824316225 3.019857323209974 0.008922567345926334
152.9327866255145 3.053983242713562 0.0033986100287994227
152.97793561117396 3.032534444762941 0.006765969093318919
152.92004878672546 3.052065614763442 0.004971065031470254
153.03260627555744 3.1111522594210888 0.002939799925887694
153.04051371301023 3.1174980857989496 0.0032766902178857304
152.98630875476704 3.122834319938836 0.004589287175640263
152.99880429829173 3.146401431116412 0.004609114421238944
153.02116062139106 3.181646513731361 0.003128101018145791
152.8686410766392 3.090023717498632 0.005503976483095937
152.8507560524659 3.11368649962009 0.007758211494621946
152.7826113628338 3.1426820174280823 0.0037455128348340082
152.79690189900427 3.135964837434126 0.010221795300477402
152.8469743911655 3.1592675180559 0.003195195343543359
152.82117695995134 3.178352350784173 0.004701218479636026
152.90832400918958 3.161832100772462 0.004268488587639559
152.8819940915204 3.227117169601252 0.004090714871413204
152.8804765401125 3.2248156650828728 0.006569444524764429
152.8918330845368 3.2364991000288734 0.0027070423158711875
152.95028502634628 3.236613983146742 0.004166130115688967
152.96061048765742 3.252688953289256 0.002818785375525217
152.9302098340142 3.261918937426625 0.004512188710807416
153.07381596038584 3.2027974801512045 0.006079960595733913
153.00265910583948 3.2339669508060327 0.005201885033052431
152.98102969335815 3.251505689382712 0.0026943632087648465
153.08469560536233 3.279604544233942 0.0032173682712531193
152.95583078068287 3.281385995737209 0.015278119219091352
152.97457165502266 3.2918671327532127 0.0034935640477693018
153.00690879581256 3.307945359827277 0.0031064623874754033
153.07218036552035 3.3731812872591953 0.0034327163978128757
153.08787873359682 3.375713587452005 0.0028301597460742307
153.11009452447442 3.386068692764023 0.002877549973461357
150.5098443913926 1.2736926495088607 0.006636912616235688
150.43323449603017 1.2496964672095892 0.004773475574066281
150.4293167292826 1.2646544988921211 0.0035896429643504867
150.4605226161521 1.2760579966185066 0.0038447995233249267
150.4776158170506 1.3000466993245126 0.0039230565155110525
150.44179184756834 1.320086153357867 0.0033380921358009273
150.58196248741845 1.3038462793526455 0.004824893366951775
150.59216624818163 1.3042507750070522 0.0040562656020051045
150.524361312556 1.311256124853642 0.0030000159907824743
150.54904016761856 1.3310659737513355 0.005248447467195411
150.62255689232703 1.3538826338197243 0.008871955087474058
150.5624618363371 1.3848175548809358 0.003629602409945385
150.44802771549678 1.34634245893527 0.003414188181138416
150.31473829949726 1.353194952534734 0.008277571096456996
150.53570811774577 1.4338849578956914 0.0030219132967379387
150.4387242898887 1.4164090284782596 0.01064747182708985
150.39579728890095 1.415275617056506 0.005381680359350139
150.45594530733436 1.4694112787863969 0.011945296928051026
150.5924205949994 1.4411527807394833 0.004149821196152305
150.64827221530246 1.484127645419948 0.0026456221295458496
150.71207902810423 1.4828350914949948 0.0034963602137990093
150.72162624446403 1.4858244451031708 0.03426871566682269
150.7050615683548 1.4891102612068894 0.0028257584477230048
150.7356665645448 1.4977766614439896 0.00429682003734835
150.76665416464436 1.53089662568361 0.003283258895675371
150.55820400175904 1.435505458547403 0.005130811619772325
150.52339266181414 1.4688603274699217 0.0046330726425501635
150.51873985886058 1.4691018710039978 0.019848457175555882
150.53986332375996 1.4909186280748143 0.005790772250915119
150.6679007873003 1.61865196337319 0.0028237059217677773
150.48989701099256 1.4745721199531885 0.005315500882827389
150.53550468121307 1.5303719676171688 0.003140639797098969
150.673779468155 1.5716254287644846 0.0026544224979098753
150.6766048969974 1.5846079018027903 0.0032107937920720806
150.61421303450052 1.5689877814072362 0.005115794193075813
150.59039965693452 1.5814279261293014 0.008783285296281623
150.65061112500564 1.6182560127341408 0.0036411985793625757
150.26113293304866 1.3883466911637183 0.004684058167860281
150.28680855069254 1.397673656883634 0.004371702798296251
150.23724510703104 1.4280337228352824 0.015936912368634957
150.41348107732097 1.4769570245106802 0.003684368194822127
150.46646865606516 1.49361541895652 0.02366269890590884
150.43816273771634 1.4976977251469874 0.007620249473679564
150.42994275472006 1.488954426318719 0.004856162876462659
150.4169633252985 1.5209365018047316 0.0045194683526703265
150.37908752846843 1.514117489723401 0.009333640721091252
150.35617433130855 1.5313932234137284 0.00384488438005611
150.2284895904597 1.446030289412663 0.004948971691454961
150.276155617112 1.480597514180916 0.004199527162487794
150.1386256014566 1.5039553002979462 0.00516619898334996
150.20757868381165 1.520122355511669 0.004449336881713063
150.22887119029133 1.5162971305379336 0.00811542492738047
150.17893618821046 1.521633656412705 0.006109921839534309
150.28580603508166 1.500876570759294 0.005338142028722939
150.32334954061125 1.5284218073023854 0.010501511072512447
150.28156620930872 1.553848240658221 0.0073217894287169825
150.31389947096164 1.5642537659233016 0.0034873360124610593
150.32889877544062 1.5626837802197069 0.005446082294983502
150.32422640329952 1.560192316530386 0.004310729679259125
150.32365586867047 1.5788236228925778 0.002647417008081962
150.27404469747893 1.5700626229859058 0.002712005429203243
150.2454144653469 1.570734684627169 0.0046804692853440405
150.31012254884322 1.5953073925703092 0.00535609984943933
150.46477639543374 1.525559744806483 0.0031532630343963407
150.53375645305394 1.5531883699730242 0.005694380121915181
150.5107706666305 1.5763571765276132 0.003064069343137824
150.42103812623293 1.5351703045959442 0.01046982914602444
150.54944996324735 1.585009936399537 0.0026815624133378012
150.5507531317497 1.6039909109683674 0.008704431253212047
150.61691086934667 1.6451317701040606 0.00293878432428491
150.55828427196093 1.64094345833711 0.00418025003915305
150.50157724901254 1.6160611943587595 0.0061665964649006665
150.50347144227752 1.6186747279943474 0.00495327214234692
150.43755142591738 1.6184760173942934 0.005828837186785178
150.4216172001278 1.6250434638233684 0.006942470445611345
150.4516685676403 1.634254048357059 0.008117743033018675
150.43008140118397 1.6388711770139794 0.005702158101018222
150.34931458938104 1.6460445846990197 0.007501393099366779
150.32211583852384 1.6478964457545455 0.0027817233409525655
150.3666937785059 1.7010472027467074 0.007411390212137609
150.38768487354466 1.7142979029236802 0.003023313056524332
150.40094574877594 1.7259666236942244 0.00499572311226371
150.4328204352907 1.7249379188455365 0.004272432790914043
150.41372996498305 1.7386998853797635 0.003961567221536979
150.48360814209695 1.7505624235734245 0.006828247739582392
150.8390166157475 1.5256794597300654 0.010076836211572236
150.7853955442751 1.6019812824263115 0.004877584811126817
150.87806923444447 1.643846344852069 0.002732902982599531
150.8857849348039 1.6421081828124025 0.0098394931930286
150.93224163410198 1.6853636023238117 0.0029920737197089886
150.73340542860123 1.5728102953628664 0.003992027732127438
150.72106026381408 1.619760129972021 0.007091341324959118
150.76345563356398 1.6666629055538482 0.007754343397315123
150.6843278692902 1.6092354325266596 0.0031977770006343317
150.67966012915645 1.6463524962907543 0.003260475113018744
150.67441110070052 1.6426742853589478 0.00489577995247028
150.65418700087392 1.6367322960280413 0.006510881777163774
150.71947480009885 1.6854960204060698 0.004012051458306215
150.6988924971625 1.680711361025128 0.006529383758570416
150.72794362759333 1.6853889615264657 0.007278809187977764
150.81851924676846 1.6989773751712638 0.0027321091741554456
150.86316111276082 1.6960041979566014 0.005666977386233812
150.77285242564182 1.7262693267289837 0.003213048340720713
150.77871772536383 1.7269306090417342 0.004313935521601752
151.0226780268932 1.675592485239095 0.005543198931564455
151.0161710601819 1.6956768158893485 0.020219578342964888
150.97189110943515 1.6941114734143206 0.0032702681872027943
151.01035588711244 1.6977365424446202 0.0027245458424291777
150.935732965625 1.6947836043812137 0.002970293840369017
150.93037795003644 1.721329705711922 0.002699676490599929
151.07398846323832 1.7755395360792994 0.009165682298318883
151.04583255047896 1.7795727353284196 0.0032569318754620876
151.04261923412315 1.802732905693832 0.0029808055393270483
151.10742940495754 1.8454039792994057 0.003029500612351949
151.0780585225973 1.831686865493968 0.004195342046034564
151.07829696848617 1.8504067009744425 0.003178532157724944
150.9071589721136 1.7801613093158035 0.0040758353777773535
150.93707040295885 1.801884985119336 0.0028576088986782145
150.94437778141562 1.8147248118603303 0.0030106060470772946
150.91708976018504 1.81114818391768 0.0028194020073621646
150.936818869593 1.833336596626825 0.003776133802890503
150.928179828192 1.828509203760507 0.003964415629176764
150.9138359965969 1.8250122647869813 0.0026582233564990867
150.87915561413595 1.8300876850676957 0.002650890840965322
150.97008443032138 1.831093356063761 0.01177608250174631
150.9713055151819 1.828684186359934 0.006980173772992892
151.03701037368032 1.880598753084452 0.003499389219913815
151.02732108644673 1.892211734775082 0.0037583371305378362
150.63871661669074 1.663068528488341 0.003923388634116945
150.64538252175646 1.6620107732462248 0.009414569148656599
150.6284189922833 1.697138817013166 0.00352594297850393
150.7181496576671 1.7053034987071904 0.005092619628530851
150.60629629398514 1.693659270754637 0.003160074523385656
150.58620973470656 1.705659674454005 0.008103121943180714
150.64537110336877 1.742680154292793 0.003340857445062105
150.6944507050616 1.7565496829297684 0.02320910033982734
150.72899769138215 1.7723751087717288 0.0026807878692325844
150.5706032243321 1.7474725381611207 0.006874427238915045
150.57402575366797 1.8049089119132016 0.0030788349622061233
150.52042825556163 1.7757922769073853 0.00448944850653861
150.56872949651705 1.8183182760880707 0.0030807259344930735
150.54563735097935 1.826121548955546 0.002735904095997235
150.53424627365084 1.8310107341507085 0.0036192768889267506
150.55493337314587 1.844608669368951 0.002676989141665241
150.6437525828503 1.8062873910754 0.004498546247447399
150.63121415819234 1.82360699410247 0.04003088800057094
150.62349126948527 1.86930325817151 0.0037592904342501642
150.59313661131844 1.8797378935995157 0.004381704843142627
150.63979506207377 1.8951008160075469 0.002748090650763114
150.84071975373644 1.8105398250288296 0.0032246909933913892
150.83955181588522 1.8790273971525495 0.008820136770363493
150.86168594393448 1.86986807348739 0.009041872310293008
150.8625620900821 1.8696867728446132 0.0039531986612245575
150.87529518808955 1.8867150943225404 0.004023893887722019
150.79013293116455 1.853355023973472 0.0027905922232506664
150.76457349376798 1.8535039140523288 0.006094603680747984
150.9343555739959 1.9103830613035424 0.00396341537355393
150.92956229660314 1.9331326874074928 0.005751025451747766
150.9567365456854 1.9538503154236848 0.008049348571386854
150.86166094055142 1.950461468192594 0.00577075431015736
150.91357491352647 1.991641155566319 0.00445114707622097
150.68205810218004 1.9256324106735816 0.0036950936908814553
150.86283768113285 2.0065780212960016 0.003954861915174699
150.8441849109526 2.019351274723503 0.0034258340344717354
150.86028864393535 2.0346943152900887 0.005599601801907225
150.76838629766692 1.9958312832465832 0.0031306273830168495
150.76725455047892 2.008947410170633 0.0030034478782625215
150.82570223909084 2.044627664989477 0.0059833330773773445
150.84007611032777 2.057552774483763 0.03158244497208866
150.80679023159462 2.0510443918758816 0.003471884904899676
150.1104707150637 1.512408437523032 0.002803278167203513
150.1136881556141 1.5449690430666263 0.0036692054052849562
150.16618355799878 1.5607990076442542 0.003486456248482032
150.18371904347606 1.5634554187720884 0.006252295771801777
150.18174977856668 1.568237847863709 0.003512971929925592
150.1749954237817 1.5772970257460512 0.005204790156886923
150.07754083499415 1.5944417250695062 0.009251652237646795
150.11021420018747 1.58599740103336 0.00683894623682058
150.08550662326945 1.5939567205785277 0.0038578493081390234
150.119987817988 1.6287789922485298 0.005197601566110324
150.25312288962567 1.654335329433778 0.002693618738507647
150.25556080884127 1.6728571426187535 0.0031287584073285478
150.13853621729302 1.6566679290779889 0.003588636868466773
150.1366734772808 1.6545653793358135 0.003181165395761275
150.20085651404736 1.6745999307293955 0.004155251353339847
150.22869849038878 1.6621843058118555 0.0029084873190072325
150.04132607229977 1.58589974849836 0.002922184646675865
150.040410134486 1.57922156536563 0.003463269551148602
150.07216029012804 1.6368765761885358 0.006417360393967997
150.0419465973059 1.6313827037830146 0.003976556108192264
150.08086044232576 1.6531102522844323 0.003390221116492808
150.0649827802556 1.6645705442269902 0.0027008461109101463
149.99124009867666 1.6211225454903686 0.005897084414978441
149.9485299209632 1.6410586396091562 0.0051516683266171264
149.97445288191795 1.6518218562061813 0.003310385336631719
150.01281808428928 1.6620191163044276 0.0028294672702505437
150.10460529682024 1.667739402568713 0.005929270579402472
150.12209156452866 1.718975202648478 0.0029318480595099936
150.05109324807063 1.7316885790957102 0.0029303718223240766
150.2852171642761 1.666750284936314 0.003956275527510208
150.33072254985714 1.681481224418809 0.003268930668421302
150.33933336313513 1.6950917654958046 0.00657108726338561
150.36949747835055 1.7127445987690888 0.004152397200903151
150.34683653355168 1.7256540552615578 0.002664716767016657
150.29007550428588 1.7449638151290183 0.003207254916982666
150.2909571502065 1.7867120991424188 0.00525856019430072
150.38857185476044 1.724564094803689 0.003895658416834461
150.34389197499902 1.7705943547415277 0.0034364079067007564
150.32509678641466 1.7689820164042238 0.003475790201812044
150.40520313654702 1.8326719803109843 0.003597739543450324
150.35107784459453 1.8385248819151112 0.002969334263007242
150.18259222515846 1.80725544521771 0.002886273750263645
150.1592495285566 1.7916407448398135 0.008190184300270981
150.14549678237287 1.7913703494948394 0.003079254924316006
150.18186130966905 1.842225834040303 0.002665444503434542
150.30572712632673 1.8295552797019872 0.0027047508105689185
150.28129581912827 1.8500517893493649 0.0038259053315763862
150.3591449565378 1.8764594204105507 0.002924215330513312
149.94489273908044 1.6465847946439836 0.0027490449089058035
149.93751435750988 1.7041802372156063 0.0033259644631771445
149.95382083823404 1.7058527083408 0.0051090011403238066
149.97784459672968 1.7207048884301983 0.003230145606401377
149.9790348340409 1.716195195435494 0.004648280628311265
149.89876265837822 1.6892889433584517 0.005053069011833184
149.9131781672456 1.6958092080378684 0.006457980355671627
149.91321007244338 1.7144277716162553 0.012087560188629406
149.91835817722202 1.7351713307544134 0.008083597289799372
149.87855423767405 1.735735845447388 0.004970713070198308
149.94910991275498 1.74065856942018 0.0032630095481742793
149.94297883769988 1.7740647105480445 0.006867409178992764
150.0657195345516 1.7602176190932757 0.003275559363401152
150.08689543989968 1.7782258683653154 0.011382698946047903
150.04011685235295 1.7855050839878608 0.005059021086752592
150.01277640579065 1.79827642195158 0.005063650816725621
150.03838154463116 1.813170463499948 0.002652983779060792
150.03994950692316 1.8330865212592031 0.003811848439636805
150.00295469588758 1.8183006391859364 0.003353251477492276
150.025089773451 1.8278711456590384 0.005179724483063222
150.014527111008 1.8455155702551695 0.015096192134744552
150.014988386349 1.84589109036499 0.015444347317468876
149.85203131557537 1.760044270026531 0.002968112853249607
149.8464858959205 1.7740708066655075 0.003249142018835709
149.89005025050605 1.8134812925616055 0.006823087874891225
149.80813399499235 1.765311063883206 0.00264682144440505
149.85349691897815 1.8180248107139216 0.0033368641388192566
149.8640037413569 1.8203652444819016 0.0028547723361031247
149.94152469082422 1.853662110544147 0.002916605393790124
149.94168153174084 1.8612099756914096 0.002661114336013233
149.97358648212716 1.8805299389548655 0.002931903146797349
149.92507850967647 1.8682270060787165 0.0028023881289177244
150.1162824817282 1.826609502026138 0.0037585996122188325
150.13902838186036 1.818418437142609 0.0035350228845323585
150.09374338544123 1.8451366124140096 0.0034661259884691442
150.16014538282317 1.8379219286248951 0.004718631196171539
150.0748584375202 1.8485068209871345 0.0028858003690487083
150.03868673991497 1.859483218266041 0.01113261460330502
150.1197150146093 1.886800594463492 0.005094574349042145
150.134017404216 1.9086675384209848 0.002692309413057025
150.22322582859246 1.903240001496744 0.00281000371853621
150.18483633412552 1.9087175845912856 0.004757956746163473
150.23939334600655 1.930161145776836 0.012152288453027377
150.1968775371003 1.96159883914182 0.004709964942963738
150.2452247460931 1.9800757962038789 0.0026807604623973785
150.24241781773864 1.9788295360235408 0.005288320217672908
150.174604116549 1.986845903094332 0.006406135340239893
150.19279085198752 1.9870766083702736 0.004911751366167765
150.19792112033596 1.9913524843357575 0.002939522945748924
150.19404113634096 2.0003437894760387 0.0027223920297199094
150.0352445903493 1.888255545099755 0.005128559395860494
150.07464171840618 1.9150351544091189 0.004829590400414702
150.00707576089766 1.935338622829066 0.0059036942113819685
149.99944805912278 1.9892436224079024 0.004421822952007101
150.04142629361553 2.003095011807971 0.009375391445117922
150.09254450622592 1.990019091780872 0.00666912434124112
150.13516033638024 2.02782370112752 0.003180920167427247
150.50680485971466 1.8563224861297505 0.003520378416136142
150.54369671230106 1.869959802107658 0.02639475493593945
150.50010073505098 1.873982066059148 0.0031850614788780057
150.5118101309858 1.8845960091126213 0.004207219634647239
150.4256978317984 1.8888312690199371 0.013633411070242173
150.52446959805087 1.909405385116867 0.006769103345375686
150.45938200549395 1.882560930800738 0.005193783347780212
150.47889998944444 1.9019513890490092 0.007276416744976154
150.51674390469995 1.9041363840410348 0.004885354233963993
150.5998603922196 1.9361038424250083 0.005513624360857606
150.5786436538271 1.9346459035211656 0.0031981582874600037
150.54426656192186 1.9437367198611188 0.003059541085900461
150.51534368889466 1.9511444875419448 0.0029659794633435832
150.56335708639898 1.9587188216295557 0.0027297811758757702
150.52798484543965 1.986954184738014 0.0037816590398105517
150.40236197286382 1.9317758687767157 0.0034147831488684083
150.40235092241 1.9306549263264732 0.0027992394470147076
150.4135649078158 1.9400617726738076 0.0035963248557153143
150.3679992147431 1.9933923889294232 0.006022064525718533
150.49245434393447 2.0223953062999733 0.002667852898949101
150.5252182626565 2.0412470376861123 0.004134281314807598
150.60375802146416 2.0050857176569776 0.005251942523850165
150.6142792991843 2.0354424503841364 0.0071277115272284745
150.7444853077071 2.043788765531694 0.0030047263780792477
150.70016127525886 2.053439541797373 0.00995124078161501
150.71228534562724 2.0577584626087635 0.003006363739236705
150.7022804062632 2.0920046853936465 0.004253279174246575
150.7603713260805 2.1363336110695244 0.0027439118459419046
150.5834729933866 2.059359817431488 0.0029976462765633457
150.56055663687644 2.0812228602897633 0.006529200866905227
150.60474004538105 2.0583116256639498 0.005245581930175807
150.620261150981 2.0997701109612623 0.004061994627092145
150.6095625587469 2.11624681796061 0.006926972039367574
150.5069968733507 2.065394183986103 0.006091061361496433
150.48899370159623 2.098945152683242 0.012193559438460448
150.51046323021842 2.092281528842927 0.008123825564368022
150.62656376131082 2.108160142905552 0.003993754635808338
150.645625022193 2.1227074218781534 0.0031198905569772696
150.64332876020063 2.116062341384963 0.0034944156733603955
150.65157222683055 2.122276318068827 0.006711395148219614
150.62386196693942 2.156047139997979 0.003442780778812674
150.60640656946066 2.169256691228914 0.004219457429606401
150.6238265424404 2.191284432075009 0.004821866860262183
150.35799725469712 2.019292775298209 0.012055789728691679
150.33786576424808 2.0369106186942227 0.006275678902145921
150.2993773498078 2.0475086110769087 0.003934185239263434
150.38400480440885 2.0192982941434745 0.002819444659553414
150.39886896553307 2.059604029107467 0.006648767548900236
150.40013896517027 2.0561597708489456 0.009794349553288085
150.36291298968155 2.074277874592043 0.006191734841870729
150.3259088971004 2.0979004777924692 0.007613455253710214
150.3780405163237 2.1125934894444507 0.0032897032556004004
150.21251664739123 2.0433949255628625 0.0030151989250868814
150.22368664710513 2.100276127264756 0.004202941059058118
150.25649086309073 2.1147526571413953 0.0029929194914346535
150.13641082483076 2.0849544213480637 0.00920966047294071
150.20184779553009 2.126258615288777 0.00731404207955327
150.3153087566174 2.1797739318387572 0.0033202244212785868
150.30875898793175 2.1742327152280945 0.005180337077493157
150.2990472919295 2.228880604037335 0.004769010675575388
150.5382784488901 2.1786473668152264 0.006361990768837061
150.4232138422844 2.1330221428750336 0.003094831721238005
150.467326362223 2.1994257141198545 0.007572663164118284
150.47007276256286 2.2092999100741832 0.014658904976335069
150.59258118245788 2.2200984061276454 0.00374214140823257
150.5866512824458 2.253318841571519 0.004073187427813057
150.59995839967158 2.267893099698076 0.019378974650185635
150.5382266073811 2.2326425511775203 0.003875048742001962
150.57800044340516 2.262862212211939 0.0034115239508027795
150.58072011842498 2.276771367067436 0.002900680361247735
150.3498219881093 2.2154350144452524 0.0034974268080447
150.36419513275774 2.2374755635269232 0.004561705609969082
150.3499512908676 2.2693774091568515 0.003477986841835434
150.46497468952026 2.2483869971436334 0.002689313671207739
150.4700659223453 2.2660773012441937 0.0035152973325872283
150.51677745241437 2.300610909455258 0.005571014189468827
150.42993350394863 2.291338475054523 0.03606012834407149
150.41990157388943 2.3039410177289112 0.0029685489840398202
150.47570179992192 2.357117119329351 0.005276408479640778
150.4819873821814 2.3717182529581624 0.003663072122594571
151.19400154648056 1.834916951726648 0.005561161591457962
151.25050636889273 1.9174024789686015 0.004349746472802685
151.33103732892212 1.931246456241675 0.0036154437546510798
151.1896845347814 1.9487668722857607 0.003238684588134861
151.2352100702289 1.977835246722618 0.0032985408329044524
151.07837603727666 1.8723398028281657 0.007550262388858194
151.08341708433915 1.8900914995545224 0.008907802297756543
151.12680819643398 1.9208449488590995 0.00330987074732972
151.1159143193711 1.9197155776880173 0.0031403863039289833
151.12050787474723 1.9442668641127452 0.002920908682145218
151.12130621386248 1.95184295789845 0.0032556834708805534
151.06359668033753 1.9310426139855952 0.004919774527968465
151.05593309520555 1.9482161842577972 0.0034680240025907775
151.03881877751934 1.957716988133928 0.002847850517445289
151.18211743103146 1.9873536623144723 0.0028579533765581014
151.24105649647646 2.002527279694749 0.0030867167924912885
151.12053388705294 1.9953159090942376 0.004645418333906919
151.17123138960386 2.016910202835348 0.0027819093528639524
151.20418732338166 2.050981234080828 0.0026870814424560263
151.37953778458026 1.9717510971081844 0.002836391038847717
151.3583719452846 1.9844896229371127 0.019093893224989323
151.35459718902018 1.9780554429001695 0.01155698726237882
151.32166872418497 1.9622114575838097 0.002725649982287201
151.32743537821432 1.9761506005386027 0.0063536351098746995
151.4063273942408 2.02237007303733 0.004025236662100292
151.38468555950672 2.0130286971058253 0.007448072057072492
151.31874114426486 2.0228257538171768 0.0036028484520448396
151.27967028534297 2.007541671609709 0.01153466722416835
151.34947004247948 2.016979786839912 0.003008304335613569
151.3425222057215 2.0317451583291795 0.005207480706939248
151.38862247711234 2.0501594830788785 0.018198237962266266
151.32323359627063 2.040828084557338 0.004494923291227796
151.334769265917 2.057131633675541 0.006216123933841369
151.39825062702863 2.047995282223369 0.005117471110311254
151.47635278762124 2.127127259269019 0.002722514833174559
151.44201881773668 2.14027649194248 0.003321836820070064
151.37404083033988 2.1436298105755687 0.005788201742059316
151.39814978151537 2.1763514259876193 0.0038728501162550335
151.3957545160319 2.169302190239796 0.003104518946357607
151.3273125760549 2.1565103470163125 0.00406802271826013
151.2778582971793 2.153713877012098 0.003003068023196689
151.36259434060872 2.1813162649502513 0.0070127853268241525
151.35846544713343 2.1750999999303935 0.002657773333240733
151.32692316977057 2.194525415370116 0.004872452843373185
151.32212373578398 2.206158257633438 0.0031050875121820046
151.0098627111799 1.970467272720185 0.006422251363475698
150.92428061444468 2.026195461633359 0.0068331705365546605
150.99038891379166 2.023841319042184 0.0033877227812497334
150.9928325295593 2.0429027345828463 0.003077484431737763
151.00965679913543 2.041024043992904 0.003305740241787037
151.0815708797541 2.0409805667747545 0.00904001403250459
151.09969255753805 2.0443425095555083 0.0033417236681373146
151.15746648589447 2.088682115102531 0.006096864450607183
151.0669907346808 2.082541990612611 0.010969256062393355
151.0522777396652 2.08276494367239 0.00510728660293914
151.0862452279197 2.122761401506629 0.0030047995435686418
150.9011820801511 2.071734057075676 0.002826770429834614
150.9597331947547 2.090581758357794 0.006189196262650817
150.9612927484799 2.0921551027945826 0.003937679227599773
150.92451582634482 2.0942661450665594 0.03623856835999329
150.85520745893692 2.0890352233292715 0.0026978790743688533
150.90038157417248 2.109449117381381 0.00706361149464207
150.89563461286917 2.145766406192544 0.003837955541609445
150.98166376634782 2.1318697951510255 0.0031808426036191054
150.98490492506988 2.1271849398248843 0.00342841115596658
151.02451176080652 2.1617920238078336 0.002925635415624041
150.9619224780776 2.1586316923704305 0.019680761554813263
150.98331656469523 2.181962084264311 0.002962634286547105
150.99163164578016 2.1913116168259372 0.004603191309358317
151.20912936150933 2.1311342328885883 0.003537767187867889
151.23030248379183 2.166599689010592 0.005375626604243457
151.20412525216926 2.15440765058124 0.004246721927555947
151.12844401332976 2.1686470106985634 0.0028362089268746406
151.19603969633255 2.1886698940355744 0.002705933283677186
151.15764193767788 2.208397818887971 0.008671981538030466
151.2385623471391 2.1948664786339434 0.005072899337510618
151.06064636011104 2.1933365366606044 0.00769806288710062
151.10380605161217 2.2331652296543414 0.0032456688289509367
151.03649651597 2.255526199937677 0.0066890695967831626
151.02474073064917 2.259167935879862 0.005300778958643312
151.1368935136939 2.2781226062265105 0.0027910637718576744
151.17416089982444 2.3061704423417573 0.0037354837768630764
151.19653930703873 2.2964068352192037 0.004178859595342251
151.20392678284594 2.3225846763268247 0.0029302338743550835
151.16571958053265 2.3084519425603363 0.0032413398949382322
151.09213774214388 2.3105418830011533 0.008607560513899494
151.1304242492468 2.333730030840065 0.017717802635151433
151.17567989073245 2.3616494314938303 0.004162079770161564
151.52927924607073 2.112339722550861 0.003601310726898482
151.5286191124355 2.146840065864946 0.01179403221261736
151.5110553187996 2.1380248399207025 0.003912643550432382
151.52415519941965 2.1478061972455653 0.004244413132651815
151.57249038497645 2.1326080052106926 0.004705793490278265
151.54624376046849 2.163779690367196 0.004909131206041739
151.563558188252 2.2035133114163217 0.0032329301364329758
151.62958294155894 2.18898667077543 0.013452259133301562
151.63408236293165 2.249141541449198 0.00582697506460691
151.5722750321225 2.2369918912869995 0.012730814339074904
151.57677095998022 2.2821325891232345 0.0029250891008188802
151.4381831731369 2.176594019888802 0.0034659273857291146
151.4464478703673 2.1774946180422345 0.0029175777587998786
151.40651674642217 2.202098035642078 0.0029743892966218595
151.4391747667587 2.2087202365865024 0.008054138520345092
151.46897458869668 2.243161844661554 0.004140891198575572
151.52958358829687 2.2489112075322715 0.008231658873467931
151.50707683256607 2.275646481544145 0.0031128067863321284
151.50876036863127 2.276835293926254 0.0037401339346441157
151.58730808429843 2.3171222808441954 0.005078118774999018
151.47519016486004 2.2917608029915995 0.007305545157990011
151.51368721135714 2.338233628194095 0.01764523532216191
151.5437322757189 2.365549591428556 0.004709791045074698
151.51298112803445 2.3678014286573483 0.0034697436498789557
151.75705753510337 2.3217766338116004 0.0031589027405301948
151.65618192662518 2.3128506246729597 0.008481673485029905
151.78966357373292 2.3311449699615556 0.0032492790440417697
151.7987382725856 2.374085572622512 0.011193162005498107
151.83612785926115 2.378799040831066 0.003206634860378946
151.83705841806554 2.4028496849570544 0.006381797501217859
151.58983284709183 2.343401507555188 0.004918596423018525
151.60112367380464 2.3496669721283947 0.0076219764857921824
151.59933893768618 2.3642205603221744 0.011242601564169003
151.5545239141568 2.3819826307626863 0.002801127515438117
151.69437308333056 2.433256850915356 0.0030613787592893523
151.74315974749464 2.431882556821141 0.003401673130813964
151.75765210985753 2.4808409892833874 0.007167485526164996
151.65000956606437 2.4308345839192684 0.005577357906167022
151.3531794393302 2.265505037881886 0.0045288149405600725
151.387833392615 2.296785582346221 0.01300579066754403
151.33295042056417 2.303074031050779 0.003268561264575408
151.36687231097986 2.357485581579038 0.002750570112178688
151.34165660808992 2.3484048705914007 0.006913917286320457
151.4484488606638 2.356050559463285 0.0029651276838123224
151.4481039517353 2.3733433671636495 0.0031534032044846032
151.45048495537702 2.3731791987711737 0.007329218676589965
151.51299613931383 2.3885701616617165 0.01601485716613391
151.4839814246968 2.411883275651943 0.0028980760951929385
151.2279631647344 2.366069483203472 0.0030526314524702974
151.19159889443063 2.390941411768725 0.0047353098799456355
151.22969167202768 2.4047125007232815 0.0031836842549638317
151.26545768085558 2.4091669948413204 0.0030556977514756625
151.25589244138027 2.4306830638235137 0.004678705932285154
151.26962309144088 2.4494522323923293 0.003825745310853475
151.3664652383016 2.436495638021589 0.004339418684440015
151.3487313692438 2.4406793943744667 0.002958200353420559
151.28884154594874 2.4529763550080776 0.003868883653170455
151.36765256249709 2.49928602363898 0.004888639579789582
151.3229141914381 2.5077607856784963 0.003502024093221122
151.35096040292848 2.512930345965932 0.011969401209978171
151.33480681931033 2.519233707524499 0.002753369324623114
151.34310182112733 2.523015623913823 0.0028397078344274047
151.53259560236734 2.429454474697139 0.04584770094181567
151.56366391220502 2.448834805125037 0.002771891773870282
151.52017250367996 2.4709507899910905 0.005561425317670125
151.55128138847732 2.510182102712923 0.003323236618040854
151.60734773276042 2.479253385652318 0.00322111343779304
151.5753790805177 2.5089281383619957 0.0030783756111654815
151.56635646946793 2.550799600664832 0.003405538619359824
151.60433242796282 2.5803636799565974 0.002711245315307229
151.45016544866203 2.5222274518444796 0.01429884257015993
151.458806606817 2.5563097004153836 0.0028564795196999765
151.41158184535772 2.5267810411482174 0.003184124787437408
151.40316562969073 2.543515550713073 0.003097052765354051
151.37462603941233 2.5325928484635356 0.002895852715243244
151.44140899464884 2.5766141171247603 0.0033250739585301142
151.519483822577 2.5842305391776024 0.005715264506011775
151.53169502371466 2.645015871853091 0.0037300984083108463
151.4913940909335 2.6415825371141475 0.0036750487515663692
150.8068299959496 2.1204881849551813 0.0032212312572102034
150.8207449624095 2.1426049920647015 0.012772009256334593
150.87301792307153 2.18032777687517 0.009484998567113007
150.85346733909444 2.1914383366694175 0.011313648186190283
150.7485081118242 2.173030886749229 0.008855401151805187
150.7644160312677 2.186612948051735 0.006245556688236621
150.84367079937766 2.191717637050588 0.00310422955610121
150.82325080378158 2.2185155289407112 0.008869956492737583
150.93679459931317 2.20226926447216 0.016089021595543564
150.89835558551945 2.209039977839081 0.003578295890023995
150.9368163337182 2.2219346879240898 0.002840607763226208
150.85536984375247 2.2236206739283295 0.005066834157284866
150.87162206756457 2.236800716907413 0.0032621283503894336
150.9256512617963 2.272675740701241 0.003312070516082813
150.89660252472532 2.2758602288305054 0.0031102199275247484
150.90261316202927 2.2840735831370216 0.005990266507449587
150.78089025438334 2.248639069982374 0.005841622584049068
150.75958119540078 2.2718095784154086 0.00511077344540085
150.71002124921014 2.269404121689823 0.0030384128185818537
150.77601578474165 2.3394327734043094 0.003525643286339217
150.81592396133246 2.3303142941232315 0.013309935767530846
150.85191075280665 2.357437949765917 0.002948487049699754
150.9549294988233 2.2766949050447836 0.003629341791650357
150.92606786453356 2.3227715837799914 0.0028004356626518943
150.98690886578106 2.361475019688625 0.003184390170038798
151.1277475409634 2.360723332299008 0.01854491041053283
151.12753117919203 2.4168520790919867 0.003438545572591588
151.04469058203424 2.360992980993435 0.005833198824671129
151.03971645264133 2.4054038159400903 0.003821693640257735
151.07322505827275 2.4445026393836464 0.004431380523832391
150.90947167246827 2.321940471192193 0.004450138520903328
150.92592282812402 2.381772949731819 0.006727643339227206
150.94248346355823 2.3923710911171936 0.003351491402271068
150.84342423132156 2.3892439212776515 0.002942049223310954
150.8718116935563 2.412061142293933 0.003814561530269411
150.91537193081163 2.3978565107926504 0.007561008557886618
150.93099814499328 2.4250841470597178 0.004527269620948393
150.9176589118494 2.4271700940047896 0.008806460665030602
150.99548510622452 2.404369348990942 0.0035807011407432083
151.00787887229106 2.4088874550680126 0.003132651220644736
150.98560425318854 2.429920227031543 0.0027420867777337276
150.97068256092575 2.434336391508503 0.006257337134112144
150.99845748815054 2.444221801936788 0.0038851376875821664
151.0337381665131 2.44156261484624 0.0034135427377728618
150.9916304804642 2.46706244320257 0.006436340621774714
150.9822784750857 2.486319508603634 0.0028126937918580026
150.6432979302175 2.263513557104592 0.004887881343894185
150.63392945665274 2.2902935261158266 0.006264765504409289
150.66677391280345 2.300819068484569 0.003369843713290866
150.6563979449147 2.3224918954088514 0.004260561951380336
150.59005190913933 2.2882872850065397 0.00653373813756913
150.6004304198672 2.2976209780609236 0.0029387890948834685
150.56289255008318 2.31633459181062 0.0064432047824361325
150.64662770048378 2.3198501362877706 0.004117991251251643
150.66704146376318 2.367170475112426 0.0029962514665784774
150.79169693752624 2.405915094513569 0.0026711916263131253
150.6771578872726 2.371696937269593 0.0033402798570202697
150.70554850611106 2.3877400596356932 0.0035287952860417675
150.55695725385556 2.3197180796429286 0.004155991825045635
150.62482443977797 2.380282997608167 0.004808456810991792
150.5080595982449 2.377104337100013 0.010794394588154723
150.53246201438503 2.376379316901375 0.003729571389599508
150.5091333847013 2.417624869913253 0.005289384638622712
150.55850466324583 2.4044293269932004 0.01788540770922744
150.5964445266154 2.4228857418378444 0.0029927410770654505
150.5371965423685 2.4181490827276675 0.0056612440157309445
150.64602678919533 2.4402236044477603 0.009248535323277787
150.70681182902504 2.480807211148168 0.0029917988411128312
150.59395868320468 2.4564731659627923 0.00655649130526407
150.6356167261012 2.464312873471814 0.002704326815946844
150.83972216289695 2.4373987578365552 0.007680260657082467
150.80967540670176 2.443692527899647 0.0051335637504374525
150.8565717550654 2.4394226286662484 0.005195311231494245
150.7869382950188 2.4472787873915203 0.0037419281534834103
150.77172575095364 2.4430400604500444 0.005438178763837603
150.74946801387836 2.461842239025207 0.00649641753043695
150.84004461948757 2.486592414536316 0.0033997778463693003
150.85215575566508 2.5030088458543815 0.0032460387847527278
150.82606086374412 2.5052988170336437 0.004440094358608867
150.8671767740095 2.5014739425186523 0.008472883492341354
150.88621458934134 2.5039316456098857 0.0029998846074537513
150.8649317798078 2.525717926942528 0.005769583653820601
150.94047692372948 2.576997564097306 0.005137740319373558
150.90101278768066 2.5803211861659063 0.0031733476252492365
150.71827666050078 2.5060849134285768 0.007132328942840645
150.78396424956722 2.522974114734524 0.0029380051966174927
150.7592554816403 2.51758224653523 0.0032486294319650044
150.68227218654272 2.5126883877640673 0.02850906798352047
150.75018059517387 2.5713584722851413 0.0052231751528011945
150.80697400551253 2.5813629500609223 0.003770231560888659
150.83077726976214 2.5914445213334325 0.0027177831993613804
150.87180554570722 2.584635172352451 0.00293451368800821
150.86748715444452 2.6018511982060124 0.0026475260050701894
150.78491783540198 2.5858501191209906 0.0031921888375151413
150.79793576794603 2.6272152460820983 0.003032039289388397
150.74907544379323 2.6239525080177684 0.005575229116578358
150.75151821563207 2.615707701330305 0.0026940721327824036
150.76865015620226 2.6241421712202513 0.007055384548213706
150.76684524880264 2.623201471901798 0.005379330462240927
150.8308224585781 2.667315916323467 0.0046662841855091754
150.82541224718523 2.676205939877272 0.008641815591346273
151.16090155072848 2.41603334597535 0.0062877044481516545
151.2413424975404 2.45607760708538 0.006401581214806413
151.21582777032293 2.4810679745484823 0.016972031323078555
151.2154230781765 2.4973771445781683 0.003918677105782491
151.17122357607238 2.4677603328283446 0.004727445813516472
151.15564364724898 2.489097550308533 0.004630770357451743
151.22386492953717 2.5155844728928947 0.0030356607795163897
151.0777477597704 2.488397939454239 0.0028593526401216544
151.0787345625076 2.4910304681096074 0.006213685879987282
151.0737523602026 2.495477789079494 0.003051506571908232
151.19401583264386 2.5811334860764723 0.005151636120967804
151.12123406415174 2.604229306446297 0.00876263565994596
151.11456557015 2.634463578168134 0.005050679432213933
151.1162980509223 2.624016993714459 0.0034237741578482302
151.16570009444732 2.6770936478965006 0.002765273008812352
151.38474629198512 2.61631618724151 0.004402592451371535
151.29989031183214 2.6428579874395934 0.0031196058754377263
151.33115803002218 2.65247566209799 0.003805447936624992
151.3580271558416 2.6722062937475117 0.003778668251035295
151.49456187619154 2.6745476693615444 0.005202111238401268
151.4839070035383 2.710100335310095 0.0031445608608087097
151.41054228986894 2.6979824553252225 0.005727857364672917
151.40085378142874 2.712453477150303 0.010532487796835698
151.2596391086152 2.638921296868836 0.0029816029169026387
151.23269996067015 2.6425672663694995 0.004309185101123823
151.30909612352875 2.6742182980616818 0.003204404954984775
151.32913081357805 2.6987882360355187 0.004574576815781628
151.2873728058918 2.6876904202526473 0.0032204006054257117
151.36997273585743 2.7223611154281167 0.011010806222346186
151.0230768448721 2.59675994780526 0.004776573992001204
151.06648457130788 2.6004020136704797 0.004229813214002159
151.0173305827074 2.6117123151759416 0.004122962783662952
151.04234811021925 2.628162192450365 0.008031355586343457
151.054336522888 2.635674158837494 0.003943230411806641
151.05846398529576 2.628210472232206 0.016383718581878398
150.96672396216482 2.658146356898069 0.005267177507377428
151.1524415905077 2.692721205121224 0.008576601953542373
151.10447625413448 2.6971468700757506 0.0027837728483776276
151.09986745802132 2.697800556486125 0.00438889251110087
151.1160835666518 2.7106893810906625 0.013044738714228109
151.04781092510953 2.664672734746375 0.005705171573303275
150.90007426449992 2.626711560644206 0.004221615003249927
150.92734479056583 2.6583848175893743 0.003091076544226247
150.93365474398962 2.68430931571458 0.0026612747266461768
150.86165947041323 2.683459394092461 0.005735720889413362
150.8613404915572 2.69941410943352 0.00374993961710874
150.9300384116193 2.7148147328844368 0.003946715530186941
150.9262786375652 2.7342107121253862 0.0034231990237134826
150.90276448103776 2.7503738551371884 0.003388739497549783
151.02552089811385 2.725488192738174 0.0026739867110778665
151.0247403235359 2.7766165382577066 0.003142680419086268
151.04393981239429 2.79373321051534 0.0039627209837220356
150.98275103873547 2.7651368752742274 0.0028049702513059404
150.97250129880814 2.7960425452743594 0.0035016515697044674
150.98727179118185 2.797734596017143 0.005263143480200463
150.97355142139295 2.7997579276561395 0.004584067454201128
151.2103053776172 2.730208887677322 0.010647107024695984
151.2223138370347 2.739627772912172 0.0032244371754688436
151.13481418378916 2.7918639484588175 0.0118461020500328
151.2012096664813 2.7894663825410775 0.004648922053534284
151.1578948930936 2.79300407732329 0.003922575935062297
151.25032155635762 2.784690784186943 0.005229455113375624
151.19767898592949 2.8400531291603968 0.0031222642731156386
151.2789516880839 2.856112510144974 0.004858034722985983
151.2539786227266 2.9020787626842157 0.0033738253308988725
151.0702996420108 2.7800959262918887 0.0053224422095337984
151.07336418782222 2.826185316291912 0.007230351230209307
151.07654740677006 2.8251507892356393 0.003661912768364394
151.1066692843932 2.8189697115575076 0.004758491190358824
151.02218145503824 2.821999742266391 0.009078423945333822
151.09050032977544 2.8783639403663273 0.0031516359056002097
151.05597735535753 2.8602016994386323 0.006152009247573179
151.05536061191256 2.881196665305566 0.003246570249600368
151.05843737787237 2.885835812274055 0.0032711764398399177
151.23368399232095 2.892848368000002 0.004225751162533635
151.15698917014046 2.909167063206885 0.004674665334647424
151.0936871422906 2.9169646313245123 0.0069729396205303025
151.10576234389512 2.9224289120847327 0.003186328034178176
151.14064866456278 2.930130903329072 0.00265766391437642
151.15779440678034 2.9439048120357856 0.006921947477414473
151.15651736976585 2.9436182723263515 0.004706641335380443
149.77577013321914 1.8457712040059857 0.004063611302676036
149.82738927247482 1.877477905077274 0.002906149753114441
149.79448867359108 1.8557428402083151 0.004381424875448197
149.71743158248887 1.885463732152875 0.0030842602706375264
149.74899021387037 1.8798334824546112 0.003507439467846077
149.78470120023215 1.9196924509671829 0.002653223221181174
149.76511308932845 1.9391175271033976 0.007889757585379709
149.85587509219857 1.917377555786264 0.005880478745848518
149.91658636794222 1.9534908760775611 0.004046811724931721
149.8131115570924 1.9168937975703664 0.002832988585007456
149.8125503158023 1.928758220038273 0.002677667328678546
149.81757579981672 1.9390668653928127 0.01056885268816161
149.82922590457193 1.9605186112146369 0.0030000129858944163
149.652042219791 1.8874071757848037 0.005095124782794728
149.65275605389277 1.9110007382726817 0.002815535707802345
149.68590782713875 1.945370980849709 0.002696287073423113
149.6537721015456 1.9313608984014123 0.004829264301505055
149.7846171769244 1.9590760418701263 0.011951397182706413
149.75469305244889 1.9606994764860408 0.009299819182929218
149.7522998230819 2.014173328791336 0.003733312759529243
149.713453930064 2.0408196752776315 0.005812352830094295
149.79539831508947 2.0486167251071596 0.0028306091396700078
149.77833354419164 2.048307380060608 0.0030228182433728835
149.7392088812657 2.0544799526395745 0.004336375126285611
149.9304189602042 1.998884582157127 0.007394114298274659
149.8848544475158 2.009072588531499 0.02533094570978178
149.9632711086009 2.033422312522518 0.005171642128871219
150.0916765348596 2.070859923147331 0.0035797294498932136
150.10482767007198 2.090237476091924 0.0032465082408847123
150.1051621609471 2.085632473043785 0.0029536485947797
150.04433726073358 2.083142133968905 0.002966827593676742
149.9850925780315 2.0687628295436657 0.003312853870332394
149.9823548334698 2.082192437458489 0.003153615159590702
150.01632340078933 2.097384154195404 0.0030836010481200818
149.97045204371076 2.083519596083187 0.005277006445233954
150.0434215389122 2.1024688320001768 0.005361552335626193
150.01019966214326 2.1160293514643493 0.00472328546980466
150.0279266497681 2.1399147191278236 0.003103001743591347
149.86289662833497 2.064938468560967 0.003732235587381004
149.87265132960823 2.087060705266725 0.005701256752419803
149.81236354628936 2.0664733365814856 0.0032707034166024724
149.82676588641752 2.0760055143685903 0.003287040799039285
149.80253383187636 2.0874567047695827 0.004598865991153794
149.78132595737628 2.0917576758732546 0.003414441250876206
149.9798983690404 2.124699540167971 0.004268107649723323
149.98021443186676 2.145571736732993 0.004535695434598892
149.9902871682037 2.149817783469269 0.007653264793056061
149.9142656402095 2.158124649062523 0.007775866747458621
149.9224096442862 2.175851502048782 0.0026946578528607604
149.5482017910373 1.9754521995585923 0.0036937879451004628
149.6173439728143 2.0177068913343033 0.004766154041894858
149.6024408401095 2.01888093896774 0.007020458470382415
149.6277788768009 2.021588954529258 0.0033163737552592476
149.6453192700874 2.0345357766026257 0.0044124501263125915
149.62375313916107 2.039636684886317 0.004082764685481289
149.55338295388347 2.0235464877065517 0.0034171055170469787
149.5437556638311 2.038596327437007 0.003827395259379989
149.59450342896162 2.0225377492717835 0.003962672669777068
149.59639789434473 2.0351605562000885 0.005621734415436742
149.6070642976761 2.0503694055732957 0.0027763226079359675
149.57734798173902 2.041435435863975 0.0036728716297363766
149.70724206952187 2.047130584635912 0.0027925866312129696
149.66822055317255 2.057581385226702 0.008821025745143077
149.73547020383654 2.077983690826347 0.0028877961935860857
149.75150045288893 2.084996399053821 0.0034686409311807695
149.72417788723618 2.0883236505985825 0.004714105901226837
149.72380327055066 2.088686197495389 0.002990126966000858
149.71009086543708 2.094328924517274 0.005427570641212017
149.7293531653219 2.0988121255095074 0.0027041112477857576
149.63237077578594 2.1140314529917905 0.0027574508150051396
149.65589912994872 2.1228611939195514 0.003572515688249754
149.52144342407848 2.041221161498719 0.0027372462509740003
149.52960298876448 2.0556683628775545 0.0086170667004313
149.46377287406875 2.049922714775619 0.005576883851290222
149.47654971124845 2.0558864484783523 0.007445003729030961
149.53325288732495 2.072912635163717 0.004532653229219673
149.52426108910734 2.08375412202639 0.0027435232161280945
149.59048308634664 2.09767174112509 0.016724379725879604
149.6383120210944 2.1354137944003333 0.0031884645268073853
149.62813164949642 2.1470531674559936 0.0043312204564763205
149.63271069970284 2.158226961870818 0.003001034924958971
149.66333986366658 2.1515037410099436 0.00972972464224915
149.63681523513625 2.1736233673891063 0.0033203513705786637
149.52688003889995 2.1768335490728883 0.0046218863227337785
149.59608754696092 2.219998266257213 0.013331975430147221
149.76224688173312 2.122356265149396 0.006449914751674598
149.79502755779015 2.1845281312190616 0.0068417940908988605
149.76865838545996 2.168134111736063 0.0026750129856745616
149.84845738464418 2.186004199842639 0.006579449374772037
149.87985642703313 2.193444231423331 0.0036075105481274553
149.81716873935846 2.2129919242708973 0.0038807354656525948
149.81390865517318 2.2627972294841423 0.0060627021777660516
149.83126295558895 2.276710314846655 0.0027008825851691154
149.67753438520833 2.1821598879718676 0.003473554998132073
149.66508751050785 2.1889498313600844 0.004601272081265423
149.7487670002758 2.2514311747429523 0.00269184478675637
149.68168950739633 2.236690833713469 0.0061552402603510985
149.6588463993428 2.2389838487227895 0.003596866339460799
149.59750824793855 2.238599645913812 0.0034686489579651603
149.77709386580435 2.261004642397883 0.003606327176358087
149.80251695937872 2.318596728180178 0.0030994468945527193
149.69842646348957 2.3041470851783448 0.005665474962651464
149.72210466681284 2.3215811001598143 0.008177307317724546
149.75044511386324 2.348502894650062 0.0071632087842649845
149.7736105413021 2.3731376619771387 0.0038807354656525948
150.1121750589541 2.100610100559354 0.0043147072515453445
150.13563114296736 2.140482895742352 0.011820221356256632
150.1262534811314 2.152231973040142 0.0037689699481181
150.1107356188761 2.1538317113921464 0.004033635537561992
150.0804704902985 2.133041614675286 0.004138909826395048
150.06129183521932 2.1526507542914737 0.004779883917411615
150.04911098377954 2.1573088292966935 0.00922528463388592
150.13587824548625 2.1895952892098016 0.003916042257905749
150.21878751659415 2.1879915948002417 0.002791128167752123
150.22854121147654 2.210730208109214 0.0026592873925183175
150.2397207556274 2.2263629511917715 0.003037757310000218
150.24787176239406 2.2598713279497464 0.005008442816510605
150.1447716353057 2.244889268119715 0.004468207617436146
150.2214205504023 2.275845297544508 0.003073047793169114
150.1814482404197 2.271261586303382 0.004838719085289243
150.18777026877248 2.2769441362869425 0.006651332666410686
150.04893449832718 2.1996118019076807 0.003401589009280735
150.08838997248134 2.2435717234615034 0.0039024690248770093
150.0060937096637 2.2224088511284537 0.004793713280225708
150.0671506767291 2.2730784473169208 0.006067110986369332
150.04555574052898 2.2729429861388497 0.004355198757434858
150.11563985667607 2.245037224482713 0.0042753793435131434
150.06452525531563 2.3004941307496063 0.003041696265884667
150.0394091822033 2.3159613418877276 0.0026820747317909868
150.07658334977995 2.330492309672112 0.003537021539973798
150.1338219896375 2.343336342640647 0.003114323620121857
150.13275379728483 2.3479624798674834 0.0033548191980583156
150.14662076056166 2.3615133635640295 0.006792555328232635
150.35868783301916 2.3172795346303876 0.002872557426540725
150.43927221447098 2.3953350557690274 0.010485407530620546
150.4254676814557 2.413639052803017 0.003893453207617893
150.19404498008728 2.3269904531218133 0.002768503772352661
150.24153595775448 2.350522374995203 0.003346535024273087
150.26013543506488 2.374803313075834 0.003300366685487786
150.24753334910048 2.3897193360406344 0.0031497398102363345
150.1367776271857 2.3875508709574764 0.0032614526261944225
150.19257233557985 2.404928963900273 0.0037603233337577566
150.22737108160092 2.41356905024459 0.0029303554261138937
150.21864859963677 2.4441954450860965 0.0037726166282478183
150.31422152267464 2.422528993905441 0.0027994782624955108
150.26769451803366 2.4211661535799456 0.019588349067697807
150.30693086959062 2.458443081927498 0.003224664485802621
150.2603581490736 2.4574136744719324 0.0034484258709322
150.22662204850064 2.456663403921687 0.006398107306405961
150.2794441302078 2.474684222755104 0.005944147732763422
150.26793755838216 2.50442586584973 0.020535720492797442
149.93761409005987 2.268334270275267 0.007380830715869467
149.97757205212213 2.2800031138525245 0.004409505053044169
149.95370235944426 2.301143399264848 0.0037171023936995013
149.9779447851036 2.2851861899802057 0.005511018889575556
149.90159119103714 2.3037728901630925 0.003582646551191554
149.92067091015912 2.302940763931757 0.004199700061510234
149.91249462003577 2.321935949489 0.0026972730903362355
149.88026977068512 2.3244627351200577 0.007728899757617905
150.04856434405954 2.3521444471673623 0.003997290897555121
150.05831610698934 2.357176805613999 0.0037920757103146675
150.03996688040053 2.396777380533834 0.020055365426358652
150.0034176707149 2.37034321079309 0.003431662782048452
150.01189997933812 2.444991855598077 0.002910691647346191
149.8536636033788 2.346037104905613 0.004189289658063985
149.89501966775498 2.3514943247307283 0.004599359848754466
149.82299213397107 2.368459958007815 0.009063147428082619
149.792682962717 2.392873207626497 0.004779828777221499
149.8554416107736 2.4000450999506033 0.007804248680222823
149.84174532696514 2.425350154633493 0.0031895769900325303
149.9969770720168 2.441946635499251 0.007990313691736427
149.90970265018882 2.4671698797582886 0.002669873929494002
149.88592674406848 2.478848947499957 0.004192177276932716
149.944882752768 2.518950219941741 0.003828992887380507
150.10457126880044 2.43111837912982 0.00524193576311937
150.1859065250372 2.474561714107154 0.0028933280313326076
150.07158003616607 2.4318927185796664 0.010761130289603373
150.09483225161182 2.4668687734314547 0.007586874228756492
150.11537408989955 2.464490004732775 0.008291690148628955
150.12195192836032 2.5096885169208014 0.0030502172274471215
150.11160899728898 2.5093067882234976 0.0027665575230376173
150.18523384556894 2.4945195559854643 0.005036450554584318
150.1878043988084 2.5184026615987665 0.004165957303736368
150.24839778328857 2.531059765656094 0.002805941450050647
150.2451320302581 2.538049666875642 0.003251820837109768
150.169665802495 2.546353987388661 0.0035693846744121504
150.21647593846416 2.5495530670034694 0.006132895781333647
150.18044888001546 2.563762905981422 0.004754164115057895
150.0632453801536 2.495166088691892 0.002810747930777656
150.00806064196126 2.488043897891817 0.0026645403397369703
150.03295954971205 2.514436376630348 0.00396459445865085
150.0275720070636 2.5387342955374277 0.0059999861048275205
150.13496906833137 2.568616205194887 0.004309017517320353
150.11539535189343 2.600561679519225 0.006475837011973704
150.0321972754917 2.6127242647543887 0.006006826175859475
150.11816447105284 2.6572444398336796 0.01569360453656697
149.41189171197735 2.092725041545223 0.0037952683576257347
149.42808024179794 2.1154928994890487 0.0031461272881003984
149.50384531898447 2.213700540804638 0.0030923657506435787
149.3709871084575 2.1432944147531297 0.009361717994394482
149.38323495886638 2.1804505309000466 0.003151561124031373
149.3560328271464 2.1857018307098723 0.004593856233053035
149.39868438918694 2.183505203981888 0.0035465118852478377
149.43338333621674 2.207265355775944 0.004445851676925167
149.52079392463105 2.2079706444628058 0.0064866585773339395
149.54463457307352 2.2257741510489693 0.0064054729218227715
149.52410291759514 2.2529023589258115 0.004982797864126421
149.46073207176943 2.24344021845927 0.004136252328144187
149.3227378759585 2.1709667134033146 0.004226302314261546
149.32169024174266 2.2240986218819647 0.0030123211053028126
149.38653603112033 2.25431369143938 0.0059944766743858765
149.2815002726641 2.2269581060286656 0.0028320304241633986
149.2837200487453 2.222322543581027 0.015575462790193173
149.28353625493514 2.2393241184759187 0.002758104803363437
149.3628887489269 2.280234619055632 0.0027982207942716495
149.4171712702719 2.2508123246583196 0.003901550023924914
149.4330860127484 2.28561595581959 0.006688604544972266
149.3585370837433 2.29012285621371 0.002658328391252899
149.607904548837 2.2556452167259224 0.0036854581555809205
149.58325634173636 2.262427342502429 0.002762529914945264
149.61160725756253 2.2718785294677044 0.002949802365916085
149.65592625210246 2.3014272085296312 0.00757274790696084
149.54955260606374 2.304940110649585 0.004583872714798322
149.55976485513494 2.3103218199327253 0.003931221412203168
149.50711101106265 2.3158898304286804 0.004523212325928944
149.58447036598892 2.3643392759266533 0.02769138875224318
149.64530564470823 2.3503776228229927 0.003911700266332602
149.7333461589899 2.396433601354945 0.003853679782894448
149.7428246192141 2.3963450657212975 0.030398085704454705
149.71573408757357 2.3899757312933407 0.003954614410802173
149.62301097841282 2.3701351067364875 0.004033541221166786
149.50849966397448 2.354492112650161 0.003144355704563075
149.58378959936144 2.3830070462750723 0.003071640071602563
149.6627852516607 2.456654583657106 0.005620817823851728
149.59848041057083 2.461982888915745 0.0047437227625111945
149.6132375529015 2.4643469515023697 0.00533030566955254
149.54051763910817 2.439465038844458 0.0032641006700217215
149.55648362596156 2.5082753820218366 0.007458235623036638
149.56399634331586 2.505517909646342 0.002790579307872684
149.57577414247254 2.507764350058108 0.0027903780670186203
149.26636183327756 2.311355374617257 0.003984626322763022
149.15427639051816 2.3103635850023214 0.002961798096112513
149.23182138160757 2.334000280021397 0.009779594544872332
149.25486879192155 2.3425321808978175 0.0027543172344975226
149.26585301856292 2.3584424619341267 0.006667973184318027
149.36425194671455 2.3803673375761187 0.004993278386409857
149.3776249140927 2.395224037328053 0.005809250240174071
149.37454811769294 2.4152549128379572 0.00302792333287936
149.29287376461346 2.3688201666268585 0.004750357279567751
149.3012153061378 2.3976099046730592 0.018481071175420787
149.30177597342512 2.405119688855747 0.0037738583458363493
149.33690806803364 2.4429322671286138 0.006526302571492721
149.3099172973168 2.448504267750778 0.020734878010183252
149.32408364280735 2.453647975460771 0.007805886363419252
149.19199496910468 2.383500575861023 0.004609844698167752
149.2255552362083 2.386773671210082 0.0030895669779658157
149.1715658038167 2.3907076702878323 0.01338953838482786
149.12237343871928 2.3807989409255463 0.0031721771657048296
149.15545530520785 2.451635945576667 0.002799037581640214
149.20604120083487 2.4268530078598203 0.0033250761405665603
149.29730453113962 2.4557975099496634 0.004900658890982402
149.31465760856912 2.4661102507814223 0.003761621548210217
149.20534597799994 2.469106711857383 0.007461041654203529
149.23411848156965 2.4837058648824204 0.0031106410549399588
149.24531430968867 2.4939504153337935 0.0049552483389074765
149.4042053853196 2.4339856872516945 0.004746841052084789
149.4479639764969 2.4817293774311153 0.006386713866620565
149.3995086006562 2.486326342481027 0.01701074951584536
149.42022590719552 2.513401550733739 0.002918052522848382
149.5155937748202 2.5143832315122645 0.0029354059460446453
149.53795825521843 2.550328388900176 0.0028358258343733215
149.50945658929393 2.595466006661542 0.0030528527667841665
149.3293477705098 2.483559879459739 0.0032779068257028534
149.40359052202243 2.5361225632099504 0.01900719168833604
149.28728907522313 2.5091546330992363 0.0049501845985338985
149.35638775687318 2.575396818415425 0.004884351887176034
149.42734878304958 2.599928282517354 0.009201576574376162
149.4518272783047 2.6253479396766184 0.005979753196189602
149.41203058811297 2.6420251440217455 0.005572794514416615
149.41509396982107 2.6522869985076523 0.002972595935366417
149.83623280855167 2.4719489666740446 0.013277296526565554
149.82717371409746 2.4921649389383234 0.0027005685122315883
149.86307416981666 2.5164008992959648 0.007354519259720694
149.84971032063314 2.532614011143976 0.005164997725620013
149.89940419661414 2.51185830522985 0.003094861330380762
149.92044813330068 2.5294023015801748 0.0035656102916858784
149.79313273600317 2.5261119650809234 0.0037968826061106705
149.82373303244776 2.558705319707441 0.004481430386857447
149.8323435877059 2.555865419434749 0.006874128315624025
149.87261226148755 2.5709269645039954 0.006796668756834887
149.8370811300293 2.561185523068379 0.0029912735419002382
149.65944840011738 2.5028119634788286 0.02986991966799193
149.7334119913333 2.511172071706286 0.002806565450368088
149.77551745492522 2.5699836600491537 0.004628463141674877
149.83854769647664 2.623602942133985 0.009125033754121463
149.83271906620234 2.615567075093878 0.006258699707767127
149.71937595915554 2.588675192097118 0.003565700686265059
149.73501951764538 2.5974499305754795 0.006938837703065996
149.71888304981672 2.6300370382412064 0.0185190527873404
149.7991923591577 2.652946307039848 0.003919295416512299
149.78058056298713 2.6553404469003414 0.0030953761685545435
149.75035962877618 2.663847402699503 0.008079726863318681
149.91679229449434 2.646979085012722 0.0032237564540490466
150.06771129860965 2.6532599597739126 0.003326872786903856
150.02162657942236 2.6789705572179145 0.0033889058196145652
150.09121480748536 2.6931361225276462 0.003292813545443376
149.9843712955089 2.7028913586952563 0.0027297487426126807
150.01128525190353 2.7175324954020774 0.0036214174890600234
149.84741563550395 2.646799036203115 0.004174424153459113
149.84545930154113 2.6442322976139288 0.006019667031729844
149.9294711127477 2.694358095341503 0.004939442903042224
149.79311201376473 2.702248774040642 0.0034092828562624035
149.86431288264524 2.7461103099641093 0.005715364192993769
149.9212250756797 2.7133634599139715 0.005427788663488304
149.9681284508875 2.780521135143823 0.007907423237265378
149.89180385805915 2.792273356531333 0.0032188532299847043
149.580174453433 2.5582679031794875 0.0033634928175121067
149.60897648105495 2.575329890644974 0.00340032203350653
149.6041198461498 2.5875378214179157 0.0034351143179146885
149.6458531216285 2.6160516982555704 0.0031144744298010297
149.56003103045455 2.596771585419992 0.003222597119861206
149.558600226098 2.608592290965466 0.003018161011580134
149.61080293397703 2.6328670951227275 0.0038957430505057416
149.5776849773984 2.6600980378152044 0.0069606122199213655
149.63848270566837 2.6671312522477804 0.008872206360740114
149.62669860806366 2.6690229051517083 0.0037047617116357286
149.4946706977423 2.629770076991631 0.005138383443003112
149.53072555260204 2.6683966306158844 0.0028363677231602923
149.46826124122882 2.6949715421768468 0.0041871995113799835
149.4682397423207 2.6894204897707232 0.006840523348820984
149.5212605495883 2.7237574324843066 0.015614157637963628
149.5896143577067 2.694551596761859 0.0033314401049780633
149.5689789886257 2.765461325940098 0.004006700217594135
149.55521904629742 2.7728096266463655 0.00831744685550523
149.5510706950302 2.780839300323352 0.0034014624784343274
149.5614671509623 2.7775991892781935 0.0049285021984580265
149.7800485598381 2.710885807173452 0.003585655815514326
149.7916837209915 2.723685554282335 0.0027517635876843556
149.83012860662274 2.7425612758767146 0.0032043300280556273
149.81119782188404 2.7638408942709836 0.005217770578961559
149.80743683721013 2.785254338930391 0.0034556018641516825
149.70667101746878 2.7383345324451747 0.0035700572420562567
149.70857738005395 2.7660135447519023 0.0026582181232326567
149.75077188878913 2.780861524869652 0.0063924365295931805
149.89369331117007 2.8310208821545655 0.002664650041711067
149.78881978753964 2.842439790046603 0.0029408400527464744
149.72693860783554 2.811202536299617 0.009300680050496972
149.7275797012934 2.813361169191279 0.002870079420303624
149.6884558131316 2.85393631165115 0.0038768348393372104
149.67028073444345 2.8945097440991336 0.00690963266361234
149.7438905906767 2.8646540064098893 0.004226519525153319
149.74690963452912 2.8749135877249885 0.004903694542845755
149.75469774632512 2.898215423013474 0.009133769333259848
149.8036322830516 2.8982144477614327 0.008547567510191081
149.68789294663586 2.914471870787766 0.002923853171175108
149.76516242917626 2.9519115745456315 0.004762976180422358
150.41887301510255 2.486066250460533 0.007011641932358482
150.45375855922336 2.496215844626033 0.003875858019762744
150.48194049510366 2.5248226064931365 0.0035870639524007916
150.5804875452045 2.4886346809063595 0.0030542879560317153
150.58821064972528 2.4999759028559376 0.013340747968481987
150.57778794746136 2.517296229894718 0.003046722849204827
150.53607554418298 2.4861640767089654 0.002679260643323083
150.52951964504004 2.5070920799846275 0.002696342111720534
150.62957592663074 2.5329762908148568 0.004054790773601865
150.5799585740796 2.5461556906482152 0.009983767291359313
150.4877167694691 2.5428808059502197 0.0058817476768027255
150.4300428348679 2.5477462987641477 0.0029188466227005735
150.34723632271124 2.536089998633428 0.002944922970907285
150.3580369331781 2.545300166598995 0.0027628247611840104
150.30785578430215 2.5306002014672924 0.0034321397615383197
150.3759304923163 2.54335536074182 0.0038546548738767057
150.40254046841287 2.5843242369427033 0.005672871544862582
150.38569533881642 2.5840775513523075 0.0034708376083666718
150.477849458275 2.599982276217949 0.006076366764174631
150.52065350383353 2.5875065444348935 0.004806138585963771
150.49736157030827 2.593776536306993 0.005210684099330682
150.4750582484956 2.6136651118103797 0.007496830894682666
150.41330888823998 2.597372409154121 0.0038099066048721915
150.448029628945 2.622251830020358 0.002705133948133685
150.43152675520653 2.627348765705394 0.012849012884676502
150.49365078672923 2.6374096150223174 0.00619334815986888
150.64841920757115 2.5567147790565987 0.004147780825659525
150.65266161371062 2.5656861713486987 0.003016096860751832
150.67003297520645 2.5871930664921146 0.005877922418585077
150.70065761433207 2.5859271999753677 0.0042070644440605045
150.59885263330725 2.6031780037223142 0.0028902628426568946
150.73016507019622 2.63730590031462 0.007277675205673647
150.75215761011015 2.64565303861278 0.018305888577652696
150.76994221406778 2.673374034275403 0.005907913725817047
150.71658819638856 2.6790718209733724 0.0031242538927508594
150.68047187879617 2.6831313235521015 0.004062738686637643
150.67640237220056 2.705053575630843 0.0029243212801942234
150.74747352262582 2.71177201338885 0.0072541992417633075
150.75810720664964 2.7248447627676433 0.011541424359257736
150.72886472003893 2.7446439909309417 0.0035124072880263917
150.55995299637237 2.648796136737711 0.004090652987611921
150.5903180625015 2.6675258287628383 0.004592455265744031
150.47902445093496 2.689621778383369 0.002750208655884839
150.6580306035024 2.6984568067682244 0.0037994773040013804
150.6422543423617 2.74549149040791 0.002859019250723112
150.67304968603722 2.753205963264749 0.005489586081868933
150.65116478316506 2.8229225348900147 0.0029583680234424262
150.30165509755423 2.5511838266079985 0.003128301872406913
150.32144211975452 2.565176999719731 0.0033603312023888997
150.29429813062865 2.58588062053199 0.003445808711430558
150.34911966468795 2.613575708731187 0.006402127361974116
150.24114445328888 2.593169193877101 0.015223293994396555
150.20796053907165 2.6117454903649717 0.003921048955340756
150.25773369987184 2.630730097464802 0.005362271258238562
150.23792031556246 2.6220835679240135 0.022050579306624796
150.3924199698723 2.6415932566112112 0.003531470840514375
150.38368034637443 2.648288092069308 0.004681073600769133
150.4453529814882 2.6919289212368076 0.004686811367684322
150.36236981726069 2.673287019563211 0.004610157572931489
150.3685978675449 2.7341535786944067 0.009022816490635082
150.37372808645674 2.749265159362736 0.00622371876389177
150.1863218744052 2.637100370860487 0.002809025486566806
150.17796364222076 2.6615352159335353 0.017886797678455153
150.21949935625292 2.666484239617154 0.0027713339661334115
150.24481083422958 2.663277012916173 0.003963568147431626
150.1587020182254 2.7164391315424115 0.0033080059315984877
150.21276686569465 2.7469507830606874 0.007809039230572268
150.32668644565575 2.7226240302401217 0.0028765681968787584
150.3220894525832 2.7216603725733153 0.0030571183341910513
150.30099701670778 2.7250538987343664 0.0036988089056863094
150.2498678954647 2.723761240832329 0.005343083479886714
150.24473458775253 2.743670511794423 0.008355202587076876
150.27639113378046 2.810870179386455 0.004347398934696358
150.48106083596377 2.7129386796810766 0.005134772949331575
150.51985269503885 2.753586993538464 0.004945078721781582
150.49924728991576 2.763303425828901 0.006468746387692879
150.52760644316112 2.7803752295388384 0.004580579231147283
150.4425974082719 2.743402140909523 0.004585166857880715
150.4410823347974 2.7525454963564293 0.0039031889860045676
150.44747481480513 2.797700875316347 0.0035787567866708563
150.46838637760567 2.823314857772994 0.008254036682193253
150.51584099954167 2.8130530518476693 0.006977891055650338
150.49529722036988 2.8458852414097153 0.005261902415392423
150.5718889445409 2.88798861356003 0.003829545330171269
150.35641761951734 2.8063353102683584 0.0026866946444487135
150.39919834685023 2.843824053229253 0.0028374077107889213
150.41573520477817 2.847283900549094 0.0036107773924063534
150.36103944665888 2.8231532298891966 0.0035675827439400755
150.47207309019714 2.856894467231476 0.005015663760525761
150.46812432061597 2.892509457405657 0.0029163038058551637
150.50013379318034 2.892927635980252 0.005342664582414496
150.5274815726144 2.928440234312305 0.00895625849390634
150.52111839541772 2.9246138489771893 0.00505297249942303
150.47170977786908 2.918683509728677 0.004530106838891702
150.43552933739664 2.948857006212678 0.004603693104713649
150.82568509234508 2.702127930554999 0.0031424568257079556
150.84553187103822 2.7760583749287813 0.003161513383375436
150.7796680835531 2.7638223850428507 0.006717804788713655
150.80919027526616 2.7913144707081754 0.003141133283435007
150.924339382966 2.7777463302659555 0.006564214280621419
150.88692812726427 2.786637850696317 0.002909993739242424
150.91793396909603 2.8228351909920266 0.004772881254697324
150.89596249562285 2.8234974713981043 0.006305015587885413
150.89495764315205 2.814666453188743 0.003148336429354915
150.8600665692574 2.805217079000794 0.014276624586991192
150.8682548651188 2.858330991099048 0.003772492452902746
150.94630258790178 2.8692044159974603 0.007258370112841811
150.7753434302236 2.8347974979280988 0.003776587832789757
150.80483887356596 2.844986443558 0.0060875915371297225
150.79703355971353 2.84090085708808 0.003736448576789608
150.75135713759744 2.843191393608148 0.0027769106725056432
150.76704072902845 2.877115916066825 0.004483716032759712
150.82254745551802 2.849783355264299 0.004558576838859476
150.86002751690822 2.924469902011032 0.006211659833409302
150.8045944072308 2.918295062898656 0.0038903265726588556
150.80883574564228 2.9599264981071047 0.004452628272806234
151.01086165021198 2.867367239738268 0.009594758314336418
150.93870457307983 2.928461418614633 0.00306545231372158
151.08262473713518 2.93122505526845 0.0032617427040447806
151.16251276011528 2.9926413801531764 0.004048376914013941
151.07265218353962 2.9830657646806618 0.005375463776254803
150.909082029902 2.9635964863183935 0.005807549225435176
151.00909403281543 3.026866675605611 0.009373242534268921
150.94222026808112 3.066065932134498 0.009126425324732556
150.9622661189116 3.083860085595471 0.011079862595471156
150.9962312207305 3.0661295436493297 0.00326289561010249
150.99458053407142 3.122314944492958 0.009765041866513013
150.64865120268792 2.8666752936030577 0.0053429179468726185
150.67359518982926 2.862935749419834 0.003574210609458101
150.63964151235052 2.8724708833412302 0.0034010322852676593
150.6138770091646 2.866439881287576 0.0030819398233574366
150.61186976187815 2.8660579208667145 0.0027354057759162676
150.66022671651993 2.9030672782668128 0.0065849303334061665
150.6802599638852 2.935457728815112 0.00895552106197565
150.60149056825344 2.8926409729759315 0.00567727373469011
150.6056760010164 2.938797138641156 0.007938638382867092
150.63510577506713 2.971912424705688 0.0052488277958274215
150.6321992267387 2.969053448783904 0.006237164805331185
150.7173230963798 2.9528898767513914 0.003510118470251835
150.6911705071893 2.967376099158427 0.002863336468370685
150.6766630264095 2.9906957325432795 0.00574413243900701
150.55342344640587 2.9646694961522937 0.004531781473323509
150.56792090085418 2.9839556366478925 0.0030815825034059417
150.59628528665655 3.0073162363907047 0.005074503654583875
150.58827897099994 3.002506426403048 0.006024572424374632
150.49873518861867 2.9978896097826553 0.004101919372601499
150.5575223952048 3.006111245089939 0.004116469667375414
150.65147120932386 3.018936945386277 0.007419321140052156
150.6840888781346 3.060479358079812 0.023516403895727622
150.58099906204492 3.0648185348370776 0.00574188684480641
150.61333061033054 3.0753294192352265 0.01790956034363429
150.64709977040872 3.066673884088367 0.004809243920065743
150.6562010510087 3.0779617979364007 0.0032054341877920172
150.65129383272782 3.081012339463218 0.004167731953051884
150.68177807595745 3.09261235132967 0.002758220167531364
150.84164256554928 3.012911333410242 0.006471568159946703
150.8377956851096 3.0644641896750815 0.004232614589786414
150.8794322453649 3.0753498605479934 0.005821743334554011
150.86590904423483 3.094017068276415 0.002954580754612558
150.81774376506812 3.060014797006281 0.003967516847640403
150.75576084502364 3.0796763550779938 0.0037782662998357428
150.83781812218 3.095853901500049 0.007639538072914251
150.90926187957356 3.098735465407114 0.013927180994265414
150.94719659654015 3.1424457755085635 0.005162725324241379
150.88300566602052 3.117088460511484 0.003703791661582789
150.8387601939865 3.1203345017076423 0.003738785154822029
150.84051755064633 3.144158286845684 0.0038660504728231628
150.90940821000822 3.2051365954553144 0.003973200391713876
150.7301093169143 3.0757788449249097 0.004053040137584173
150.7198321822148 3.0764696901713195 0.0030152744284612618
150.74141465637527 3.0919584114677057 0.003703575731436136
150.7843570437302 3.1453954669996373 0.0037073642661027847
150.77410935494115 3.1509617432201344 0.006965398765640001
150.78427337941386 3.1579193597733872 0.0032620703258958344
150.70714610827804 3.118332980108519 0.01603119178132411
150.69967288271022 3.1389311785720437 0.0032422731484665766
150.7344650077801 3.174608224468386 0.005507342292662639
150.82977473565424 3.186454242413778 0.002725756833979889
150.81376291417547 3.2032823188656794 0.00545968239879512
150.87532527041736 3.2039447093498197 0.006806436616797278
150.80499199119177 3.218285944886249 0.009617014140485106
150.74278867845518 3.2060157546187855 0.002980067249159861
150.79294971663677 3.227938956954788 0.009707441334174489
150.82423600992 3.2439140718381285 0.0129166658485816
150.14950779863912 2.727697158266133 0.002792672185913354
150.10017186942886 2.71696620257324 0.0026990301106507146
150.101600522649 2.739643732397957 0.007108577123815662
150.1664693897743 2.744730588921131 0.0035694810823781844
150.15645287527832 2.7398895346669065 0.004160036246063505
150.19985415630322 2.7613791381156343 0.009116792695910626
150.1430720179563 2.7639761167348187 0.00446140885177321
150.05757462848356 2.7466463282816997 0.003459023954555622
150.1038346825681 2.769146396559662 0.003381726997330262
150.06471017879483 2.784139645914052 0.0043961657623164865
150.08434894052263 2.7956087748494483 0.003180157465557295
150.21719784103473 2.7776336512792956 0.0030614201024525968
150.24537463441166 2.8012413400336658 0.013411559776111331
150.16394444095292 2.8270795483553055 0.005622699318171178
150.15522925525994 2.8395773815884646 0.004390188012983688
150.20298488062733 2.8682573180909277 0.0028483693220456635
150.02030958564254 2.7825949401165175 0.0031302675535832382
150.07646216057375 2.9019623713684584 0.007491123890342508
150.13966037816138 2.9321705361916752 0.003292324430115626
150.2952817902675 2.8818495104638173 0.0029411229472044668
150.35833401899538 2.9203460717848926 0.004704451327045867
150.27281688150538 2.8937696924703724 0.0026829741887827853
150.2099235250213 2.9084890389104427 0.00385430820576298
150.22588618996443 2.913467967281395 0.003979750808272763
150.30823307212762 2.924950591629467 0.003162838303085154
150.31991464327507 2.935482569631396 0.0045953287324189815
150.2669182152674 2.945838498403481 0.004000454724584539
150.29344632651848 2.952066985329208 0.002809933355201859
150.38913461628215 2.9470263203693463 0.0057146958299681095
150.41259755213468 2.9638883409623675 0.0034693516730914934
150.41737008950577 2.9841121428754023 0.0027078761653050436
150.3427701526808 2.9851535910864455 0.0038080359929694055
150.30137606393924 2.9842236410556655 0.004277614710547392
150.37595292323556 3.0095659985380476 0.005147409142969028
150.34308166606075 3.0221209075626416 0.003623818181519574
150.19441098775272 2.9374297650049823 0.002800380240565394
150.20344256926035 2.9554412924981093 0.010440852239760703
150.19728681742072 2.962834958578502 0.004731867221546571
150.1674658998374 2.980250856145152 0.005168506831208414
150.22281661625885 3.0376951555927576 0.0054698562067348935
150.18423037199108 3.015808605682624 0.0028908425912009253
150.1801710258772 3.0101030888408244 0.00480972398863197
150.29738024737776 2.997307835859943 0.0033826538211672147
150.26256139100477 3.019972925062593 0.008564880336125312
150.30745174274753 3.046282617715536 0.003525534180848472
150.22269009109445 3.055693122142269 0.002989097901214382
150.2940117328874 3.0764192686532748 0.004225975205213981
150.28996485203675 3.0819154676625486 0.002916478569946823
149.96265802865838 2.8903848624422865 0.0032550744007088677
149.96804933129673 2.8795317593797303 0.0032601325628133252
149.95276172351984 2.910341057491024 0.00569600274098212
149.92754092720318 2.9068337097336165 0.0038614624822675097
149.879388938847 2.9064838226370404 0.0033494938106344257
149.9471684533898 2.9455773728114463 0.0031733372129296323
149.93993965084564 2.9786442658049217 0.007675243183514395
149.9930328676294 2.9528054199664124 0.006344222336047131
150.00832976979507 2.951928331960261 0.004738308570131811
150.06640588883306 2.9764965963611902 0.0028451474562555495
150.01583062596035 2.9979762870225666 0.002860209795194602
150.03770459792548 3.045111657610304 0.0030286914714478547
149.85137313397522 2.931833346753683 0.0031496070914785682
149.84497487062757 2.9639920602799927 0.028923945105326632
149.84254533228128 3.0027411756697338 0.002966002922494398
149.83688623857995 3.012985468448817 0.004011680104280288
149.9172034734129 3.011347941186328 0.0069835565561052765
149.91101315580056 3.013802423540821 0.002679165330482677
149.88474328025717 3.0495502468350195 0.00606706299947406
149.9626269531991 3.0908609724958853 0.00337761589395708
149.9603926110572 3.0915422879415204 0.0031341437338676423
149.93047120656863 3.107548899337814 0.0028523934113629675
150.14093412001 3.015638852597322 0.004518155612275235
150.08891017536214 3.0167807654130754 0.003023835000398353
150.14253744282857 3.078821483713833 0.007829043112473557
150.09540046789826 3.072738873474446 0.0070998090684597686
150.10636158869485 3.119137177192317 0.028733393573684936
150.21115546220588 3.0671626978246995 0.010632867441384992
150.21980904782504 3.087405428205527 0.0035175652287417047
150.26637985961997 3.148097515012266 0.00319084214492052
150.2431402795499 3.143320679081636 0.003921449301634457
150.19844166615422 3.1310887088599295 0.013734044006293706
150.1561862547584 3.1313384000582385 0.0030179741086136334
150.14773573745367 3.156407932598289 0.002849211080380489
150.23091284517866 3.165749725894916 0.005341244635207919
149.94478312540517 3.1362557671910003 0.005483174402174282
149.984693002649 3.1601056539817587 0.022012118043370454
150.06302836207053 3.166331986329052 0.0065924349723812175
150.0458556465167 3.170488862695184 0.008799011789888601
149.99068285760427 3.17265328827508 0.002767651349157164
150.0304515041847 3.1981214778348144 0.007879543176581568
150.03607387249642 3.2028360686487014 0.008819180872101809
150.10515056340395 3.1490607281970613 0.01394470238022397
150.103683421521 3.2072517474081432 0.005191674365269649
150.488933785965 3.049241658622577 0.008291744848312285
150.44313307809514 3.0423383834909075 0.003433131389279962
150.4172802732821 3.0473361880797927 0.003980723563834779
150.42375209013835 3.0552811549962726 0.0030617196720250325
150.4574307447587 3.081540471569803 0.005045664382656014
150.48530019180373 3.114542256368351 0.008000197520479405
150.58780047349623 3.1060083142639394 0.004824330803147972
150.57949810920857 3.1448748521028613 0.005440194344312459
150.59271789373273 3.1453153395917166 0.0038439422965056
150.53064764708523 3.1486444549126924 0.0034305021402706564
150.44781780348777 3.1297050249419485 0.0037522204806118673
150.43622199922703 3.1361763983869655 0.0026701184926962293
150.35665951674116 3.142261216633129 0.007515851742244924
150.38487269450837 3.1396413088275676 0.0027693894576002673
150.4728494882088 3.1658330710836045 0.002746118915531839
150.43968048661927 3.1617695790321387 0.004381807300656513
150.4479089766614 3.1784964156138016 0.003441190138134503
150.50825463372843 3.2050049437225487 0.003335232350380761
150.5394373953907 3.2001572022645086 0.008958987891394229
150.52230553373016 3.234720582800112 0.01136890243815341
150.43663209644498 3.2067112379144658 0.01460924625369574
150.4735307617324 3.240137972208488 0.004772915873213341
150.4526763333599 3.2635518378732344 0.004051555846802779
150.6836523161743 3.200789454584081 0.0028806064554955974
150.6053831192659 3.1859826132360816 0.003268960814159366
150.60878528526865 3.188651749412806 0.0030240620605283823
150.5822378810764 3.1992724440575824 0.004047959554963591
150.62614575700758 3.244418848530506 0.0052233281360042514
150.624641642114 3.249174216329665 0.004302364680361718
150.6970370255322 3.239923065026594 0.003475015248381762
150.72107886701437 3.2628013000243348 0.004261950139637636
150.78394383760963 3.2773326156551574 0.0027523202131304113
150.79091961323726 3.2721839794513055 0.0038304031829872157
150.68909866649057 3.2811111316304262 0.0038472356162339897
150.71730892226688 3.2967454560891043 0.0026509423889166427
150.7338509273927 3.292557635421196 0.007153965634804927
150.69663911189227 3.3245818472465687 0.0034469711983622225
150.54779580917264 3.2447210002148235 0.004196342713532158
150.5450061801726 3.2706677598267304 0.0049635158678932945
150.6290450032489 3.273336939362235 0.0027216935846528082
150.5141509062246 3.2662802555287467 0.011283421572774694
150.5411795081586 3.277049949994953 0.005057806492947113
150.56268687321926 3.3353980797806337 0.00577035330272792
150.5660209187392 3.3484590264087353 0.007675035883190603
150.65629587576396 3.3452386413068176 0.0028217878204982506
150.63874679458198 3.349839784240661 0.004445577744534638
150.69043763362504 3.3878409536713625 0.0043058806172437646
150.65139720026593 3.417500437915402 0.003602148307586502
150.6458478564786 3.4267083386050623 0.0030312663232849473
150.33879254610588 3.2089992794792264 0.0043691461732242465
150.3183233435895 3.194171301804221 0.0037603493092408357
150.34326109717378 3.219096959190407 0.003520065336933996
150.3303832020909 3.219909227832933 0.00394804304987875
150.24770101638848 3.1821208264023477 0.013707916635695988
150.25074690401362 3.190256998920158 0.0032586220327828477
150.25509397853585 3.1948854230466885 0.006795292095604166
150.31838534467272 3.2517060718792123 0.0043208042814909765
150.34016969677356 3.2464440732037407 0.013968561673376867
150.40444068389166 3.2744272553896363 0.005092589550942218
150.3908877675684 3.2845949794039973 0.005000121869028736
150.42740933350555 3.2928836431975985 0.0035379641638728465
150.34005284884938 3.274035859591028 0.005713777501129424
150.30993006115057 3.2855130144855953 0.028310430411429846
150.27332948741247 3.28437446763263 0.004752628079878288
150.26168985935192 3.290771055044136 0.0030162767716710517
150.23597247943877 3.304221152313619 0.005391410493888375
150.14465317735792 3.2699889820840298 0.011910557487482133
150.18634285864783 3.3220589894968073 0.003783378439792072
150.32929549299124 3.3393258428941923 0.0056148611960515305
150.45129331988412 3.322329914344277 0.0028859524725499248
150.32463899123331 3.380921263711562 0.002690591337434875
150.25304489115044 3.348274339187515 0.0026531392811084634
150.3001230499735 3.3705526837032664 0.0028378741339308822
150.31660067501474 3.4020250134152907 0.0039025346664570155
150.29514381656753 3.430940691853657 0.004399193243025013
150.5243413210191 3.3784676650232397 0.007941891775458105
150.50507777172282 3.3759151305965003 0.006045136331306026
150.44425576114807 3.3684969902510953 0.005213681652544862
150.4140880278189 3.3591930617797177 0.0035633970786463505
150.38658979873804 3.3606107296989385 0.0070906709934910024
150.43240350985414 3.3735639573902865 0.007211988899830518
150.5920869607923 3.4017421053169015 0.004874970080499781
150.5741644310258 3.3976179280195344 0.0035465294016729745
150.57299120207614 3.4062853489233764 0.002965874872618937
150.53030325649266 3.382151027095233 0.0033324772219280995
150.3962699874181 3.3777329246479617 0.006265357757168141
150.41571052788862 3.4247987535960043 0.003693017831476471
150.54982197892326 3.5066325772705347 0.00408223902026377
150.53253574072127 3.5078565856910973 0.003022261714522519
150.49335887956133 3.512601681585023 0.0030624609498369347
150.41219514318718 3.503163797580737 0.012724521492742629
150.48347141122085 3.527742779429722 0.0058145912393353615
150.47672296000184 3.561037026626575 0.009378690400383324
151.87190601397572 2.393100315563109 0.0036701216498589173
151.88934356585713 2.4101221050764585 0.003596878141459574
151.92072756755178 2.4557362311583883 0.002791146484221041
151.89214032146018 2.4600982187780347 0.00397958435287302
151.84833261693217 2.509263825562908 0.004015135717134952
151.9660024457278 2.4945479935922426 0.0038085652859625395
151.97395081816143 2.513640580658698 0.005075147276361059
151.95585360190077 2.5594141070862375 0.0026703242493011565
151.96043797415956 2.5856089250562153 0.0039154141826282475
151.84066546020037 2.5229173950752775 0.01174515789672303
151.7358086070544 2.5217979757017113 0.0054282213595994245
151.72078979092169 2.5499667850385492 0.009422780936128293
151.77705329791493 2.566126586821215 0.004004444045642243
151.78252569631337 2.5880869031247205 0.002919339843475554
151.88290647029766 2.550184947292474 0.002919083140497614
151.88340055709756 2.575450519566892 0.00617313222794953
151.92095781074786 2.587630236396233 0.004655638646524422
151.9113818129551 2.5914008913318245 0.003891118613077468
151.9295657362879 2.6196356759071446 0.004829739862823429
151.89841666424874 2.629029594402124 0.00310339423917336
151.82326160284364 2.5992163047408607 0.0048168569022653445
152.02458168855367 2.563046965932511 0.004189840250874615
152.03733283265257 2.6178944875739103 0.011946261156936169
152.13701531409276 2.6151798919738014 0.004524705470073234
152.13137821842176 2.6279250100529565 0.002889185320533426
152.15886386051835 2.65060523648913 0.0040092138282063665
152.18325188429026 2.6892682075258434 0.0045384528154950475
152.07903179929764 2.6703395811038777 0.0035875909071803437
152.11078732629207 2.71819013895507 0.007747072666619147
152.1284890814993 2.7164972126295797 0.004615052805737427
152.13850042604523 2.728553409219228 0.0030559000784713534
152.1497026913685 2.749976790006148 0.008657562682576383
151.9816234897868 2.629877534256647 0.003572501621780905
151.94710020303808 2.626291275576317 0.003389466294942302
151.99365184865167 2.6419629239961764 0.004317610334937142
151.96601125697111 2.64945122518198 0.008173507483971287
152.0106483530673 2.6661896982949145 0.004741314072046556
151.9546054378944 2.6818213137303752 0.003693339022177495
151.90834140909192 2.6916209654962557 0.004476726985509147
151.99205021380553 2.712822940014916 0.005807570286966
151.9785158194423 2.734834454390452 0.00579358442051404
152.04189202474157 2.720344760097135 0.009690218717797551
152.04954715244634 2.723275597839655 0.0029345320332322417
152.05064064327786 2.728542261187586 0.005847186007763208
151.9819977739062 2.7457656151453937 0.0032333411883638617
151.75777040995942 2.6013779756353315 0.0055509368243006185
151.7219408490118 2.598863428627716 0.008033988201749468
151.75354814733274 2.626746853602483 0.004588424178752325
151.65968113506574 2.625973992043861 0.0029862498408763224
151.70489331689947 2.6457524193101483 0.003424881776035902
151.81714289683154 2.6493147460647792 0.004786638279569247
151.76276527725773 2.659275486775195 0.014289891609084013
151.83065747405973 2.6556938370279455 0.003054094807442988
151.81635554794877 2.6783904154693334 0.004267192446785491
151.7616721530223 2.6899648622914176 0.004590734109524998
151.72855443931513 2.6794589421441826 0.012161814909818582
151.7969879645445 2.700917423023016 0.0048182389559579064
151.7651309332646 2.7344145584122757 0.0026554186100932542
151.62466309408387 2.6270007122919825 0.005263691401282114
151.6188832051651 2.6453353551702317 0.002987509256774218
151.63463568587508 2.651893762249714 0.0034272797868475048
151.62621519335633 2.671421287506215 0.0036085147065997043
151.6545707527553 2.6883769700442377 0.0030800968289024316
151.6649076745326 2.70230342408567 0.004451834795720527
151.54699509515223 2.6804156611611276 0.0030125216006874076
151.60181138928925 2.696112159403443 0.005146085168999623
151.60724512474317 2.7026213153919136 0.008989591549724325
151.68109614886055 2.7253256376382575 0.004172582090144357
151.74991919211826 2.738562870650552 0.0027000464129962134
151.72262565279755 2.7772176767030916 0.007628300883551303
151.64321825168022 2.757239653949631 0.00519687043747241
151.86159320289408 2.707073709146703 0.0029077181318035274
151.8730473840921 2.717755472795393 0.0032740771933607005
151.80939498759955 2.755613558284428 0.006089715302667611
151.95732341141422 2.7671468011825513 0.0037263406967244254
152.00089511854728 2.801237003036537 0.007363630868324518
151.95495399567122 2.8101073733325137 0.00695794152546384
151.9733548580947 2.8220602830608668 0.0033223085175456612
152.0200721945511 2.8233454588059734 0.004790445896799239
152.0146324116277 2.8167751603441675 0.003234915751566195
152.02856143952388 2.8303476645290835 0.007418187301537125
151.97974999413108 2.8334225875039674 0.013970213221410602
151.93619976050584 2.855209812549812 0.0027738161959407165
151.9291339229499 2.8740826091625338 0.0036526092501129068
151.7625946757551 2.8023286135104617 0.006058617565025544
151.79510608443763 2.8281991082114635 0.005006062755938176
151.7861145088338 2.831769602984869 0.006586064879089367
151.75235414593573 2.866948869651043 0.008825786239257236
151.88452155332357 2.868945538897721 0.0031428718971284325
151.90709530769382 2.9335234300668356 0.0029600299110307204
151.85020757772512 2.8991856849953206 0.0028648392927408833
151.86449130184758 2.903569408376294 0.0028691172369876604
151.85176648628843 2.920347709467826 0.006130599205905652
151.85928643990988 2.9288316623823443 0.0030943311878836545
152.22138263705034 2.6931394211072286 0.0035977146912318375
152.23553999768836 2.7029292875365765 0.0028025441604451434
152.23647226389062 2.7267791335228067 0.004021499551617872
152.24318792210835 2.744088347108208 0.002886295582097858
152.2935407283736 2.751490881870715 0.010885363710534389
152.23492425224484 2.767520944982529 0.006334798345430562
152.1854950143629 2.7305068192388395 0.013669199266936096
152.17182678187217 2.785959976872268 0.014700009303741352
152.17204338209407 2.7876795335953117 0.003455165897849101
152.21904847396402 2.785234709342402 0.0029006373817934317
152.21206422654933 2.8021944196347297 0.006806678759676486
152.31145099016467 2.816627022644115 0.003085638180018641
152.25793489023735 2.854449343865808 0.005196194329269006
152.12875217159817 2.8128184437518424 0.002664641206485525
152.14287398200068 2.821099697853575 0.006709313181484212
152.20917428086275 2.826611358311539 0.005253961664280373
152.078187951543 2.8494523296097927 0.004471000409203376
152.16218764656963 2.862298295054768 0.0030420909886413835
152.11437775864704 2.872435530403343 0.0029932063618633995
152.2430214185209 2.9139742549669645 0.007949073261518903
152.38209265992649 2.8912517894887984 0.006343806456736376
152.44348029489927 2.9163533263018655 0.00572136143950167
152.49825133054384 2.924803708508714 0.003722210197664122
152.4855180501018 2.956907344611533 0.003840093771978285
152.5183340151004 2.9715815548640325 0.0033758262401949266
152.52405536305113 2.992502834525387 0.004783522263685582
152.43473594028168 2.985296520534762 0.002749447805537889
152.51261902588425 3.011167471624008 0.002800164462750785
152.50839751849784 3.022918489746526 0.012528387127036996
152.26102896245985 2.9739673448185133 0.0031459657097933575
152.25920250833673 2.991035444482954 0.020395351036436537
152.27171265375287 2.9993434489800177 0.008146731247671716
152.28412434479262 3.003391288363343 0.00427797684538501
152.3073514649465 3.041075138393736 0.0036708337383381242
152.3805183188221 3.075856052343101 0.005061189456180195
152.41087774137455 3.1019864276278937 0.004261471463851151
152.06151182012897 2.8752328262889173 0.0035999788113442533
152.0497842818153 2.8896716827679296 0.004526628564291377
152.10374825810257 2.881186991043681 0.0037019474505651582
152.05725024054246 2.906469423567712 0.009452646014655317
151.9840919163594 2.921844561897467 0.013621381124822028
152.07914624924155 2.9554868830504852 0.004748955495229235
152.1411336384637 2.938819519376636 0.004060097842898728
152.17273893874795 2.9515548701171315 0.0061472794980650764
152.17500279456192 2.9484141059333955 0.003353543117890973
152.13713221019282 2.954417998978055 0.0032830297227895958
152.2063747527228 2.978854661163272 0.0042632981392527036
152.21507526790714 2.9931361889821533 0.005217662270623492
152.20031388454146 3.001485045378082 0.004872420700364386
152.07711236078543 2.983085428682783 0.005740566993606422
152.07345246388027 2.996265026630171 0.002947326640279009
152.09727017424743 3.023210192535565 0.0037241921008593693
152.1539135625147 3.0456365649815726 0.0030150797898145644
151.96641059133185 2.940356040276895 0.004230461184189082
151.9511731058079 2.9427327417964886 0.004425230934075347
151.99239914300097 3.0061867284617527 0.003968503609205006
151.91528216600886 2.9627706914779974 0.003353230514644066
151.92927693041878 2.975436673537683 0.009294331419939735
151.9136023896691 2.9869135388102293 0.00279203198782736
151.9800517783613 3.0318610477068484 0.0033309286853575814
152.10686594172714 3.0532375001598693 0.0028252586913382334
152.1177721814728 3.0700398658239747 0.01031525490795096
152.11866048406648 3.070682836095437 0.00647726215432344
152.0854370554674 3.067087486760662 0.004717105175106993
152.06268152078718 3.0567811266974902 0.0037546819478404417
152.0934425502907 3.08437128412216 0.0027580585066313747
152.0141962890396 3.052404342843054 0.002947706265946494
152.07613160690005 3.105018483510317 0.003136312396350343
152.03011198226355 3.085151367622312 0.006164222333358394
152.05800394775216 3.1087427396327105 0.006319372335491934
152.2394930539335 3.004616921093596 0.01069120087781506
152.1923002699685 3.040608711471308 0.004374913640680374
152.15796299075376 3.0745955349826195 0.0027887535402408626
152.1841007852249 3.070121236879511 0.0038905443878571133
152.31574559251314 3.0929409083799166 0.010506694016764373
152.33940717916502 3.0925930194068516 0.005805435838545302
152.38524741007222 3.1416152529421075 0.0031212381362251667
152.339148009721 3.1313440868830766 0.002801706996248414
152.34290782720117 3.1477798364141454 0.021726740467703086
152.31570876447566 3.161460656412952 0.002658270639987401
152.28857372026752 3.1873485778679447 0.006056572420787222
152.12779443362254 3.106569850787652 0.0028629743336153046
152.1052315824846 3.09362863840904 0.005003838849336801
152.12433797387962 3.169338465720095 0.00351081806704688
152.2559998407942 3.163440235061327 0.003945306560117622
152.22163825167783 3.1740816312586313 0.007414779398713164
152.26013671238297 3.2299096142339767 0.0035789124098578717
152.18615192852027 3.176957355598231 0.010480687564863965
151.5519767067738 2.7483512692362573 0.0085798174897591
151.44636429117034 2.762907318289438 0.004269328127345523
151.5540264315141 2.7918895348808004 0.00608657502475777
151.5361779071094 2.8040642754900693 0.0027353472004510043
151.54940100818752 2.804734909900593 0.004760163934964059
151.61385318503264 2.7773636587673027 0.003326598862002727
151.6207430039032 2.801731384399288 0.003109972004682584
151.62170668246978 2.804318540604075 0.003617400919290843
151.59452394663194 2.7899862686127403 0.003381928601369335
151.66914632075176 2.829879182445649 0.0031448933314029742
151.66071819835636 2.8478605916292747 0.0046793362021675155
151.6065702791269 2.833440077142857 0.026475481098165533
151.59440005073463 2.8524962922559363 0.002975607328313704
151.44148822905538 2.7807393867821726 0.007781283251147666
151.42151545314397 2.8068611963119796 0.0037495813865311358
151.48840005039844 2.8560537317892947 0.009058715068057745
151.48538503513998 2.8507201525197625 0.004251874131714808
151.40602748155348 2.844823200646093 0.002881154911034632
151.37316979110963 2.840787554547167 0.0032258426131763778
151.51940379374162 2.884334825267827 0.0038737176697350236
151.56232565108786 2.9377739335808815 0.0028009891699054376
151.7062434359425 2.915370175338397 0.004875100068119957
151.64050905839014 2.896321806012594 0.0044873240663113965
151.71503536742614 2.9332917318608565 0.00912974483294901
151.67998488154177 2.935582255908654 0.015680707169027922
151.75367674738888 2.9563312047628547 0.004057810341390134
151.77144276444602 2.956360241276919 0.011757157054111409
151.8487921283321 2.9729113919962584 0.005108792394007887
151.81294139855885 2.985558075041097 0.003044857901375551
151.8459206810124 3.001307996643827 0.006227910382849115
151.73626903743238 2.963380914456015 0.0088087902638935
151.73663533688418 2.9639728504437657 0.026457940905740517
151.7765795197762 2.9806586418863517 0.005536412743485041
151.60500049029108 2.93413739891268 0.0027080946525588124
151.6098132498458 2.944019898207291 0.0029901013538295358
151.66600167566585 2.9879127293667547 0.0032521518430562615
151.67805443377415 2.985809391806326 0.005275007963579343
151.5852937745265 2.9643446359467767 0.00396686996675148
151.58719747557112 2.972729326785424 0.007231554017806475
151.57696524217084 2.996905538332533 0.003937628634949271
151.71860659145426 3.0286496229137847 0.003589890068733437
151.64632793983156 3.043961245059552 0.015493894148405747
151.70560340533885 3.0983460367074067 0.002938590664822106
151.32679393993118 2.854359836726052 0.005260722330317787
151.36914361144687 2.8634102210647 0.004717958317289949
151.32295918137493 2.887173388246573 0.0027285199567451232
151.3269630891112 2.887497179590352 0.002911050165566149
151.3493425570115 2.876142074430369 0.0027394137078774537
151.32942004258675 2.898483921142027 0.005590320916743362
151.30074318550984 2.924695203976514 0.002712573593312312
151.3335117063557 2.926613531270511 0.003811321191497648
151.49133198940785 2.96303415838747 0.004391703681989144
151.2858155607354 2.956476459353382 0.0031006273577059507
151.24961167090476 2.9402559083885467 0.003721136357459816
151.19545364054318 2.973978832860561 0.009095020339257196
151.2614281406379 3.0547503931366164 0.004667809081493348
151.38813896947423 3.0828024648732004 0.0027946929838141453
151.39538671893806 3.090161038001975 0.002687576250148828
151.33318234727108 3.0928712291051954 0.012186143547405373
151.51172453833968 3.0071637644876277 0.016435325876703107
151.5314707161955 3.04889846716543 0.0051096775510945935
151.52578611671473 3.049221064960076 0.022347842689229742
151.5253377209254 3.044051866094767 0.013033473090528653
151.58689118693252 3.0429551515815096 0.004511252488322638
151.5683560247378 3.055738120897269 0.0031573339873246366
151.5688301361968 3.061514556961681 0.011074936622765073
151.50057379942203 3.11396994348259 0.003658379161687433
151.53002439020432 3.1034425597351856 0.004371077881839542
151.53337164438062 3.119384777650732 0.008475526763753261
151.61417320977924 3.0944121244439655 0.006347073311212865
151.57603497863877 3.0976081194953147 0.0035241455727223077
151.6714607520944 3.1494293713327983 0.004420529718601763
151.5553720969214 3.1097253603141093 0.00295681613619594
151.57337633173708 3.149583378174608 0.0031547059842779155
151.65204307461877 3.174054335417968 0.008807673147692577
151.5759229567609 3.176728124878803 0.004065284785294403
151.59764235508197 3.1888404313088925 0.004376257011801134
151.40531880595475 3.108957287983076 0.0042210504669385
151.45263640503626 3.1175091617918524 0.007529130498677759
151.4307232543408 3.1178910456135864 0.0031193469692524906
151.3878423979519 3.136539769694123 0.004471922408870529
151.45480056808742 3.187957349566014 0.005100331679617849
151.43157018104557 3.1879955217264375 0.003498015621414571
151.51042123243184 3.17928328246692 0.0028516709705475245
151.50400619191691 3.180158306337438 0.0031080641544293185
151.56113471400175 3.1951631839991883 0.005029627010331544
151.59899982148838 3.200061021229237 0.0055230453546348535
151.45001330584404 3.2087115375210113 0.0028372638495692414
151.4701644141898 3.228046723534657 0.00435736975523196
151.51935988200847 3.2172264454812027 0.0031619247469615954
151.52305682060003 3.2830885381255395 0.009727830833090579
151.8783023957247 3.029260253593709 0.002719096742684153
151.91453023881033 3.0520779122328467 0.003813924570814194
151.92030166600333 3.083661161593039 0.004212312711269148
151.84845982690052 3.054090984628026 0.003067243110317531
151.8563510808143 3.0693816139295804 0.004331587129475837
151.86112467114714 3.0874619049351613 0.0063900955129021384
151.9824535906027 3.140993270726615 0.004394736741778749
151.91337486941606 3.117250911872727 0.007736653107834962
151.9205210648846 3.121224373472336 0.0032927115314372187
151.90232297188834 3.1399716279266268 0.0028801624541440205
151.99444827780516 3.163882134038692 0.004856879454472941
151.82275376425574 3.1498930975559976 0.004543149200542409
151.78662497982808 3.2081876478673172 0.0036166146286129197
151.91199727265243 3.17297251538637 0.004633910586492758
151.82114135224725 3.204726481458271 0.008571303823150338
151.825278712907 3.2055455898506455 0.004157070689739711
151.8215955858631 3.2309584902183133 0.0048122166301576156
151.89616769295446 3.2394129807413092 0.005091581438871574
151.90852121175158 3.2393274928231435 0.0031134866623429916
151.89144129736766 3.258221871134348 0.005541955760215297
151.84671798878233 3.2539252587624765 0.0028590012788207563
151.88854000665106 3.2723521059767267 0.005854382037236023
152.07107498204917 3.1863439858939664 0.006794741509190778
152.08895955984934 3.2386588447504208 0.002674727510631589
151.99128709679036 3.2260721332244127 0.004478995536123046
152.17187270146192 3.2913237442946928 0.024160940516097452
152.1971103512196 3.306150791065121 0.0028128169769539068
152.10760022884003 3.264775262671487 0.0045244669964495275
152.1089879422154 3.318749417840464 0.006551526162025604
151.9567595577187 3.255725663568467 0.0060062069145304
151.91457234914904 3.2709712202303063 0.003404079581738198
151.9156954821522 3.287077714619883 0.004567498670557698
151.9299863172097 3.304023751891278 0.003267129767547087
151.9644092396626 3.320416037281425 0.004757347270381142
152.04056680984542 3.3021832553042234 0.027011230881791193
152.03486203226527 3.3251792225398096 0.003896246181139058
152.02483666474603 3.3239098485796124 0.003333301667842468
152.0993490515005 3.332937392730825 0.006576851328351003
152.08031002564084 3.3572922966830965 0.0037128024724286117
151.99890706855788 3.358848923238714 0.006222142449614439
152.04986940758403 3.3790504956830425 0.004044863493862343
151.72100659281415 3.1792858326822726 0.002873238714890557
151.7542503913064 3.194815310184331 0.0027432449261884655
151.72042629448055 3.209405931507157 0.002755504151101888
151.81583785393647 3.238759781605796 0.0032013876823412868
151.79442190008223 3.249837389227087 0.002692067373380902
151.7746023252853 3.244085241972544 0.003940877675540429
151.7721395934306 3.2642908014192455 0.002901821403032019
151.83466103362184 3.2681383409093003 0.003592804902104931
151.8673693099684 3.2862526199952384 0.0036643657447736687
151.77339231116517 3.282951233368196 0.006888895781952136
151.80979367850293 3.3260705958844747 0.01007879135084491
151.7643269977988 3.3078982062621605 0.0029821401137505154
151.63753005973797 3.251157784941894 0.004781551465682059
151.57256559733105 3.249664633011633 0.0026456308103324526
151.6422601557871 3.264780406621074 0.004576511938459809
151.6084018907691 3.3007987882832985 0.003091082629666328
151.59269724483826 3.3263775578424544 0.010096761079072729
151.70058939702875 3.303733627833394 0.01526389411249351
151.7024519763805 3.315198265733605 0.002899575120088683
151.71147601860656 3.3624988117015775 0.008841548215770158
151.7309294809555 3.402794775176998 0.002717743774706728
151.87514545467172 3.316186014298429 0.002838032141250132
151.84646040055895 3.330527105819053 0.008125045928860356
151.92101252249506 3.3348688050944326 0.010298738350642208
151.91855321535533 3.335103538486579 0.004722434463353772
151.920389289027 3.365353950234278 0.004100661630691476
151.85684101687045 3.371161635435233 0.006425713302255391
151.81881534000607 3.366591969243968 0.004446201640895675
151.8091661896249 3.373646408167254 0.006200367763063212
151.84116443138475 3.374201892785422 0.0027869802726531697
151.84060515054256 3.371303349321633 0.002664224419603978
151.87754648528144 3.3760497149635413 0.0032418320729148717
151.94360754024314 3.3971056742593153 0.005582882911849652
152.02586367111357 3.421240782314068 0.003055365634952321
151.97600725885752 3.4267083066607387 0.002872772134999215
152.01114551710194 3.4395293952210113 0.004935682724577268
152.0125040383601 3.4595766113463107 0.0045663374198901645
151.8866082091691 3.4421006485335863 0.0032492479575545853
151.8034750505931 3.4449887633272187 0.0034256828195892734
151.83924096189065 3.4524961334602735 0.004020177740836775
151.75179733402192 3.416201642516856 0.004298973367318835
151.74090752628348 3.4132680263141384 0.0037209439627593124
151.78130799254745 3.4321247083399125 0.002957223233716289
151.8794996800196 3.4658294898417568 0.002890577911132799
151.85286737960274 3.4635132283721033 0.003846075094893886
151.85318150808894 3.471743659670563 0.0069164091173214304
151.88280906047612 3.513784870272744 0.0030178340171585676
151.91504269575677 3.514901813010267 0.003597400698238569
151.82249596525003 3.515828331240568 0.003149952498267813
151.9093109377655 3.5443807517526684 0.0059894478740388024
151.8593136342148 3.53857122862886 0.004364022937729176
152.6316721209247 3.0698631647645103 0.002665560318929757
152.63225124231286 3.087341041708139 0.005096052982558234
152.6009533197416 3.112246724922944 0.0030054082872369814
152.57543370979323 3.0964357464795147 0.004905064410005735
152.57264661057684 3.1049360756559023 0.002883903636196968
152.56255730547574 3.119305723131536 0.0037928401496062007
152.58143283345865 3.1250653826242476 0.006372968540221
152.6636994191851 3.063666471754608 0.0056324346897903615
152.67455163180745 3.087985118467324 0.004622070544385235
152.6931351379094 3.088955244061847 0.005483373067632412
152.69052827727916 3.145960901430272 0.00941285437039837
152.6289104683094 3.122000571085281 0.007246705121239991
152.64058461375723 3.134026608952505 0.010901327314493052
152.68200083438072 3.1528974365265787 0.0037250766591583008
152.69184520595462 3.177432356910789 0.002856493726675571
152.506299768889 3.087741383953704 0.0030195093907721122
152.50603588836142 3.1402286013700316 0.004571257012960948
152.45645817585827 3.1123965003807927 0.0027078672802803307
152.45409128228604 3.151089417737682 0.0026804276213424133
152.49387295274414 3.189812372199679 0.004543304862704927
152.60943970621295 3.1712071789518097 0.0030530246417547467
152.59679974915173 3.2207832462113584 0.0026471118038157737
152.63843315491206 3.2329128074427342 0.00427685537596058
152.6211218344531 3.240767416630644 0.006802254546881722
152.5759364146361 3.2558735263954124 0.002955109306425092
152.74619124783774 3.1623266736747 0.0029108114836327464
152.770029522202 3.1932824197019243 0.0046103032699531315
152.82416294779708 3.200453318258717 0.0058366968147617465
152.80888929308887 3.2054059641254957 0.0036625593809122762
152.87588385915183 3.248774218809839 0.0037432409616110903
152.87904529137631 3.2883159262085586 0.004229154387812842
152.81368855162648 3.266340848269246 0.003539903838837707
152.79657269474012 3.276758172009014 0.00289318413281682
152.79704716481427 3.283972052784662 0.005169104530308487
152.78820029880978 3.2896124813238004 0.0031289635185498396
152.7947143512611 3.3163501170522744 0.011777009479272507
152.8680097447758 3.311013252176591 0.0027990717082408546
152.82756031252973 3.327115985787135 0.00396095400732019
152.83742987318098 3.341510994551302 0.006915154133039807
152.66231459997113 3.2646870638061363 0.005225589490438398
152.7075096346243 3.298726391194721 0.003642490515589499
152.64156874028603 3.2761344749302244 0.009116348407015131
152.6760104075423 3.293748174274655 0.0030933457489947117
152.7737902188537 3.319014317748075 0.0027848853119149097
152.8059322486672 3.342141240136649 0.0029224619109185163
152.70729385448223 3.3385936099066877 0.003506139968956755
152.72277249555984 3.348747744187454 0.003101090029122083
152.69225422347296 3.3505699571348235 0.01090023923031479
152.73525221173782 3.39380145325732 0.003931108716769331
152.72884744167678 3.3980268092360904 0.006426208461161988
152.4189729999086 3.16551320710615 0.011324598657662917
152.42683479118153 3.1622060465532087 0.04229842306003198
152.44669479046854 3.1774353182060775 0.037501116904698546
152.43767760818542 3.1856646726712783 0.004355489986556537
152.39050557782576 3.220895082093074 0.0032114083305362245
152.38375257117605 3.266183715400784 0.008586729948614768
152.39499730767866 3.265600587335815 0.008057999472391867
152.4763719411951 3.2641951764196286 0.005902199155275993
152.50694287743835 3.275765368206462 0.009384617248347481
152.47437627462105 3.277842056255713 0.0034924342175059095
152.47955077445485 3.2813151937428633 0.003327696995641678
152.470087736215 3.2868165476537774 0.008492643514637292
152.4315489539394 3.295814070591243 0.002749855415069494
152.46022973089893 3.296919880491747 0.004236652655973291
152.52340184815336 3.328665934095635 0.008614486993387802
152.3240343596624 3.2253835982206316 0.0029758445397821322
152.35282526281424 3.251709422401642 0.005725537251432803
152.34858572703004 3.261269079153206 0.0044687065826219145
152.36984550277356 3.287240420740021 0.00348479379373037
152.3744590524419 3.295564241669831 0.002793171677053305
152.26645081237064 3.2577120840204308 0.00420315155276905
152.26057999665787 3.265327023658837 0.014126863687979933
152.27777768992587 3.311123891070661 0.003384714676946751
152.26777319671464 3.317053181828284 0.002958831847609188
152.3112484778278 3.3030485115357946 0.003098414986682571
152.3299592367225 3.3123654196703365 0.0031336161702620684
152.4383273305748 3.384481766282539 0.0066889526954714675
152.36398092511922 3.342913206455019 0.0037727099253199174
152.35228636387276 3.364308611040698 0.004381996331219712
152.3662673985574 3.372672964075705 0.003737576019234852
152.407777719304 3.385842971822373 0.011566770924134337
152.37318981103385 3.3840696332837026 0.004993327883170444
152.5737124077652 3.323830849620828 0.006673596114029576
152.5473193552928 3.329308795502792 0.00276211956807742
152.66237851942716 3.3610961014184495 0.007153367209745901
152.63002134452805 3.375796714946675 0.003110701542973342
152.61409367757886 3.372163766208515 0.008183666252755606
152.61973682876643 3.3906547547197188 0.01708390409033098
152.53744349630077 3.354877749701845 0.004198675100577348
152.49916509343402 3.36365561470401 0.011545793337089114
152.58849939089458 3.373326933617434 0.006022959385570498
152.58375163787005 3.4136903212646086 0.0027767872376675265
152.65766760920758 3.368684915239652 0.0032523929021808615
152.69079623574802 3.38946344226199 0.0033277254995402
152.69290866586556 3.3848633681714166 0.004034997589545523
152.67071954358926 3.4201026657925064 0.003147061171161666
152.64618186168846 3.4214072224912804 0.004985324412360661
152.61379853189828 3.435653887875235 0.002644414589954786
152.63699500697984 3.4557801014443967 0.0037424112898453597
152.68811396374153 3.4787757361085228 0.00428363402595835
152.56104313153438 3.4355980565039097 0.002938404832756522
152.52616498947202 3.4285961531458233 0.0057363178101781515
152.53266393022662 3.4594401329657005 0.00823828002057265
152.42569786449477 3.425475020096461 0.007068978643910816
152.49479384374854 3.452326423700019 0.0031581193572958544
152.51902168308106 3.4792764797685827 0.005523753116717614
152.49991774007643 3.4922768093400376 0.002951788011931356
152.5873852339455 3.487238755120226 0.003265127649643665
152.5727947947477 3.4940283158075585 0.0027527327170698114
152.58833542596054 3.5283527971499953 0.004250041341747971
152.95033196249275 3.3121114060090693 0.004815267348707644
152.9912259614537 3.3444949611424417 0.0027834226028556276
152.96515142612063 3.3660137505090315 0.004580598848931917
152.87871974716393 3.3688919618986297 0.003285977759083246
152.9388387812808 3.4006267514927218 0.0028335943286254953
153.05771589239046 3.455553561008582 0.0064602694849217705
153.04901821470546 3.445440942224333 0.00453279506781938
152.98687145210016 3.4525249845438375 0.018696712486687528
153.01689583708864 3.456102363385387 0.005320216302216404
152.82704563365672 3.372249438684824 0.005064104507683983
152.86159158992407 3.4035022811029565 0.002717699938916958
152.88825749212086 3.444811057160442 0.007103872278762388
152.79785696156932 3.413932389679889 0.006913846841197604
152.80521926190667 3.4266395514853545 0.004990032849650308
152.79340747953577 3.444274758915627 0.00398281546335925
152.9684720295425 3.471399179862954 0.0027060483349209126
152.98947331719364 3.5231210354641007 0.004935523505884611
152.9877804928453 3.5238616945069303 0.002798791457063735
152.8709423073157 3.48783562100869 0.002657590389633278
152.9484707155751 3.532654287790539 0.0033580452160769576
153.10062277057716 3.4474563187421445 0.0038655946328782593
153.11779835131372 3.495322251482077 0.006971910600809172
153.04257831472657 3.5087516489255415 0.010379658608595545
153.09609867069167 3.5287237730787364 0.0030995663658864433
153.0968737646594 3.5397063042022805 0.005922514935621111
153.11725156997971 3.557850331622198 0.004167019469567277
153.01263693432824 3.5221027824322215 0.0045909503881937505
153.00949499944764 3.5507371543339867 0.008762450742311079
153.05642876183248 3.5595515940784352 0.004131579126446372
153.06389296568787 3.571919632548926 0.00903868902115596
153.04715311424766 3.5754405530839044 0.002724356514818618
153.04951187860468 3.576124308458476 0.005200886181866418
153.04350437976464 3.6012625991930545 0.0058320134865216195
152.96746396893167 3.5931167945870777 0.007971483740792313
153.01407284831217 3.6408391576308423 0.004174219279413794
153.09645951263647 3.603405140608508 0.011905776200470565
153.0767892416815 3.609920596730211 0.004838421113376962
153.11566665687144 3.651802488753448 0.0030377843795893083
153.0990809734492 3.692418072783977 0.0041622498336034795
152.81627073990762 3.48808380734957 0.005055682703123486
152.79347557891523 3.546183884245925 0.0029562872790992747
152.7397725392734 3.5369959793208636 0.0031827867734479545
152.73602271598173 3.5490624178701644 0.005364279826103709
152.74910164806985 3.5689396988187694 0.0052479651167103725
152.86605693764204 3.557476214349199 0.004711137823330426
152.78993301516851 3.5645568127925857 0.016399219529092575
152.8087620868688 3.5773354140245095 0.011424441538307704
152.85999879182407 3.6338470670441936 0.009512133779638948
152.71831198984302 3.5652371342607037 0.004676644411702382
152.7184821360332 3.56472615817775 0.003929518969257933
152.665735115208 3.608505457074632 0.005910260995319843
152.6272610430045 3.619060257720532 0.003572225115862486
152.77341082145358 3.639822611636661 0.003955248774225203
152.74959943884363 3.648902412823936 0.0037787080569711877
152.81873918165178 3.644350793672519 0.002912759414332124
152.81601449057405 3.6550129996852423 0.0039323883392696065
152.91345802933785 3.6001902360309797 0.002756181286058176
152.9467251825264 3.613780801837627 0.0027096507615413826
152.92871437099416 3.6319187900207126 0.004690042083309204
152.8635848654293 3.667578952167625 0.0032897097320793104
152.99415970524475 3.703085355648154 0.004473410364302847
153.04972755527234 3.706081736522368 0.004909153756959741
153.07733458962204 3.7457999980891694 0.008487008548468348
153.0599644446687 3.740400249295127 0.005582607177558346
153.06598156701136 3.742871922386115 0.011071245588027523
153.01148099239958 3.730066128220241 0.0061073925448589675
152.9726652588459 3.767264926546447 0.005476970347071289
152.8470450744276 3.71719420777192 0.006871371189159271
152.91413610796997 3.730556685044464 0.004017126654118801
152.8868884804293 3.759799914148678 0.0032921887734717226
152.86023125749853 3.7708598238020254 0.003210424748436312
152.83257517561697 3.788685858822584 0.003283924165969717
152.956918986673 3.849363636147392 0.002737390524549862
152.95873323600307 3.843150747793051 0.004915391279082839
152.22984495462595 3.3483227293439923 0.007240501529510339
152.30801217121754 3.354009519845601 0.004400368525232364
152.28153229846762 3.3521802797976417 0.010768807026508575
152.205673409796 3.3583077599242848 0.007005187589771777
152.16514042471158 3.3516887692402184 0.004042304774875316
152.2266897504419 3.3834155070516707 0.002759958739920344
152.33257368840975 3.400344828827075 0.006343522280916933
152.26469159943406 3.402846541236625 0.0054147637726830134
152.29838928727688 3.4530468133012633 0.003614149552792424
152.1344696870293 3.4321581410566173 0.0057077505506390345
152.10751957073384 3.4312347911656653 0.0046499390424013945
152.09280948608014 3.4450138981745098 0.0041150637688154865
152.10719549948567 3.455286196733985 0.0026728366616265977
152.2061790021889 3.4754388672419037 0.00512950892288057
152.2930809361476 3.4920225416369215 0.003178697604426121
152.26645691920453 3.5330958566250272 0.014958444851026896
152.18079314024845 3.483172441810965 0.003219190442186103
152.22953057170287 3.554498334033006 0.005742442954693961
152.40637654229522 3.4659565757774295 0.003509304591509601
152.42783212469138 3.4972733268131817 0.005190433122297617
152.370253087845 3.5438724198993845 0.0046911545889925235
152.4747297753921 3.529593207090197 0.0028644099893484097
152.51533603871323 3.570387755404308 0.002950926752369566
152.52846780452236 3.5858565521702386 0.015794146957640677
152.30030724335222 3.5282285905723074 0.002782493987792739
152.34150076653015 3.5443874971254465 0.0033851762450261094
152.36227326877548 3.5864805277498313 0.010975208504414727
152.36804123200454 3.5956108567040888 0.004276170760836894
152.26353233491568 3.5880150523432093 0.00308474287377926
152.39890569197237 3.628376891034728 0.00409450300908463
152.4375275276184 3.687525259259285 0.0029598485502578243
152.3737803264822 3.6389815983494778 0.00786919168923168
152.3743788566032 3.666530466852895 0.0032401432379760647
152.41115677557204 3.7025112812174625 0.0035472035435382297
152.39013169026032 3.6882550127180713 0.01140171666818165
152.04334621249888 3.484396531305322 0.0034980628612506833
152.12358966074984 3.4988321818257755 0.002872936848298148
152.171257802368 3.57786168217896 0.0030917760212286803
152.08449101905308 3.5817001165057034 0.0028904122862549587
152.15108784237825 3.5982970350747796 0.004955573188865914
152.14997352976528 3.599178208578207 0.002732242324591691
152.13871132938155 3.650040907232776 0.004458130063335179
152.0413678695894 3.584153593295525 0.01860973631695391
152.02527400935628 3.597933259263243 0.005809018701156505
151.99093914907874 3.5974545821011414 0.007461653705523594
151.91714256755034 3.561323535282957 0.011461334024470056
151.8942697041979 3.5777491037831655 0.011702709906304053
151.96224412319242 3.621414802245504 0.0052367481700180095
152.0473162248168 3.615045074923796 0.003502477464255546
152.03702503154287 3.6338171606753695 0.0032821581954964626
152.1017291923533 3.664464223306338 0.003020034537386944
152.00908506231767 3.6361493610281186 0.0032952939014514833
152.0129241375092 3.6989087551505286 0.0033883566717978456
152.24963536256485 3.6142959653066753 0.0030196674987934655
152.24204534648328 3.6790105919426224 0.005739173507752638
152.22029612016803 3.677943791621068 0.003432880372731868
152.31364182793124 3.7137067685392857 0.005773826967476248
152.364116536106 3.705995744581533 0.0027448429429282896
152.28349107892413 3.727217577471958 0.003396493787918378
152.2673295069189 3.7442921879065048 0.0038839682818573667
152.14924457593318 3.676939859750652 0.006140259343189849
152.16625934129937 3.696605036705393 0.0033222187854531422
152.20820656361937 3.730008853932006 0.003187407165422707
152.101673583613 3.7018032086622266 0.002868765666635661
152.08087876425765 3.719426371978869 0.005461596161524697
152.1038595651657 3.733951461892007 0.0032070267293000613
152.14571738775305 3.753025764596928 0.010864744922671478
152.21202415138927 3.7586833336008474 0.0038780276801882053
152.27663103848653 3.8355106206972502 0.007885120137514308
152.58186981687467 3.6080863587414456 0.006670095309323909
152.55093272667642 3.613950104092416 0.005145271541963915
152.57608364140057 3.6288591030998 0.0028944565836971268
152.55808227755915 3.68338143099474 0.003342169446225312
152.6823606489165 3.676273123820861 0.008531731110979667
152.66450721932262 3.6928723053668855 0.004285825747850485
152.6828037639683 3.708387859704786 0.005103995344916939
152.64151587137866 3.6904638296832726 0.005479875600575783
152.70784088594823 3.712570561107756 0.002955867650982854
152.70430991209076 3.714813541852818 0.004875609107407334
152.71854565103243 3.746433475800501 0.0043396716862363575
152.70946343431342 3.7560129979752865 0.013898342491162122
152.64376127288028 3.73241830280265 0.0029965238563732424
152.64956026867023 3.74228596135962 0.0029292552678795995
152.65050498140374 3.741562897186312 0.0042434193224692
152.5971411311768 3.7441369455633735 0.0030597627954789706
152.62738874098818 3.7636041098660225 0.0055782121156857005
152.68547653911284 3.7649703396272542 0.0031953510626697786
152.69246815567948 3.783663859168909 0.0030274517103537277
152.4731317062621 3.6861756446638663 0.003992026353330144
152.45269813298333 3.7180826698270426 0.00442140343810776
152.42538713776446 3.7391591517543983 0.004637142954738713
152.44089936453446 3.7528002464821633 0.006313677573760218
152.4462585927676 3.756784732961028 0.005531339874488828
152.5254492451297 3.77299480450846 0.010249748628836156
152.60688852809102 3.773185213530388 0.003405472515798462
152.5459911985173 3.775804515377126 0.00290428949928711
152.5725658712248 3.78823149477672 0.0048160890072066346
152.52351225278775 3.831805451750755 0.003066633916645911
152.54166640542437 3.839671897314534 0.003707711035830584
152.7429629541931 3.8540265687289126 0.0045545710844321595
152.83010671417165 3.834433456172082 0.010882613858273356
152.8334540877724 3.849447000025053 0.002748062555862934
152.90391350683862 3.8614755670759178 0.0028898553810691933
152.89523103590156 3.8864216367093145 0.0031538498952554395
152.88096544135408 3.8830018089651217 0.003925840894265786
152.83811272898637 3.903692342327169 0.00488706988659249
152.69482510188163 3.896459703780589 0.00464421112662805
152.630013986593 3.86813284918748 0.004744968291926644
152.66766794366933 3.91549674116656 0.00856284089671962
152.66558988233749 3.9518271995128114 0.004521478547266428
152.79829007690745 3.929492435562438 0.0030045650051775405
152.74952880847837 3.973563113047179 0.004620552930182171
152.7133184637024 3.9969795079863735 0.0031499224708515555
152.43217151554154 3.772061531076173 0.0027553026798903795
152.38754670138957 3.764443791119249 0.004696412708861383
152.41873825617125 3.7869321446271464 0.0029241749312646087
152.44719744195277 3.7805217359995846 0.005790879055204406
152.435316036125 3.8087561450196383 0.003335606985053778
152.39373345478944 3.8026189197261897 0.0030756370904939626
152.48421794444343 3.8386839060369873 0.005871498031526535
152.46801966626086 3.8494900863306176 0.0026923520023892237
152.55084989722602 3.8613026004649234 0.005081209069763201
152.52657162244276 3.8895491028802898 0.004349329590875832
152.52635841846563 3.899264385869039 0.002740463294925424
152.48073658743564 3.926557891511526 0.0161514809539252
152.4705049255431 3.9200569623963872 0.00597488821768242
152.4584913466069 3.9151338393605113 0.006944050804880095
152.3050405222402 3.8341935844475614 0.0029393718766726703
152.3328168110869 3.833464941834973 0.0037100480951085487
152.38197767653813 3.8868047545710738 0.003771724558937357
152.36663663923983 3.900507391061759 0.0038558395585425926
152.28087353827408 3.868107703565478 0.004445809142593922
152.26246160425953 3.8899450462689726 0.0027277021726122494
152.31666373519957 3.949720338258083 0.008849962890301667
152.3912931000571 3.9025235958039137 0.002660358010772915
152.43776543797537 3.962947115570687 0.005019491632697951
152.33138626880154 3.94625104850689 0.005971545415727019
152.3644127900427 3.9737943494102272 0.0035344349221565294
152.61533903173438 3.9185329038696466 0.003813448402780533
152.60900155328844 3.9389852767840328 0.007159724883505165
152.62595676963454 3.9677422153205417 0.005387954004544964
152.55220707594273 3.9686921889823177 0.007897682667792477
152.59570780038956 3.9779020489659818 0.00421583019064383
152.55031723976236 3.986106970842258 0.003798351129878387
152.63190833947849 3.994673134153577 0.003785890421415608
152.51053557812122 3.987003086552593 0.004861319326637684
152.47779284339776 3.998696069956624 0.004059351743312039
152.45592173211992 3.9976686342446377 0.0043370293844976655
151.20258993819033 3.027331993557011 0.004764226600535955
151.1718180398035 3.0498359183869184 0.0035236394986499168
151.16388759635524 3.0503698159080743 0.003746670187380381
151.20047456457317 3.0634432315223825 0.003994403141566423
151.11446609222008 3.0373351344010446 0.010050211808380342
151.1300088815272 3.0520356718707395 0.003676426599392689
151.1554396491068 3.056460893593941 0.003942111053126516
151.18557752504853 3.1115828417310167 0.00367256807469593
151.1971471166169 3.1513478208599 0.008925515522535716
151.24562270207974 3.166793961951168 0.004341874983983206
151.2486603501977 3.1999851968328072 0.004566569110141518
151.14739379165053 3.130039509332528 0.003468925474058178
151.13618548297893 3.1507011702480243 0.0042737714115052275
151.0606484534685 3.1435203517022603 0.0038652979785787577
151.01796569549194 3.136802964571028 0.0027057336612826307
151.03473277035584 3.1446977250620822 0.0028771926991795565
151.075923660603 3.147656972174138 0.005973296114968592
151.18862340457557 3.1507885300207463 0.006312143006861863
151.17354165021416 3.1679642836023736 0.008338972845236187
151.1908435054598 3.165966703496137 0.008601022219730208
151.2181634404388 3.195223048796484 0.005328255349182313
151.20077237474462 3.2042713020953855 0.002818743609510992
151.1084857518653 3.1947713132635234 0.0028450697273990997
151.17532394587425 3.2328162344259095 0.0061439839090286505
151.18527320102868 3.243281803695839 0.005223314425062698
151.19565897563004 3.2633183478308263 0.004252729939176428
151.19487914834258 3.263204934436398 0.005191626488631039
151.15001332929208 3.2362260402870255 0.004732969214484929
151.3673919928557 3.1813975965180847 0.0033107266491526634
151.40540001958607 3.196362030778942 0.006169855383227886
151.36753960228566 3.1934194341339928 0.01384603275330464
151.39027683933844 3.216074214234095 0.003151497773348292
151.33572348332143 3.236648468885238 0.0069489862864350925
151.44812114229484 3.2560557564125676 0.0030303798852480803
151.45519567687484 3.295505404366454 0.010357657110126978
151.44596382771525 3.2964400334196657 0.0038042009493736875
151.24576484676808 3.2323850258911735 0.004065892665464177
151.2412096210759 3.2593163043943663 0.0027955187830085537
151.24999913778584 3.255695796802883 0.009059070190338636
151.26771492994783 3.2772648503433164 0.004475916073535715
151.2460758479482 3.3416723020150485 0.004788753083289727
151.3779807372646 3.3269071712247436 0.0032021785910621462
151.37971338079157 3.3282905392896107 0.009818808267548548
151.3226525418935 3.3136676570578594 0.003134691957224978
151.34856158061345 3.3228991626734516 0.0037989192267910902
151.37487237077733 3.3504824147141496 0.0037859352723690685
151.32029980830072 3.364881066367436 0.0033039180349702284
151.31009159209623 3.3865942687023636 0.007967527747601873
151.36160800263715 3.383678609388885 0.010313614029916238
151.35178483197598 3.3847650579254633 0.0030246329194618645
151.38482634199698 3.392513362893508 0.004227339567688181
151.32214111125683 3.3810704537519305 0.0028435866039724714
151.0118814890715 3.1758199376774945 0.0044496709829490045
151.00052532001652 3.1959320584802415 0.006891925824213321
151.03480393621987 3.200651357691479 0.0744684635742565
151.05108081647944 3.208312197386985 0.006727638924301848
151.02188202261942 3.21838977284096 0.0037403286134426107
151.02516833778523 3.232101758590984 0.003048647273026373
150.9539706278984 3.1903378570564125 0.00302230451276639
150.97917289575057 3.2436794378807168 0.0058947132642492486
151.082710192824 3.221471444409574 0.00421325921785832
151.0982887454338 3.2433166926957138 0.00928128683530812
151.07927889783815 3.2462915283337717 0.0030046392045029197
151.08656071206116 3.2622767214236528 0.003114213798267647
151.11201173718104 3.2879743800703154 0.011202368371177466
151.03824548618113 3.303813797083792 0.0038992979787481064
151.10453893689112 3.3069858948782205 0.006832324259437678
151.09946885661375 3.330941815743839 0.003076489163009735
151.0696263775437 3.3345292433064806 0.0032027903743920613
150.92937618237372 3.2494749525572812 0.012187476172211309
150.93610014889933 3.269199588844593 0.0037630392622019513
150.9376799296642 3.2746029885668735 0.003267768970919663
150.85423168258006 3.2769460201681917 0.0031208187000339627
150.8962507781647 3.321274896533678 0.0027943588332865555
151.0500352905195 3.343837332942592 0.0037983999330208347
151.02402575804976 3.3727452236484607 0.0038063443009559534
150.9504435093606 3.3281183782771713 0.005752732363023486
150.96458066395252 3.336271346719918 0.0051626522159306356
150.9479268301968 3.3502796741100105 0.003449956225656672
150.99071983204422 3.359941671810147 0.005429537470188472
151.00639591272508 3.3796814875944348 0.003589576758639412
151.1806202659436 3.3598585650048785 0.002835626031665411
151.11914896438185 3.349070061742356 0.0056883268724367605
151.12278452472466 3.36507690673231 0.004310269641963225
151.15598756434795 3.4123456049859024 0.0042239837582929655
151.2494354188542 3.379361500797597 0.005642560309014068
151.27208919169078 3.422465998198458 0.007997657464993506
151.3024637333133 3.4392172825072107 0.01044045701401136
151.30861932530794 3.4641827183487437 0.004729045413578396
151.221250389225 3.4302752423544876 0.003029503646775552
151.21865039668984 3.4411038615112117 0.012455417934321504
151.26471337256643 3.4383573961329956 0.005974433612159976
151.28941477652026 3.465406715000104 0.00742337901074861
151.22890360522584 3.4770296703889043 0.027017272683813372
151.09717721205146 3.40382218621456 0.005662723020745603
151.06310753175688 3.4449557037669423 0.0032388009248351885
151.17302281733154 3.481805096957502 0.0030044057163118114
151.2522986977039 3.5038150641134234 0.007756862437697886
151.14768205282522 3.4898471130519884 0.004447764606867678
151.59442974255887 3.373129238925976 0.0034613307421209865
151.44613661068362 3.3639453284373246 0.0028956275807547295
151.5414117453816 3.41546639081399 0.003321184861082572
151.548142575029 3.443331726190199 0.0026566057580263004
151.63066373257843 3.4703589175159077 0.0035070939859744273
151.6275881482602 3.4743582392539634 0.04455624574840908
151.44427244110835 3.374246186125342 0.0031488580968524063
151.4592033036724 3.397180329296913 0.0046728010370533915
151.46634046045935 3.38911298788864 0.03840171406775728
151.42756180202937 3.4182246088501884 0.004402024087197915
151.4700965448222 3.4160509911179355 0.002956130549706951
151.47735701009643 3.451883800290933 0.003917269215720871
151.50342145675208 3.463219712858493 0.00567138420862918
151.5037312918478 3.481901870718032 0.004665366586595204
151.47337390681778 3.498816018756186 0.002929141450586575
151.54294490925255 3.5469320980085217 0.03615235801294402
151.7612638453884 3.487775887101959 0.004827945785400416
151.67757871364944 3.513887433589853 0.010823707057561865
151.65002670668727 3.535409055780965 0.003159275245717094
151.6990846187704 3.5340916975055223 0.003194009434413271
151.7058872458121 3.5748813839345583 0.00319389161784052
151.77252331293357 3.543283276071336 0.012476021934020925
151.74869388323947 3.5507021709200237 0.005726052025764117
151.64294060866828 3.546087576597719 0.004873781831048346
151.60304118843365 3.5569243085620257 0.003124179868803883
151.6086031214957 3.5714753706097473 0.003676030572361745
151.63906788399058 3.575643013367249 0.0026565129944186206
151.62415417518727 3.5891596182440075 0.01159759235496143
151.5598830399386 3.5669772143506187 0.006839567966732985
151.63074526446024 3.6070000099006174 0.003068025144455026
151.7133355179094 3.600408768841021 0.004362397488174543
151.71057574776324 3.6071244906407336 0.006800869942331067
151.69545845679585 3.6027851026889213 0.0035546353016109363
151.7421647631882 3.655909734011776 0.004182381930800482
151.7362878308463 3.646199210344018 0.003910533130342012
151.6702648647188 3.643396467992984 0.0030784486561576648
151.67167039011522 3.638620164078653 0.0032118505915080245
151.65627311698245 3.6412222190230006 0.002738699071862702
151.65631409221427 3.6785445270141457 0.00823020275915076
151.68568904810508 3.680388652977068 0.0033912162109786784
151.74147883839805 3.6959568544624535 0.006302094260238558
151.33830413261643 3.4538327190392155 0.0061647096914742485
151.32796658944534 3.461199250059359 0.004146108897207899
151.3098994264502 3.492136819717397 0.004313375772229447
151.29025490428924 3.4951975870964054 0.004051063442712358
151.3207220362598 3.544589767869991 0.012004011688051848
151.46256012856068 3.566739995516114 0.0029773474896707913
151.4396728592016 3.5808460091146412 0.0027197220018872694
151.38938012875045 3.61176108212625 0.004172917461273654
151.4340417797415 3.5982748566435983 0.003502515570417918
151.44201568866364 3.6159461602194263 0.004349750829617569
151.27978311957622 3.5370401241384113 0.008766481075480753
151.22098109980942 3.541752988574452 0.003650216968296866
151.25907284646746 3.5561952773473435 0.004249905562031452
151.31122204511277 3.574688869258179 0.015160753431785173
151.2967335301478 3.6130322444549656 0.006003038374756395
151.28279950009798 3.6051180728443057 0.006419948210084994
151.29587733223835 3.6221018819218904 0.00379676510677611
151.26130086426227 3.6212063071424057 0.0033348412868124495
151.39227245760347 3.655079840429757 0.0049235047315295995
151.37299200622576 3.673305593851399 0.003189720867574405
151.38138225026557 3.680033104295048 0.002770153051714489
151.3099145321187 3.6435976270282566 0.0026683222315276043
151.32354197453455 3.690364750300113 0.006773840785233049
151.35867445794304 3.719377229720472 0.0035430803356277856
151.50503707408672 3.634088650973508 0.0028303555466070367
151.52789980928836 3.630936020318293 0.002685988566187858
151.58999064169794 3.6654988837295095 0.007683086798941415
151.57108025188975 3.678516892821886 0.003564842276531144
151.4649298805486 3.637076690699123 0.026852944461209838
151.51308823757336 3.6516005220074703 0.0031339362264657497
151.4517903970182 3.6497908219920534 0.0032809854512626537
151.46190150666592 3.663741495744326 0.003945316916351859
151.6184089917553 3.6810162971884592 0.0033871738251358727
151.65348439956185 3.703589701620294 0.00994107166469762
151.55626949406255 3.718073971561343 0.0030143548740199284
151.56796098649673 3.729328153481982 0.00464449425073512
151.60166272336093 3.729891245055981 0.004104645401958488
151.60952539149352 3.7426476944288463 0.008569485723910251
151.59177957472713 3.786038736712331 0.02371214235706822
151.50303083983738 3.716494576680842 0.015661195452633968
151.4946919638286 3.7453575036487576 0.003243503639744547
151.49128233216365 3.7511558315195153 0.011146212528025501
151.48850011885423 3.7550975305306102 0.0027185012035832496
151.38543878513838 3.76122470963572 0.005102418712410291
151.52011914395794 3.795957786633919 0.004940920540054864
151.558662061311 3.785393406042569 0.02411103783911485
151.57950334216406 3.8080003394369104 0.0033297868174850197
151.46971633766017 3.7976511593931472 0.003331273266551788
151.50979229290112 3.859032533653861 0.004750692161359524
150.8167321193174 3.3352493048689085 0.004056814684993513
150.8520009647698 3.3441687907964113 0.006195384496293925
150.84189778730502 3.3637438780391027 0.025002532680854686
150.7628062579085 3.348785023403712 0.004468215025110628
150.81031223831437 3.368294625817525 0.004212731883417343
150.84788000598766 3.3933184383389445 0.01358983580754416
150.8102433164995 3.403136176344145 0.00587250783145753
150.8868421907287 3.4090222386809677 0.00842774457343095
150.9655318482174 3.426212587650087 0.005828581716156342
150.94108044428086 3.4411997015551137 0.01893324041496575
150.8656083240912 3.4658274113968734 0.004343787433921899
150.90936492413897 3.445299115186471 0.003463631172497842
150.70122244643755 3.386612724172638 0.011955795407823348
150.7612665207567 3.409543427091597 0.003136696646507339
150.75276086131998 3.430510099089634 0.004601870780544761
150.74167330527544 3.450289108404303 0.0032903946064622063
150.74952799858517 3.4523979886606457 0.0050094756463444495
150.90278185453352 3.5104525880361943 0.003667153842339473
150.83365985827285 3.504215257370987 0.008679311183530849
150.7462447987424 3.5141065847876187 0.006513717430040791
150.99161630486304 3.479341987997397 0.006857483710128068
151.01925361889897 3.5110207187050833 0.0027200265590291
150.969491531747 3.50068968686798 0.010769974241929865
150.99102271694608 3.5224412093121327 0.009602282849631149
151.0040201567367 3.565490101077821 0.0032125022803426535
151.074167828384 3.555431777453733 0.005485710625954646
151.08605130052266 3.5655454910522484 0.004661081208999346
151.1518769304946 3.5888435541505666 0.007203356511924794
151.12950606257925 3.5911538707469286 0.009687707207647483
151.14024954975622 3.59542837739406 0.0030910011711720964
150.9096365413448 3.5533017048221636 0.003384995608684633
150.9516900259218 3.573284673506574 0.0037873409586382024
150.96672047133865 3.592121135931842 0.007353058558227627
150.93126738640044 3.5685898524232527 0.003784101262643578
150.92232531403982 3.582459757840996 0.0027589970722173003
150.96947077189236 3.61140456921492 0.008711039431293865
151.01500590467987 3.6716231795293406 0.002727058972367761
151.01549193849343 3.671589762188869 0.0053504908366805715
150.9286616683204 3.652004125133203 0.004300667278432561
150.95060462837645 3.6686395214337537 0.005458835404694598
151.00482774559603 3.678956725561192 0.003989978262226347
151.00580508627965 3.7186773436868985 0.0034116284674921503
150.650487517837 3.453211073657388 0.0038248746300028054
150.6398817379408 3.455960437586025 0.003062327783701935
150.66657161143095 3.466289987666922 0.0058242464630675365
150.6118199630701 3.4682288978167524 0.002871058982258077
150.63289040505703 3.4814947468855064 0.004653003236497726
150.69588237137268 3.515088460399292 0.005403012280109886
150.68470852924978 3.5415773667023314 0.006560196219977424
150.64413782331502 3.5330192325103753 0.00366717309455901
150.75273942366005 3.535007212022214 0.005363023804188078
150.7327538807779 3.5474957259039512 0.004958930248468908
150.72797745394115 3.58729322336637 0.005638387565261258
150.60929719224555 3.590841930534417 0.003724189656908445
150.59850745030553 3.6163758898436904 0.002808242835812189
150.6785983661304 3.670064913488011 0.033145580432525454
150.61810075543275 3.6606474855461544 0.00439148526235792
150.58699373962128 3.6625657619372674 0.003171271427177259
150.62576984690995 3.7007939238027863 0.01642303674647347
150.82381209099333 3.587055298537125 0.010118144784718095
150.80576039389925 3.620613901751837 0.0062306638975325
150.8720151321777 3.670020281459587 0.00417915967379323
150.77944203558584 3.6305782769075408 0.004327708043202921
150.76067047392866 3.63839771051266 0.0031095080081078225
150.78666314565692 3.652610916249151 0.006036667626067765
150.83304545055097 3.6933982426280414 0.00306342745041936
150.84781663076248 3.706468297574126 0.021279053800813453
150.95189311185348 3.698358896515765 0.004783353580096871
150.93788345579307 3.714767781762251 0.00310886078410193
150.96445158013444 3.730024297257195 0.002893371801884028
150.93262866434358 3.72477406651433 0.004248599656096881
150.93576857320534 3.738524625961844 0.005120985246235866
150.83518604139866 3.7399940353569865 0.003929770060717296
150.77456922470006 3.726429546013294 0.0029981370728006354
150.6950195585433 3.7417016673412222 0.004912193143911089
150.80950670106432 3.75693277962806 0.0034149079342409984
150.85049664184876 3.7696426778399625 0.0036775650178462477
150.78049991079916 3.768596809060355 0.004544336102296032
150.8831380115714 3.8040269960321096 0.003398073861753074
150.85306138626174 3.812933689349905 0.0039249759015067024
150.84500985208277 3.818698932025213 0.008411407040039813
150.87558917263902 3.82562716101709 0.007307653381755927
150.77545392834838 3.780987443149888 0.005253946058278538
150.76748468340833 3.7822066098023703 0.0027465540158796487
151.1654551365298 3.609479160172093 0.0037498234409700333
151.14028959801797 3.630046269071351 0.002991856914862467
151.20609414963073 3.639331749946445 0.005829230782441251
151.19766555557592 3.665840911130955 0.00271460084295204
151.13430104990528 3.6385051306884257 0.003471329144953486
151.10208975383696 3.659888308770101 0.002783892939954744
151.14146419995393 3.6802765359391154 0.003605158512284575
151.17386531752794 3.7011959677871618 0.0030685880866074774
151.2675501446617 3.724686278697397 0.003038971271924033
151.25956342292454 3.728993027582857 0.004102796294606961
151.22864148654145 3.740580716326339 0.0041979020855831784
151.26526119539324 3.7669036852597055 0.002648111209070136
151.2334610721948 3.759448929836614 0.0026620691014700706
151.08965238789906 3.727651524940816 0.004660434886826991
151.13469854745856 3.723757186061291 0.004597069711813146
151.14542049276008 3.7347643550387457 0.0029619376323466004
151.08095391575114 3.7351262430341095 0.005061596249093267
151.06983594770983 3.7391889980857593 0.006128172471792718
151.04722304432502 3.7600221247798697 0.004987960603411732
151.21805434838453 3.78948136214141 0.0027006219589526858
151.21851175341584 3.836507862374297 0.0036341136056265494
151.16160701004668 3.8015205312803833 0.00765426060552602
151.14291454045937 3.8017492816893137 0.011988490669761282
151.12549767780504 3.8086729614518497 0.002725494654698029
151.18264616870488 3.834894694743677 0.00475440533540092
151.1532001506499 3.8651608631791743 0.005610254330204389
151.35148785454433 3.738608087227822 0.003158168224429006
151.3757458217802 3.7606236616532183 0.005861643002219709
151.40322942878274 3.785104339149501 0.00339562685490132
151.38309176524925 3.791746736544942 0.003836388227403317
151.40936183293294 3.801398510186397 0.0032404356735248074
151.4090460073401 3.800092850085597 0.0029364039500750206
151.40528849888292 3.80738841812555 0.00859287807534761
151.4065662581899 3.816358846710342 0.003826277197485066
151.36313819936234 3.807700486628596 0.002907662595082317
151.39169073104128 3.8153181665459064 0.003457208241419569
151.31982337788142 3.821488374559922 0.0038742523453310996
151.35355052109216 3.8471773634705695 0.0032050393032171556
151.33779258026686 3.862437435432336 0.008351994499076826
151.34474751429485 3.876188639421872 0.006372668311066825
151.49245671810408 3.8630607458347335 0.01456064335913367
151.4180475640048 3.903830136510309 0.003867945842395285
151.2729367139127 3.867946198027383 0.0033680403794437777
151.30882610436262 3.8593987859003462 0.0035594226083397267
151.2973803907892 3.889591245639708 0.004121880527447542
151.2965332794973 3.906316936854839 0.011016857312959405
151.29392440556396 3.909738280363357 0.004089804228495252
151.2218081861106 3.8557317057867895 0.003341758871131929
151.20651309125685 3.8797750556171535 0.002770258012136326
151.2604427721496 3.895194203297548 0.007362418318914637
151.2431230923953 3.90984738009192 0.0049019584934932945
151.23861506351193 3.914621739837141 0.0029902943799918823
151.26559091825902 3.935068497004608 0.013093865622836126
151.3003866227982 3.947442166719207 0.005573800492637202
151.32860035115925 3.971204666975846 0.0026690597102619175
151.31554454518977 3.9966870726968486 0.003694245471425947
151.3089945979034 3.9933530796014023 0.003503946363600949
150.97573261715323 3.750470490117117 0.005139096048420824
150.9989907933442 3.767944572805156 0.004274024719204854
150.97717967893308 3.7844072360426657 0.004150784913922497
150.9975625610273 3.7899797549533742 0.003993704564120631
150.99713538060178 3.7898789812776887 0.0038973179219707007
151.02195464690334 3.835584964568344 0.005018380645927715
151.01083721892866 3.844079651932113 0.002747048958732401
150.97157568984898 3.8544763702671183 0.004537440776766873
151.1019519174752 3.840577825369264 0.0029682126020072154
151.13844936569006 3.8757855559667433 0.004120153862904942
151.0975751720661 3.89350993257336 0.004154155169321222
151.03678902531004 3.870817022071399 0.004599076457915129
151.05910957341 3.870106870267984 0.0030181480854028636
151.10243895200523 3.927694578697017 0.003466120242117884
151.07573533958185 3.918424767485549 0.0031016068675871864
151.05958274710852 3.918752966319591 0.019492383157133232
150.88080645572114 3.8523279819375937 0.010643765545761852
150.89608112465874 3.8872579902384934 0.0036861890069038953
150.93479811032134 3.930411782385743 0.0027270328820619897
150.90862910777997 3.923093511567226 0.00717539187691451
151.0061327530898 3.9108583640798056 0.0031634446463336538
151.01969371557564 3.9329110919466945 0.006468190312781106
150.96789468936922 3.931855650545166 0.005066330175865494
151.07600461034937 3.954288399503076 0.00500785885155476
151.15569715453248 3.9025849381452593 0.008809176359053107
151.14254000200933 3.914283880650602 0.0028624491119536534
151.2086773693561 3.9430979378025226 0.0030729981203732235
151.21330075370074 3.964970645386764 0.0027959395961305094
151.0887175758597 3.957162754544693 0.003097176209362674
151.16381781706878 3.9809839116235888 0.004787399825385321
151.17384923884492 3.990625409144842 0.0030881608620424396
151.2625473621976 3.9830320527758105 0.008696455612399132
151.0548745233002 3.992637992984112 0.0035624019070791746
151.87619002544773 3.597896564117298 0.0031816925028949434
151.88172770853473 3.6006581650885736 0.005154642077780792
151.85835738167123 3.625729270296475 0.0033970207886406113
151.8717552762242 3.644260056134944 0.003577983591819792
151.90947552285496 3.63801464295271 0.003567746014100014
151.83031718698345 3.633437231557117 0.004973529973608577
151.8359127030155 3.6420278505434807 0.01092389695058352
151.8475229099791 3.6480003310542286 0.003969484172429028
151.84897087165567 3.6648988082501153 0.0035892539303072502
151.95318429885523 3.7451967124499546 0.004633487754737681
151.9873903917905 3.761778470711938 0.0067816679962637945
151.95211330095376 3.788137346120057 0.007780222274789209
151.95259075516591 3.788075149990167 0.002783065095992437
151.79276040382473 3.6897634692840904 0.034498964370302546
151.81806466250066 3.6890541017720935 0.00585511102512663
151.7747764315392 3.7186949765960606 0.0047192467957234
151.83983457647577 3.7047222320680073 0.0037623762097472517
151.8269510630661 3.734156926354778 0.003189884803342042
151.82260151631948 3.7371977126688023 0.004640325649562286
151.74314747417665 3.7396551467514354 0.008079383342985882
151.7401323998078 3.7624623982412393 0.003412279205982312
151.76651368112775 3.764817469796847 0.004320634902753475
151.8766909312026 3.7459879010943977 0.002957957805563398
151.88199730721118 3.75277401354789 0.004317368460998139
151.87416509072108 3.758478694008673 0.0043253508865867905
151.9270157872491 3.779308575223688 0.013412876308737274
151.9477909937426 3.809809175999136 0.00528408383852681
151.87817341488116 3.809917281855762 0.010775410266461111
151.8903622568245 3.808785163814854 0.005723945758356234
151.80553386768364 3.813513087423382 0.002853823761228844
151.82620230907597 3.8240542896834184 0.0034430790165938755
151.82470025658455 3.8237839393716793 0.004207764300094145
151.8696685476947 3.838877238169092 0.009929633969010776
151.86301083347968 3.860361779369186 0.003840842686060406
152.02785054934785 3.764361319204774 0.003498221862419448
152.07242706347893 3.791210004179991 0.002825755714973629
152.03288002367657 3.8602767956887414 0.002709745380683364
152.05613490578037 3.87126476796063 0.003304014804454085
152.1544779940806 3.853125740024176 0.0029682164977101644
152.16681611553693 3.8568526570792248 0.0037328540047714552
152.1511121720667 3.8569109400856423 0.004073714741488919
152.18841141788803 3.857082697492644 0.006408165501798002
152.18622624022737 3.8992131209688705 0.00912840351675384
152.0958563794967 3.914661160124688 0.004647571711569906
152.13172118000745 3.925511346287805 0.004411162528907247
152.13169660836812 3.9244046888433015 0.005258024974920351
152.11289309564708 3.922547934621165 0.004815094552141644
152.128774296387 3.936131820563932 0.0027762960463153736
151.92186652141362 3.892971260368132 0.0038248470198461353
151.91375444270338 3.8993325420822216 0.006884629043183192
151.99376108610903 3.916301605265039 0.003742773747688543
152.12788592382103 3.9482409781281 0.0035151178871741713
152.1014799529116 3.9779267516242887 0.004573198155076284
152.00264952992063 3.971675852492021 0.00430366005908839
151.68590486373628 3.7763548126384903 0.004658893894896571
151.68588486187008 3.782876150201679 0.0027810141885813325
151.74874261813886 3.7843940944332446 0.003447764904808697
151.72702143751587 3.845184817074174 0.003638062406798563
151.79269742479977 3.823647729286771 0.008286166766541045
151.80979454813803 3.862277209303485 0.0037653516325259298
151.74500448293375 3.9023761480131425 0.00645812065611075
151.66584440173958 3.881496313948249 0.005997490512381752
151.6354398791417 3.9019627466715394 0.002840917516907852
151.54825447466797 3.896809898614375 0.003062352004911219
151.61641596175204 3.888258050558907 0.011476599852187084
151.61524204336848 3.9202816813059465 0.020043477579867307
151.71088173765955 3.892897217145942 0.003005791448993364
151.70323383905756 3.9120205421527423 0.0046093194666057494
151.72894058652452 3.940239525210667 0.0039199280406762415
151.66099543396518 3.950550110642135 0.0031312276593042873
151.70698732634176 3.97680499837307 0.0048101866606020316
151.86966068265556 3.9009789058790534 0.004931688297274019
151.83428286731854 3.94919178414534 0.003519292059456079
151.81783098316112 3.979993499167297 0.002681289482322417
151.87281840815277 3.9722570174265406 0.0034166587125327393
151.84025769149378 3.999437221642949 0.005440982820010471
151.78375448747144 3.971694822432487 0.0039893290969976935
152.23484394568868 3.9231992877318342 0.0034880138410164083
152.18529626186796 3.920029016583528 0.011924972182116583
152.2166543018901 3.940994602913015 0.003611097292427994
152.28795405176763 3.9414647871877384 0.0032896175854827616
152.25687200318336 3.946192193532662 0.00457605372481202
152.25621622429836 3.955982749717346 0.0030307392236016066
152.16510247504786 3.970786159182794 0.0036087144999236557
151.532497332576 3.8917471602954055 0.0033336639958560154
151.55130198491926 3.931772088725988 0.0027611144233843934
151.52640225555055 3.9540002376182177 0.0030718019702613815
151.5575496263206 3.9464931332297337 0.024572128404886866
151.58685326019537 3.945422717538905 0.0032189497315499383
151.5594855977427 3.9558983333713984 0.003414526633714707
151.56714283238213 3.975191689753872 0.008138778883543377
151.5654764197267 3.973696555375424 0.0027495555901595
151.45260971587274 3.965609477913933 0.004027247212791617
151.45297953088772 3.965522386373893 0.00447657808827793
151.51314334525094 3.9782429584283094 0.00397518234233783
151.62296298612466 3.97542086663305 0.006969522742910109
151.617457924022 3.97606650751037 0.011183422040069975
151.43163092591072 3.9745752882041 0.0034198619848580286
147.34331048309318 0.9388338529954896 0.00898197567593141
147.2442009969254 1.328086339687345 0.0028116757784026444
147.12837005904447 0.7635364632018733 0.005070194789511466
147.2523064406729 0.8734358462472368 0.011982785759245548
147.27065189785586 0.8945698894594459 0.005250449849658111
147.20894312810057 0.8891416590865545 0.0026492296659802756
147.16066966863232 0.8986853095562991 0.005747495429934063
147.15632997386237 0.9158929407470529 0.005880287018287905
147.13965010620723 0.956166986049194 0.003126419923307296
147.29057552048667 0.9145082752432184 0.0039791805453376055
147.34359826338235 0.9387842519707706 0.009948275060872425
147.36491357636942 0.9730275495528689 0.003507460183303393
147.35261535725436 0.984237415390838 0.0028731260817985798
147.35375863957609 0.974486102373448 0.0034788369531132536
147.26180634480048 0.9596574034259042 0.0035738704005894148
147.2368972582975 0.9610662845611266 0.01034686147204703
147.37144387456073 1.0043642158799335 0.007373043048827951
147.33105025061278 1.045949017469678 0.0028317505896592312
147.40672374270127 1.0903646809926426 0.009775961771622115
147.37638640428565 1.0904421621724 0.0029637801473271688
147.22768849644902 1.0113675640343938 0.014781292788919207
147.25262959168077 1.0236869724536195 0.013444117194147
147.16303424996133 1.0471744198706 0.013497620073963575
147.13715856822168 1.040797987410672 0.005136119380379117
147.17160182062617 1.0656080941669717 0.0030039742778809686
147.20952551118228 1.0664371430856658 0.0072083052532146774
147.2709049313703 1.1124576733236522 0.0027908238427512195
147.3160951335244 1.1351111150221982 0.004762436462325252
147.31122275060258 1.1545205978043298 0.0029427945605051543
147.51402170361334 1.1292588713891774 0.011976784067405998
147.45458955088208 1.1627591336126717 0.002988607655687285
147.4902323822021 1.182433573884776 0.0031013913381554587
147.548936935941 1.1378552915926838 0.004001700113747178
147.5811814575707 1.2042820243657073 0.003457209435497199
147.58179358668662 1.2095808632482965 0.005498714163858701
147.5723887400875 1.2227452351583437 0.0058881889730441955
147.57064019346248 1.2655594302701003 0.0037880719961465724
147.42859524518826 1.1860623413340214 0.005298907637463881
147.37540892345191 1.205891752098135 0.009212194093357634
147.37444790467916 1.236931027521607 0.0032873331527351096
147.50589952254458 1.2188116345350388 0.0028320994823004503
147.54909495336716 1.2811196134748344 0.00267691425017005
147.4908008742147 1.2757559833588177 0.01820853895575045
147.51509292805065 1.279114983108233 0.007968068236460322
147.4194103547398 1.2832810155207348 0.0028601946806481125
147.4790974495746 1.2837766328588818 0.008556184377300675
147.47528133789993 1.286981884309084 0.0033933883508212516
147.15519723372958 1.0685725537706694 0.0033625168910003294
147.21927963149156 1.1447575128703735 0.007544005296104531
147.23863291576217 1.17359632285218 0.0075047988190861835
147.1988439766692 1.1645547208269549 0.00403401686576552
147.20396602507844 1.1704924424605532 0.018031787663316538
147.23287970731252 1.209489838475633 0.007353077859642006
147.2052091185752 1.2177508545006497 0.0038800708387696863
147.14754274612733 1.2158178257115966 0.009504676604106381
147.18112294730557 1.2456173520103504 0.004738154081971434
147.14727820166297 1.2734537716993053 0.0052792264907587545
147.13401003018333 1.2903521106169062 0.0034361814549316735
147.2960062650021 1.2402716704933867 0.0029562093728317585
147.34547079463078 1.2651545246692422 0.0026703558842866714
147.26465480967954 1.243263004895091 0.009457108782115357
147.23821486985074 1.2575215615429374 0.004323651583971718
147.26307220834073 1.294990727340246 0.0029184389618186887
147.26107787406258 1.2996735907516936 0.00592487394081745
147.33786527246284 1.301795664548116 0.004389985589301508
147.2721069652369 1.3118896989452724 0.00421791219404182
147.2998732680948 1.327920615614461 0.0031092407044777787
147.39520101062348 1.2829830931991175 0.004260358588581455
147.3835569036168 1.2859186856817175 0.009582046291141866
147.4059844491883 1.3205994085612116 0.003890121533837802
147.45823519671285 1.341366230693008 0.007604928576296233
147.4407974286841 1.356267128996994 0.0028091263894943217
147.4353416500907 1.355135254966213 0.0033059416547800854
147.20838004081878 1.2886450952506476 0.00537536277710753
147.2494049725807 1.314479477258622 0.011446160058555617
147.2440831106801 1.3277814481894674 0.008660049703531295
147.25990369088188 1.3409183989228406 0.0037797474665791156
147.27731111500634 1.343538417426389 0.0034627048848921353
147.25242184775462 1.345239349683934 0.005210725312773205
147.24086304226836 1.3561416369361785 0.00286004966409173
147.29317815511837 1.3673693915313154 0.009013833664479816
147.29019630228493 1.3747599336096767 0.0038651667476892024
147.23807020402876 1.3996058475805189 0.003743692329608679
147.2279189693482 1.4215542107904302 0.002839040968511104
147.23567729089123 1.4251185796724497 0.0028207191670389428
147.31734893087724 1.449167701835707 0.00326917071297822
147.18751779373548 1.3949579919719524 0.003293864689809553
147.1748022000488 1.4259516418332314 0.004728912950390068
147.28428301567143 1.48150444616905 0.0033241157235681515
147.19041968806306 1.485955921519736 0.0035670351965375693
147.14399087044228 1.49058283300084 0.007512401567231574
147.18164184941745 1.542302384566406 0.003773326317298785
147.12605326217292 1.586510362524255 0.00395189288479116
147.6816217706775 1.233592967269141 0.0034159339891141035
147.7024337832214 1.2600332649393844 0.005905802571864348
147.6861348998043 1.2587038770793717 0.007836101714669747
147.58233072507014 1.2677698773174015 0.004094560991335959
147.584784612589 1.2743284847882157 0.009737047298144081
147.58713852606465 1.2781760780406313 0.0046613867743178685
147.6771776543624 1.3035370138095144 0.00349481627586251
147.66059787999257 1.322031785371717 0.004961132653724264
147.70764336843362 1.3022328019179388 0.008449725870485376
147.70528605696018 1.3024767966172142 0.008816465138985385
147.80154329289616 1.3171647329266445 0.006094912702807774
147.7740456560426 1.378148923773737 0.0028648667014801125
147.75367453512 1.37628217273457 0.00432512874590092
147.7582744817687 1.4000845985758403 0.004036003782826227
147.58219778710168 1.283155816799925 0.003028124866723837
147.53532870464005 1.3697868431641047 0.005669514620876686
147.57934743038 1.3658820398483746 0.007918083177871682
147.52851780886405 1.3770755544120266 0.0038785042762851446
147.66555307971635 1.408239973163868 0.004895478297623618
147.73406100519992 1.4119254203081224 0.015629244658122227
147.67956772482336 1.409604348892086 0.002681144646606243
147.6968125577971 1.439209839706924 0.013041679843083537
147.61453192411216 1.3855374319799958 0.004991806642518513
147.59813859543058 1.4043907584085067 0.004766099224706231
147.83229477408662 1.3541437814097896 0.005759613017690559
147.8126328682251 1.3638487737546745 0.008238792777810137
147.83168659729475 1.4107391389343615 0.023173434309069783
147.78222467852498 1.4064526435096691 0.0031219496142228754
147.79575539525578 1.4384670400932855 0.0031933129676982724
147.8283546647817 1.4393393932026868 0.006310673329645676
147.85084764650836 1.4704351687948334 0.0028731819512297584
147.92969257908524 1.4444227392885718 0.0030440646349411144
147.93052192027676 1.441820822485228 0.021952208964130988
147.89575611160743 1.4403619728933894 0.005181917383119502
147.9406125458462 1.5084877766756817 0.00335244641295451
147.8741316827612 1.4927610775049795 0.008245332803593628
147.87973691985928 1.4963763745173724 0.0033496119295706246
147.8870420423386 1.5073991029608411 0.005777810776957311
147.72909822243713 1.4305741560190333 0.008521822510290575
147.7323569374537 1.4464470213673275 0.0029687533334618226
147.70908272161014 1.4733602080801662 0.002653841123822293
147.7284542799027 1.4901115731608263 0.006073687521509961
147.744854988297 1.4966244185247557 0.005133095503979083
147.836211274919 1.5005822654851817 0.004531665022312615
147.87239509552086 1.5985245493900315 0.0045015092781700555
147.81152906572413 1.588793338983942 0.005637067167557975
147.83327107870986 1.640143865500857 0.00499684720442031
147.52403892597576 1.3942548595212152 0.0026547714568479603
147.53775121050666 1.40475814248839 0.0030554452045456165
147.40330926719042 1.4149325628648597 0.0036063878366765626
147.47571333696172 1.4244351450559665 0.004895450906119747
147.4703924189873 1.4295083888513536 0.0032638963950797576
147.5707196939826 1.4383608635694172 0.007645023322035772
147.58925158319326 1.4426380150633995 0.0027749383860685853
147.5729013269135 1.469391380826105 0.002804188730421078
147.60613336480588 1.4820422558020931 0.01457416022052539
147.53677762369958 1.4834524135979947 0.0028181169988856216
147.58311136783638 1.5293790054792746 0.004951344104386931
147.33518208204725 1.4717044112878652 0.0029188561999884135
147.38496477631912 1.4960914375734575 0.0035097820587022205
147.36601559902536 1.5040445430874978 0.0037570584760783505
147.34191376905022 1.488394111134055 0.0036194557760679622
147.33587168648253 1.4924526169083994 0.005825244112577788
147.50308088293406 1.555874119654122 0.0038841090051467356
147.4365805898738 1.5593845381017912 0.0027388723686341404
147.4745553764614 1.6032168479669646 0.0031824785458854613
147.4739948986712 1.6028766152732223 0.0027195132843930844
147.6449569228392 1.5175715937038226 0.002820382781375246
147.67989551095985 1.5668389083145915 0.006815186023892009
147.60662196896916 1.5699437026194034 0.002772671667539453
147.6245865532685 1.5787395881421118 0.0037874146054532095
147.65914432511715 1.5738531837203424 0.006284563440091444
147.6398273531466 1.597293508550099 0.004887005576724874
147.61538152180665 1.6039458943141407 0.002703507412193198
147.63740421637854 1.6249271854395404 0.0027214201408524504
147.75774013969107 1.5935562741889897 0.006288522579323928
147.74038249562167 1.6010517345816788 0.0037009318642172145
147.79119479641065 1.6127342767276744 0.002850398525054844
147.71396582445126 1.6224993404276458 0.00563852680823082
147.7282006759283 1.6297457505538968 0.003964304583693338
147.66488683224384 1.6343070692752013 0.00523250304346339
147.7013228540407 1.6514760097304448 0.003455472130680308
147.75461433386317 1.6936726483707538 0.0033455552361940253
147.5544562587583 1.6099091202934468 0.010891023110749297
147.52944828420303 1.605897855771835 0.0072187931011534565
147.56483628580835 1.609682774168247 0.005616651847300712
147.63341474470027 1.64369985416127 0.0032294871037031278
147.6143357649241 1.644880279323181 0.007821179073861432
147.62150542957625 1.655915628511107 0.004352893980979818
147.5138236582787 1.6274477491664523 0.0035008188568827646
147.50340353762678 1.638094329735268 0.0028200697147512262
147.60234391185054 1.684408586687853 0.004550690187669492
147.6535733424959 1.6549904338996222 0.0038892400975041905
147.6747961587551 1.6986626035118757 0.020339808495688415
147.68855151435392 1.7414369480431169 0.0037735214204752906
147.6111470385258 1.733427902009741 0.011589290379472067
147.64226364056472 1.7288761541108402 0.0028948113024989514
148.05922746007784 1.5791884775486875 0.0029014095060360292
147.9958873714088 1.5928954328310323 0.00909651541095476
148.03559014051922 1.5999845555398742 0.004197842639939478
147.99798737234698 1.6080420044555537 0.003897192064969158
147.99213382776074 1.6179559425654395 0.003615888080098004
148.09015491142267 1.58229001375293 0.01114741294952062
148.12867885533197 1.6322059160322515 0.005520117213917508
148.1311565074297 1.669476835672506 0.0044905636818978285
148.08352850621006 1.6423884838795124 0.0037802904540962506
148.05965048925265 1.642695540094628 0.0033493504769907165
148.095772792474 1.6427719787468889 0.003842838380781308
148.07894959800072 1.6834688248784044 0.007308821065438311
147.9401734297971 1.5855302365591182 0.007465203562063146
147.93112393286722 1.594775494065846 0.0032017619904868106
147.98045252810078 1.6257516462949635 0.002775847126250294
147.9236548769008 1.6428243722680211 0.004644601248871571
147.97622169964387 1.6617770305761863 0.004445986346065647
147.87238591453752 1.623173027781822 0.004116506207238709
148.02200558383657 1.6794644016249358 0.003376785969141948
148.00436741128777 1.6979169278991078 0.003892342736078264
147.98102330531313 1.6945203738529702 0.0057498284129489695
147.97469585838627 1.7231877661305854 0.003764622509201089
147.96771583805258 1.7250929114721292 0.0030145673743650274
148.02004242163338 1.754974088456145 0.006634051515291142
148.20492033576403 1.6698891472630322 0.008382054004612215
148.20161047068004 1.6881186037360751 0.00497966061339157
148.1612075480688 1.6693608981089962 0.003036998934960414
148.15274145096126 1.670567001079441 0.005615943238197279
148.23478891558398 1.7134287007749014 0.003693555503629526
148.2048995852784 1.7098047983170668 0.00940174579688701
148.20553604204898 1.7653283919957514 0.0027126602569965213
148.19164162034696 1.7699574025908342 0.0029657019628403294
148.257490868869 1.7591360118427546 0.0031429164033329295
148.26645026740633 1.7715119979908915 0.0031563503964305846
148.2281968962345 1.7645126890608682 0.002762783824339624
148.24957890730803 1.788199494627722 0.004805435801201725
148.24223110321932 1.813465840099191 0.0163720391547355
148.28025710912323 1.8200848692486609 0.0029609191894365964
148.25248019192642 1.8464933564693176 0.011834183785683136
148.26459603871828 1.8545686705009217 0.0041699715273882994
148.1443236009103 1.805057623922154 0.0031709454771892214
148.13363400966315 1.7994047873577987 0.004838495980645114
148.07104740501595 1.7873496842191452 0.004956905330602487
148.06647587108063 1.7905500533799483 0.0026895059512805543
148.0896751229822 1.8255820389390245 0.003808784837865966
148.16179631116538 1.8223150748660937 0.00322822357404594
148.2298403845277 1.8304985075261897 0.003860452735238765
148.2141479110002 1.8607459349448772 0.002719828621189615
148.24409577466025 1.884597171476246 0.0027499903801887684
148.10285895193243 1.860974316153468 0.003343952229345854
148.17134127289572 1.8897189204305056 0.004271643393235278
148.15754689974483 1.903114653403882 0.006519472152645147
148.15955829553312 1.9195547395685777 0.005625340879983776
147.8332675003507 1.705012940668415 0.003073780666344779
147.85807347988717 1.7117713042566158 0.00503444527765387
147.85907531608223 1.714836649988343 0.0031440036359470167
147.85015504560803 1.715636567025743 0.003322228653569771
147.87536518901908 1.730971015714756 0.003022243760317738
147.88203512093764 1.734779814710642 0.009930765792955263
147.79009909575342 1.698792651340805 0.003999877626735627
147.75317554132806 1.7122798525062162 0.004622722243503055
147.78208884207874 1.7213216612859847 0.0035881605712709277
147.84390946919538 1.7301433087229632 0.003334485395471078
147.9238471937886 1.7222729122353553 0.004401696452058445
147.95361719491007 1.745340999688589 0.015523036891535487
147.93067244121323 1.7722359564943035 0.00277494202810408
147.98371420939887 1.7759643247234524 0.0027138489062424878
147.88484779615638 1.7849108917493954 0.007044595639542312
147.89912260854155 1.808406507922933 0.003722899346191862
147.7420464814107 1.748255529247085 0.002783958997338158
147.71030867176165 1.754076716024101 0.008879223128141158
147.75426455051587 1.7724303739968847 0.012907866338466441
147.79165989405487 1.764172536382728 0.02548234211801458
147.79038982673347 1.7844491012487351 0.004693624364383326
147.77586690863225 1.7985994657543811 0.004041908004935925
147.71675382307606 1.7916317062265543 0.017631761986665082
147.70979783757102 1.7974989699480477 0.014053825429454716
147.75718043293622 1.8299719744987355 0.0032081498795329
147.8160889026267 1.8122986316996457 0.0034234696699906846
147.86283245520673 1.8237121352467789 0.003777659017027403
147.8211309614251 1.8487491644645817 0.0029223848960421017
147.80005623078628 1.8494925394883104 0.010495507773212849
147.78962423960553 1.8903405449909012 0.0059443924596796855
147.8265556769986 1.8973243263245403 0.006774003623470137
147.82552289654524 1.9135191786189436 0.003299491695453293
148.01590257781706 1.8527059103904215 0.0043672943582586145
148.0012051922357 1.8484073761879836 0.006567294086247988
148.03300786188996 1.855008327338151 0.0035016261718168536
148.03375761405064 1.8568183699014624 0.007724926742999377
147.9947706651197 1.8632802392519816 0.0027778575723472008
148.1124381229613 1.8878668554550688 0.00843958136689063
148.0692150619337 1.9032816787213944 0.004471722085575089
148.09345905739264 1.918881924852357 0.015959227461155193
148.06856109215784 1.9502565383596775 0.0034826123406895256
148.10113505992666 1.970052880604427 0.003078572315604554
148.1043014295583 1.9750578137454036 0.003093133891782025
148.09826902424845 1.9831976812179557 0.004541507854318228
147.94674800555214 1.94216325625638 0.002798374757373007
147.9563549444526 1.9562810233197856 0.005009084633785603
147.87838733984498 1.9387298394447772 0.002811309010902641
147.98848710577192 1.978618201100004 0.007882393372290034
147.97360412392513 1.9735512578811083 0.0030141354136413684
147.97628293588963 2.013180098904258 0.004557348755069136
148.04561720317542 2.0494006632628983 0.01009663135243048
147.2608405941952 1.582336083667454 0.005623440050161961
147.3167022638922 1.5791981845973084 0.0038605404708722075
147.31557930029078 1.609931369611754 0.00617354096971631
147.39234545743275 1.6053042465880845 0.0034256760754190155
147.43567105841157 1.6275478020090293 0.010474016400988016
147.38294593395707 1.6393495753814302 0.0030736561377644454
147.31544660191915 1.6368274497765312 0.002734463430049592
147.41920007369487 1.6650691204580523 0.006052173151591584
147.39974269233963 1.6794394882270025 0.004390101128866669
147.40927208283108 1.684785450266466 0.003163936470606182
147.2702344611605 1.6590594447689757 0.003142679333643093
147.30867818554137 1.6516305680559975 0.01255124926393371
147.36015587799145 1.7180069234785589 0.0032346003530628205
147.33659956110225 1.7092397000992063 0.003898767522204666
147.34515892928587 1.722317562855886 0.0062254285726552425
147.35389109083292 1.722721590697584 0.0053893385307490094
147.26924108286866 1.6932879526566535 0.007654006022609775
147.2596314901789 1.7092291733111518 0.002658611289582671
147.2828368839896 1.7182287957487568 0.0037269777035402523
147.2227745991805 1.7118544786151886 0.005939074999103897
147.32063450577525 1.7376547503497073 0.004805807763045264
147.27362034538348 1.7534803964920551 0.004052547553101117
147.47698284384 1.6455320802304911 0.0035028558828793413
147.48229331064087 1.6747151545627827 0.005040569701835612
147.46751174258102 1.6965832972160133 0.009048543209438289
147.49465938424785 1.7209677657200195 0.003295448011132585
147.526636104958 1.7253564417142877 0.0065599347505407475
147.52171138540518 1.749002948648674 0.00318137701927707
147.4416227799735 1.7092858091005008 0.0028716472766325417
147.51257930061482 1.744487910195582 0.0030005882177687707
147.49980729675497 1.745609018741879 0.004204300743939216
147.56172645678936 1.7564196919237232 0.004532538321290692
147.6010814009871 1.7664706036892104 0.0034817727311507725
147.5117357317977 1.7935476986533518 0.03313909595973207
147.50668002162644 1.7961419914342884 0.002835702621039517
147.56551153835505 1.858078741164544 0.0036592552923120636
147.3982176673351 1.721915431446218 0.0045344810326091054
147.3971507865784 1.721497466248639 0.006681743188768108
147.3818583780455 1.7388304419278906 0.015407600514474446
147.39103982854687 1.7841992311617574 0.0026898842351014804
147.4551606460777 1.7712870372626095 0.012790309822474167
147.4447562666748 1.798291581166383 0.004277869871316479
147.4346479647069 1.8260996309490585 0.02848638011567951
147.32375158426882 1.7834846992645157 0.0038685216758964874
147.37921762563616 1.8218747928365304 0.006160132514055081
147.4844043118216 1.8084251720341489 0.005765181968198313
147.47800458052694 1.8282408335526563 0.004403655632276756
147.45890790620146 1.8417907965151432 0.014189588126727616
147.5395279584773 1.874029601782552 0.005419337015969828
147.50517200495256 1.8759322723720588 0.00641029571625454
147.531180290129 1.876429892269672 0.007743447346724423
147.5327211338625 1.879674170589964 0.004182167132691603
147.1830311435002 1.6928403384550983 0.0029809557520873646
147.17543858520926 1.7045514001542243 0.0040865292294568565
147.2177038754116 1.764378866768948 0.006842742930079541
147.22766835788633 1.7791902331057547 0.004908269431668713
147.27902888280087 1.7745993505713349 0.003365817968713589
147.23308842712723 1.7843519687971443 0.003019093718809425
147.25439898873807 1.8084395380567335 0.005842540473750448
147.26145765641252 1.8132970309806844 0.005374741414181208
147.18790963084317 1.7670413155695168 0.0036363157299027565
147.19705847779468 1.8061627372010935 0.0033112131231855134
147.1601993180654 1.7996208526471866 0.009226323744973567
147.18083445677593 1.8011834691291984 0.006956804910449638
147.18475044485697 1.802720972981324 0.007326689209579732
147.16184233810142 1.8086965961044292 0.00790847287911933
147.15661009938088 1.8139073854207424 0.0030065093210086386
147.23218200329478 1.811280072967815 0.00391153017240674
147.13406249695362 1.7977169062864142 0.007502683214120025
147.14896857016276 1.883773473958399 0.006621186785430835
147.12577556761798 1.9125801137888057 0.0026498415133192977
147.31735516846112 1.8042297867733896 0.005349363124761488
147.32961376724603 1.837168390726103 0.00652897716421364
147.3435384638839 1.8855270690869168 0.004880038795845375
147.2621113959457 1.8538269453184488 0.007736031324606846
147.27535458738285 1.853758675652181 0.0032042412690270043
147.2983402172103 1.867315234983385 0.0049998978846214044
147.22433531529833 1.8616268211258264 0.0068429549303148296
147.30932332373845 1.9046713326698712 0.003374001991666708
147.3836038154768 1.879023875676084 0.0034649422018924237
147.39199280820503 1.8940250608646771 0.0036021577630473253
147.36984997736337 1.8860628632760696 0.0030466275122447042
147.40724035093464 1.9343871768627725 0.004884935791174765
147.37621230548305 1.9378340099565248 0.008090906913614334
147.19467996872066 1.906267225280999 0.003865478745410687
147.23558241601515 1.946384766001792 0.002998809718393694
147.25921889411617 1.9682456771329184 0.0026759683013577442
147.295011001017 1.953425207140491 0.0028057372601369493
147.28915032059842 1.959425303951928 0.00575909900554405
147.36386259712222 2.006599674478958 0.02069165647599711
147.3021755903431 2.0493369659445153 0.006940844657755262
147.30638284871196 2.0682661939805467 0.0028747713605462044
147.69124834518806 1.8263816613157065 0.0027704505296454033
147.67632514743542 1.8313952236755695 0.0038434687526951146
147.6289730273287 1.8274862246240784 0.046039021757535256
147.69681180663818 1.844106492517624 0.0030892067464707252
147.68574456636452 1.846051426696857 0.0027578214147670754
147.5815381023933 1.8599897714863387 0.006566160506235599
147.60638224593683 1.8854971283649984 0.002643082258988615
147.66597715018509 1.9283079696012944 0.006355583657139827
147.6556418720346 1.9268845409939817 0.005421290188306416
147.7649348839685 1.914699142361788 0.009357784068911653
147.82569395680957 1.9433922223608235 0.0030933794038965883
147.72989642648062 1.9384902775011523 0.007924311145198345
147.67893259346056 1.957757008882675 0.005363596017225158
147.74231881874474 1.9461716764648405 0.0038099079207675416
147.73802822831416 2.0072779572498907 0.006600109101739066
147.6363799225616 1.9247344127682329 0.005412761166232683
147.53740748748967 1.9217009238195064 0.002875119893381371
147.51973106371534 1.9322556411823637 0.0034010322852676593
147.52242286354772 1.9466552987302104 0.008805732525618898
147.55799969137414 1.985110630849859 0.008911916723261672
147.73094607609147 2.010683275604311 0.00702754507084132
147.70536570442823 2.035589567731942 0.009377504249265057
147.71551335430266 2.030415271335253 0.0076696856554956646
147.60776166087382 1.9925342688169212 0.005995920344253214
147.6242122154474 2.009978991872471 0.021113384248148605
147.6631835515054 2.04026116208576 0.0033753525401972974
147.6574795239817 2.046203938976985 0.0036132937064670264
147.65630558601214 2.0630622723824836 0.0030926927027123434
147.8212075529127 1.955235603960622 0.0029756680682707917
147.81399951444436 1.9620092264131817 0.009394102610584319
147.81407666810424 1.981323329781732 0.004160999605484774
147.81587546193708 1.9941648063726525 0.003086722869348273
147.88486507773382 2.012790950871161 0.005111421667436264
147.79984650560257 2.003388322277069 0.0036184639451498596
147.79875449679153 2.0084180907923574 0.004953758375453989
147.79324830959072 2.0368411878328123 0.0028789682779929698
147.8609818218984 2.054655482591842 0.002886737737198622
147.86453864617226 2.047121881733601 0.0029869158992646646
147.84020064604255 2.058866134147459 0.003713590051103045
147.84730444521483 2.0748439956554585 0.006565271787545425
147.8334372482379 2.0812468056375972 0.004449561098679173
147.93111331074016 2.0369428378186467 0.006009493774635123
147.9705356850692 2.1166468403418928 0.008427431081809449
147.90165728867328 2.1020421421817055 0.004569224687461936
147.86596189313548 2.0889279190789853 0.011080946412103781
147.7486693576637 2.0204885880853567 0.011242134830404205
147.74657053684678 2.0609512792335827 0.0029307068513976173
147.73303334192238 2.077172756612098 0.0032823950166896696
147.78190636529473 2.103563405657703 0.003644549931815976
147.7684837757571 2.1090164347922684 0.004923412224203694
147.7045028471907 2.065109002616859 0.004335245535011655
147.71059290812536 2.109031492987025 0.002875317811317561
147.71847440182663 2.1159858920437644 0.003807095311538706
147.72122854399564 2.1415700175310084 0.009399748302167147
147.82753524640978 2.1709018535723694 0.004785326608386292
147.51275783957294 1.987172178143392 0.0036757606534106005
147.45258332198574 1.9907308107388768 0.003510660797179345
147.51826433338343 2.030692755709873 0.010130500436895503
147.45471107508547 2.0007757909693566 0.004012878814551038
147.40047277419183 2.0084661407266275 0.004390010152576591
147.55602312186716 2.0334671280741174 0.012040201762122761
147.54835404634477 2.038321410578491 0.003937522283701308
147.54958664748517 2.0548812074720404 0.004369634076208761
147.6058036173663 2.060022927123277 0.0030613273718902998
147.54891005960744 2.0832078945795924 0.004373130068584067
147.5250517804341 2.1260130737041054 0.0035797269771045675
147.55213517072485 2.131613694463413 0.003179294469794911
147.38506699679516 2.0817017599572374 0.003175659567352884
147.42456556717372 2.09762272578225 0.005106850914931836
147.36305799255095 2.066659566856208 0.010964354270088577
147.36082177815553 2.0904381004143464 0.003668636178889559
147.34438577207587 2.1004287735493983 0.0029021664994669984
147.3922545573749 2.1257704278304086 0.010380253378309627
147.39799420222582 2.1192188033272807 0.0028699830685025222
147.38811450788535 2.13260851787966 0.0035502649477276533
147.4372219625933 2.1754848746894098 0.004907979890449521
147.70016847983504 2.1312868134934058 0.003761883089896701
147.69970090466475 2.175509481638904 0.003885236316941927
147.6904618530652 2.175748688205696 0.0037083132219180664
147.62648685078463 2.160258349955201 0.00419817177639256
147.6047129470024 2.175582801027504 0.005751866526984394
147.6490232479107 2.173131030796684 0.005871312477621361
147.66248905878678 2.206214313571549 0.014481021375950613
147.6479412660403 2.205561539311813 0.004176014035159551
147.7488195871784 2.1696958879501875 0.0037508845723370327
147.77743983027335 2.20673914229617 0.00499745284184401
147.80036189304 2.2243350431550515 0.003783891889875805
147.79084231231064 2.240731591145393 0.0028501910015330603
147.7576224792872 2.237289347567864 0.0028673486250309636
147.71770256732972 2.274297674391376 0.0034455239226581164
147.5704501605167 2.1967059209650652 0.0029866266402371095
147.6064320944423 2.266916572682608 0.005089981743303315
147.49846607701255 2.235083554818017 0.0047674243969280826
147.59017115851887 2.265825747385778 0.00823137684136573
147.7132714606725 2.299418017630323 0.002978862104546853
147.6873672462111 2.2999795580513895 0.004816344515021662
147.7149471980241 2.3327443672558537 0.004353610878444656
147.68837717230454 2.339055626482146 0.0026988807744238673
147.63333554719108 2.3668028925244435 0.0047884990392043835
147.65275636064715 2.359240057915421 0.0029007453826582837
148.3627994799213 1.816972828916282 0.003865454580374227
148.3393177518193 1.8244152523897668 0.010515633580559064
148.30165772596436 1.8497094794357376 0.0034331121799962027
148.34166380440362 1.869335810015594 0.003133174509583868
148.2985016118046 1.8533564509098563 0.006453519098134011
148.37946045544365 1.8832411542671943 0.00301810836902714
148.36716988760472 1.8814494017632448 0.004647504293054052
148.41642641866048 1.908113917671628 0.004676539582778719
148.49551442668695 1.9183067007133885 0.0027649970011554255
148.4027023641127 1.9757729591633044 0.003572025122019915
148.30172835293234 1.898173434618115 0.004211103005743175
148.25656180406514 1.891073657027942 0.003713928937031326
148.25143551080353 1.893470217421395 0.004033171917778059
148.2481049168653 1.9147079173973292 0.005753100154295356
148.26923411051789 1.9206405695526905 0.0036324286683530544
148.3007247212266 1.9372039754403847 0.0030215489519057424
148.32537800440707 1.9565857690672384 0.005232627202497955
148.23058234769954 1.924768532349156 0.004119661232195584
148.2592734883401 1.9644791701084536 0.006272140952818681
148.36241097570792 1.94703620503465 0.003928202833901075
148.3770437364339 1.9693011575965127 0.002730338635667896
148.3003091638661 2.0137063945149345 0.0028102202545538216
148.36870118317734 2.024731073251404 0.0036297578621865122
148.36825280784984 2.0572164911436563 0.020841648859299164
148.3355151026339 2.0652054098493293 0.0030970129733600654
148.36678345531834 2.070860721408292 0.004137629881295935
148.58706470856333 2.0406842917737604 0.0039302063193812735
148.53445183609722 2.0576714103778726 0.004900271463836098
148.6122879508545 2.0378266412253434 0.004015786446449036
148.60320279634692 2.0570359515071113 0.005113238610044312
148.6752139257163 2.0618964192878173 0.006458507892215872
148.64223440054033 2.080804008931747 0.00484641053018595
148.6374280024717 2.0842648827754138 0.005756824893273027
148.63374749472328 2.082355445896977 0.0030696475923269488
148.58801968921406 2.0826161242619796 0.002732833700391968
148.59102376683833 2.11260370540654 0.004552828116223109
148.57547587821435 2.123555291808454 0.005410190838274874
148.6213108871156 2.1010061669884244 0.005227810294424698
148.63537106485828 2.1274681252838787 0.00506825117362499
148.62236184419376 2.1269721513802557 0.002844228308441677
148.61361150174042 2.127385732270604 0.00586829637626006
148.4506491349769 2.019539068031497 0.003591088139962545
148.42430884197364 2.0490023750699424 0.002949566211585466
148.43623346276146 2.046412191240507 0.010336120996640746
148.45117091396608 2.0735038948224687 0.003007927814159967
148.5121170097115 2.1058039445246055 0.0027099015890483147
148.42509903148382 2.0717435843875944 0.012163024726101302
148.3984934372637 2.1094842850289113 0.007994755098014719
148.52489266684643 2.1439002499580497 0.007599392302438546
148.518657989902 2.1741529622508207 0.0032247675102165456
148.466687360437 2.156852672261987 0.007983323803684756
148.4515062175788 2.160914970036142 0.013621556139237677
148.50902483816034 2.185870431086552 0.0027553325617943308
148.5237220580858 2.189282561817737 0.003462009136021547
148.52624817953125 2.1932110558293187 0.0026606743913965905
148.51058469594602 2.204935788970959 0.002767818160986949
148.16971377227074 1.9518888918239912 0.003128034033578404
148.15099860324352 1.9778314211239307 0.008748241925999038
148.15142396179866 1.9756839965152129 0.003101302431272406
148.2259980566045 2.0039283448693235 0.0048821948652199056
148.14657786120975 1.9851695815604349 0.0034077851385630885
148.19563578922362 2.043332250351385 0.003952849820379825
148.21802531616348 2.054752296993428 0.0048096384365724455
148.27102104306795 2.0297169891521265 0.003453177119271786
148.2884198622784 2.0663996827688824 0.0035687604280502964
148.25708307180267 2.0509296328081508 0.004864263407353198
148.31837064064894 2.0633751062184573 0.003701532949268839
148.27849052566754 2.0975734163795727 0.0036687631447116214
148.14587508636473 2.0954815176429484 0.0052817050461445355
148.0720442219095 2.084815589505979 0.0037835391713184016
148.08027937002151 2.0903816429904314 0.0029179170696572105
148.019102537063 2.087464864305278 0.004564983946602214
148.0623317094866 2.1289081446471756 0.017037795044711552
148.26052685697366 2.1600882358359623 0.004524090089985321
148.24244083046747 2.181623367695399 0.0034600141479166876
148.12304881175163 2.1802424771586324 0.006467736596432465
148.21985099054555 2.201524437915676 0.0027748561540132614
148.21146547882668 2.2131660981879535 0.00328009282811431
148.40520714753723 2.128794653707618 0.0031708922506356253
148.42982943803443 2.1625095219254704 0.0034495028620482532
148.36151265198612 2.162730388905033 0.0047647038210513705
148.41991741241628 2.1837263067745387 0.002958155602151262
148.33148417707392 2.168863861407789 0.0027499540975704424
148.31972009079368 2.177394128479611 0.00557506005006424
148.3089887370834 2.179373076905097 0.002735044517551895
148.34192716474982 2.214020755874075 0.002882565534147325
148.44249730383925 2.16969642141418 0.0031083457429106763
148.47459702436177 2.211866074504626 0.0028159299672753653
148.40968058088822 2.1979674532592077 0.00888286781804262
148.44124584758427 2.24183534357219 0.0037011000866063715
148.45570091156048 2.2598086517204936 0.005224849371956201
148.23989402632074 2.201334315115055 0.003399557213519265
148.26816348578288 2.2333518417836316 0.0029805335489176067
148.26690521691228 2.228656820950675 0.0034608598661963483
148.2873291941064 2.2330950019373272 0.004293416189818683
148.26579631806516 2.258787330677643 0.00602157658982678
148.28067141103537 2.2759480971615567 0.00692435084337047
148.40985818157833 2.3338527858173617 0.006412371712688498
148.31541669322678 2.2830585844210027 0.003077927490962298
148.32863468874854 2.3015315536861367 0.0028511430957198144
148.3461295925734 2.3163595936023977 0.003921078614235974
148.67845877558418 2.185665584135291 0.002828323907724271
148.81783904434425 2.2249480895788616 0.004658128175267729
148.8095418170641 2.240553014698212 0.003026574227882831
148.77117362805748 2.224414314609569 0.007268617236364739
148.78324144299992 2.2844399407438907 0.007983560387164499
148.64477554295613 2.2139657742391456 0.0037393788266481135
148.61736104068703 2.212517586115229 0.010500352280100742
148.5771383500559 2.230638312835171 0.004097275479298538
148.60795747519953 2.235904274110943 0.00641586178671634
148.59173201375754 2.2427942551799114 0.003940756945076433
148.60301202662873 2.2549869336550485 0.004310180171156776
148.63306631600824 2.25081744228203 0.008179947373735893
148.62248255758772 2.2845121156269155 0.002682072971715557
148.75895383252865 2.2885433331203835 0.0029607777582093104
148.78054251874156 2.3174707242841883 0.0037620675962124176
148.75061745320355 2.3295177926939594 0.003838671157957296
148.67322127080166 2.3166064935590676 0.0039691349912195145
148.69374047209223 2.323656527191899 0.0061943643188910515
148.6565318533572 2.3278719023454264 0.004531541061621477
148.88341692850886 2.343355703406174 0.003116730131457687
148.97159961984107 2.379642482989522 0.01239190298217644
149.02497391070813 2.3727287260405663 0.0051886792499052535
148.94351761356634 2.369042892739574 0.0038247915359234655
148.7824225824236 2.392222650374383 0.002815017341587616
148.74547170301062 2.3923533726822988 0.004455826680423137
148.7417347811944 2.388025484782715 0.00853001155776129
148.76024917365794 2.392933705920214 0.003055006436746242
148.80011898167956 2.4250371999185396 0.006157209199960883
148.8921543496596 2.4549497681677614 0.004004717076121106
148.95411804497488 2.4484105965399117 0.004464701771228049
148.8482832890709 2.4374525830486644 0.006012552957899509
148.85040878068074 2.442518732160728 0.005098383378592233
148.85371083481544 2.4438109162849107 0.003317872895581643
148.88305287271206 2.4803780101865516 0.004425681382555494
148.88402238492404 2.4981794752353608 0.0035001074711970863
148.51188229430937 2.2626790271325405 0.003255465780140679
148.4890186471042 2.3005594763569395 0.004351354433822595
148.49120830323017 2.320055972442459 0.0030788988727240233
148.49870927465005 2.3369214917530026 0.003671957235128231
148.55197214355587 2.3528128238322585 0.002666085418432665
148.6221277983235 2.3541827962566755 0.003053834271353236
148.5986978436104 2.3842944006468008 0.004072396022656112
148.57126475297642 2.4173049217744236 0.002871648268464545
148.63816228712147 2.435952539539629 0.004705615195669007
148.60757483724916 2.437205546549531 0.004404253261456366
148.60764555316473 2.4387224601662685 0.0029708448014520695
148.4875923523756 2.3582978000448036 0.0029146711994228443
148.49715878805318 2.418469469969893 0.005788991069791795
148.46567950035305 2.414100939327075 0.007504949678825192
148.53740345098723 2.3943027421857597 0.0042858695641189055
148.5294507406249 2.414928311066663 0.009078095029312623
148.60445684243732 2.456463157738314 0.011092749344012082
148.61809421584812 2.464685179442234 0.0034091301347448106
148.51769678704989 2.4975062362037708 0.003073357523285065
148.51013524873756 2.5010426986241914 0.0035506437466967327
148.6861266849865 2.431341486064686 0.011166272821821891
148.67594760647404 2.4597570601732137 0.003079186965053378
148.70888593358004 2.510143402486396 0.003070402879023693
148.8276331208004 2.488185103464003 0.003715547729858464
148.81233841491195 2.509101471759416 0.002961952261526055
148.83783428184796 2.5212109380309844 0.009564702573019718
148.73270671235966 2.541385523183124 0.0030164526301205297
148.76093957423717 2.558588251319673 0.020984046169015717
148.74370244094007 2.549052771827626 0.0029636278316156266
148.63313410969548 2.505738396493783 0.002851379839433462
148.62154390229898 2.526640260006765 0.004431529448325359
148.6511036960153 2.517355879318544 0.0105234470359455
148.6649382244779 2.550580682418091 0.00285941475991901
148.59157395005874 2.5129320972264657 0.006275372852579107
148.77285532109434 2.6324407009539916 0.003285509177211187
148.6742044015904 2.6200311433927377 0.0027250421841115533
147.98872815946072 2.1170815588701277 0.008148143044059713
147.98334746891626 2.114692453295579 0.00438991462950107
148.01232800933286 2.138825305984577 0.0031155404170931686
148.0403347261358 2.1484067938686557 0.003271758351114789
148.07224098922558 2.1588186171696284 0.008925647774084606
147.97965312066952 2.15493816639797 0.005898894983643947
147.98117804233362 2.201466030503295 0.0034683392813171644
148.0665893834339 2.231472329753576 0.004467418770400103
148.0686739302699 2.248328362709207 0.003592374083689406
148.09620035417393 2.3069045871227436 0.0030588377029003044
147.8620051806334 2.2177045760214145 0.0026719158707872452
147.8948953361816 2.2624455845459757 0.0026735639376860897
147.98489966910412 2.2818039770663083 0.003079459768350205
148.000111983929 2.2923660414088953 0.005278291179562715
148.01033231111077 2.305547911092762 0.020259191032986974
148.0252192342895 2.3271473451686813 0.0036664593101254418
147.99637254712275 2.322748723782165 0.0031171069223893785
147.9244502388894 2.3146623325125035 0.003341721475176149
147.9609733184488 2.3473454835337035 0.006129854126178293
148.00502464239105 2.325637582047517 0.004054503686366213
147.9803191182178 2.337712754479567 0.006256424090487086
148.23672671612334 2.333822057695774 0.0035468845260381745
148.14585464055253 2.3011179142822815 0.002664545585450023
148.1930568249643 2.335131565001111 0.021854558183178566
148.15817179116618 2.358577501385518 0.0028561022714217728
148.1921131847121 2.3612660939216417 0.0027013149965877713
148.32344253027262 2.4130500441169858 0.003075610745878839
148.2020841198061 2.37281550603853 0.003101516990422034
148.2108374292393 2.4032243162679476 0.00663422428308526
148.09802373704392 2.3218981627617876 0.027224479049183962
148.1715577118472 2.3823353594400527 0.003515594931065556
148.07331610124697 2.392841065728059 0.014519670457814405
148.018901687658 2.393955683587861 0.0033285388830017536
148.0423602953948 2.397688278423415 0.004826920206853433
148.10198952657498 2.41555089217966 0.006057374495318632
148.06893163915117 2.4210646587937457 0.013099762882816756
148.20132207453548 2.4134618581311065 0.0037332155369780196
148.1653386439435 2.443211190517134 0.02237208860122839
148.25615761199106 2.4626518054025026 0.003335819089327098
148.12833532129633 2.4792401986924264 0.0045262155217294375
148.1985347265229 2.484190792226011 0.003007593929762327
148.2051512436281 2.517090413985697 0.008329304508537826
147.85764367720944 2.2869480826642365 0.003088409072856123
147.81054844551255 2.288230452125085 0.004727779080138617
147.83506477865927 2.2929115229650474 0.0029417459188272057
147.8881428002265 2.3374340565409795 0.005303498246741588
147.79186257177477 2.2966685865381757 0.0030540244499600885
147.75786293638214 2.3174149477320243 0.003237117917604036
147.751095914598 2.3132358201549765 0.0030872790057091147
147.80908965317948 2.3593725660451423 0.0036009216720544633
147.96693730809196 2.3995783791600704 0.0065619035044851524
147.84763714822728 2.392942949060614 0.010558539272391946
147.85525231695857 2.403901429581911 0.0028762158128563856
147.8813253448014 2.4129534654096205 0.004862397222032478
147.90672945658042 2.4070531125289594 0.016462899031131444
147.91960754033224 2.423783559401476 0.0044770721121526295
147.94053786719107 2.435616454436524 0.008359838442986505
147.90150840476656 2.425929865151886 0.005050940582063655
147.9318266295326 2.4436165410036956 0.009150111360097754
147.74567257177543 2.3687877745106696 0.0075755671931264125
147.7766460706118 2.364785960007544 0.0028928629851360478
147.76497599004327 2.3723093621143057 0.002642793254363485
147.65921485199246 2.387577864955942 0.002658587598791566
147.77892662492437 2.4235515083429817 0.0032284703305245368
147.70638065876014 2.4231078296009505 0.00451304640997451
147.86915983839972 2.423578587966851 0.0027769975693189178
147.85065479820184 2.444875886848303 0.0028547959016824555
147.90791019986577 2.471647165082574 0.0037408916500319294
147.85447358973622 2.4629153351472346 0.0033591337748151854
147.8805321115121 2.4823483281613212 0.005507792173919793
147.7842579743301 2.450002392310763 0.0028262834774210794
147.8226223504581 2.4552199368116976 0.003016410852392101
147.7695315806352 2.4576113407707156 0.009668439959258961
147.82783214411756 2.4696745046028608 0.004963118500333745
147.83218107491075 2.4850007433035373 0.003927963509928455
148.04008074482445 2.443915440630706 0.005089515714222839
148.0498941367615 2.454537854169903 0.08333333333333333
148.05330144917895 2.452129861438753 0.003018115248991809
147.9718676107522 2.4592843409152114 0.02248374999743481
147.94512875412053 2.448651925578851 0.007004451372761774
147.98692200606203 2.496882670643773 0.006358488052855099
147.98697963589953 2.5020647737942348 0.0036670354180805254
148.11976228022635 2.548243814076098 0.00529837361847503
148.0500831344266 2.550230865367621 0.003629586865087445
148.08568647812575 2.5997852663796417 0.0033137225609933055
147.92035485033986 2.515525799969958 0.00345196484841444
147.9139765957706 2.506255515482846 0.00264519598363585
147.96041009675722 2.567877693714456 0.005749638959266112
147.87214193586578 2.50866435308732 0.01059885143406754
147.87079933757337 2.552101593667473 0.011863372978474666
147.90419801423397 2.5795144158017873 0.003244819099261413
148.00102965372878 2.5503986482144163 0.0027374030992126036
147.979367118941 2.5726142234824994 0.004759958591006298
147.97803217825387 2.5828568618800043 0.005782623936852691
147.94134090960455 2.599554936817053 0.0034446183008793466
148.36033701233697 2.399234251108412 0.02221719115174973
148.33928698061828 2.419281267133066 0.003988919065311254
148.4149705850286 2.4849247888203307 0.002654756511003123
148.41399800855268 2.475222593390028 0.00701678273837707
148.30424670750023 2.444925000134135 0.016591990470709465
148.31794431131644 2.461971033949822 0.004194185597840661
148.30494666938563 2.470427935868966 0.005852581290406127
148.31416417877813 2.475434559050892 0.00343769616466196
148.37704547856703 2.499111579274919 0.00480917747836455
148.34400389884746 2.4912137969918757 0.0040011637418404765
148.34363862241304 2.512301879969407 0.002721404913782532
148.3700479986393 2.515680963422391 0.009823553837408735
148.41146665863036 2.506357243156805 0.00554879071342754
148.50316608035362 2.530900316726007 0.004149348234943367
148.4764710857065 2.5468770025321463 0.002948129623022265
148.4968004692036 2.5598913919405093 0.00976134066408552
148.40027771090993 2.5324968267062 0.007188580320361866
148.43439629667745 2.5323714846205143 0.006809268816659602
148.3947925845148 2.5401580875511995 0.00685869909053293
148.43311102994937 2.5879446325791076 0.0030956259215702523
148.26863308492693 2.477851485550026 0.003915826802127538
148.2892742060409 2.547892740750028 0.005932915933151054
148.25167255298047 2.548204046569237 0.004034864638594858
148.2230384688429 2.5490101158888816 0.0043900303188249236
148.26272339807565 2.5523737455977416 0.0027646126419296297
148.34563455445422 2.6117723598695677 0.022019732415963316
148.35649744363715 2.645369161688493 0.006899875660986027
148.36682081371364 2.657180423237484 0.006038248673352622
148.5342181745111 2.569722685867924 0.004671140599911561
148.56475515242784 2.5872004735973637 0.003378491531135091
148.4763453141622 2.6188947863569516 0.0037024462688968356
148.49765328937733 2.6189653770754893 0.0028961971018575273
148.54402372884348 2.626394434277423 0.0037695051380465644
148.6191904255018 2.6423579522581573 0.003029687182737115
148.60857102911982 2.6409677681699715 0.00302737391538189
148.61132754122704 2.643786633949087 0.004404505631650014
148.6945417826946 2.678979459521768 0.0027855963173135548
148.67262798060602 2.7133434157434975 0.0032670156856050903
148.59286240451968 2.6812018718114743 0.007039956240286148
148.58180561528502 2.685628643570283 0.005511082274441829
148.53733327737106 2.685958103623417 0.004626789535048041
148.57196785003416 2.696002642459869 0.002763025923535658
148.59206560362003 2.704124363185553 0.00267807308388827
148.63351173411374 2.71580738847569 0.004275803167004017
148.4468568554013 2.63666241533839 0.004945909548021076
148.3978397121931 2.67296032802704 0.01355177350711077
148.44306271741897 2.686145107396668 0.0035639758260525576
148.4741335550588 2.7105584655892523 0.00387916984066354
148.44972698215707 2.73064127630984 0.005178068121492377
148.5258968490906 2.770445045116762 0.004193779424353246
148.56405349369425 2.8084857376110817 0.005148647032449577
148.55039387258233 2.81147007631517 0.004350093228820619
148.17652120234658 2.547539897717877 0.002856214237141576
148.16633609817129 2.554816411377985 0.0036275645956743018
148.22028511475045 2.5701540489114674 0.0027435865151588194
148.16546115371133 2.5801850169147387 0.008343706898930527
148.21904409967743 2.592901169605362 0.0026598051012352623
148.2550766751344 2.660491776778849 0.004102078760383575
148.27133198674915 2.6532586180642137 0.002681817680376811
148.27432679602242 2.675069596195351 0.0033503489654847533
148.18825733297425 2.6904652281981836 0.0040148156613569515
148.26840823790866 2.715645487747499 0.00573539580867988
148.1045077174358 2.651974502556351 0.004920366065464189
148.10422697651768 2.669851024352647 0.0026468450303474356
148.0886621282955 2.6680798558495225 0.014076832877209447
148.16012160144507 2.667284144999433 0.0029631661212684754
148.1140122934223 2.6829712912307566 0.0035081511320640166
148.1101960765108 2.67478017071137 0.003271336991815106
148.10555830141703 2.6891611866613574 0.002940956356150641
148.04367012496 2.695725482107335 0.003109616589989989
148.10561540082097 2.728575074175676 0.0027955602048948384
148.0835991444134 2.71883362318398 0.004319253259069921
148.20855022345464 2.712731666051037 0.004098518593045977
148.1539609983277 2.72793777938741 0.0055744560353913
148.1735431898127 2.7328649112835266 0.005548207749493506
148.20686997584528 2.768205102131384 0.004505885427750863
148.1645481256049 2.7537005635440712 0.005284994255828912
148.2065439585117 2.795912962195322 0.007469739296017376
148.34794686493862 2.7000085444438144 0.01571401576875248
148.3420794199713 2.7264392806170177 0.006764765705636116
148.33257768643816 2.73354749945294 0.0029992690060795936
148.43690177637927 2.7582301554748083 0.0027908192159563023
148.34759688766243 2.75777742214855 0.00276773422804744
148.3696581209239 2.793216476562129 0.0077548568358586974
148.47029885102634 2.785384541691816 0.002796232503224693
148.42803752281046 2.7838520971853575 0.0028934051798727976
148.4929115709796 2.841533183040183 0.0029134905891510083
148.484889133207 2.8596073831280395 0.0037059443596501
148.3931979069191 2.817509917289746 0.003582265451559844
148.42455106668623 2.8322398806828417 0.011363649754393933
148.42472099621804 2.848848312201578 0.004669066931391933
148.39108009430564 2.8338554678271226 0.007483762122057339
148.46413013162694 2.864320912593416 0.0027633754159167713
148.31878766080456 2.813393073744136 0.012511512225470466
148.31344922502808 2.81131678478027 0.002807855277445225
148.19745681805006 2.827751929814902 0.008442364707649534
148.2434395905453 2.8666578134182195 0.002747494170404084
148.32961265116498 2.877338783061572 0.0051236307047661965
148.3507053305063 2.9001272106216023 0.002829432773063751
148.32638265179858 2.936980525953589 0.005345947625234548
148.37389318427765 2.956508788338793 0.006068725998126574
147.13291704890534 1.9440804584648528 0.004818646859030056
147.1845501685474 2.0044835343303813 0.00675695146820068
147.18665585972062 2.0020220191041527 0.007903764373538727
147.18327056247622 2.0040560063103348 0.0037234499852589202
147.1844299633637 2.0088885790618916 0.019809640749283326
147.13417771445995 2.0473371418174793 0.00269558201209634
147.13193112684866 2.0400745822462425 0.0032080231204635887
147.15559052781353 2.0430604771012364 0.005683208438597264
147.13306793011512 2.058378010418721 0.003281324752547004
147.24863548699986 2.0592099502786154 0.009505105347325422
147.17797869196437 2.050215781755208 0.002839647908158998
147.21575097277395 2.0731677937998803 0.011256841979315623
147.26199339647056 2.068747663558496 0.0029200255708959418
147.25357470342982 2.0819361545431536 0.002838570628041078
147.1854982727831 2.0785637593225985 0.0031399943355202085
147.18216475385705 2.096527105661463 0.00311627944168166
147.15317541068634 2.085568911971835 0.004437586938877389
147.1425185918116 2.0914370860230553 0.004947944841987651
147.1316042138085 2.090670989985678 0.0031148242675295753
147.1766556099858 2.122378103067 0.003828672594355404
147.2017216921094 2.150466939217847 0.0031810187179399283
147.13530096249912 2.1194050702260947 0.0034529246370617714
147.14659181364354 2.1281625861255784 0.002703643650973475
147.17327891667517 2.173733446741558 0.004200783308217041
147.18443179646894 2.182694436052317 0.01987360435540392
147.16712107420858 2.193373309325024 0.0028341674088667155
147.13640264363204 2.2113621274922752 0.0031643304441048444
147.30522947311056 2.1003593323462155 0.002691821729544875
147.31585691573252 2.152789375993573 0.0031344430579988824
147.2745209074988 2.1703431689701715 0.004342841903410141
147.26333240002015 2.171630491276743 0.004741001629813695
147.30918294274946 2.22977756783207 0.016389402070064434
147.39181906937662 2.2133754821326495 0.006057013402194443
147.4373054403314 2.222855100931673 0.009273072806610409
147.37968034810794 2.245322346044705 0.0042268801082015455
147.34547657064536 2.2526406643107086 0.003655344971890491
147.21678372552051 2.226853823665402 0.005408957880597625
147.14117897359054 2.238992615993037 0.007832156369820436
147.24147289913913 2.260445938900539 0.008838505359720826
147.334838342327 2.2829442082423808 0.00513493540337904
147.33256970239964 2.336128796194061 0.005001121718232673
147.25327663478868 2.2855476608183234 0.0031107772889721825
147.26778089386147 2.296093831651805 0.01151916461487771
147.26077989462829 2.343452335241192 0.0048378616509152815
147.2808110092896 2.347517768129087 0.002799901605745966
147.26472326359888 2.349103150742651 0.004121556091042752
147.55535159684842 2.304633525398717 0.004861393037061811
147.4880855847535 2.307265002874593 0.0027004716019395202
147.52076254282738 2.3260825284477287 0.003068406115281326
147.47753310724968 2.358139125302347 0.004225922368019708
147.55139082457166 2.4328964409031646 0.0033849353987128123
147.57521856440857 2.4443009192593528 0.00286699638019466
147.39296284660804 2.3800179667810943 0.0038048563913520507
147.33531017534267 2.369377617073924 0.022248571237511203
147.38301684085275 2.380175084369936 0.0035421958068730637
147.3773217799258 2.3886793880171275 0.006652905806138327
147.34482201155413 2.4131094873417833 0.0026468346086260448
147.4060184351691 2.435375362344096 0.003916905281853506
147.38135779925227 2.4174282395834146 0.0039833402953357395
147.47059160261668 2.396645724318889 0.0032867766244911306
147.4903941346071 2.4149837593547927 0.0027766298590137617
147.47424672864983 2.4027461312724547 0.0037265271923976203
147.4967823577841 2.419921661661358 0.0029249465523756776
147.46313240650562 2.4278988384350755 0.0027352309979985752
147.56000463558516 2.467801905845142 0.003010729061064269
147.49144622233894 2.489542348329694 0.005999112684773561
147.47747034772445 2.492338275453724 0.005881154716608296
147.15116605670067 2.2842557991084504 0.009794927022548552
147.17123281304956 2.3006532410199525 0.009050769915822321
147.13082590943063 2.3770381600452426 0.0026696532700835034
147.13388394706624 2.382409231487068 0.007306873767757768
147.20923077003243 2.3353436028841696 0.005043180411583642
147.2171638309476 2.344214249048296 0.009678789164520394
147.23627053664853 2.358219720038275 0.0026771258009289423
147.28548887287164 2.382444061062368 0.0027609762422128674
147.17964708467414 2.3862672985164246 0.0027992745429115543
147.18554421497348 2.417744461557091 0.006147241068353525
147.1406009994631 2.4237342941757936 0.004058557559446545
147.1258219711299 2.488885156414028 0.002920206407915021
147.30771416497456 2.4316982679956225 0.005187713752857734
147.3489885287306 2.485802665211048 0.003062820072446941
147.34359144167033 2.4880630293449215 0.0036869722136285967
147.24080172862912 2.479129352789599 0.0026999948427551875
147.28989772437154 2.4929427305367087 0.004505820220187387
147.4032717809111 2.472619342776461 0.002763519253173718
147.40062640379193 2.498565350985006 0.003439568513024927
147.3821922180694 2.520693399215338 0.006311617179730369
147.44915069746966 2.543213022342457 0.0034054915704300756
147.45923994424464 2.540169142900338 0.003736625769883873
147.42226355182368 2.5455006550837527 0.005241830393050952
147.41607701948183 2.5898678595277436 0.0034959479634524547
147.38489420530206 2.5723987450221424 0.004426661155476724
147.2105495546139 2.487422436761938 0.01453701788038797
147.19018084441788 2.494806128126551 0.0052918853267988515
147.2356762400495 2.543160052444187 0.005615625140001764
147.16923995194625 2.5105734114091467 0.0033161575041980094
147.16922052995773 2.558544805506444 0.003572744091034003
147.1679136673635 2.563816188474509 0.004189609731071104
147.208640317714 2.580714847226758 0.028151363826731456
147.20179034603504 2.575242821774588 0.0031149791897773305
147.35597469318824 2.581938298126598 0.010737789837938886
147.28353071241878 2.5983665709074475 0.00757834486405264
147.2877620450491 2.62109548871214 0.0032389726409662156
147.23904355221796 2.628442427784617 0.0027336322513248643
147.27147917438538 2.6363420136086364 0.008667295322440012
147.33388531468353 2.6507711785055164 0.003241892984575822
147.3221597357275 2.6699116481363903 0.0042416528791656
147.16065751041688 2.6219195247036717 0.004404868467664924
147.1264728132414 2.663624838635069 0.004591257381863548
147.25705241830534 2.710966802994802 0.0049452042591466685
147.16692551837747 2.717834348415285 0.005406818481422688
147.22883274994246 2.7345682374251634 0.0033593208048586978
147.2088884200601 2.737634003350118 0.005858869229411451
147.12538694583984 2.767560819438053 0.005285551206277032
147.1688156920132 2.7972565319784586 0.003517579200395322
147.67011866255447 2.405716795335613 0.007007137499099586
147.6401977635132 2.4429495749700685 0.0048074843553144115
147.69870726694813 2.435235237566778 0.003436831178896862
147.6925805894327 2.4883523992462004 0.010409147667402656
147.61536279356977 2.445946909847306 0.007804315528710747
147.62267869114496 2.4752430277755826 0.0058209973907906495
147.73680426231078 2.478878675196649 0.0033845061268083093
147.73992793123736 2.489848348372984 0.0046543797522719775
147.73610291919024 2.502985528004762 0.00346311668387808
147.74680634567457 2.532230565921494 0.01046973259524119
147.79176192388528 2.5343332705283603 0.0036169457893135536
147.76817306032757 2.5386985201504175 0.0034077930245210502
147.7756661148057 2.556410402099075 0.007368910632992612
147.70607758347523 2.5181604543467797 0.00421417100442832
147.75011327380977 2.5563325136548 0.007601087021659013
147.53896996603706 2.5613705498165222 0.0034416559604326727
147.53382858738806 2.5760699902534285 0.003317300312429777
147.5725542629812 2.5921870921614523 0.0066200551067767946
147.63619503031595 2.558199249544493 0.004090196234994553
147.71430758098558 2.591382060369445 0.004355959062826929
147.6936802941776 2.6046287597567126 0.008949001267972491
147.6734691614601 2.6119028365303385 0.004707489495830208
147.60167910974926 2.590267778966892 0.0032363939423226845
147.62306197684794 2.6413984406430555 0.004041456834654759
147.62836982861546 2.6621466094131088 0.003209996542437474
147.8235754038334 2.5536926400007087 0.02444768747235584
147.81125421167607 2.5630247652910705 0.0033415541218591452
147.8516763766314 2.60021911909488 0.0027499822118088584
147.76553935483795 2.6031538075987353 0.006986029812223868
147.83040681228545 2.6748832088511096 0.005623925443728819
147.95374584434344 2.706567629330231 0.002881619070359316
147.95359520231673 2.7133935384731886 0.002725710138804188
147.86392142636387 2.7107734337103353 0.004012257657770975
147.8584563412298 2.7019826025772753 0.005473457113950659
147.96285634691117 2.723517414503119 0.0061179973511489814
147.7440174169729 2.6452268037548876 0.003684112169536785
147.7240040500056 2.639585630663413 0.002812369533857795
147.7418576240713 2.6534939882463204 0.005157038452041359
147.7877532611822 2.6985740789703048 0.003785926511353897
147.82324041678586 2.7447894621196216 0.0035975736581434184
147.8407576610186 2.7596168730175528 0.0034786948129223046
147.7917559346799 2.7901904741842127 0.01192549856863918
147.47204348510607 2.570055199313104 0.0028183666724575303
147.52930332349334 2.635323385274611 0.003468696879452493
147.4646088649988 2.650768566291786 0.0027913579999438286
147.4770180594431 2.6833918935269963 0.003686777892555081
147.58332292881744 2.6585859098086453 0.003913219685802032
147.5997778601108 2.704210537864052 0.0033798549666495758
147.52814578557107 2.679854670333471 0.004064350183624258
147.48591737530256 2.683834454033323 0.004622679613633258
147.57537210950267 2.6943441957435583 0.006880783918075656
147.57430479044265 2.7063052068548052 0.0045783740317507085
147.5690842769544 2.7213022165172434 0.002862070185614213
147.45908501534987 2.6781257366884743 0.007101621711355844
147.3650619520831 2.68865246007257 0.0030255097345996307
147.35053166046214 2.7021261421474505 0.00441755743407086
147.4033797462981 2.7328125157271304 0.007509183023047983
147.38319691581242 2.716837919971226 0.0048588556238282265
147.43947959676802 2.7256951423688114 0.00774498051727907
147.46986970958034 2.7371808248766 0.0042083991539219505
147.48288407295172 2.753245662514483 0.004544243185407335
147.5210048963997 2.748221242042449 0.02136254077216775
147.4376225367279 2.7504013845416786 0.005441024163643122
147.4138150899 2.7663276374312233 0.004452940627864556
147.41288660526646 2.7663307590226163 0.00841498467929772
147.4981015654872 2.811492091823863 0.002907031479209858
147.65113448436873 2.6941325218738665 0.006847892824212915
147.6606607040065 2.732966714248646 0.00522504030202326
147.6781334922823 2.770801644056271 0.010227359090133371
147.64255234390052 2.7501235763418928 0.003937307006016201
147.67253920060415 2.7974696227501608 0.008708520622374044
147.64265736640664 2.823716444335709 0.002712270713773932
147.7475704589331 2.818581733755784 0.005792887902739993
147.7669135254002 2.8487294070138907 0.003679412840375292
147.60182277693454 2.827673890260056 0.0032920792743232116
147.6034828099404 2.8610547691588457 0.0031755309113359284
147.5355904334319 2.8472211572906745 0.0056634766542092195
147.7003275977683 2.916776670789975 0.003109938276672389
147.61913191568078 2.8844800669048634 0.0036847226130580137
147.59615956054824 2.8965741737872155 0.002974418678052289
147.67790193493326 2.9456878323594236 0.004145923168985987
147.64387037794376 2.9459837026851323 0.005562110526450556
147.6473679071265 2.969867338787607 0.0026995706612760726
147.98128103189393 2.7272309683609106 0.003789347463194571
147.9919376067157 2.7307871895128284 0.002860623451073707
147.93989398107828 2.7701733172034997 0.003362822578054991
148.03628601232967 2.801967204389502 0.003142014895694908
148.02814278229715 2.8124363594300403 0.003504090624818342
147.9861492483012 2.798510648769312 0.018118348529786738
148.01392324199992 2.8231110265913033 0.004375016090503101
148.01278199926037 2.822014272612187 0.03510071447475075
148.09235709027433 2.790629514310635 0.004380887992860802
148.1190549578753 2.8343485202158916 0.0029025660727685335
148.12587310573045 2.834096447437334 0.0029674599046187124
148.1207813220785 2.8393818966509707 0.0038925696719366853
148.14799476063632 2.8658474005007695 0.005425631134688312
148.10215696770604 2.889824260703459 0.003334103286473417
147.94471882756744 2.7927935056362667 0.00819095574748143
147.95378706179005 2.79033651908229 0.008080770071440856
147.9715963577714 2.814949846437152 0.003087556684901416
147.88366391192406 2.82553723377857 0.00492524841157348
147.87407483558684 2.834939937967364 0.005956183506134047
147.90867965112295 2.8626520180955044 0.006102986504663938
147.94157743138277 2.8847155583826396 0.002961242982960353
147.93472020488997 2.883880328560196 0.0028157694948684397
147.89328668328204 2.871424229979047 0.010925919455251683
147.92363205831555 2.8816669303724067 0.006182067171773844
148.08449296744487 2.913520810378869 0.0026690896708984413
148.06359439071585 2.904744055955294 0.004592408315119518
148.0287616833107 2.917341861770962 0.003945371559564193
147.99016494570893 2.9062491667139296 0.004105967898434636
148.0333958103093 2.9471705590835637 0.006706213330766226
148.1941489688869 2.886028414444225 0.005929971616158862
148.21639460621287 2.9233876981819087 0.009882494575169326
148.13360852264995 2.940106966504644 0.0033335749933021104
148.13528337942452 2.934341875186178 0.004488793425591065
148.14696053213495 2.9430485179895465 0.0034791577811464445
148.29033680068335 2.9846918975284105 0.006628870344116607
148.2139501824725 2.9616449755078356 0.03775741163002863
148.27573001156804 3.0119316437580506 0.0037382433517448676
148.09359250621122 2.948349565686337 0.011682347610623336
148.06623210285036 2.9478614445520335 0.0033672838671484173
148.08748392828798 2.958597862203008 0.004428449123415898
148.1194899595153 2.979468993219283 0.0036569780163439466
148.1210746128979 3.001037774373452 0.0033854282166700576
148.04642107586258 2.9653652734136866 0.004622833370404992
148.09617373143803 2.997416450272006 0.0027636749341821043
148.11314911618297 3.0034727452125876 0.003976467109380522
148.2006257191356 3.0390152301502553 0.0029688178300030627
148.21155963555742 3.0418484227766203 0.004602774301162508
148.24564184256337 3.050904327321106 0.0030519488426474723
148.2435436283497 3.0693257710073696 0.006075070114125271
148.2103446639168 3.1104866551307655 0.0108131733309272
148.16672149441106 3.1112560425473883 0.005068152795808764
148.1811469703763 3.1310399151062387 0.008151023394410314
147.8480364533906 2.851113737707369 0.005801918509020241
147.8701732996243 2.8906460395159965 0.0029065029937007793
147.83758346052687 2.9505373587993637 0.004787842986393343
147.92839036929684 2.9390791951260997 0.0036509143503535685
147.90299027003834 2.946772665278129 0.003417133606551549
147.95256708746285 2.9664513203671268 0.006094693985982971
147.98145102304753 2.996420008522241 0.00952226535312959
147.90076195376548 3.035789070349966 0.004352220192975212
147.7501113012574 2.9431062762009907 0.002712233242628092
147.74767132511855 2.9785061214298887 0.0032376286881238003
147.76187827259426 2.992341450245664 0.00568712225914922
147.70724660957015 2.9711521335358095 0.004490059329657246
147.7246117516947 2.969533815420038 0.00833284434891173
147.71455397322106 2.9901611462494166 0.0027194854816514793
147.74672769951383 3.024591119589527 0.0031269523234364696
147.73999405456328 3.0267245130210236 0.014141286777631667
147.86148028450577 3.045716586596097 0.004788943956007016
147.7929419397203 3.0280083204307293 0.004151500070327735
147.8115689343854 3.087337953525237 0.003573762147882915
147.97576189857972 3.022921182791659 0.0034522161873254188
147.95850211683103 3.068515495554135 0.0036141257106651436
147.98681905134453 3.095534369007919 0.012907836468433088
148.0791842387661 3.107466662728476 0.0032745355493007705
148.16290171824966 3.1300231952051245 0.02155586708870191
148.14729252813882 3.14248262086936 0.005401092369076548
148.03569423207665 3.1170587133369305 0.0030010626001903983
148.03299163263378 3.1357683216442527 0.0029112314522424265
148.0414217618461 3.147482630195313 0.002884437576474244
148.07442263436866 3.1633685892748433 0.003364002497978745
148.07928320504897 3.1715017978155315 0.004055083343408685
147.9628554057387 3.17036335430209 0.003477408365974481
147.8890225802641 3.154345614582692 0.02648190904612569
147.8898661933742 3.151342741794796 0.00364163399531985
147.9116915472059 3.165925036533792 0.004482865456122956
147.9058143351124 3.1723688190306247 0.0028537927126098045
147.92274458099658 3.1865912054065135 0.0033317089050099663
147.91036491771564 3.194190102172514 0.0030049806487899163
148.01626336871558 3.1602438676329343 0.00359731297893633
148.03648317455276 3.1676682516229815 0.02373693011219695
148.03387663885647 3.16915122973667 0.0027623361350894763
148.02145312743903 3.1801495510185003 0.005265730699597642
148.0194565281368 3.1871475843944914 0.00454228578037534
148.01768476272005 3.20064195271929 0.0030328243940779295
148.04551129883518 3.2219154245946555 0.0363954305718744
148.05980744606524 3.224610497671892 0.014088220315057794
147.29441243498252 2.7073404453455776 0.0029882542415414974
147.3097238944314 2.7157912346523103 0.01323302017483144
147.27920197500526 2.7170773985816963 0.004177581003288739
147.304631823179 2.731678164765551 0.008267042487063074
147.3029759601935 2.7321000323115663 0.004513438920546167
147.33528171692564 2.767180235579851 0.0036835551342403686
147.22778123366294 2.753168636474977 0.004266905795300735
147.30217637183486 2.7787858648668324 0.004231609511313098
147.3665304751029 2.79694223193208 0.005571368438611969
147.36196989408086 2.820132963933569 0.0028332629639713797
147.3395531543009 2.84220864638636 0.008837306030710089
147.32556442020547 2.8370145047311603 0.005511425479035161
147.35088905965625 2.8649240252072885 0.0032655126811198722
147.39537983789566 2.845429155164315 0.011437887473372986
147.19592927392227 2.805985097791923 0.0030150073112177223
147.2115553951031 2.837477218413215 0.003931036213222184
147.1680116733994 2.8503591128111867 0.005076340962085447
147.30426242496068 2.840684138884114 0.0032233040926666814
147.29997327574952 2.8472742757125564 0.0026481155992747795
147.31380868289546 2.848094578806983 0.0034070409981131204
147.3404468798247 2.920875443408582 0.005971346594160497
147.31372019258345 2.950892569773288 0.005865946323189446
147.3116448542347 2.945087298984347 0.003814945996982782
147.30365510466555 2.957094568562491 0.008814528364160433
147.48029105617724 2.8582508541601044 0.006470005719949338
147.4805134660192 2.8790479474245476 0.002720379632472768
147.50264335240732 2.9001136608864018 0.006245241969606794
147.4640004003356 2.897687972992419 0.004514777111235819
147.47675964233815 2.922699686023326 0.011210958104714177
147.48699225262496 2.9367798307612745 0.007141487652050069
147.4489252176854 2.951421117806269 0.006404875830459104
147.57868616025124 2.9222380292454044 0.007248593322220485
147.5755297946019 2.961719950249325 0.0033657558911269966
147.52500737109324 2.968624847646958 0.006955842657489794
147.59524858969465 3.026712694385824 0.004405948024485883
147.59148765092348 3.034380906621333 0.00305812444732191
147.4546511360059 2.989017024680986 0.003152991969438997
147.40290726645426 2.9820199304883013 0.005235606275834489
147.3099429167376 2.9820559875922914 0.0034998930199194723
147.3326844961032 2.9964502184745627 0.003912705444089603
147.3876935752019 2.99663588693449 0.01647982097858879
147.49226486046982 3.025373229331637 0.0037228625712385096
147.45118693548588 3.021173179655005 0.0060871804966898405
147.45373947948713 3.037206681348603 0.0042843198359511095
147.52749925533195 3.026631207614858 0.005154971453109407
147.53839275878596 3.0542599267392743 0.002757804078998116
147.4720177122185 3.0698559334827173 0.005109184484148767
147.47619271332488 3.091947926804306 0.008139395366786912
147.4655849198155 3.105587170652482 0.003955707398746401
147.12951815554183 2.8632264397772884 0.0036941615150553374
147.1556944615824 2.860987162932681 0.004095673843961989
147.15838398621017 2.9385587200316783 0.005552264470090503
147.13371440353976 2.9448518532338293 0.0032028105073791642
147.12842385366125 2.9702081550224473 0.006237551072596145
147.20421297632927 2.931264244010425 0.006860915564595986
147.26216158102184 2.98218375883359 0.00284150984192307
147.28663828473492 2.97425907424603 0.0033009733993644877
147.24900866836512 3.007364647069999 0.0034942269148544604
147.15150565425634 2.9693580950973613 0.0029812100705887508
147.14582967778054 2.985130289002791 0.006728797825451322
147.13475451453536 3.0130375422950872 0.003477504571754686
147.1734811465182 3.0779899837503373 0.01243169422819469
147.1460752793288 3.096729822682438 0.00424526743838068
147.31966860446525 3.01752503233675 0.005310182713662607
147.31675146228176 3.0334087806507166 0.0027771366482437507
147.368328893043 3.061457017804149 0.0029516236712588306
147.35552041250733 3.087032875545457 0.005256392048033171
147.28823850812114 3.0698206587841037 0.004035166362733162
147.29489959178892 3.0743251434060306 0.01636836683770944
147.28189485417516 3.1152904148610747 0.006285190560987382
147.3798927033357 3.099425945948969 0.005912502190096764
147.42997044202545 3.109226548828238 0.022930580703196687
147.43221348940824 3.12938839331176 0.010004410989821216
147.40101464207115 3.138293343876863 0.003421976948058715
147.43424869877768 3.1630330155335296 0.0027570975010371363
147.32232061525008 3.127503421118326 0.002663249564130553
147.39701157056564 3.1647107597319932 0.004211166857172742
147.4008138430358 3.1925984375375425 0.004152754185437538
147.21931357813455 3.113322113548715 0.006219042355220305
147.23442505938226 3.113452840727412 0.004154749073158955
147.2597845888094 3.1253531448830527 0.005762070327069556
147.22828806177327 3.1308557688444507 0.0027387911107585863
147.18613041541352 3.1197516345365344 0.002859797186870326
147.2724348224524 3.168463182177886 0.004368448142632617
147.35379652187402 3.190408427694923 0.006802317276564492
147.33117791666533 3.193347812123156 0.004214073922155806
147.2395478944935 3.2203110063206353 0.0027542754724161605
147.24608380413795 3.230204790425644 0.0064422392519512236
147.31510492410047 3.2195805020719237 0.0032193357667430183
147.28450677703933 3.254134313786143 0.006084283816783809
147.64360348782336 3.0002590063900296 0.002722562413949847
147.6667297803649 3.053252792488966 0.003817873720408239
147.69323424294114 3.077194314384283 0.003121115781371649
147.65056003643298 3.0809429265513755 0.004308413019607818
147.7333061391603 3.072394214841529 0.022766221562324065
147.79445409958998 3.1073716260310564 0.0027992385768740944
147.80045592557562 3.1374401212770815 0.003534601314376385
147.69867727792126 3.1370629857909087 0.003733702577756589
147.7635014066855 3.1714516730915796 0.004758325197266275
147.57146451513222 3.1088690970050536 0.004907459505085932
147.62591068607702 3.146243669590088 0.004196492000826527
147.57662468343858 3.1519151206529914 0.0038170954025078118
147.56983589209932 3.1672427030069756 0.006393057633415894
147.55834873571152 3.181185517615273 0.009046480775489207
147.57022988669408 3.1984334017157243 0.005741926706811684
147.63174820629345 3.1611756296886817 0.002833054828850359
147.62544697359962 3.178487997175502 0.002784488186045959
147.68707743149915 3.206167512472309 0.0030095788737723264
147.68417262090136 3.2185988831181587 0.003766169089508309
147.7010545639648 3.210750723030346 0.005613546501638843
147.65768061320782 3.2294438877751825 0.004058434625542668
147.64168587744922 3.250332411431827 0.0033849365678282855
147.8200810896038 3.1613312864484593 0.003631543407553842
147.84184933322683 3.168468372498558 0.0030883205381327292
147.81878377585468 3.161835437825784 0.003237301284788025
147.82697586936962 3.1757837853949393 0.005110822165114762
147.83831721316446 3.1962524446950744 0.0034517919741124206
147.88925930614772 3.213183728410568 0.0037617256170160078
147.87994921924917 3.226487426898291 0.00483268551600985
147.7996017238027 3.2064570514728907 0.004556652290062788
147.810232270952 3.244967373754794 0.003005225184102784
147.90651028399748 3.253517470782207 0.003372199926711827
147.90191048289668 3.261593127758116 0.00901965174835202
147.93664344667584 3.2628734823148644 0.0032040218167965987
147.97029438105292 3.2754567538615045 0.009665615606515332
147.88120244461246 3.2958806341222218 0.0069970033141400585
147.91332207136105 3.29661942982257 0.00506181635394717
147.74850456102612 3.2336978804147565 0.005877734631555355
147.71905703093918 3.250282051141653 0.002870275107682338
147.7948758566299 3.284074223010065 0.0033488374645412084
147.76924718360073 3.274111668311728 0.002929724241774631
147.76582325699405 3.289792289018022 0.003211831511021722
147.79038112959833 3.2918534560649992 0.004249211171654876
147.69970386762674 3.254942377730909 0.007442162088474165
147.6977100094701 3.266033639952012 0.005547400094971105
147.70873073530657 3.282009985495266 0.007303232969095216
147.83607864919978 3.308566978730356 0.004145124360413392
147.83784110310066 3.3573202462560845 0.0052352527623154765
147.87014560742296 3.368413429473754 0.04964075516394337
147.88222566280965 3.381706524201472 0.0028873615552507414
147.78672200971872 3.339864741778817 0.0028598754168655915
147.8552881013352 3.3991874881303006 0.0068005361665369555
147.8558857078933 3.410273221024162 0.006056865707502118
147.47838713591233 3.13864483021142 0.004000913339792936
147.51883842543597 3.188649020147735 0.007327647337999535
147.5410399156339 3.208664097138117 0.006374496758527369
147.46182580155562 3.195160565341503 0.004011299640621167
147.42291520066638 3.2049370510717172 0.004012500731770256
147.49858225560385 3.228792326188183 0.005589103854995759
147.50346536742725 3.254603872153818 0.005403766810899728
147.57138611954423 3.2125394565379883 0.005580588369111056
147.5312618115992 3.24347757876821 0.004315311290968246
147.58247782178552 3.2797485860408737 0.004989999930979789
147.57674629586043 3.278397974494725 0.006243314744879711
147.55578734194464 3.2821083830156708 0.0026547757664016694
147.50456436352147 3.26754517362596 0.006917981393634296
147.49663782880663 3.2797441812796686 0.0050749434189100275
147.5260825166286 3.3197489751891163 0.017637314926863996
147.5708946372487 3.2969981027982143 0.002970574643332879
147.56363562260694 3.3437399397858365 0.004318897475315784
147.43649597184583 3.2478319728126537 0.003818146690067684
147.45460921398575 3.2712803326833364 0.00520958225553612
147.45589204699087 3.2708639135249813 0.011058059556092811
147.44558523243845 3.2775826223990405 0.002814301645535396
147.42808361823882 3.2784112134217898 0.0029004387228006847
147.34745200024616 3.2913712314493964 0.0029621756979729213
147.3961038465611 3.319163511727118 0.006950432974162061
147.47210080719702 3.377115355024668 0.005797828164322543
147.68646162908007 3.3277285895501425 0.0046678168200796405
147.66028618023725 3.341502382392599 0.04096826496049642
147.63834465505923 3.359661255911208 0.0057987698157685305
147.63684717769246 3.3601653077783173 0.006676848078182706
147.73656168408522 3.383581460425604 0.005876493763879593
147.76832389437092 3.380847325677848 0.0045350397142492945
147.78545081591474 3.427131257098082 0.0027213555673821347
147.81232929401548 3.4275409862362447 0.019386935910709058
147.82022010757595 3.443727494987093 0.0032712097698270374
147.76286390358464 3.4293808401587547 0.002764294881660073
147.76816525376574 3.438726561668147 0.0075863045722433554
147.71564369017733 3.412110876169229 0.002727981618220882
147.7133640926186 3.4798901884728872 0.002882206641658477
147.55358685072582 3.3776417105403156 0.004402244551480598
147.5851072639622 3.3834121618429824 0.00296468621905592
147.5847473391317 3.384038255977794 0.0036245572147673116
147.60137135881425 3.3930852761144195 0.0027932775096452278
147.5528622573461 3.392908713253431 0.003093510821781692
147.6293530519833 3.424726764280858 0.004565611039123202
147.60008561668602 3.4365701095682204 0.0054608190330024545
147.59742582208926 3.4422164477913353 0.010647457852574371
147.5652547825947 3.4338052584642593 0.010687707870265564
147.5332155437104 3.437846766758065 0.0028796293052376623
147.52740759866748 3.4367960037813523 0.00317900546579907
147.63999012691585 3.4641252643936906 0.0036432320985026237
147.65080245162892 3.469898471154157 0.011684217954980886
147.65442997676973 3.498268702674715 0.0028018011526386444
147.69157291223905 3.5244791446584447 0.016310026986264065
147.62371984451104 3.4958560119572177 0.0040536877694004984
147.62157339336645 3.497944053441941 0.0027958374287014127
147.64916863665306 3.5134397085735776 0.006630263669962443
147.67166108193317 3.553355113533124 0.005364373576407612
147.14502095806432 3.15367813332928 0.00381332538590463
147.157593182084 3.2553509670536096 0.004154984419741044
147.21827367228667 3.2671245533106608 0.00483611383115341
147.2574520285064 3.2794062724428894 0.003413457261640789
147.29168181836872 3.288185649420398 0.0036413101324474567
147.28961153331107 3.289164616418127 0.003444064645496319
147.229832714832 3.330567845173973 0.0035324703041011225
147.21338157458587 3.3550147544983444 0.006452097174158781
147.13362625815773 3.3617408039527272 0.004258178272505808
147.1476860097362 3.3718946479909615 0.005248170848906196
147.29547253380792 3.335462512004137 0.006713234760085998
147.33474704878762 3.346463178017531 0.007779389289375864
147.2778303632594 3.3815882504367014 0.01329863356891946
147.37710291030393 3.4182735366303403 0.0030065895912915804
147.43560752106157 3.4261783708815376 0.00944199105403844
147.35714918392557 3.4151256934200536 0.003998123081048401
147.35526058325698 3.412186605837321 0.004363307189099966
147.37815446424992 3.4395497115877065 0.003039627042462891
147.3437637132239 3.4579276922654123 0.005881255468903599
147.38279123568108 3.4486583571294127 0.010209953863611175
147.3552257559907 3.468726141060675 0.008086215190734054
147.21604728317615 3.36557089959789 0.004188002378112407
147.22891320785058 3.370281915573142 0.012163645643824711
147.25945383767015 3.442257299624048 0.003230763848757775
147.17829192699352 3.4229948091209565 0.005328929314863672
147.2014162250261 3.4248062412786 0.005273155939449937
147.21012503375596 3.4360921987933413 0.003346022558627636
147.2762312174335 3.522546032629092 0.0032126546264027393
147.5148098829048 3.4736264160157853 0.0028671664069491952
147.5275356063882 3.4806161285066963 0.0033265100480745977
147.53681261053595 3.4855806711607364 0.00479207442741957
147.51806975901286 3.5084094815114057 0.006346659437071832
147.46928427768856 3.5019896209971115 0.0030277817338319308
147.4413892759557 3.5250248217859 0.003844965387446603
147.42128770705594 3.5315973137191103 0.006924188934887514
147.47989138783336 3.557513026482045 0.0027151811793748237
147.62087080781143 3.557836694034853 0.0030298658113645047
147.5262936759668 3.5779331661370426 0.006436951317991319
147.52107319648428 3.591424356203156 0.002765918821550369
147.5684312164669 3.615882838765347 0.0026964975474288535
147.40785942653923 3.5257742343762737 0.005087834602230613
147.40865389103814 3.5370907394938373 0.005896400707301488
147.4347324968896 3.557323356836533 0.0029284767447717353
147.31900982460087 3.5890461688828106 0.0028184716100964086
147.34794316252504 3.6026244578952396 0.005527595309287733
147.34825386594682 3.60304819138442 0.006085237944069269
147.39358346323127 3.599023251128879 0.005122247033661117
147.36812261537514 3.629372852246314 0.0034157584361411164
147.40671408481296 3.636577195264739 0.005434649493700624
147.44883581708774 3.623823655049388 0.006768956288945123
147.47921501441894 3.6404767013087858 0.014119420408298599
147.44303128093455 3.631730557746668 0.004273332144235793
147.49037540905343 3.7232632503607954 0.003554957349132042
147.12805192923048 3.471173874925203 0.0030507899680021883
147.16910255678312 3.512746797311401 0.002997455778153223
147.1938312094712 3.5425836109480966 0.0028059627711642015
147.19102861718903 3.559168705333485 0.005501647293059281
147.26509781125893 3.55855196639001 0.00371424822613788
147.25041482972696 3.617358052764384 0.003273510020070185
147.1443117604457 3.687958331544804 0.005375616021202653
147.1322767933429 3.7229015174339377 0.003576748631139229
147.29242401800192 3.604084908511444 0.004004677517360588
147.35316729130795 3.637912993212995 0.004647042021004594
147.34483154888886 3.68246304323113 0.005941910344823086
147.28753749105022 3.643614249796823 0.003596815404962929
147.28213370024554 3.6421943438179425 0.003260639419264223
147.25338378492046 3.673808851832584 0.005382426705866128
147.40763574172064 3.681598594824685 0.0032874414721229834
147.39047591323572 3.685185884190531 0.004006698972115622
147.37677241473034 3.7139462273154527 0.0030653029249542705
147.4571363144709 3.72108863963312 0.004217769137209214
147.45294692939848 3.735012652139616 0.0028583243536124112
147.31962089132327 3.733384360703888 0.0027191531857488765
147.25416328882898 3.692201369980188 0.0027020794192653074
147.19602118417407 3.694783891613793 0.003851493414496672
147.20911749673093 3.752258347349426 0.0033514251902573796
147.19482008308398 3.758544285888296 0.0027898523841302356
147.3193811341722 3.814170735044636 0.002824929277161536
147.2972213783238 3.8082115095781086 0.004068909820049088
147.27254544921811 3.811844770467456 0.0027523437885509376
147.1266330293778 3.7375297857526055 0.0033409862218110966
147.1420689077359 3.755316116475353 0.007658290382017014
147.12815973131998 3.844554541850425 0.0031571739053185793
147.21627203064014 3.820222816770033 0.003390975989019109
147.23295558594722 3.843675884047658 0.0029663341363335726
147.24325653762952 3.8610965526510954 0.0032024306568563836
147.24625601897523 3.928531631073251 0.004110027233944384
147.14492837398785 3.90049519295936 0.0028184641144212005
147.19209190175232 3.967553543902503 0.002996343260828881
147.12503612991856 3.964416851010395 0.007362893600246445
149.05401788201877 2.435453869672384 0.012633819697823378
149.06604156497986 2.451621756855006 0.005628517680083747
149.10282363958234 2.467243433268962 0.0065377381864337135
149.066275056351 2.5004480307297237 0.004085134967414985
149.07570937711142 2.51757606952164 0.002925932309321938
149.1278966585885 2.5143141253245176 0.00377346172851926
149.16565884218673 2.5315437774149756 0.004670752765517386
149.18817575493526 2.5342035449126543 0.0026535492014250527
149.1505577056718 2.5373144700810495 0.003106839975930373
149.20820852308438 2.5596653195452377 0.0028713427012302425
149.11244910157558 2.5193269096292052 0.003226974470680553
149.10200444118135 2.530234962946673 0.0034425323859629884
149.0013224959418 2.4980970803861458 0.0041004725565506415
148.99869435824726 2.5495722131358725 0.0033390323723538023
149.02357811618123 2.5700005479381676 0.004425034230713807
148.9471021674902 2.5142033440465545 0.004465773935440378
148.92198673882393 2.5475579027655098 0.004082612816554758
148.97939872365512 2.583348888901598 0.002920375656497086
148.96489385178538 2.5989981223932053 0.0071989280766170255
148.96104738187051 2.5922431974256286 0.0032580424579188344
149.03022475752306 2.58188870668732 0.0036026703857001516
149.03203121893665 2.576207372889294 0.0046229856952402495
149.1121760280705 2.59490179512524 0.0028413395701811207
149.08923331727453 2.628141647902551 0.0029840994980970927
149.0528366269346 2.6462388459957946 0.019962318459268866
149.2507913729982 2.59629761644144 0.0034416174465784215
149.2995749998047 2.6047550005792193 0.005912492387996517
149.27648931576854 2.6407561443471357 0.005894379172380318
149.21849321441198 2.6069315389725896 0.006001041631146327
149.23528981040823 2.652368777075528 0.0037590366030947208
149.40001994082473 2.6783089695405287 0.004244227251933989
149.38741898638986 2.683486992442543 0.0053637251394536975
149.36076333101988 2.682096303468876 0.007954220017661318
149.33308860466306 2.6875021609883563 0.004711873524035651
149.28671876691712 2.660654033477384 0.01227226090297184
149.305964304862 2.6809083774480564 0.0028800637743658496
149.2675725115822 2.690135146433615 0.004098999210013304
149.33810429767573 2.7011538089581464 0.006020735793933949
149.35658537958116 2.7293647048698886 0.003903786785400113
149.34885763895895 2.7361888532815484 0.006057462365963326
149.3448718213123 2.7297728687267546 0.002986273460353883
149.3118465702694 2.73351341882794 0.0034036019171977076
149.32682824025187 2.743287149299233 0.004463957792474741
149.08811923856751 2.6688390747768107 0.00346527778646076
149.17960514533854 2.733325485489711 0.002969795908721665
149.12535475394148 2.7275171059036376 0.004170819060807967
149.14928855778632 2.729590944109928 0.009797424368546376
149.23971091250573 2.6890700874455256 0.003390211046416106
149.1988607700221 2.752587377823329 0.0029268046719920257
149.2154947044187 2.757412797909515 0.008179588856894123
149.18947653483795 2.7797205551005764 0.002856602846496441
149.24914809998404 2.7911028551801085 0.005674435705984993
149.22438873649452 2.820966791686254 0.0040948927787406095
149.23738142654477 2.8191290192462075 0.004000127963961797
148.9140234689951 2.606686603986844 0.004215851012870381
148.8542455404467 2.6068054357986137 0.017416030420599766
148.94774187244485 2.6595014839212103 0.0036866820091936096
149.0030418269076 2.668022349015884 0.007197301643315111
149.00797547145152 2.7239804731415496 0.0065209755915394164
148.8141203268763 2.6503289506704193 0.004794616544160956
148.83460540639845 2.660394642342418 0.0026979474704143117
148.8601933206472 2.6685464355723045 0.0035733031286545817
148.87213248121577 2.6860483554280705 0.0030623308510060536
148.809933831382 2.690711248904944 0.0031702196578877483
148.84791270649328 2.703555815912096 0.021710272400531763
148.74975773657084 2.667310580408079 0.007561040940305969
148.74432272762274 2.7141020128807742 0.003234487406985953
148.7732593487832 2.726447743896657 0.002855222778004543
148.87857102599196 2.694350586184457 0.0028817747357249737
148.86297196801632 2.718274066395486 0.011906764381371478
148.90279801276645 2.74961130377168 0.004680472356841008
148.91924540707043 2.762282881141275 0.004024302093776247
148.93650007809913 2.774409935457985 0.006070225497715438
148.86332224032458 2.7680309358019346 0.005522124827318782
148.89036518885462 2.799183291903215 0.01817803078663007
148.88254314132342 2.795848777320321 0.0030443123507785477
149.05278914591813 2.736270944962086 0.0039865981383445555
149.11028359641486 2.77972361193458 0.003004370020160821
149.007271856878 2.762170849699685 0.008064233877494036
149.0201560163061 2.7654371860915776 0.002863236585013465
149.02723987909985 2.775080679398682 0.00496639404635765
149.1414746643044 2.7747986070627957 0.004445321485623418
149.1162575251441 2.800080024118096 0.002884359670819754
149.21799303699603 2.8301358636108724 0.003147713195158413
148.9981812434527 2.798712480568857 0.03693856459866344
149.00160032634076 2.799806868764653 0.0026462357028493584
148.9986764107012 2.8305660492468134 0.0026828231464022393
149.0001628754189 2.8367224057869014 0.005766015753684707
148.9342958614771 2.8261878358712784 0.006028586193695784
148.92644523365 2.8386281445462997 0.0028687902394875626
148.91603330584883 2.8358934343372693 0.004632692769077357
148.94488461695985 2.882306938158211 0.003599054097664124
149.08708052855687 2.8752892156408243 0.0029612850193972114
149.10077573349392 2.888481493125587 0.006870988625859381
149.0045393369011 2.9219014656685913 0.0052836173743174755
149.0388675287035 2.9308012477967367 0.025143765672409328
149.06881854645255 2.9458180189294136 0.005752904830557027
149.07603347357778 2.9663988770628396 0.0028755034276218157
149.38117154909807 2.723476148255606 0.00808599679048442
149.39645156098717 2.7459695323469187 0.018785716526569195
149.4281832898337 2.7503806431181044 0.009165966267309639
149.43902951761874 2.7687159938535437 0.010691274730269444
149.43236715117803 2.7664824972360305 0.002666256698924616
149.46217276483512 2.7649900585354033 0.0032502103176092188
149.3816092532842 2.7829718203223717 0.0057485917147534465
149.41116883972683 2.831209854925093 0.0031136066748538517
149.52838613495106 2.8101543962823654 0.003934531209904923
149.53549630824836 2.868910413240166 0.00868230792978043
149.33949151311734 2.801814687952744 0.002723855876324585
149.35314759254445 2.8212510215765 0.0036204858929844955
149.36320815597355 2.8474362325122646 0.00356085918400182
149.39233126987386 2.929008714116406 0.0055932493986815945
149.43187906215644 2.9313884671872796 0.006040649812517978
149.42405683406363 2.931289487441144 0.004480783904391235
149.58985538753538 2.855239260255637 0.013140723270445217
149.61516670934498 2.905670680746952 0.014412872826839255
149.5620226193883 2.921196794791735 0.0027835820970671518
149.52439147105318 2.896433202836456 0.0034670977376923865
149.60821771059906 2.9571187682687534 0.008663404844140117
149.71771173027918 2.9454544609793167 0.01010386057350777
149.73067269516477 3.007181722256135 0.0060573565029152735
149.6740217857427 2.9881418713778927 0.01022161030484109
149.64361456362826 2.9861856730502243 0.0026560851859909187
149.6216145020775 2.986807260264021 0.004313074547773456
149.52061798134477 3.0309149150049346 0.004409215999189319
149.55276230004162 3.0257689061785027 0.003472500241524554
149.5706891272259 3.0409706545395685 0.004910400661760428
149.62790288367427 3.0315800830251223 0.004651218101604721
149.5614174566289 3.0372775977222215 0.00941709669123648
149.52812977267683 3.0400018828881255 0.004849262507374829
149.55495481556918 3.103951572793363 0.0031477940825103633
149.56241940283385 3.1077218149457053 0.004304478120097074
149.26077662943393 2.857854007700511 0.010415588648656191
149.20832610928105 2.8803268001096938 0.0035604651531523004
149.30987405912762 2.8998056479369936 0.008585660861773271
149.31060815836082 2.9218681523810575 0.0029225639612795447
149.2964016291076 2.927318324184239 0.00407746023776427
149.19625435344443 2.8989224843840176 0.026604546975268036
149.2122477887345 2.8986842444512 0.003572509888909395
149.2322435869661 2.9135149355548142 0.004576148556572452
149.22998911103232 2.908894018526396 0.0030230074301443024
149.15849439265313 2.9174331795204895 0.003211136481745
149.2428587094337 2.9561168042421637 0.0029320856308297427
149.22465455872438 2.9652016893622615 0.002880545765635355
149.31896551480358 2.9690136115702987 0.004514155441685575
149.3741770860792 2.9598030070981514 0.0036526344815308825
149.35771265007347 2.9682705221908736 0.005015035996576638
149.26385493537293 2.973179753104668 0.00389246588209423
149.25851370654223 2.984198203508188 0.004012424093965491
149.25900823284175 2.9851934876153448 0.005746831050481459
149.2526130503875 2.9872446315398977 0.006165320806552408
149.15652137976355 2.9376325813790576 0.011309810406051227
149.12284387547396 2.9547010155204316 0.007553951456433317
149.1703728423424 2.978149238895076 0.007192047708269345
149.13930941313615 2.9934956447532883 0.0026942389765177914
149.07032082241915 2.9877220132005577 0.0036363947293213987
149.10555689904373 3.0090968751993152 0.0029183120582456654
149.128956784328 3.0381407543014887 0.002793637293262211
149.1643110245198 3.047758583810069 0.0038176121098332915
149.14860986724034 3.0483499688283495 0.0036987785007558515
149.31237811608102 3.0538594079503727 0.007511040774759791
149.2530915902993 3.0545216518272253 0.005270919331341754
149.28835575564108 3.0695749779253783 0.0033650319696569655
149.21246020818296 3.0679206755221915 0.00369447055536571
149.18669195105625 3.0713117018985354 0.0028565887376412052
149.26383376991308 3.086278735747188 0.013222027150421272
149.20864903509872 3.090385894871228 0.0034676379689297055
149.41435101293766 3.0313696663154936 0.0043959021791273555
149.46283382813644 3.0458280937357616 0.005533528544961936
149.3633683517244 3.059685198158531 0.0033660308314541255
149.34282876036286 3.056884065201528 0.014830862197103088
149.4210628490072 3.0680909093110067 0.008536001143912179
149.49748914661075 3.1166735714895863 0.005214796430911507
149.56407310235204 3.1288374593220034 0.006057246875938043
149.39659899507072 3.123631099287354 0.0077309774163573635
149.39269530706397 3.117068927599532 0.0026563861034536677
149.3986240454268 3.1433312454934947 0.003102383411899593
149.30454547382303 3.135206542648363 0.0027820623223916677
149.2978679644738 3.146192908374004 0.0033059231571567426
149.3164831623857 3.1610238600279272 0.0033650774135817437
149.4728434326186 3.195532274682543 0.004555168112398944
148.71621905289498 2.7487369994040325 0.003917803407403426
148.7340053771146 2.757310976369095 0.002741907027230235
148.6668741052558 2.750267282816695 0.004047794301061194
148.68552906831832 2.766487991858185 0.0030286475367015675
148.66862030682586 2.784859101775812 0.005326065457362287
148.6851492248802 2.794280969502357 0.003102130006523093
148.85977017099805 2.8262917633318487 0.0033339220360956356
148.83353742368217 2.844003876707362 0.006012889594269258
148.85960828220917 2.8590018691854584 0.0037484206748583755
148.74072462857333 2.840449051003013 0.011237355225396616
148.74133486899288 2.8427532906152866 0.0035750360838511267
148.81830376196928 2.884872134267906 0.004503760676055193
148.7907358771811 2.889412274051662 0.0030298419517468794
148.60932950369104 2.8180417546964844 0.0033540646128304864
148.66201623881497 2.8364365311425335 0.003134883923019423
148.6490279431314 2.8432501875143887 0.002737953226332372
148.65496506403517 2.8593200941500694 0.014329140123113522
148.57973319752412 2.830430227280374 0.013677017405725776
148.5752897011944 2.8695822650401905 0.0045813940727643795
148.62462273997048 2.908100415138724 0.014603218205664698
148.74091986484774 2.8754335719562634 0.0045156767891712385
148.70506193291013 2.899986237193795 0.0030579341190194783
148.76659516542588 2.8970953268085347 0.004398618025376575
148.77515368251497 2.907557483257045 0.010749209433994485
148.6768336440852 2.9557710143716713 0.007130738490453973
148.6922554556771 2.9616731405791743 0.009093040273798796
148.92674257071542 2.871548700885305 0.0032523478566906542
148.8499268817712 2.872215135094277 0.007190159833276959
148.9333820209311 2.9014279781085057 0.011887421570526689
148.9020475748049 2.9131642476457578 0.005048111393166208
148.87124109738215 2.916971291609675 0.005075416352687425
148.83233741745596 2.9377223976406883 0.0029751025460510224
148.90739762261563 2.953107976157259 0.00344834750112091
148.98190870697812 2.9196803731282506 0.0031719682357198736
148.99986433967837 2.961914052930145 0.0032625614823205053
148.94340358826315 2.9421492694077886 0.0031070416112950546
148.98855850756848 2.9690017281379264 0.0034383700451262812
149.0265966145516 2.9647782283413893 0.005601415252313712
148.93340869065008 2.988176573421578 0.007752719205581259
148.98448084677975 2.9947255756455076 0.0030701187896864336
148.95569575170063 3.0212659155244563 0.004272154198031188
148.80715710958253 2.933941434514651 0.00312789488312671
148.77612558074333 2.961356435857384 0.002779595658120499
148.8739459308977 2.9813194121336073 0.0046000900100831976
148.86037248449 2.982239155750355 0.01059779354063672
148.74109745884115 2.983374307839726 0.0030555448277534356
148.82797402985764 3.0162878553039465 0.0048807701915667395
148.88143856919535 2.9962893921509632 0.01469134456457949
148.86994554062767 3.016439938579713 0.021707955574252338
148.9258885152595 3.0426228739958785 0.003048240644884319
148.90970273966323 3.0580920459248415 0.0035135494047096897
148.8560508320434 3.041304764646174 0.00703860225994597
148.88034856399508 3.115212173798839 0.002672997758787331
148.55070174311695 2.864490755171219 0.003907319363680689
148.54996265110006 2.890533162007306 0.003565222753980916
148.54909792004037 2.891682645195357 0.007404213951839436
148.5626991035896 2.887755969251455 0.006390472269287043
148.58469928067228 2.8991752025584003 0.0027448836139382436
148.56633721868496 2.92885345589378 0.012117561836229538
148.49169702698163 2.944472061358717 0.004395971717397106
148.624368113372 2.934925960996132 0.0027710117964433764
148.66432758159226 2.949000932819944 0.005009480490939252
148.65863203883848 2.9522056985798835 0.0027698063374404767
148.6015026452117 2.957051123859393 0.0027398865448193597
148.68034880861637 2.977915204585512 0.003296280601198023
148.59999736866817 3.0038366436045285 0.00940221341222149
148.43511629822854 2.9288702929164514 0.007038259247559029
148.44817292276335 2.961747003581534 0.006757267467825333
148.44264967117223 2.986989118959006 0.0031919921499099706
148.4792419978885 3.0252402457885905 0.0030725507829732356
148.52918129346267 2.992408465845182 0.00838294312435032
148.51679833067985 3.02389052620513 0.005551862154519748
148.60360392005637 3.0511413705203068 0.003496435085802906
148.60459206753674 3.049157633385508 0.005053403590824739
148.52880849915917 3.063779876069275 0.004348603335293166
148.52419765097736 3.116225173425523 0.003999174086189409
148.6797615663343 3.015312383795184 0.007813894524362272
148.72379719916404 3.069771093406123 0.006101549509785529
148.66133574765217 3.0311832727210444 0.002938108703047347
148.7376158596354 3.0914862888481975 0.008254637376727887
148.74355568492317 3.0972358279236625 0.002783289649927978
148.68605716307565 3.088729847408835 0.002845749214307444
148.70942011728437 3.106782709414124 0.007714661403221713
148.81052606317635 3.1025559017699966 0.004987904785633919
148.7677870346303 3.0958251339425686 0.005837777449869152
148.85568299185672 3.118091669287285 0.0035085117443254873
148.7406525434174 3.1163148789886645 0.003485347014559023
148.830362197375 3.1640016661796055 0.003569405755727033
148.82381957634567 3.161842120017309 0.005388784603130399
148.67993015508046 3.159312085732003 0.0031018736220657715
148.574894158672 3.127614505541478 0.002827013449294673
148.5474824913675 3.1341747080897115 0.004741876290664919
148.64248362838964 3.1656511976220396 0.005912137889625981
148.60965340462607 3.1799031057638585 0.003724064503039371
148.72944267448466 3.1520250466453086 0.0031531414933496774
148.73863097783644 3.219449466492224 0.006349461286925887
148.71769737384216 3.2396037391900347 0.00970882581700133
149.09354480113296 3.016427823318578 0.0028092114806453215
149.04831066315722 3.016263455559713 0.004751139637030551
149.0521451825722 3.0493832200065483 0.005129290834986992
149.11133672703417 3.0486384460625056 0.003351449498711838
149.01509262259012 3.059838299231498 0.003143035487667023
149.13041846229925 3.1256180563344267 0.003831550241201843
148.94986562832227 3.100812487178509 0.004325798339749151
148.98338910924537 3.1103369554003155 0.005265958044374222
149.02494794936442 3.1096277679349966 0.005954402449144228
148.9029476218313 3.140578976992948 0.0037637359700259717
148.92754279382106 3.1661317714660773 0.00438905865357233
148.9865534408185 3.1552843210890447 0.0039477102077435135
148.98511596309257 3.156670934505792 0.0037144696536644405
149.05068754877033 3.157433957693896 0.004380778294113942
149.08795727416526 3.1844585710793334 0.005274950573310568
149.1097247073447 3.2329755379266465 0.0031508221119596206
149.0177369512344 3.2282474500130043 0.002648879788684407
149.047902939685 3.2594628516155235 0.004293540606379076
149.23408641500947 3.1462966617685404 0.004330190616976088
149.21019446796444 3.1604863218910304 0.004608517803846181
149.2443125468863 3.1925651747150123 0.005417818098150314
149.29595026235054 3.1891238166200697 0.00441400549638972
149.22159971193685 3.250809384053943 0.0039329168499412865
149.27919811563308 3.2127835237140707 0.0027528234210870317
149.2910699550616 3.2374706354184304 0.00291476431989892
149.20760291625817 3.220076382629286 0.0026736291316696234
149.19594723375482 3.2127030999416664 0.003728453573218033
149.17533126298878 3.226255887920928 0.003831902406293685
149.25115879975374 3.2213436736531373 0.0032888223460562586
149.35881365051006 3.2503026988732326 0.00522732297983985
149.3184321623427 3.247467783381483 0.002949839247634936
149.3290301743127 3.266192946448157 0.00607890126628417
149.37357997536495 3.2773965061417147 0.00500592426232494
149.36267021608788 3.275417335141253 0.003038270624061666
149.40484439054023 3.2918014521706493 0.003731976235809524
149.3742987542191 3.293488004440751 0.0026865805088440798
149.30874860786008 3.293424863933816 0.0045131594208375255
149.28963914336694 3.320853298094327 0.0069189520303649865
149.1296419766579 3.2406967826400495 0.0057742643141135575
149.19180277277908 3.2688746703584663 0.00533774287633144
149.1541624552273 3.284009598062763 0.004898773835720163
149.21295870291706 3.3021100285612333 0.0036433137648913673
149.09018725753305 3.288668928875788 0.006048330851569952
149.2496919326285 3.3086060146046017 0.005883970133429049
149.25033106469598 3.3243183262217784 0.007953997215541223
149.22373926286886 3.3124702030059665 0.003675993117701157
149.2833071764691 3.3301556649095096 0.03850430808564752
149.2792414009533 3.327285656898826 0.0034149294006154286
149.296889104664 3.356068047377932 0.003173096752653933
149.2934625653884 3.350525741588918 0.005412932415276818
149.17572803896996 3.3388480620693857 0.004320253489133763
149.1965574660002 3.344291657835989 0.009403591389025598
148.86717580605958 3.165336769301031 0.0035417128292089886
148.89020743670858 3.178351478125216 0.004191999185727145
148.95256718899566 3.2016209417650803 0.008217089732911066
148.83000728099267 3.2162636596628116 0.004754251800274556
148.83230950428148 3.2198124375239616 0.0053977273614889965
148.90394275970948 3.2323892854329435 0.0036838706669618942
148.95574574913547 3.258564632235482 0.005796472430847159
148.95806723498097 3.254768850293107 0.005196196123971256
148.92257837734024 3.257028785907542 0.003101245232287786
148.98465323398548 3.31934624499583 0.002925626826567919
148.94543372744204 3.3271068565125104 0.0033821557999299387
148.97548005119805 3.336159475025263 0.004143370356788303
148.78484868022616 3.2583284073643566 0.01157108835004533
148.8200090129979 3.271423971076531 0.0050516311154525685
148.83952483567603 3.2877705985638643 0.003441697922005205
148.76308051105647 3.274763281247006 0.006134142272850408
148.74157450586125 3.296452068589933 0.005092121524339047
148.81305948230784 3.3286617729582764 0.009454598257047453
148.79365096990662 3.344925553981473 0.004894475564134523
148.91135057255408 3.313685804069216 0.0026903422972778227
148.87326162232583 3.3192814651404983 0.002896780942220916
148.941822730993 3.3422498273925494 0.0040015722680008985
148.9454873139488 3.3574606141280223 0.003598650992883435
148.9094123298625 3.3638791994868935 0.005040936707687416
148.94332525495406 3.3701935983538234 0.0035603584132250237
148.93575259427843 3.373733331123079 0.003437029301489079
148.90375008302928 3.38566772016008 0.004081028893940808
149.0655093001523 3.2963590948696004 0.004766281292634045
149.13768317411996 3.362193014988485 0.004768186014906761
149.1012149635802 3.3662954070139772 0.0032216557321031536
149.0105141668163 3.389352752227541 0.006511347066142591
149.0663791235273 3.367496676726313 0.0030438350216246126
149.0883739811259 3.408672928240765 0.0027803089621040544
149.08107835457832 3.405077355836218 0.003850611819943928
149.04510454141288 3.403906590365717 0.005244135982817385
149.14117927535642 3.4146875298293486 0.003319146293334033
149.21335970030208 3.4479139609356277 0.0035477854200744864
149.1821706214465 3.4549879709945324 0.004424548852525469
149.10316321468713 3.417191603408672 0.0028584993948964675
149.15183112842746 3.4582783901222336 0.00518355277578275
149.1787661337966 3.470740069019325 0.0037970664683926714
149.15877984732234 3.467708843285151 0.0031545761070074486
149.01036607722722 3.3924578371339305 0.014460482513311482
148.98792938607653 3.3929983399707613 0.0032687982336969262
149.01701164624902 3.4075935632220617 0.003725295000880861
149.00375120416632 3.425827475966717 0.003443877536285275
148.9993336325021 3.4176514143037338 0.0036939545669225408
148.91909943489068 3.4453775362421037 0.0026608794202487196
148.9970514939104 3.472666815567187 0.00427119180532187
148.9729967490574 3.471053370951929 0.002990817441269097
148.96637754079475 3.472635148646473 0.003794375912123639
149.03918417117868 3.4656564749492644 0.01994262163569591
149.0387421141503 3.464812354364271 0.019895519772396432
149.0307969076352 3.463580041567635 0.002869317615689512
149.11166074269565 3.476407428174648 0.00346948648126742
149.1140988559404 3.499426711919772 0.005485036723512313
149.03983926529514 3.5110356130515203 0.00299805713173325
149.0612883088596 3.512039934008294 0.005426560504397964
149.06792109200035 3.5347735932632163 0.0030368549186013494
149.09545859280033 3.5520042034786337 0.004215292779806167
149.787410000574 3.010875818198679 0.006178132164367149
149.80557371217412 3.0198545452613126 0.0031453439226234287
149.7620249431137 3.043552583584063 0.004361960712286479
149.72254978598733 3.046054983478931 0.0031323850650194197
149.73898709451782 3.0824328918683004 0.0036807135045889
149.71970973309328 3.0881687590464337 0.0029931985048656357
149.76073333671334 3.123279905078878 0.006818895338448716
149.91789729880324 3.128066389353457 0.0028752278379024897
149.91511729494312 3.127354472911684 0.0039106026894507795
149.93407504780316 3.139259001665166 0.006983032199386415
149.86560065901287 3.1541408785966007 0.003959026188927723
149.86359042116925 3.162474124091464 0.0032344650640156623
149.8325485586603 3.158251968505943 0.008311230262839062
149.68313851087578 3.096187424604905 0.005667134168504827
149.6382546660705 3.0940341896858787 0.003543428138637727
149.7501521385115 3.1369783247026493 0.0036894869590540095
149.69669090336038 3.127621916728151 0.004566516430726435
149.66680288131957 3.1782142960208275 0.009761083426021248
149.66353454536892 3.1948306575454435 0.004718359197488289
149.74641545949396 3.1562502670988564 0.006052490265471075
149.81375420001203 3.1813524042017383 0.002768008692470325
149.72206302765028 3.177316681627442 0.004267576250954089
149.68688034970387 3.207430589778586 0.002990112197665613
149.98306559482302 3.1730746764588416 0.010708438569198545
149.9341765429723 3.180577054016322 0.003220486475124151
149.97306146424404 3.2081095583670303 0.0035362514994553983
149.97583703942 3.2517679988784702 0.003946550456506981
149.9217509783733 3.2402700642589113 0.006449071391405765
149.92208096905824 3.238845990561669 0.0028299230048596984
150.02371258269918 3.2582577074554067 0.002646464938317792
150.0297774252597 3.2626471913988917 0.004147345053839588
150.08055794507126 3.288220969331535 0.0027763564575896908
149.99475084619974 3.2712964863931853 0.0039719848617242514
149.98170946553148 3.316831939355172 0.0026656104028646216
149.99822597612206 3.315680054909507 0.00560516374952533
149.93667812269422 3.285487276060791 0.002998515372069879
149.89049528602462 3.281050460748687 0.0031127134668483825
149.83123219439412 3.2731517488651622 0.0035286256327824073
149.86691393459782 3.3297147713419015 0.004074297145063217
149.8446443082343 3.336242380627741 0.005535811003947398
149.96443539224344 3.3517151623232055 0.0034326203640787085
149.89126511854838 3.3355181930332742 0.013731307238683895
149.89096529099004 3.335420471360843 0.014636903501541176
149.92268131862687 3.3553524475084755 0.003111801061536895
149.9250428433711 3.358359423445385 0.00837717406689192
149.9103309515507 3.363378381071247 0.0034999045037304413
149.91835204400002 3.3741165914990967 0.002826351419233349
149.87126508933702 3.3713009433598735 0.0027295491545314713
149.9292211947916 3.3849116572826614 0.06747314220808869
149.96365879010392 3.3884986113930857 0.004107133925965349
149.92154792424105 3.3851344817253373 0.0028306828560250804
149.52787527915163 3.2017406272501323 0.00588204590616717
149.5373608689915 3.2152493621583615 0.004492436577451629
149.5489033315329 3.2344391148474103 0.005326876028220033
149.5834623598988 3.2152396863531627 0.007793842130439383
149.68990802641275 3.2233243524723947 0.005606539414320167
149.71227465461303 3.247352274598237 0.004116466823819888
149.68878066609028 3.240904033236605 0.009789688759089674
149.70204391826695 3.260050139812726 0.0026444189740309426
149.66003683202257 3.25485955416404 0.0040604055209567174
149.71073904075877 3.2602756580553973 0.007112957104058953
149.6166227794495 3.2885345097352303 0.0028124769681073017
149.66794422284462 3.2969133863538755 0.003220545873379549
149.5049998817653 3.2304189403442045 0.002658267151079914
149.50973601372587 3.2610045357519564 0.0029563554870583727
149.58082619040354 3.288556207849774 0.007992153557265187
149.51003218874342 3.2901489813875204 0.0030763838629641067
149.59726977712475 3.2910439356306393 0.012175378877469018
149.59561991339325 3.3333770300637977 0.0036005279336399952
149.6423001793419 3.3320769144144453 0.011780447132441911
149.6210991894266 3.375960923381009 0.004076931031137965
149.62928679886113 3.385928744382718 0.003769670227774171
149.57749751087354 3.385148508948659 0.00791933253719786
149.7890857354162 3.3256387884329004 0.010236623836096562
149.84614125150705 3.361801325286046 0.003220806838244686
149.72680304537317 3.3866256570602085 0.005243995974257411
149.77960666706838 3.378740769799466 0.004012331659356425
149.83906076282685 3.3745509916556644 0.004150471820869468
149.87548428509726 3.3863073169795097 0.0036499031835297807
149.87795289687506 3.398128443562542 0.004347048039334789
149.82916256605927 3.3893306743012106 0.004152514805917643
149.9323081349437 3.4394422206627557 0.0033087676396261452
149.8220829180773 3.4658356607164436 0.0029627532937998254
149.83701456193697 3.489189141758877 0.006768552543121947
149.7096503269163 3.4613501528819426 0.005438017609766857
149.78343020097847 3.463189943310383 0.003387576641660173
149.7428137394215 3.457789482820876 0.024342247209282238
149.71937822363296 3.496565468814614 0.007104323999146174
149.7624020325025 3.5525717440682207 0.011336522507708861
150.12195072495646 3.2895838487159117 0.004178033660948488
150.1377758495423 3.30474879885561 0.0030035774465901562
150.13667904217272 3.3415802351380415 0.0033269100166935196
150.1666110333526 3.3450935559718227 0.003470675176821701
150.173747917037 3.354738371025255 0.002716068473999867
150.08599991969123 3.36314957439949 0.003528227004099923
150.1232880586974 3.3703998320025756 0.009399497671227278
150.244025050495 3.4077293855104505 0.004405708505888135
150.21819219729397 3.430561748648406 0.0041439257920570976
150.2383125881736 3.4749216109509375 0.0050136321268523226
150.18306714476284 3.4865920992997927 0.0028102341343924655
150.02483199610492 3.371987727592595 0.00446119420733418
150.06704065020503 3.393884027333732 0.0034396749581170217
150.0400744770482 3.4006102159011267 0.003987549016518316
150.04023041083963 3.401241698963448 0.008011578817569438
149.9996800120803 3.388659914965606 0.003014928794703932
150.01163647872238 3.41516512452285 0.003358067368859639
150.10020878220826 3.444094059305182 0.0043772532073752
150.0351912389407 3.4629890496036415 0.0035940405653890196
150.10525775079034 3.4592623196401555 0.0028558849619394976
150.12853661227655 3.50868984464067 0.003943720197117099
150.0663343286541 3.494383368319986 0.002938824925371228
150.06423457456228 3.4892127844708343 0.004367619432718373
150.08693887971077 3.5104238591867567 0.004714542114713351
150.12724772295226 3.5307068950136236 0.002959541468628737
150.24373138896374 3.4824904449729823 0.00454958553678596
150.277252515088 3.4974163170376684 0.0028303228959515717
150.2698282778333 3.5120801565917934 0.007220629138735261
150.3937960611943 3.544464469654492 0.005441665781916769
150.39768168553994 3.5611273721386745 0.0028427072335850184
150.33555641026734 3.5545662457529508 0.010566082068878376
150.4052129537941 3.610813239843772 0.004887250161283596
150.2167317116589 3.5358087045638995 0.004271111554249938
150.24069290233786 3.541642134753276 0.003925375428549649
150.24169979552673 3.5615704549137797 0.0029774073396249393
150.24985203717807 3.5784648262076315 0.004946646032287023
150.27587044735216 3.5954279642437172 0.0028020373800791295
150.23507373294055 3.5899943356369977 0.004958807788082159
150.12781198157933 3.581982787919184 0.0036879779824749276
150.1859586069768 3.604955769435978 0.004391961249095164
150.31356738707353 3.6100306252079664 0.004167059336637758
150.30112250747325 3.646513131726312 0.0028295632391413163
150.29557173414568 3.6504525086378177 0.002913763103602251
150.3415674058382 3.6283218833164423 0.0029917140058641958
150.3631303898035 3.649597659346578 0.003566085935723573
149.91390932077314 3.467127782998286 0.004048542331533596
149.9666936410225 3.509108814117625 0.003235619056828307
149.9722514793757 3.5195278454944634 0.005869628159769021
149.8993356793235 3.4822712340837403 0.0073111734062979135
149.86105200855962 3.510683769825327 0.00548616594061681
149.87575774357063 3.523465455903992 0.0035900698593304987
149.92813298946513 3.5395792467389366 0.009261567784150021
150.03880305523057 3.529351055181519 0.004266515125493937
150.0022887856601 3.5532705873039983 0.0029998905133631517
150.07780106657282 3.6066380506509153 0.005478442649166574
149.98454676184053 3.5601192810366644 0.0031303252878519734
149.97986562015666 3.5713621582720405 0.0033538457882206145
149.9946319431517 3.5787891431131755 0.005085132102837971
150.03370510789802 3.6242097294193782 0.0028654943047113903
149.9080210913085 3.5580859576419277 0.003527178914546727
149.80427916906837 3.569766683322399 0.005137786102003666
149.84899718149322 3.6437063648344 0.005080616620545196
149.94665639363222 3.6301543342106983 0.005052228560566397
149.9837038496234 3.6632942837035136 0.0055425671650511125
149.9193583670676 3.6916534323276062 0.004105029473311234
149.92011587277267 3.7108095553725096 0.002958371906224618
150.09907028840905 3.598838966081599 0.00275597890864394
150.11952910342995 3.6527742292666256 0.00354922538965159
150.1667652336201 3.656964757160469 0.0074015318039348885
150.08231381037172 3.6289518808554466 0.002921142441144173
150.0736048757888 3.652394648338287 0.004188642496540851
150.09783163629794 3.702895668729501 0.005545989520510076
150.10805334209908 3.7219437774515423 0.003753272308509578
150.22260795784635 3.6850012354362778 0.0036011530103421266
150.19572176702678 3.688520347789672 0.0027480525898355996
150.18598431135703 3.699549503184005 0.005110551211727427
150.23295029876783 3.7224875876889874 0.002985542787049281
150.26040750731897 3.745880652050726 0.003856904047888183
150.1309386889363 3.737013826436656 0.00546586498307801
150.2150006448702 3.774573863904554 0.006789039017301402
150.02033392238863 3.6730607277663 0.00334981821386227
150.01452177233037 3.6874396697294616 0.005646001700522907
150.01376181042096 3.7041425881779335 0.007526154849451047
150.03257034465256 3.7245618156549742 0.004619419194819052
150.0421350722707 3.756297678105385 0.004449821905348082
150.0413952521536 3.761133605406123 0.0034167902931069444
149.99069858361156 3.768500981829579 0.0029577132344765227
150.14518296679802 3.7589325310250112 0.0029807810365242698
150.10211803732312 3.81156084516338 0.0026984744762930976
150.0824820849661 3.8091620351690407 0.0046913940706258435
150.08150405461524 3.825990041070289 0.004308756480577702
150.10287964328953 3.8394818058026456 0.006703170013612266
150.1270856158661 3.8618515964291498 0.0028570131190672507
150.1018685224182 3.867058696713325 0.005269655502066335
149.45379643377208 3.329063839760913 0.0038964604249775805
149.45091951346888 3.345564124496135 0.00330143221385417
149.49112039154338 3.3596853729916454 0.0036722462804736284
149.48262653173842 3.3749973877902986 0.0041774103134376425
149.468201803057 3.3972839305874594 0.003234322296079574
149.56747061940064 3.4475829057170997 0.003100414894705554
149.4750518196631 3.4422457966626063 0.004171499199850644
149.5045131400853 3.452537792387292 0.003267588166605403
149.50107059515386 3.4597071480945276 0.003956868474229367
149.48239405864987 3.4721548489352014 0.0044074909032217465
149.3122371511315 3.3721043195744604 0.00344448790904754
149.34141263053277 3.4104819245171822 0.006265291756189647
149.36986868161492 3.4400711120040546 0.01889583398300709
149.278086542981 3.4448905756348784 0.0028648186126743825
149.34024320563944 3.4726711369037147 0.0027969878486995147
149.323262558348 3.4714916443399377 0.0036038727221657323
149.4096336321171 3.451389140399278 0.007195561751706894
149.42131759155072 3.478468232930044 0.00352221331590147
149.44830756360997 3.5148057946543947 0.0031112814497563047
149.3724603047972 3.4776434597789736 0.004147554052427492
149.38800404935523 3.4879044821052085 0.002657686679003915
149.33881764602822 3.5088302455118883 0.005360877762017357
149.382821439361 3.549541366255381 0.004023437918960099
149.4185333924144 3.5510073170005536 0.0028537466824216165
149.5523207150241 3.4819002695043197 0.0027808584913070066
149.56312327879124 3.4858739456223344 0.00273302182360978
149.5178455641613 3.5094778751027316 0.004703393012348315
149.61759099691085 3.5338121872502093 0.004145329238202397
149.6059104673503 3.5487650620595006 0.004620358077044351
149.59500981180332 3.560385478875882 0.004475802603958341
149.66413675653388 3.5212382990177034 0.0028958956238019683
149.71796705675226 3.5715518769824786 0.0036608249663287597
149.75589914416503 3.5822375246069056 0.0044677381811165495
149.71335183615923 3.5783107841301605 0.0027426747900347326
149.64706888592607 3.59118127121526 0.004558772078146295
149.62333323507352 3.6023344353152305 0.004389923271979526
149.66986788424438 3.622259792140391 0.008340052406268395
149.6866394561951 3.6500223082369434 0.003780610355817521
149.68466385644788 3.6473223368759022 0.008996273903075638
149.54402131242773 3.5600737290059414 0.002868417012439073
149.56681902688496 3.59086741271471 0.003038300741459904
149.48452708054612 3.598080136781461 0.004940489147220373
149.46820527149384 3.6073512255108273 0.008846471335029407
149.50167848970648 3.5928448139533393 0.003735876273398243
149.49049990539092 3.613576453523709 0.01214822241620054
149.60199908126472 3.625846057067223 0.0035248444346671287
149.645925006635 3.6474773793288393 0.0026507484712806
149.6523275517245 3.654646179379064 0.005357776149504203
149.63682959128192 3.6557692439536704 0.006144785462187565
149.5565575108652 3.664894932870834 0.00339873422316265
149.6181595269289 3.7042633787593817 0.0027889896308845455
149.57526716448203 3.713454637405476 0.003414832567104838
149.23968804681576 3.5039081973427466 0.007608877455035959
149.2572406753024 3.517775275425007 0.00927218695281892
149.2878313583181 3.520298796857425 0.003090450341762824
149.20953008485642 3.514878197013801 0.0043403949510343156
149.18856128568785 3.5048168732299603 0.0028540737395613323
149.26544605424837 3.5338128644813405 0.006543970902824212
149.34629663428208 3.5266485706768314 0.0038834463489602926
149.32029178985687 3.5461452658720316 0.004168614737887652
149.3727017966216 3.5651160045923316 0.00276465637501827
149.30089472241636 3.6261606790487337 0.003301927015944199
149.16981369058928 3.5435979236807404 0.005988311447968592
149.1895702978169 3.606251649754002 0.0028176454535951035
149.1121370985249 3.61229853875038 0.0033138863457419956
149.10978840864195 3.6092151461127338 0.0026906897518214888
149.15118565746536 3.6182645374857274 0.007669157724861289
149.1663897395911 3.6278883099444794 0.0027570148454362287
149.24019001679275 3.613102810585583 0.004309901945192465
149.25916581557465 3.627258785128323 0.006503639118494774
149.2272322727988 3.660561689187009 0.00976791787611885
149.20341174744908 3.6666168843393 0.002967168635416593
149.227805417993 3.6762008332675102 0.004003354737006336
149.3620206943386 3.6364408187046178 0.0077267132392628175
149.35574697468226 3.667891455453458 0.004371315517725684
149.37344267788637 3.6892909693102554 0.008851059079650397
149.3620574595396 3.6866347119934826 0.004638673708183436
149.47659935695657 3.6959515797423 0.0063034894400469344
149.49904655383332 3.7241807184000977 0.004507309024167699
149.54835224810438 3.7121261007979647 0.004364711517608224
149.54747439003162 3.720638815501717 0.007016879679482722
149.55199512736365 3.7478081418394456 0.004634493683874594
149.51659526989957 3.794660110847864 0.004399682981771845
149.32475614149195 3.677437212176631 0.002864453421359557
149.35353848075457 3.688197452135413 0.0068325786507427
149.3177730951862 3.722646636311266 0.003374408836039928
149.3793571112019 3.741308436343242 0.0033286495948476997
149.3852122550622 3.755272561708827 0.009862203271811426
149.2985049497358 3.7133178034929104 0.005121341126200587
149.31348445149385 3.728431334471676 0.007037389758102094
149.28128833258805 3.762970903996355 0.011484760411335618
149.2828216680867 3.7650000560757646 0.003096670269930975
149.350291984234 3.7592031309444898 0.0033992593407916683
149.35152115674032 3.7684175160895386 0.0031812901046965655
149.3153044938948 3.772436373913322 0.0029793978814382773
149.32177899662625 3.799521964771401 0.0036365911677476432
149.41261537726078 3.758861773585848 0.012055908817456417
149.422201781837 3.788709247450018 0.009410302939854473
149.45577819995378 3.805419088627489 0.0039043346463328494
149.46238413121563 3.8251844143720137 0.013379619093719021
149.4157372161182 3.87032702936369 0.0032052272741636954
149.7707846465904 3.593949472146512 0.006175523868567155
149.76290242812357 3.637202871396877 0.006528796538903433
149.82075223923985 3.6808842312263312 0.004273588377989162
149.81011037314505 3.691916814075561 0.007841239782075685
149.71410419237418 3.66413331246141 0.006990456211463888
149.8928594530441 3.706766635916106 0.0052326581071697135
149.88738529358454 3.708843387234355 0.00296618168936646
149.819515294081 3.747225182313493 0.005088389228706137
149.86884611271665 3.778781337490713 0.00771618887427858
149.6810935394578 3.7076974660131534 0.0039800981740442075
149.66169717865753 3.735766426901321 0.004912244890831531
149.6389404600455 3.742717864459205 0.01053400049953806
149.69479444235594 3.778668100993784 0.004787792549956316
149.66110897214932 3.758277429878923 0.0027545939837435086
149.7505350291639 3.7889530891727863 0.025447490688051844
149.81898085420278 3.804647761970817 0.006252746684656865
149.73535231935213 3.8122879386060182 0.0026668241211262127
149.73892152087865 3.8216371523032215 0.00523439068723851
149.74522877753856 3.8570973884442017 0.004921319030510841
149.94648481584207 3.747976496332735 0.0036786106565330915
149.9270540514174 3.7501675356954034 0.0042983163878611555
149.95432190250156 3.761897428208066 0.006062668255333941
150.0230199176373 3.802933246165453 0.004094890091522356
150.0058655683561 3.821717256288891 0.006509451486030592
150.0075488623931 3.8110259490986342 0.007103306012631128
149.98276405979155 3.840707344063711 0.00491573779513246
149.91788121861458 3.816208683535976 0.005227724166978707
150.02922363063783 3.820268137343319 0.006527528018035905
150.06901909508088 3.9091884920690503 0.00912418315668483
149.984094546749 3.889821583226501 0.004360509827478499
149.99867655493264 3.8992203150976374 0.0027347157043369668
149.88355710616833 3.844371446557659 0.0028204478537228305
149.87076688465444 3.850948110964083 0.0035746839437304527
149.87670744726842 3.850010086977896 0.0051303875690877935
149.8272813708007 3.838993045336042 0.00677091855130854
149.84327706620036 3.8518826348768576 0.010401925994411162
149.84418587773098 3.853843554510159 0.004442890141088969
149.85798164119842 3.861430244647921 0.003355769709499487
149.85153700221355 3.8710097457962025 0.005143555136352077
149.9021780763445 3.8633870520259994 0.003738101845094262
149.90127235241144 3.871275688078413 0.027298947361890598
149.82860694603426 3.873273818928297 0.0054911503446781135
149.8004743621319 3.903169531472463 0.005404982717336439
149.80625968318145 3.9129684135072047 0.005220787716283164
149.97698072165994 3.924688868776373 0.007022755113046396
149.98125167183912 3.9235916617037216 0.004894346581296709
149.96041029345585 3.967413076670113 0.00322962330000766
149.87540253259058 3.953622461681416 0.0027922223537862664
149.95257349348856 3.982558042259285 0.006462602281838485
149.55033049312055 3.7878990404588384 0.0038984785554302946
149.54481275546323 3.7997323477327463 0.0030516120744304635
149.5816779355118 3.819137576447868 0.003878212926856151
149.6734219851287 3.843323668465198 0.0037181812340118608
149.7007690156438 3.897464732590966 0.013575299962284185
149.59483426910745 3.8819025772439666 0.005244972127270365
149.63544184502052 3.9004704888846735 0.0029429302537320925
149.6239824929483 3.8930946680262912 0.0032569383999142463
149.71232225255974 3.924559915709034 0.005676927653293519
149.69065156103153 3.944654974057366 0.01665715951096242
149.51340540067935 3.8475644332213745 0.011422906306442552
149.49325179254802 3.8546351517694 0.0026803490231867757
149.49057747966742 3.859031118803713 0.006013115344329035
149.47811496913857 3.872197783070217 0.004267473663971273
149.4898987010561 3.905054451474725 0.0027546366069302044
149.52312906052953 3.9236598936952727 0.004768198531158794
149.50326529024852 3.93229711080387 0.007724321109136858
149.65506988506772 3.9595897347021944 0.002751645832487917
149.61504372099756 3.9511516940789138 0.003924034929967778
149.6008865216546 3.9634443912492783 0.004543634093193379
149.60568113972064 3.979407647530535 0.003363448440510998
149.77700841578505 3.892564189780306 0.0027158806735100706
149.7781803239383 3.9145986305356137 0.004072032444224018
149.73668306982455 3.9240234720958 0.003997086847812424
149.77773991648672 3.9335839618436728 0.003554392956456426
149.82071866509176 3.9621417630752 0.006571522127987296
149.79607573885178 3.953611793116794 0.0036079276050867
149.7858201334135 3.971047103209922 0.0056468516005903305
149.73793479584305 3.938664944963424 0.009047738491776225
149.68571055117278 3.984777953228168 0.0034831251541166557
149.65983887436758 3.9873897159599183 0.0044323673758104995
148.3617975063622 3.0216629181037646 0.005576448549917571
148.34806045378616 3.015829645440468 0.004091279498368163
148.36403541958234 3.0474094311945397 0.003096549840715296
148.4043812386524 3.0729149396861333 0.01957219344888234
148.3924239341255 3.0698028740039693 0.0043935166807644995
148.43098500546338 3.1103628191473582 0.005651432887878754
148.48915752878244 3.1241915846465425 0.007993970377744387
148.51726174981172 3.130210635681206 0.0040481982203489615
148.49376650485712 3.1614480338635103 0.002776841137831072
148.43689996653535 3.1261980748253064 0.007196746820766795
148.3764315346907 3.1461488538230324 0.009906090119694538
148.40573991951413 3.143921022913373 0.0031459107294238586
148.39472790789267 3.1646932135051964 0.0027171808154889524
148.26056738205668 3.0774198347519968 0.005907792928202227
148.2999395764786 3.098185330292766 0.0026818317596723493
148.25468474712164 3.090307877504505 0.009179695588217802
148.31030872312 3.156165427198751 0.010004437250904358
148.21286317290506 3.1136464021319203 0.012511054605709414
148.25610678527883 3.1435025953756632 0.0035619536969041794
148.28855748478983 3.1625099286109553 0.013464422925109435
148.3683989565549 3.157277309279645 0.012383440438000725
148.3847277740788 3.1584731044260095 0.004731974761619334
148.37046593103426 3.182383406430044 0.002757477101088114
148.43853695523694 3.2037174467368548 0.005129774148678869
148.40270786319144 3.209789871614829 0.004475625603344879
148.32550669916117 3.208479876813078 0.0069189247875949935
148.29813252289347 3.197323423409293 0.002768470974635603
148.30214186732948 3.222052227111625 0.012876721850398027
148.3913551829003 3.2421197735571923 0.005822042543168857
148.55070484674587 3.17286371146402 0.0037385290927242198
148.566679581907 3.222305710865712 0.003748667574391097
148.46698566896995 3.202408594915703 0.005799587426217596
148.55225575041075 3.260949892005156 0.0033832912037187936
148.5937017285925 3.267889312012723 0.005808249512136371
148.56178536767 3.2777952325756226 0.0027248519749927974
148.54865170440925 3.2952069599427167 0.005381152123823894
148.56699141999988 3.297127611716816 0.0030752501235333245
148.56560387257005 3.3090998720623004 0.0031425530991589525
148.61590203287415 3.316874933298634 0.002897519614854283
148.59710720124414 3.329091111685288 0.0436474937657323
148.4511373944666 3.229676953587974 0.01778808535090078
148.44277616279916 3.2284818204246837 0.00272221808331156
148.45543662555946 3.266568707488722 0.002999551615863849
148.4715868217457 3.296770243111982 0.0056478059891749985
148.4954070351269 3.3155390145908896 0.0032890986131589384
148.39577038238727 3.2576014080485125 0.002666087168016474
148.48401128143257 3.3186187715043443 0.00378035012350643
148.4396036568289 3.334947799712876 0.0041419567014124295
148.5527865653741 3.3045648211194982 0.003743445628467849
148.53180703107355 3.3097175755849486 0.004028072415929029
148.5734229467971 3.3415710358744275 0.0030262552064091613
148.60322408573657 3.3487184342159093 0.005748879618482216
148.4743638491683 3.3407453048248197 0.004041313062628977
148.49074479901407 3.3441854227240744 0.004166705151944273
148.51378341763302 3.3868133184824343 0.008018577658341538
148.1857705474149 3.1637530633037714 0.003668059819447666
148.19844949616044 3.1951816850708643 0.0028934004829469034
148.63924816533537 3.55300550369624 0.0054763118933546006
148.15613697561466 3.2121846836410937 0.0032524796249312066
148.15724134060957 3.2583424859352235 0.014226606836841625
148.2499331364428 3.2286819983173367 0.004386890655401583
148.32495959475142 3.283635525975077 0.004461163390602782
148.3005751301872 3.2722751228711826 0.0034277065518666717
148.23974157643315 3.2902098967615094 0.0034916313131523515
148.27295164784127 3.310792390688194 0.004127241479438566
148.2286423902296 3.322552925674159 0.007880075247364603
148.10429245719635 3.219598129378542 0.007313755616278763
148.13157920387428 3.242072040667624 0.0029633906728021996
148.1409651937525 3.279174293729562 0.005841949650211132
148.1425407147359 3.2755468449438254 0.00998830659252728
148.1397698959214 3.268719115497997 0.0033575154485632522
148.14360535361232 3.2839105977241183 0.006599535124192874
148.13377926250544 3.3037113978262616 0.0029413680766861437
148.085444835924 3.299352569003914 0.0062599367423229295
148.07758024305906 3.3298547488365697 0.0029012327389803154
148.08145344202188 3.34526141480944 0.0033716367168054517
148.21138684505524 3.3336107759716267 0.010027491663950493
148.25153831481316 3.373884430581736 0.0030351368992256626
148.1382086416222 3.351196752747373 0.0045265674341173345
148.18176690123073 3.386958365349979 0.0035777420026887733
148.2032771660379 3.3989206139398607 0.004299542533738867
148.37420036059592 3.324117115029238 0.0061679390661836375
148.3862055092204 3.3586394924479803 0.002946205660736005
148.39083528482175 3.377214847348596 0.004495417786970288
148.2997842058504 3.340928476429374 0.00324687290949712
148.3454714538718 3.376602248684739 0.004600224902437676
148.4586404920617 3.4332603023238204 0.014161558627056524
148.47409989905773 3.4555946634515817 0.004883163037540854
148.43224106179278 3.423762233482418 0.004490402382276923
148.43193374143323 3.4226919270314444 0.0033738653001705817
148.37726662719223 3.443354953068011 0.0030231238506261094
148.40241578967238 3.4357113019107293 0.002735621098769088
148.3456787525258 3.428537532406449 0.006347966038422753
148.276547526367 3.4349853059835382 0.003206478591358922
148.24377908836954 3.4188676432114415 0.004729922442882104
148.2981796704508 3.460221254187913 0.004305616796316201
148.2859566161672 3.4694912025977453 0.0059485646319703085
148.29423248998572 3.4885849062055767 0.0034918234289378074
148.35866861795523 3.4720609058825507 0.005650572930414163
148.40518456554736 3.4970930811161267 0.00677751893550393
148.41413084866394 3.508538512128807 0.003028251525110858
148.3946260997172 3.508328944904245 0.014849006577255904
148.38061331011363 3.5243643743321647 0.010303098448169122
148.31803391623538 3.494296864828719 0.004351381636480485
148.3080769900319 3.523133010484898 0.004657710855555473
148.3661592688963 3.526997788601295 0.005123990131125093
148.70809565036413 3.319077475641792 0.006027805835681588
148.68528950864828 3.3302793461819458 0.003776305443513295
148.72909714485868 3.365074929984309 0.003314345924788575
148.74460018961972 3.381745633812707 0.0030708934960730913
148.71229029625962 3.377636033286744 0.007627692813999954
148.79867958499264 3.3939455221212436 0.0038720338436231834
148.80251159550954 3.387744460236948 0.007576824791347399
148.84581564233386 3.4333045437120666 0.01128922086118546
148.82973565496056 3.442701314317347 0.002731370406223153
148.7776120297626 3.424115950121159 0.003916351869544202
148.661972129106 3.4274557655758207 0.00269595668100022
148.65121468842426 3.4457962806159697 0.0054680420993939195
148.60064306583058 3.4470923761294796 0.007199591981814945
148.56986157397495 3.440384364312359 0.004780228640563376
148.63096551713818 3.4521171944378652 0.004477892049231547
148.71008438311262 3.4486203334441363 0.0028169894118479596
148.70790667628327 3.4403961556417237 0.0027169158952163952
148.7179243699993 3.4570271921400297 0.0037299681603866672
148.74816960075694 3.4670268367548185 0.006201785404575126
148.7225892010701 3.4970156314694663 0.007871651793578424
148.73166428682734 3.4888837305029132 0.00476808078087658
148.7616396373053 3.479509459410324 0.0026911186724075243
148.74881855419233 3.5174961640764604 0.0029528295246388533
148.92152427213597 3.4639431314521176 0.003095290534424328
148.86927195258025 3.4892797720868653 0.00685980830422592
148.90169624583183 3.548036710669759 0.003431750966103989
148.97197683837027 3.5461104166951185 0.003415398392009389
149.01570106837306 3.5602931247515706 0.0034363625676779763
148.95899962892048 3.579538329468743 0.0031028086222633943
148.79679631851752 3.5760407956043956 0.010846555420311916
148.82744318040025 3.5821906701752084 0.003020336003412463
148.8422164147969 3.591711983021082 0.00700370168675207
148.84850867597524 3.609575233900899 0.0037691710748022286
148.7710246053645 3.603537271568317 0.0032899144862840904
148.79097244267112 3.6021526003879702 0.004212747015715391
148.7889008847666 3.622718186371315 0.004836089945428438
148.79954483107514 3.643932162242565 0.0037795794552270474
148.89863662660764 3.610308991961251 0.008743741902025757
148.9261698256327 3.620335476902728 0.0045502105140251105
148.86097273280689 3.632559620977141 0.003446547748700434
148.94097189359232 3.652988532663933 0.006604952285791468
148.90769970989584 3.6524883349303146 0.0028396647776189397
148.8218755664831 3.6708804150458305 0.0034837803852277413
148.90860185204127 3.699254314801173 0.0027205390848624254
148.8966756450074 3.721369704841449 0.003483755116961918
148.59434583421412 3.520915257141997 0.004358960209610682
148.55691443461785 3.5034631195979538 0.003330066525678353
148.64655380953903 3.534877219791237 0.003223880717021212
148.63224771094934 3.550852686379763 0.0033491761480496022
148.63972377498015 3.552913180793929 0.008020521819101779
148.59537112031467 3.5902574066073876 0.012536734385732273
148.56851964615208 3.599961800023986 0.004496097593919881
148.6035775664931 3.6059080840859665 0.005764471742594811
148.48877205675484 3.556907909197719 0.003212975320159581
148.50252269109978 3.565722008370012 0.002847086156232913
148.47511780403977 3.5923791553718605 0.008051016554070265
148.38420736932312 3.5636369800100782 0.004428292960937836
148.4452711724855 3.647873311345273 0.010549556310547105
148.5472962134999 3.5956181578338327 0.0033036057216679253
148.5792147912392 3.64985850281898 0.007254681819358889
148.55692476344433 3.6705864804868824 0.0032439502086985036
148.72477344435882 3.618864732378544 0.0031954847156825793
148.76107111472342 3.6282731686965386 0.0028003157279299622
148.73615491806476 3.675629037358963 0.009788083140510282
148.6710946453402 3.646082089842365 0.004899817896489034
148.6857923265204 3.6731547193733274 0.004747918490331507
148.78227359558915 3.676524663501852 0.005683137381675776
148.82333628157653 3.692716051298096 0.0033623030891775704
148.78049568168458 3.686621463887202 0.003640489850650172
148.81254124429623 3.7176350891802783 0.005838425523662659
148.82919291431796 3.744424934051529 0.004273869869066366
148.7624993167836 3.7110834891233737 0.0029535639232044124
148.75869490263722 3.7409972914230103 0.0033200319997063214
148.75365317086934 3.7653652752413898 0.0028609994190383586
148.81619848042882 3.758895242795347 0.005822071298570128
148.6346321130978 3.6946604879781137 0.006634298524209121
148.668199785026 3.703289570764304 0.0026792059536961594
148.65595658228025 3.706127468926789 0.008252280464515016
148.61839472814057 3.7870686915206258 0.00362615859482471
148.71110517611706 3.743865701572962 0.0070729545866729535
148.72321020026922 3.74942637611454 0.004530111376360042
148.73347098337172 3.7792433476610072 0.0034096601560146367
148.76008372843023 3.775622342915132 0.003175330095524576
148.6867319269219 3.852849104006002 0.003444135066853245
148.01843380689212 3.2941208961411377 0.006365357126181048
147.9499195177506 3.357775778593223 0.005472274566739355
147.94793772593968 3.357110058577011 0.005699730082353657
147.96863153959723 3.39176758985835 0.008495723697661245
148.02399928995587 3.3807541156188767 0.00586102716957419
148.0935147964689 3.3749476271762195 0.003014739176383369
148.12568067248114 3.4102014406370733 0.006680592161101324
148.07704284381265 3.4215165932898546 0.0028904836665184373
148.06289537645816 3.443379001604043 0.002798397760748277
147.93276780590514 3.392033321287655 0.004315933899231747
147.93203437985682 3.391848329024497 0.004720885363066449
147.90650205556364 3.416891883235099 0.003117111982463256
147.9779779879944 3.4223252896532874 0.0030343091702771424
148.0022334622411 3.436205145753099 0.0027805076521067377
147.94224466652486 3.4340632521649535 0.0063250573784605505
147.96552715425872 3.461511944885793 0.002665644651979501
147.90980739548718 3.440342760481823 0.004376042232122682
147.89052073919092 3.47475869409156 0.005161303820734839
148.05377713308877 3.487671316025739 0.003493636446575949
148.0531462280979 3.4911359536074564 0.00872840751635073
148.07483511230538 3.516626018073582 0.003877164384027604
147.99655921989182 3.508137027190383 0.0026585447171600636
147.9916139455272 3.5144556397953366 0.007037292533641195
148.00968432032238 3.5322547910865367 0.0032969723094677717
147.97684830328205 3.551493970262323 0.018479561625446613
148.22228277442812 3.4787888641362588 0.0030257399511394445
148.14016724310787 3.479420936177104 0.006664365532961046
148.12390593039504 3.491919441537476 0.0103518962239587
148.15583682214796 3.5154480575114526 0.0039052864054119865
148.11607338160874 3.4947153870184553 0.010867393795280445
148.15765624964152 3.5276828312035917 0.019011217681557783
148.15673421010032 3.526599610827872 0.005754106484620157
148.17656218285202 3.5206412803676415 0.0035396054051232404
148.15894625367 3.548907702229515 0.02426093619256822
148.29890130869924 3.576506713749846 0.0030924279126683454
148.29032883520696 3.5893471314541388 0.0027565336257500965
148.20635628208973 3.5691301758288003 0.004373013314242552
148.2216387973921 3.602527834839749 0.0026611950356506247
148.28287212916482 3.610977906351429 0.004039206342354319
148.10919657724943 3.566108601704064 0.004176304244886004
148.16005698634984 3.5657276565339666 0.0027219580306558056
148.14252147481864 3.579923138735663 0.005014705689869104
148.1404620418652 3.5658789492549956 0.005440289421357208
148.12261267159664 3.5966326744624095 0.0029252904585428965
148.0977993613863 3.608193230068307 0.003865156601844635
148.13203305240387 3.6260022846656943 0.004883586051320448
148.22291966196036 3.6512576511328665 0.003914116966264379
148.11363176131212 3.646066928450104 0.002884116503149215
148.14339398896408 3.682998048810014 0.004420273529510071
148.16690537945334 3.6750569106269295 0.004404962642568433
148.20489486965016 3.68128044908336 0.006142011137342854
148.167541830114 3.701400209912616 0.0026449572659395433
147.82005887370013 3.4527395774321734 0.003059578388628183
147.8252052651162 3.4643557382909504 0.012387205703875838
147.88858156057825 3.5238796163902544 0.003236545297453148
147.91403581841683 3.5416012049566756 0.005793128403002681
147.95782802724904 3.574650926090394 0.00413353371816755
147.97019731751666 3.5854190100125893 0.006166117050483735
147.86178901814498 3.596695936217472 0.009386611203438732
147.91818278438265 3.6011064275932676 0.003303366343297424
147.91262353244556 3.6033706086109127 0.0032526992505290423
147.89727226222163 3.614371557107397 0.003998632804758312
147.7412374278823 3.518177518304715 0.0034588097506626507
147.8025679624064 3.5615546420045225 0.007724071932603979
147.6816895668268 3.5839056482265588 0.003043914185797956
147.6922795904705 3.6026944255105513 0.008474343028819026
147.83387698477927 3.5909595923876516 0.004505051495715454
147.8328050646825 3.6004746626928092 0.003645837138764389
147.8572265768119 3.648845000334552 0.004079276510471085
147.78874246264448 3.643680162972401 0.00862089081300604
147.8000950410786 3.66902162389372 0.013994480606284106
147.77618928111008 3.6817107737343022 0.00684565123857655
147.841063525212 3.698151171651527 0.0037287605883763856
148.07943586292888 3.67069126848638 0.002912775712087387
147.94044186214418 3.651816593922897 0.0027620649996848157
147.95066717133506 3.680787291843848 0.013020411488824792
147.99299429174565 3.688237531121715 0.010292813996311283
147.9972695454646 3.716224001150029 0.002806891753678078
148.1038407451124 3.703012432711914 0.003012160364879142
148.1325618296603 3.726532092940312 0.0034881632291607362
148.1183517990225 3.7162620624969263 0.003895673755710004
148.14977126315162 3.754095066320569 0.003642548135727008
148.14050017131223 3.7688552223518386 0.003063131839825218
148.0505259640888 3.7511267643436104 0.019827350987296148
148.1178683921296 3.784112421905427 0.006423360099056143
148.07301968246088 3.7740263876923943 0.004442664725835487
147.8935975682297 3.7073179345830223 0.0043548731033046136
147.92162141343897 3.724861007988969 0.0033040322643443825
148.00308922055896 3.730707244232449 0.0065378264769715205
147.86277934896282 3.7096385445783047 0.003412382567214564
147.86957893175654 3.729074907569296 0.007286449253724069
147.86769371801049 3.7269934158892024 0.009010212105057957
147.94528996045864 3.76804289212999 0.003320940882594946
148.03806574406678 3.766906025151203 0.004430405521138067
147.97255132076975 3.7647662458333566 0.002744611537299103
148.02804537950735 3.7894374586649673 0.002912308545930032
148.02351294068788 3.7849246517264863 0.002679881185040097
148.03811620147454 3.826374105557538 0.0030948348210988806
147.93137175649358 3.815793266854243 0.0040104077846166075
147.94437941957517 3.8119459615776186 0.00404778493407926
148.3526955394541 3.595037395533455 0.003106474726242034
148.37977181875172 3.6172840718700705 0.006431089292903422
148.40684139085673 3.6397733822910294 0.003166144557057077
148.36583979295295 3.664237720501214 0.019276267951306422
148.37182461481467 3.676855125155353 0.003383771627654837
148.45515380810326 3.6886392681588736 0.013188326630445437
148.4093861451611 3.701069171089898 0.005654603916061865
148.22879121718188 3.699270918720039 0.011522788874211978
148.2928153259633 3.759677326152777 0.0042252946484797
148.3833123519744 3.762175433286423 0.0036650055751215947
148.3761652757406 3.7803007549878176 0.006488150191409041
148.41699923494937 3.782882805509091 0.0026446541721035018
148.40439784587315 3.83782802432845 0.0038057300076944234
148.33008415812725 3.8387719890346905 0.0028755687785358124
148.55574388825033 3.80124821936566 0.002760948969175629
148.5898870742529 3.8293953178255817 0.005897789590650597
148.49022377487853 3.773114128874296 0.0030620494122033295
148.4999144041552 3.784631654702941 0.004563911923570288
148.46709643611263 3.792949510381428 0.007536822193011105
148.47507834315357 3.803899929938354 0.003925262900701307
148.4589154141907 3.8110747052974983 0.010247193321964753
148.52764511207215 3.8360140977242487 0.0032171424752832803
148.53328461932028 3.873007618897486 0.0035429064469249187
148.63722661529135 3.853021810905173 0.0038606015403168195
148.64534954325887 3.892653274516921 0.004058846335600403
148.57327971845618 3.868013325251209 0.003320599549263565
148.61093327557924 3.884169545570269 0.002831362623008449
148.55830943316948 3.894558702221902 0.0038410362389689075
148.64988162178634 3.9080307362289206 0.004744479119227976
148.65839639278957 3.913388244631831 0.003268955394680341
148.64505559786355 3.9358444916942985 0.002908031386809407
148.63665085046097 3.930822043091512 0.003252870692375719
148.61317653655763 3.9175613611259528 0.006705594690522819
148.43695882396577 3.825211478799028 0.005948370479083026
148.48264144001172 3.842872161229489 0.0026647965634724533
148.4945907810896 3.8949876706445594 0.002785683485923421
148.48468903222005 3.91266676010716 0.0028709795539025706
148.38971597361956 3.871050331351735 0.003927738444735098
148.39131311842868 3.9000201340974536 0.002676926547024874
148.4496578688037 3.9296087972110247 0.005135432551786779
148.53237459677254 3.9341313454375264 0.002760522457741463
148.5783089826707 3.9345739185428896 0.0033422740314671697
148.16108180312594 3.776852374924183 0.004373418116235099
148.18273888754825 3.7762851252955194 0.0053973202117633245
148.20414189511658 3.7896655373234527 0.0030866008014445237
148.23839437552763 3.78508012105743 0.004365052229962656
148.1561123378799 3.788997440534705 0.009791507696351485
148.19055916853543 3.853127404484865 0.010400476801014096
148.29238531946197 3.83398939559386 0.017184249499287187
148.32592385694045 3.861326177435542 0.0029706147602089907
148.3321014328572 3.893718424824598 0.00573190567024653
148.311885207562 3.901404484281856 0.003011705968452456
148.23524292443724 3.8635511417412505 0.003259013838770262
148.21145032569183 3.893355157499917 0.02650433612706977
148.12659386310798 3.8705001801004344 0.00425207444601204
148.10564346665447 3.88772409639936 0.004191782445906189
148.0122303582022 3.884280499682511 0.004869338649484658
148.1833647531688 3.9213814539270304 0.007058299371288146
148.22670676112958 3.926441967783107 0.009709033724425038
148.23270937942377 3.964112023695208 0.003147475872357287
148.11827619843191 3.950817982080928 0.0037913687804269733
148.14023590295153 3.9629019662948815 0.004867407978108932
148.19633479106437 3.974811123733085 0.007116554418037386
148.2170450323314 3.9995951474468256 0.0030452199031160473
148.33615917117956 3.939672491629079 0.011618166461350032
148.29847836125109 3.958167474376063 0.00424329767732858
148.3506955110438 3.970210684818815 0.0034278668540367973
148.35533089084055 3.9844725225212327 0.0045383615863947135
148.2673675808156 3.961401832367094 0.007506173258154273
148.22888960640017 3.9985709861326457 0.0030129333499646135
149.02738764534232 3.6236339932277017 0.004703465952712252
149.06327765900187 3.646167533812946 0.003087217053813108
149.06269182847936 3.640174416077243 0.0029716560390594397
149.1342188417158 3.6640721129221143 0.010999760635159282
149.11398329746763 3.669627990011936 0.005396310486224143
148.9826304734739 3.652743366552647 0.006541063791827096
149.0911524916752 3.706030719798034 0.0036154914564530682
149.14634629468785 3.710790425738962 0.0033550590603274853
149.19436548058945 3.7392211047612087 0.0029788052089927738
149.1272783009601 3.7481160544870993 0.00300539541567707
149.131208642726 3.7429973891520194 0.005481982371228239
149.1246844272596 3.74150124661124 0.008732019253275417
149.16966853692006 3.75357688605461 0.005958279331471504
149.13771374624224 3.7655993635366265 0.005051419828033535
148.95415864585874 3.689977401498056 0.006186803387030849
149.0149394236024 3.7463617274663688 0.002704711574964452
148.93089812288915 3.7051452814614145 0.0046103032699531315
148.92959560028874 3.725218289929559 0.005922157995426382
148.95388684688567 3.7493291103325865 0.008456937473038358
148.91865422153134 3.733064572942208 0.0033907828633726184
149.05107135856645 3.748962015768229 0.004836008768251941
149.0487857442443 3.787074009945416 0.010024433625714249
149.1131903094908 3.7831631872915774 0.03738566427026888
149.0442275296419 3.8347238200930818 0.0035988169278666038
149.05687933699568 3.864148287390924 0.0031028034782414247
149.25134859493738 3.804147931998595 0.005562707823820064
149.2041891809516 3.806683074490653 0.009305690403026624
149.24016549973683 3.823793609505332 0.003429580211209343
149.20147161920252 3.846208568333243 0.003460030161577513
149.20023899843892 3.8490638818021745 0.003542876099876807
149.33442921022174 3.840127189310159 0.004158682689219312
149.28676187154943 3.8851515578562794 0.004739761889085677
149.2996864658823 3.9024415046836984 0.008448465201946993
149.272057756626 3.9050279324731862 0.002689603397010482
149.31599290874792 3.905520370007164 0.003606025509190031
149.3525819892522 3.9235644377555623 0.003145505577637094
149.32896313725118 3.9531674511128383 0.003909367557813143
149.32843271001184 3.9458299487440383 0.005643300149053883
149.1489421865601 3.8216577676662298 0.0027375879439653803
149.1552459738099 3.8849084764648456 0.005265449715016649
149.1147091674042 3.860626152736699 0.00407199756490492
149.11348935904863 3.9016524118346583 0.008072366001618843
149.16102628348165 3.904141374923847 0.0031618184883785857
149.14337007934148 3.912318923467169 0.004865388335613458
149.14645545821458 3.9367949284208095 0.0033163891041226388
149.24905426584314 3.935672227766205 0.0038155277774863275
149.2304265246325 3.939189542106504 0.003019344303962446
149.25884660143151 3.944113070360372 0.004799004140298933
149.20552657697257 3.954223368551015 0.003571395726507302
149.20787902012913 3.9679709688648424 0.03728051225031075
148.92538159042854 3.781306672935328 0.0028758472814518895
148.94648472254585 3.794090114074955 0.005591668990592173
148.9075938788804 3.829539571175261 0.020359200042335608
148.90333085641572 3.8636260691431574 0.007998600567435543
148.9851221426253 3.8241045961271287 0.007937341291904551
148.99260550333682 3.8253540629670666 0.0031918691160676906
148.97510522956603 3.875602309586718 0.003637481302427237
149.04543378566012 3.891157901535913 0.004499414718135652
149.01295623158018 3.9025961052521674 0.005971201194612351
148.96546985523935 3.88657130062907 0.003709654596436097
148.93204721617775 3.88703647500323 0.007837650523377053
149.00451535383093 3.9240138394281057 0.006138421122502088
148.79833262757154 3.8124724866271062 0.005439748293564332
148.78335012287212 3.84332232668424 0.004844875145940582
148.8772728390467 3.890114604388263 0.0029102563775128556
148.8118991486804 3.9203185877716376 0.003987344086889403
148.8880630372496 3.913152192130336 0.003334816062194933
148.8886399729525 3.9116921883148534 0.0035291254751437157
148.87559265642193 3.925542743849862 0.0027382083760857366
148.85399651190943 3.9174319705754215 0.006135738677244341
148.85931842835345 3.9429632007634 0.0040221049132386
148.8205583165614 3.939876631000139 0.003385961335893178
148.8168372764885 3.9481934959968576 0.006012802370205248
148.82123881645998 3.94037652228568 0.005878222687285212
148.84499842131137 3.990249797995495 0.0033333543969572424
148.8824057562188 3.982130215367522 0.005327964035408171
148.86621718194775 3.988997771359968 0.0076550725251558925
149.06156077181208 3.924601550550959 0.0033667027568797126
149.10232103773183 3.98740217876741 0.007820766860309024
149.03811498582223 3.9629053756520425 0.0032404943204934838
149.0231065585876 3.971718620371965 0.005029767723201608
149.16011665080725 3.968747746263867 0.0033737408493025546
148.9615267089128 3.9981170859499 0.003215640202248652
149.37547957330605 3.923693027331725 0.003875669137473091
149.44433309406057 3.9407040350646976 0.006802259010772618
149.42883994663086 3.9803467633161 0.006584216679681416
149.3124052134205 3.988291603170667 0.0038673241453450326
148.71332045428653 3.891242805775238 0.005349181508315534
148.75235358191813 3.9261129618013 0.0026605665990585415
148.78762535689347 3.9537183268336498 0.0030047857405811063
148.78437493374983 3.964951983576706 0.0039595165686494675
148.7296473828048 3.9470748389061847 0.009491220752951147
148.7842485301005 3.983112490311224 0.002968675098679627
148.59998733957065 3.980682638048711 0.010068415733014693
148.59993362460963 3.980104064036001 0.006741374277662689
150.49408558571548 3.627923551274564 0.011386501681514227
150.43988663606146 3.616517027943972 0.007023303314094629
150.42151930253547 3.684809508880525 0.0028881006190011613
150.51012421364825 3.694318439064507 0.00394203181131011
150.46170615240834 3.692652178418763 0.003819570536557944
150.46045171460213 3.693656691957104 0.0026610775716139888
150.46174587856632 3.7010800374648736 0.0046686733029062824
150.5681999076434 3.710925216907156 0.006742524599559481
150.5966820404756 3.712621383845362 0.004511083122617738
150.57036519511192 3.724232243218097 0.004699544860600629
150.571825217608 3.723340611166327 0.005935024890003036
150.51284028366135 3.7206112664454865 0.0027230995889985067
150.54771083627222 3.7573653473679816 0.0028153845928818857
150.57578947040452 3.764019117490504 0.0028318597423665492
150.56320911075994 3.7695955739727047 0.008290764318159033
150.4215444689008 3.696938232561621 0.0038181176778726562
150.40247020165535 3.698439847321824 0.008430148978984784
150.37968786398062 3.725746215000222 0.0034926792142644216
150.40544130195084 3.7131983716293577 0.004984656027216113
150.3929774882123 3.73650964318601 0.005318453660686116
150.32634665341837 3.747204851706984 0.0045167226619702155
150.33362450338893 3.766910899940782 0.002690202268777625
150.3946086437324 3.7563037195281153 0.003150833538662079
150.36626550048516 3.753984133592107 0.003626219463472883
150.35293769412198 3.7618523577322063 0.004494870041084605
150.35664430581258 3.754297162350515 0.0033106841118034865
150.4915814851106 3.7556599103793977 0.003725646021350967
150.4472930841581 3.759660759540744 0.004560059134684765
150.54454198401103 3.8060763975023457 0.009561004654481026
150.52114229189883 3.804055234828897 0.002857830090161781
150.49111713443264 3.808407379054135 0.0038605111365479583
150.5032255813363 3.8251542965137832 0.0038621786132106376
150.50587072019624 3.824655777567211 0.003030529560771267
150.42154364488408 3.790436151161262 0.002851623103241434
150.46572648890626 3.8207350763949184 0.0031533482030467546
150.6215027719644 3.756827124879474 0.007927598094712671
150.62977771720392 3.77298999029472 0.003854192656653559
150.68497325777227 3.799905314695667 0.003307827242422489
150.67409011831646 3.8178866903997344 0.003697723553376891
150.5906980566182 3.782272076324929 0.0030098990480910384
150.6026962045482 3.8446295334341767 0.009972214686254961
150.61485954117586 3.839212072552584 0.002866814085481563
150.6317291751873 3.867784163600104 0.002774982282498981
150.7428155875471 3.8237585292124305 0.003586067992581988
150.70846961807507 3.852452926924956 0.0033870098107541898
150.81391000115266 3.87811525914362 0.0057144230592510005
150.7480602240879 3.891383303199284 0.004121932063794696
150.79086286702432 3.9069052834597007 0.004311806120134511
150.68629675939624 3.8532913826879978 0.0037454350870173474
150.74678623737165 3.936332315434124 0.0043749627498093
150.7246958714341 3.948040320438446 0.004404050189250847
150.56316960556387 3.834742065022246 0.0038651604732821824
150.5384978929344 3.835439200298587 0.0030985598890068545
150.59536661416143 3.890657774954255 0.0029902224972040508
150.51791405624252 3.8819074876040474 0.028703028790560327
150.50330851725755 3.878692711225031 0.011043295914610582
150.56364450373388 3.8890927279516614 0.009333213264905197
150.56460167045913 3.930429209085855 0.03784338557071817
150.5653542159669 3.9335988780770257 0.004359293396469336
150.66057066305305 3.951080332286498 0.0031984617367770965
150.64005439382083 3.993663255628064 0.005296272653692758
150.6090440887359 3.994771096259369 0.003044183969214043
150.34641045026478 3.78779908259987 0.0030729121501238965
150.31591630167492 3.8182001845021096 0.0060768572507976055
150.327278001061 3.825581697718047 0.015093099483017796
150.24450141732848 3.8000783568535104 0.003730205341262505
150.31318664476586 3.8359987716930104 0.003660357166685017
150.4434359735986 3.889302015394701 0.0027376078001543403
150.3983666369881 3.9182620591649826 0.003376223276011651
150.38440499115978 3.944815151038195 0.003002258994569786
150.18180606178436 3.828272596700061 0.0038671801567154696
150.1555144025386 3.884251281475556 0.006178732445885277
150.15904429850656 3.882550009709211 0.0064846996324576635
150.1649970387075 3.8889323561180222 0.004589299380800483
150.2290962768203 3.918489818247422 0.00284836282902645
150.20069092215516 3.941132919806575 0.002809137450227957
150.2811931203293 3.916111073535475 0.002895753497887239
150.26637849510396 3.976815811937787 0.003118588798353268
150.22435379579625 3.968172644370296 0.0026872460897881326
150.56878477274665 3.9697377997891303 0.002753820982100894
150.42794105176412 3.9995568369742176 0.004301663204452282
150.8295990271316 3.949689676404201 0.004232504510653227
150.86450432383737 3.984353916591376 0.004575720564807726
150.82950474000484 3.998582769670402 0.004554124033308164
150.7992209665065 3.989953402237792 0.0029975071287066894
150.9117836791376 3.972102937137146 0.059727262992388376
150.69732822999936 3.995098621579047 0.0031733110178766726
150.15104953709346 3.9614183286865647 0.005151128686155181
150.07583243827426 3.945941139605863 0.005882433545678862
150.11214590781182 3.963411123600203 0.008585412069810868
150.01910158181133 3.9665488564788145 0.012193201886823952
147.62515250279168 3.6172600537997304 0.018268193354103242
147.62462912082887 3.6169408491002866 0.016085302202398146
147.63275259156472 3.6308943377178537 0.003879511107266932
147.6960114993731 3.6504105859262057 0.00302360388448271
147.73250153446804 3.656174408661232 0.00437047615013844
147.5963307415619 3.647887320000596 0.002893773062795045
147.59238924447305 3.6471139953035654 0.01359019864026773
147.68000646146817 3.680028193539005 0.0035857195958262575
147.67428620365308 3.699345641519517 0.018719944620172967
147.71518537915696 3.6842864934014337 0.004318428064617857
147.75201167778022 3.735670402216453 0.006450958078089865
147.77310091805367 3.749474117621484 0.00417465239585094
147.78550426488204 3.758547942860687 0.0036003749767591097
147.7051910951539 3.7145742030790903 0.004602574157005896
147.70688064195443 3.7262297290935225 0.0037495146915584657
147.76212326843083 3.774608110117464 0.0029834340677437187
147.59957898711642 3.7253889055080474 0.020088547654630688
147.5426782146413 3.7461181769002425 0.0035289464208145987
147.50652293355765 3.725635569482797 0.0034751674405926127
147.64255768741145 3.756598599554968 0.01555947483741757
147.6500201696749 3.774273357062813 0.010783328102527136
147.65020280222177 3.7924391414219234 0.003330020404412078
147.72405923165869 3.7961365369822366 0.0054446867642547365
147.73698976435716 3.8043729706306606 0.004337605237349133
147.7113952023627 3.8135642573787334 0.005786017257051848
147.61747146560077 3.7771002248952383 0.0060359081115818475
147.61733444108927 3.776698552648588 0.0058076832181911675
147.64408577796155 3.8344785127761063 0.003220670012596617
147.6746885337295 3.840614666086484 0.006579750710041713
147.85253801332593 3.783576186830934 0.00892503339129198
147.81879066553995 3.7947978785709138 0.007551652718103017
147.80167582410303 3.786514085384445 0.003980223958996377
147.8290759000355 3.8090007722465695 0.005688319406663363
147.75531635365053 3.7991208107145265 0.0027450472521100416
147.81822554172297 3.848659800374814 0.002723277260019431
147.92149049963044 3.8534076497780054 0.003813533884723844
147.87973577597342 3.904048739341884 0.005755025729601307
147.94568869231537 3.9284273189614383 0.007791572921892195
147.932704483388 3.928510944352934 0.006442419707705058
147.7588583974037 3.835844150715913 0.0036040258276434293
147.77909243102584 3.842527387965566 0.006190356272528763
147.7249797111733 3.8500832501650937 0.0029271902479811795
147.7259303709656 3.934190511839861 0.004688460534135652
147.73499848707073 3.927680900425304 0.003095131460081174
147.84784543437777 3.898501323691249 0.0032800949806324783
147.868411851531 3.922737553581901 0.0065300461353763155
147.85580248754042 3.943188815731608 0.00476905926698197
147.88416365340944 3.965212407545173 0.0027292174199535666
147.80283675941416 3.979418984819844 0.00411733206620983
147.83854091135268 3.9849686179422 0.0031112190162073906
147.46103805998803 3.78733004763417 0.0037551519452579856
147.4889319756352 3.804160713996675 0.0029441616380621646
147.53313849191932 3.824965127569243 0.00470415219984401
147.4774126932978 3.821723979967244 0.0028665232895028394
147.6006137439788 3.870104646169803 0.009609582610411968
147.40949825533374 3.854964057801304 0.005379213412354449
147.44042961303234 3.848465995022497 0.003525406448911481
147.3642720667726 3.874111457060181 0.010339516238364262
147.33074116696156 3.8873766216949166 0.00416815748613233
147.34551857761411 3.9129329510014337 0.0027242551753755536
147.48602510740534 3.9180920815939206 0.004650240825615794
147.43619847806903 3.947263396222693 0.005174913735571131
147.4281495455321 3.956628290287638 0.002769606498957159
147.43938276673018 3.97903370538895 0.004940728388119564
147.45139952145297 3.987428807800548 0.005165679944362111
147.6640240086832 3.921869622466507 0.007967659013673658
147.65716476418194 3.921505873200435 0.002941935823401706
147.68925619676483 3.973802582330273 0.003920281829451433
147.68656238449927 3.9770427815155487 0.002788570730616803
147.64239386838585 3.9700235481340624 0.0031470342147578764
147.6806655557375 3.983720654775838 0.0035032193387397755
147.7092223091111 3.9915062785599744 0.0036006382407241717
148.00900930041905 3.937989886515691 0.004806536001955268
148.01931006831458 3.9904013371327167 0.0028997843363417803
147.92060910926182 3.978959097486441 0.015838601410378066
147.34107828778414 3.97560389593801 0.01383617621958847
147.34027520249288 3.9827632662855272 0.0037713406705711943
147.2570256963434 3.940303641642334 0.005498618255671343
147.25573274945495 3.957031781595642 0.0026517239713268986
147.2513658163521 3.973054352386654 0.0031450083628995337
147.21929531712232 3.963857075063739 0.0033477676208804046
153.114486635866 3.7904789559408494 0.0036235855123741474
153.05927061335845 3.772745730458146 0.003701358570861113
153.07530362538012 3.7942305957179103 0.005173989935848289
153.03909140797438 3.8627629321130854 0.0026445835648150006
153.01302081340347 3.852452418132609 0.006756361750671927
153.09833292824177 3.882732529759264 0.003090735458451187
153.0767633976941 3.8914889697198913 0.022099711315695162
153.03969173250263 3.918329400071481 0.006837373975364728
153.03852464179133 3.9227372357531625 0.003706533968945153
153.00559207339245 3.92206611503255 0.005132643964076474
153.07844366012296 3.957789777289432 0.0035186024407480913
153.05680852703597 3.9567303439679495 0.004498855919051425
153.10731410720877 3.977911988512978 0.003597618763278718
153.00154589354395 3.968634340567333 0.011017009898033355
152.94553269460448 3.969500035965187 0.011535852505106648
152.96594658255947 3.964597528108985 0.006415316683675659
152.9799842638842 3.972766531190515 0.004365551135101461
152.8795699446512 3.977533221031736 0.011069692057532866
152.9094611567452 3.993509343983235 0.0027841259266193448
153.0296082687314 3.9727624907870256 0.003750055667324452
153.00465322261076 3.978144029037042 0.0033348336848528365
152.99469480984777 3.990646218665153 0.0032457362026095883
152.82693530949874 3.976643029806464 0.011055033160421446
